# repository	revision	analyzer	position	checks	verdict	reason
256dpi/lungo	80ca779fb94d9afbdd374f43658ea3ea8a4e86ee	lockorder	session.go:52:3	lockorder/contradictory-order	true-positive	Session.AbortTransaction holds s.mutex then calls e.Abort, which locks e.mutex (session.go:42-54; engine.go:250-254). Concurrent e.Begin with same session holds e.mutex then calls sess.Transaction, which locks s.mutex (engine.go:134-157; session.go:235-241), forming a feasible two-goroutine lock cycle.
AmarnathCJD/gogram	41e8652aba16bc782187401ab13528e9db34e3e6	resourcelifetime	examples/sessions/tdata/main.go:222:13	resourcelifetime/missing-release	true-positive	Alternate successful os.Open branch for per-account tdata; readTD only reads *os.File and no Close follows in loop or return. Earlier f.Close at :204 is a different file (main.go:204,222 onward).
AmarnathCJD/gogram	41e8652aba16bc782187401ab13528e9db34e3e6	resourcelifetime	examples/sessions/tdata/main.go:225:14	resourcelifetime/missing-release	true-positive	Alternate successful os.Open branch for per-account tdata; readTD only reads *os.File and no Close follows in loop or return. Earlier f.Close at :204 is a different file (main.go:204,225 onward).
AmarnathCJD/gogram	41e8652aba16bc782187401ab13528e9db34e3e6	resourcelifetime	internal/cmd/tlgen/main.go:129:17	resourcelifetime/missing-release	true-positive	Opens schema file, truncates/seeks/writes, then calls root without Close on the opened handle (main.go:129 onward).
AmarnathCJD/gogram	41e8652aba16bc782187401ab13528e9db34e3e6	resourcelifetime	internal/cmd/tlgen/main.go:175:15	resourcelifetime/missing-release	true-positive	http.Get src succeeds and io.ReadAll consumes response Body, but no Body.Close on success or read-error path (main.go:175 onward).
AmarnathCJD/gogram	41e8652aba16bc782187401ab13528e9db34e3e6	resourcelifetime	internal/cmd/tlgen/main.go:193:16	resourcelifetime/missing-release	true-positive	Fallback http.Get req succeeds and io.ReadAll consumes response Body, but no Body.Close on success or read-error path (main.go:193 onward).
AmarnathCJD/gogram	41e8652aba16bc782187401ab13528e9db34e3e6	resourcelifetime	telegram/auth.go:499:19	resourcelifetime/missing-release	true-positive	customClient.Do success with non-200 status returns through combined err/status guard before Body.Close or defer registration; non-200 response Body leaks (auth.go:499 onward).
AmarnathCJD/gogram	41e8652aba16bc782187401ab13528e9db34e3e6	resourcelifetime	telegram/auth.go:530:20	resourcelifetime/missing-release	true-positive	customClient.Do success with non-200 status returns through combined err/status guard before Body.Close or defer registration; non-200 response Body leaks (auth.go:530 onward).
AmarnathCJD/gogram	41e8652aba16bc782187401ab13528e9db34e3e6	resourcelifetime	telegram/auth.go:549:21	resourcelifetime/missing-release	true-positive	customClient.Do success with non-200 status returns through combined err/status guard before Body.Close or defer registration; non-200 response Body leaks (auth.go:549 onward).
AmarnathCJD/gogram	41e8652aba16bc782187401ab13528e9db34e3e6	resourcelifetime	telegram/auth.go:597:25	resourcelifetime/missing-release	true-positive	customClient.Do success with non-200 status returns through combined err/status guard before Body.Close or defer registration; non-200 response Body leaks (auth.go:597 onward).
BakeLens/crust	f4a47e2cf2822196275075ab9a2e258b6fa9be8b	nilargument	internal/rules/pwsh/pool.go:54:9	nilargument/dereferenced-nil	false-positive	NewWorkerPool enqueues only workers returned with nil error; NewWorker constructs &Worker and returns it on success, returning nil only with nonnil error (pool.go:28-45; worker.go:85-145). The received worker is not definitely nil.
BakeLens/crust	f4a47e2cf2822196275075ab9a2e258b6fa9be8b	processownership	internal/daemon/daemon_test.go:72:12	processownership/missing-wait	true-positive	TestIsCrustProcess_ForeignProcess starts sleep and defers Process.Kill, but never calls cmd.Wait; killing does not reap child (daemon_test.go:69-79).
BakeLens/crust	f4a47e2cf2822196275075ab9a2e258b6fa9be8b	processownership	internal/daemon/daemon_test.go:86:12	processownership/missing-wait	true-positive	TestStop_RejectsRecycledPID starts sleep and defers Process.Kill but never Waits on cmd; PID check and TempDir cleanup do not reap child (daemon_test.go:83-102).
BakeLens/crust	f4a47e2cf2822196275075ab9a2e258b6fa9be8b	processownership	internal/jsonrpc/proxy.go:118:12	processownership/missing-wait	true-positive	After child.Start succeeds, doWrapHandshake error returns 1 at proxy.go:125-129 before the child.Wait at line 194; started child is neither waited nor killed on that branch.
BakeLens/crust	f4a47e2cf2822196275075ab9a2e258b6fa9be8b	processownership	internal/plugin/sandbox_integration_test.go:660:12	processownership/missing-wait	true-positive	After wr.Cmd.Start, childStdin.Write error calls t.Fatalf at sandbox_integration_test.go:663-665, exiting test before wr.Cmd.Wait at line 685.
BakeLens/crust	f4a47e2cf2822196275075ab9a2e258b6fa9be8b	processownership	internal/plugin/sandbox_integration_test.go:733:12	processownership/missing-wait	false-positive	After successful wr.Cmd.Start, test ignores handshake write error, closes stdin, reads child stdout to completion, then calls wr.Cmd.Wait at sandbox_integration_test.go:755; no normal post-Start return bypasses Wait.
ByteNess/aws-vault	8168875886cf680749bbfa4a08e37f0356d76330	resourcelifetime	server/ec2proxy.go:63:9	resourcelifetime/missing-release	true-positive	StopProxy discards successful http.Get response from /stop; no resp.Body.Close despite response Body ownership (ec2proxy.go:61-64). Repository scan incomplete.
ClickHouse/ch-go	1f0baa4a04b3b3c612d6e3f483137e205d38c469	resourcelifetime	ssh/ssh_test.go:20:19	resourcelifetime/missing-release	true-positive	ValidKey subtest os.CreateTemp's tmpFile and defers os.Remove path, but never closes original handle; os.WriteFile uses a separate descriptor (ssh_test.go:20-30).
ClickHouse/ch-go	1f0baa4a04b3b3c612d6e3f483137e205d38c469	resourcelifetime	ssh/ssh_test.go:39:19	resourcelifetime/missing-release	true-positive	InvalidKey subtest os.CreateTemp's tmpFile and defers os.Remove path, but never closes original handle; os.WriteFile uses a separate descriptor (ssh_test.go:39-48).
ForceCLI/force	662af739b980a568fa55e3a4d7efe65cf2ec15b1	deferinloop	command/fetch.go:321:3	deferinloop/cleanup-lifetime	true-positive	unpackResources iterates arbitrary resourceMap, opens zip.Reader for each resource and defers Close until whole function returns, retaining readers across map entries (fetch.go:321 onward).
ForceCLI/force	662af739b980a568fa55e3a4d7efe65cf2ec15b1	deferinloop	command/fetch.go:327:4	deferinloop/cleanup-lifetime	true-positive	unpackResources iterates zip entries and defers each opened entry rc.Close until whole function returns, accumulating handles across entries (fetch.go:327 onward).
ForceCLI/force	662af739b980a568fa55e3a4d7efe65cf2ec15b1	goroutineownership	lib/bulk.go:106:2	goroutineownership/unjoined	true-positive	WithContext wrapper launches synchronous network/API worker and returns on ctx.Done without canceling underlying operation or receiving done; worker can remain blocked/continue side effects after caller returns (bulk.go:106 onward).
ForceCLI/force	662af739b980a568fa55e3a4d7efe65cf2ec15b1	goroutineownership	lib/bulk.go:142:2	goroutineownership/unjoined	true-positive	WithContext wrapper launches synchronous network/API worker and returns on ctx.Done without canceling underlying operation or receiving done; worker can remain blocked/continue side effects after caller returns (bulk.go:142 onward).
ForceCLI/force	662af739b980a568fa55e3a4d7efe65cf2ec15b1	goroutineownership	lib/bulk.go:196:2	goroutineownership/unjoined	true-positive	WithContext wrapper launches synchronous network/API worker and returns on ctx.Done without canceling underlying operation or receiving done; worker can remain blocked/continue side effects after caller returns (bulk.go:196 onward).
ForceCLI/force	662af739b980a568fa55e3a4d7efe65cf2ec15b1	goroutineownership	lib/bulk.go:251:2	goroutineownership/unjoined	true-positive	WithContext wrapper launches synchronous network/API worker and returns on ctx.Done without canceling underlying operation or receiving done; worker can remain blocked/continue side effects after caller returns (bulk.go:251 onward).
ForceCLI/force	662af739b980a568fa55e3a4d7efe65cf2ec15b1	goroutineownership	lib/bulk.go:286:2	goroutineownership/unjoined	true-positive	WithContext wrapper launches synchronous network/API worker and returns on ctx.Done without canceling underlying operation or receiving done; worker can remain blocked/continue side effects after caller returns (bulk.go:286 onward).
ForceCLI/force	662af739b980a568fa55e3a4d7efe65cf2ec15b1	goroutineownership	lib/bulk.go:325:2	goroutineownership/unjoined	true-positive	WithContext wrapper launches synchronous network/API worker and returns on ctx.Done without canceling underlying operation or receiving done; worker can remain blocked/continue side effects after caller returns (bulk.go:325 onward).
ForceCLI/force	662af739b980a568fa55e3a4d7efe65cf2ec15b1	goroutineownership	lib/bulk.go:364:2	goroutineownership/unjoined	true-positive	WithContext wrapper launches synchronous network/API worker and returns on ctx.Done without canceling underlying operation or receiving done; worker can remain blocked/continue side effects after caller returns (bulk.go:364 onward).
ForceCLI/force	662af739b980a568fa55e3a4d7efe65cf2ec15b1	goroutineownership	lib/bulk.go:416:2	goroutineownership/unjoined	true-positive	WithContext wrapper launches synchronous network/API worker and returns on ctx.Done without canceling underlying operation or receiving done; worker can remain blocked/continue side effects after caller returns (bulk.go:416 onward).
ForceCLI/force	662af739b980a568fa55e3a4d7efe65cf2ec15b1	goroutineownership	lib/bulk2.go:203:2	goroutineownership/unjoined	true-positive	WithContext wrapper launches synchronous network/API worker and returns on ctx.Done without canceling underlying operation or receiving done; worker can remain blocked/continue side effects after caller returns (bulk2.go:203 onward).
ForceCLI/force	662af739b980a568fa55e3a4d7efe65cf2ec15b1	goroutineownership	lib/bulk2.go:233:2	goroutineownership/unjoined	true-positive	WithContext wrapper launches synchronous network/API worker and returns on ctx.Done without canceling underlying operation or receiving done; worker can remain blocked/continue side effects after caller returns (bulk2.go:233 onward).
ForceCLI/force	662af739b980a568fa55e3a4d7efe65cf2ec15b1	goroutineownership	lib/bulk2.go:255:2	goroutineownership/unjoined	true-positive	WithContext wrapper launches synchronous network/API worker and returns on ctx.Done without canceling underlying operation or receiving done; worker can remain blocked/continue side effects after caller returns (bulk2.go:255 onward).
ForceCLI/force	662af739b980a568fa55e3a4d7efe65cf2ec15b1	goroutineownership	lib/bulk2.go:277:2	goroutineownership/unjoined	true-positive	WithContext wrapper launches synchronous network/API worker and returns on ctx.Done without canceling underlying operation or receiving done; worker can remain blocked/continue side effects after caller returns (bulk2.go:277 onward).
ForceCLI/force	662af739b980a568fa55e3a4d7efe65cf2ec15b1	goroutineownership	lib/bulk2.go:337:2	goroutineownership/unjoined	true-positive	WithContext wrapper launches synchronous network/API worker and returns on ctx.Done without canceling underlying operation or receiving done; worker can remain blocked/continue side effects after caller returns (bulk2.go:337 onward).
ForceCLI/force	662af739b980a568fa55e3a4d7efe65cf2ec15b1	goroutineownership	lib/bulk2.go:478:2	goroutineownership/unjoined	true-positive	WithContext wrapper launches synchronous network/API worker and returns on ctx.Done without canceling underlying operation or receiving done; worker can remain blocked/continue side effects after caller returns (bulk2.go:478 onward).
ForceCLI/force	662af739b980a568fa55e3a4d7efe65cf2ec15b1	goroutineownership	lib/bulk2.go:516:2	goroutineownership/unjoined	true-positive	WithContext wrapper launches synchronous network/API worker and returns on ctx.Done without canceling underlying operation or receiving done; worker can remain blocked/continue side effects after caller returns (bulk2.go:516 onward).
ForceCLI/force	662af739b980a568fa55e3a4d7efe65cf2ec15b1	goroutineownership	lib/bulk2.go:576:2	goroutineownership/unjoined	true-positive	WithContext wrapper launches synchronous network/API worker and returns on ctx.Done without canceling underlying operation or receiving done; worker can remain blocked/continue side effects after caller returns (bulk2.go:576 onward).
ForceCLI/force	662af739b980a568fa55e3a4d7efe65cf2ec15b1	goroutineownership	lib/bulk2.go:610:2	goroutineownership/unjoined	true-positive	WithContext wrapper launches synchronous network/API worker and returns on ctx.Done without canceling underlying operation or receiving done; worker can remain blocked/continue side effects after caller returns (bulk2.go:610 onward).
ForceCLI/force	662af739b980a568fa55e3a4d7efe65cf2ec15b1	goroutineownership	lib/bulk2.go:650:2	goroutineownership/unjoined	true-positive	WithContext wrapper launches synchronous network/API worker and returns on ctx.Done without canceling underlying operation or receiving done; worker can remain blocked/continue side effects after caller returns (bulk2.go:650 onward).
ForceCLI/force	662af739b980a568fa55e3a4d7efe65cf2ec15b1	goroutineownership	lib/force.go:845:2	goroutineownership/unjoined	true-positive	CancelableQueryAndSend waits for done only up to one second after cancellation; forceQuery can remain blocked, while deferred close(processor) can precede worker completion (force.go:845 onward).
HeavyHorst/remco	bbc9243fec2e05c2fc8bf8a66bd9e24f04a2762b	goroutineownership	pkg/template/executor_test.go:114:2	goroutineownership/unjoined	true-positive	TestStopChildTimeOut launches worker calling exec.StopChild then sending on unbuffered stopped; four-second ticker timeout branch t.Error/returns without receive, so worker may later block forever on send (executor_test.go:114-124).
HeavyHorst/remco	bbc9243fec2e05c2fc8bf8a66bd9e24f04a2762b	resourcelifetime	pkg/telemetry/telemetry_test.go:82:15	resourcelifetime/missing-release	false-positive	TestStop first stops telemetry HTTP server, then deliberately calls http.Get and asserts err nonnil and resp nil (telemetry_test.go:78-85); connection failure yields no successful response Body to close. Unexpected success fails test, not ordinary leak.
MAX-API-Next/MAX-API	17c3ada733b2ff342b201482f51ff84d2887a213	nilargument	model/billing_settlement_regression_test.go:2046:21	nilargument/dereferenced-nil	false-positive	stmt.Parse(&PasskeyCredential{}) is asserted require.NoError immediately before stmt.Schema.DBNames; pinned gorm v1.25.2 Statement.Parse assigns stmt.Schema from schema.ParseWithSpecialTableName and a successful parse yields nonnil schema (statement.go:487-493). No definitely nil Schema; scan incomplete elsewhere.
MAX-API-Next/MAX-API	17c3ada733b2ff342b201482f51ff84d2887a213	nilargument	model/channel_update_fields_test.go:119:21	nilargument/dereferenced-nil	false-positive	stmt.Parse(&Channel{}) is asserted require.NoError immediately before stmt.Schema.DBNames; pinned gorm v1.25.2 Statement.Parse assigns stmt.Schema from schema.ParseWithSpecialTableName and a successful parse yields nonnil schema (statement.go:487-493). No definitely nil Schema; scan incomplete elsewhere.
MAX-API-Next/MAX-API	17c3ada733b2ff342b201482f51ff84d2887a213	resourcelifetime	controller/channel-billing.go:151:14	resourcelifetime/missing-release	true-positive	GetResponseBody receives successful HTTP response but returns on non-200 status or io.ReadAll error before res.Body.Close, which appears only after a successful read (channel-billing.go:151-166). Scan incomplete elsewhere.
NordSecurity/nordvpn-linux	d0c14a6df8343165b262721a84cbb7f5bb481519	goroutineownership	child_process/grpc_child_process_manager.go:38:2	goroutineownership/unjoined	true-positive	First worker sends on unbuffered errChan while select receives only one of errChan/pingChan; other worker can remain blocked on send or child Run. Scan incomplete; label applies only emitted site.
NordSecurity/nordvpn-linux	d0c14a6df8343165b262721a84cbb7f5bb481519	goroutineownership	child_process/grpc_child_process_manager.go:47:2	goroutineownership/unjoined	true-positive	Second worker sends on unbuffered pingChan while select receives only one of pingChan/errChan; unselected worker may block permanently. Scan incomplete.
NordSecurity/nordvpn-linux	d0c14a6df8343165b262721a84cbb7f5bb481519	goroutineownership	cli/cli_click.go:21:2	goroutineownership/unjoined	true-positive	Ten-second timeout returns while stdin ReadBytes worker may remain blocked indefinitely; no cancellation or later join. Scan incomplete.
NordSecurity/nordvpn-linux	d0c14a6df8343165b262721a84cbb7f5bb481519	goroutineownership	cli/cli_fileshare.go:46:2	goroutineownership/unjoined	true-positive	Signal branch returns without stopping Recv worker; its unbuffered error send can block after caller abandons receive. Scan incomplete.
NordSecurity/nordvpn-linux	d0c14a6df8343165b262721a84cbb7f5bb481519	goroutineownership	daemon/dns/resolvconf_monitor_test.go:64:2	goroutineownership/unjoined	true-positive	Test timeout returns while polling worker uses context.Background and is not canceled or joined. Scan incomplete.
NordSecurity/nordvpn-linux	d0c14a6df8343165b262721a84cbb7f5bb481519	goroutineownership	daemon/rpc_state_test.go:207:4	goroutineownership/unjoined	true-positive	Test setup creates cancel/stopChan but this test never calls ts.cancel or closes stopChan after one event; statusStream can remain blocked even after srv.wg.Wait counts a Send. Scan incomplete.
NordSecurity/nordvpn-linux	d0c14a6df8343165b262721a84cbb7f5bb481519	goroutineownership	daemon/rpc_state_test.go:237:3	goroutineownership/unjoined	true-positive	Test leaves setup's cancellable statusStream without ts.cancel/stopChan closure after event; srv.wg.Wait only counts Send, not stream lifetime. Scan incomplete.
NordSecurity/nordvpn-linux	d0c14a6df8343165b262721a84cbb7f5bb481519	goroutineownership	daemon/rpc_state_test.go:278:4	goroutineownership/unjoined	true-positive	Test never cancels setup context or closes stopChan after one status event, leaving statusStream select pending; counted Send completion is not worker join. Scan incomplete.
NordSecurity/nordvpn-linux	d0c14a6df8343165b262721a84cbb7f5bb481519	goroutineownership	norduser/service/fork.go:212:2	goroutineownership/unjoined	true-positive	StopAll timeout returns without joining wg waiter, which can later send to unbuffered doneChan with no receiver. Scan incomplete.
NordSecurity/nordvpn-linux	d0c14a6df8343165b262721a84cbb7f5bb481519	lockorder	test/mock/config_manager.go:108:5	lockorder/read-lock-write	true-positive	Load holds m.mu.RLock while assigning m.Cfg on nil path; read lock permits concurrent readers so shared state write is unprotected. Scan incomplete.
NordSecurity/nordvpn-linux	d0c14a6df8343165b262721a84cbb7f5bb481519	nilargument	auth/auth_test.go:519:24	nilargument/dereferenced-nil	false-positive	Frozen definite-nil claim for servicesState.cache conflicts with test constructing cache via caching.NewCacheWithTTL and storing it in &ServicesState before call. Scan incomplete.
NordSecurity/nordvpn-linux	d0c14a6df8343165b262721a84cbb7f5bb481519	nilargument	daemon/rpc_logout_test.go:150:14	nilargument/dereferenced-nil	false-positive	Frozen definite-nil claim for events.User conflicts with RPC literal assigning events.User=&LoginEvents immediately before Logout. Scan incomplete.
NordSecurity/nordvpn-linux	d0c14a6df8343165b262721a84cbb7f5bb481519	resourcelifetime	daemon/dns/dns_resolvenmcli.go:38:15	resourcelifetime/missing-release	true-positive	os.Open directory handle is used for Readdirnames and returned without Close on success/error. Scan incomplete.
NordSecurity/nordvpn-linux	d0c14a6df8343165b262721a84cbb7f5bb481519	resourcelifetime	internal/filesystem.go:420:15	resourcelifetime/missing-release	true-positive	FileTemp returns created file on success, but file.Write error returns nil without closing handle. Scan incomplete.
TIANLI0/THRM	6934b2ee4f77293bfa4a671aa62ff33395b43e27	processownership	internal/guiapp/runtime.go:80:12	processownership/missing-wait	false-positive	GUI launcher starts independent core service, then explicitly calls cmd.Process.Release at runtime.go:85-88 to relinquish OS-process handle/Wait obligation. It polls IPC readiness at 90-99, not child completion. Repository scan incomplete due unrelated go-hid package compile error; finding source is available.
a2aproject/a2a-go	621e01ee5537a5eb414f8f1768cb1c8bea4ca75b	resourcelifetime	a2asrv/agentcard_test.go:161:15	resourcelifetime/missing-release	true-positive	Test succeeds http.Get, checks response status and returns without resp.Body.Close; nearby table case at agentcard_test.go:134 does defer Close. Scan incomplete outside emitted site.
a2aproject/a2a-go	621e01ee5537a5eb414f8f1768cb1c8bea4ca75b	resourcelifetime	a2asrv/jsonrpc_test.go:265:17	resourcelifetime/missing-release	true-positive	Loop calls client.Do and decodes each response Body but never closes it before next iteration or return; nearby test at jsonrpc_test.go:364 defers Close. Scan incomplete outside emitted site.
a2aproject/a2a-go	621e01ee5537a5eb414f8f1768cb1c8bea4ca75b	resourcelifetime	a2asrv/rest_test.go:350:17	resourcelifetime/missing-release	true-positive	Loop obtains server.Client().Do response and passes it to rest.FromRESTError, which only decodes Body (internal/rest/rest.go:275-288) and does not close it; nearby REST test at rest_test.go:290 does. Scan incomplete outside emitted site.
abenz1267/elephant	23f37238367355cf46843015ad5e94706200176a	processownership	internal/providers/clipboard/clipboard.go:33:12	processownership/missing-wait	true-positive	handleChange starts wl-paste --watch, scans stdout then returns without cmd.Wait; reading the pipe does not reap the child (clipboard.go:33 onward).
abenz1267/elephant	23f37238367355cf46843015ad5e94706200176a	processownership	internal/providers/dnfpackages/setup.go:146:12	processownership/missing-wait	true-positive	refreshPackages starts dnf repoquery, scans output then returns without Wait; other dnf helpers do wait, but this function does not (setup.go:146 onward).
abenz1267/elephant	23f37238367355cf46843015ad5e94706200176a	processownership	internal/providers/nirisessions/setup.go:114:12	processownership/missing-wait	true-positive	Starts niri event-stream, but matching-event return at setup.go:134-136 or scanner error bypasses Wait at :140; only ordinary no-match EOF reaches Wait.
abenz1267/elephant	23f37238367355cf46843015ad5e94706200176a	resourcelifetime	internal/providers/clipboard/clipboard.go:356:14	resourcelifetime/missing-release	true-positive	Creates f for localsend and uses WriteString/Name, but never closes the successfully created file (clipboard.go:356 onward).
abenz1267/elephant	23f37238367355cf46843015ad5e94706200176a	resourcelifetime	internal/providers/clipboard/clipboard.go:418:19	resourcelifetime/missing-release	true-positive	Creates tmpFile for editor, then Write/Wait/ReadFile without closing the original descriptor (clipboard.go:418 onward).
abenz1267/elephant	23f37238367355cf46843015ad5e94706200176a	resourcelifetime	internal/providers/files/db.go:35:12	resourcelifetime/missing-release	true-positive	os.Create(path) succeeds but the returned *File is discarded without Close; the DB path exists but its handle remains open (db.go:35 onward).
adithyan-ak/AgentHound	39f830eec018588d1836e4587ad16edcf12bf723	goroutineownership	modules/networkscan/scanner.go:227:3	goroutineownership/unjoined	false-positive	Reporter listens for close(stopReporter), then closes reporterDone; after dispatch finishes (including cancellation), Scan closes tasks, wg.Wait joins workers, closes stopReporter and receives reporterDone before any return (scanner.go:267-279). Explicit join is present.
adithyan-ak/AgentHound	39f830eec018588d1836e4587ad16edcf12bf723	goroutineownership	modules/protoscan/scanner.go:265:3	goroutineownership/unjoined	false-positive	Reporter listens for close(stopReporter), then closes reporterDone; after dispatch (including cancellation), Scan closes jobCh, wg.Wait joins workers, closes stopReporter and receives reporterDone before return (scanner.go:313-323).
adithyan-ak/AgentHound	39f830eec018588d1836e4587ad16edcf12bf723	resourcelifetime	modules/mcppoison/contextforge.go:531:15	resourcelifetime/missing-release	false-positive	HTTP Do response is immediately followed by `defer func() { _ = resp.Body.Close() }()` at contextforge.go:535; defer covers status/content-type/body-read success and error returns.
adithyan-ak/AgentHound	39f830eec018588d1836e4587ad16edcf12bf723	resourcelifetime	sdk/contact/policy_test.go:154:11	resourcelifetime/missing-release	false-positive	Test intentionally requests redirect to excluded.example and requires ErrExcluded; GuardTransport blocks destination before response, so successful response Body is not acquired on intended path (policy_test.go:142-159).
ahmetb/kubectl-foreach	ea6470768935e83c5e084dd71dc260f3c3faf6f4	cancellationownership	main.go:103:11	cancellationownership/release	false-positive	Program main installs signal.NotifyContext for the entire process and deliberately waits for ctx.Done in its signal-notice goroutine; main runs commands then exits process, which releases signal registration, so retaining stop through process lifetime is intentional (main.go:102-166).
anacrolix/dht	a9c967f9d68ba831a8d84ef693eb5766f67f491f	concurrentcapture	cmd/dht-announce/main.go:92:8	concurrentcapture/shared-capture	true-positive	For multiple infohashes, parent loop assigns addrs[ih] while already-started workers read addrs[ih] and write inner maps (main.go:68-96); Go maps do not permit concurrent parent write/worker read. Duplicate infohashes also share an inner map. wg.Wait occurs after loop, not before accesses.
anacrolix/dht	a9c967f9d68ba831a8d84ef693eb5766f67f491f	goroutineownership	cmd/dht-server/main.go:93:3	goroutineownership/unjoined	false-positive	Bootstrap worker closes local done on exit; after ctx.Done, main closes server then waits on bootstrapDone before returning (main.go:89-112). No post-launch normal return skips this join; signal context cancellation and server close bound BootstrapContext.
ankur-anand/unisondb	9fcf93abd34c40d72763ea63693ba775a93fbe88	goroutineownership	internal/benchtests/broadcast/bench/ctxtimeout/main_test.go:78:7	goroutineownership/unjoined	true-positive	Inner goroutine waits in cond.Wait and closes done, but outer worker's ctx.Done branch returns without receiving done or otherwise joining/signalling that inner waiter (main_test.go:78-96). Outer wg.Wait covers only outer workers; cancellation does not unblock cond.Wait. Scan incomplete in other modules; verdict applies only emitted site.
atlassian/gostatsd	65e6549a0d46a663bfdd30412b6fb8324ebcd181	resourcelifetime	pkg/backends/otlp/backend.go:125:15	resourcelifetime/missing-release	true-positive	SendEvent passes successful HTTP resp to data.ProcessEventsResponse at 132, which io.ReadAll(resp.Body) at internal/data/event_response.go:14 but never closes Body on read error, parse error, or success.
atlassian/gostatsd	65e6549a0d46a663bfdd30412b6fb8324ebcd181	resourcelifetime	pkg/backends/otlp/backend.go:354:15	resourcelifetime/missing-release	true-positive	postMetrics passes each successful HTTP resp to data.ProcessMetricResponse at 357; internal/data/metric_response.go:53 reads Body but never closes it, including retry paths and final return. Each retry can retain a separate response body.
bramvdbogaerde/go-scp	4562b51598be10bb2aabc1d55a0e646635b12223	goroutineownership	client.go:155:2	goroutineownership/unjoined	true-positive	wait starts a goroutine blocked in wg.Wait and returns on ctx.Done without joining it; transfer/session workers contributing to wg can remain blocked indefinitely, and cancellation does not itself settle WaitGroup (client.go:153-168,288,437).
bramvdbogaerde/go-scp	4562b51598be10bb2aabc1d55a0e646635b12223	resourcelifetime	tests/basic_test.go:363:12	resourcelifetime/missing-release	true-positive	TestFileNotFound successfully os.OpenFile's output file, passes it to CopyFromRemote for expected remote-missing error, then returns without f.Close; defer client.Close only closes SSH client (basic_test.go:359-376).
burugo/one-mcp	dddbc22e2553c17e3096b7acd39113982d571594	goroutineownership	backend/library/proxy/service.go:1573:6	goroutineownership/unjoined	true-positive	Stderr scanner closes stderrDone, but Initialize failure waits at most one second after client.Close (service.go:1794-1806) then returns or retries; if scanner has not completed, this path abandons its explicit completion channel. Successful client ownership does not settle this timeout branch; repository scan incomplete.
burugo/one-mcp	dddbc22e2553c17e3096b7acd39113982d571594	lockorder	backend/library/proxy/health_cache.go:100:4	lockorder/read-lock-write	true-positive	GetServiceHealth holds hcm.mutex.RLock (health_cache.go:88-89) while delete mutates hcm.local on expired entry; other read-lock holders can access same map concurrently. Repository scan incomplete.
burugo/one-mcp	dddbc22e2553c17e3096b7acd39113982d571594	lockorder	backend/library/proxy/tools_cache.go:95:4	lockorder/read-lock-write	true-positive	GetServiceTools holds tcm.mutex.RLock (tools_cache.go:83-84) while delete mutates tcm.local on expired entry; other read-lock holders can access same map concurrently. Repository scan incomplete.
caidaoli/ccLoad	d79f6931111697da13a9f8cb58abb506a62ed81f	goroutineownership	internal/app/admin_oauth_cleanup.go:414:2	goroutineownership/unjoined	true-positive	Close launches waiter on m.wg that closes local done; timeout via ctx.Done returns without receiving done. Canceling jobs does not prove all counted work completes, so waiter may remain blocked indefinitely.
caidaoli/ccLoad	d79f6931111697da13a9f8cb58abb506a62ed81f	goroutineownership	internal/app/admin_oauth_import_jobs.go:246:2	goroutineownership/unjoined	true-positive	Close launches waiter on m.wg and done channel, but ctx.Done return leaves it unjoined; job cancellation does not necessarily settle every active WaitGroup participant.
caidaoli/ccLoad	d79f6931111697da13a9f8cb58abb506a62ed81f	goroutineownership	internal/app/oauth_credential_refresh_tracker.go:64:2	goroutineownership/unjoined	true-positive	Close starts goroutine waiting on t.wg then closing done; timeout branch returns without a receive. t.cancel does not interrupt Wait or guarantee counted worker termination.
canonical/chisel	519479e23a67e46be7b6498f8e44892e16d00776	deferinloop	public/manifest/manifest_test.go:108:3	deferinloop/cleanup-lifetime	true-positive	Table test opens reader per iteration and defers Close only until whole test function returns; opened descriptors remain live across later iterations (manifest_test.go:around 108).
canonical/chisel	519479e23a67e46be7b6498f8e44892e16d00776	resourcelifetime	cmd/chisel/cmd_debug_check_release_archives.go:153:23	resourcelifetime/missing-release	true-positive	archive.Fetch returns owned io.ReadSeekCloser and deb.DataReader returns another io.ReadCloser, but nested package loop never closes either reader on success/error; no Close call in function.
canonical/chisel	519479e23a67e46be7b6498f8e44892e16d00776	resourcelifetime	internal/cache/cache.go:163:15	resourcelifetime/missing-release	true-positive	Cache.Open successfully os.Open's file, then os.Chtimes failure returns nil,error without closing the opened file (cache.go:163 onward); success path returns ownership.
canonical/chisel	519479e23a67e46be7b6498f8e44892e16d00776	resourcelifetime	internal/cache/cache_test.go:172:11	resourcelifetime/missing-release	false-positive	Test queries wrong digest-kind cache directory and asserts ErrMiss; Cache.Open returns nil,ErrMiss on os.IsNotExist before acquiring a ReadSeekCloser (cache.go:156-160).
canonical/chisel	519479e23a67e46be7b6498f8e44892e16d00776	resourcelifetime	internal/cache/cache_test.go:178:11	resourcelifetime/missing-release	false-positive	Test queries wrong digest-kind cache directory and asserts ErrMiss; Cache.Open returns nil,ErrMiss on os.IsNotExist before acquiring a ReadSeekCloser (cache.go:156-160).
canonical/chisel	519479e23a67e46be7b6498f8e44892e16d00776	resourcelifetime	internal/cache/cache_test.go:199:11	resourcelifetime/missing-release	false-positive	Test queries wrong digest-kind cache directory and asserts ErrMiss; Cache.Open returns nil,ErrMiss on os.IsNotExist before acquiring a ReadSeekCloser (cache.go:156-160).
canonical/chisel	519479e23a67e46be7b6498f8e44892e16d00776	resourcelifetime	internal/cache/cache_test.go:205:11	resourcelifetime/missing-release	false-positive	Test queries wrong digest-kind cache directory and asserts ErrMiss; Cache.Open returns nil,ErrMiss on os.IsNotExist before acquiring a ReadSeekCloser (cache.go:156-160).
canonical/chisel	519479e23a67e46be7b6498f8e44892e16d00776	resourcelifetime	internal/cache/cache_test.go:48:12	resourcelifetime/missing-release	false-positive	Test intentionally opens an empty cache and asserts ErrMiss; Cache.Open returns nil,ErrMiss for os.IsNotExist before acquiring a file (cache.go:156-160).
chennqqi/godnslog	b55a807b9f298fb236888df679370d4a564d3ae5	goroutineownership	internal/websocket/hub.go:100:2	goroutineownership/unjoined	true-positive	Shutdown launches waiter goroutine on h.wg, then ctx.Done branch returns without receiving done. stop requests Run exit but active WritePump workers can remain in network writes until deadlines; WaitGroup is not settled at return (hub.go:94-109; client.go:54-78). Scan incomplete elsewhere.
chennqqi/godnslog	b55a807b9f298fb236888df679370d4a564d3ae5	nilargument	server/webserver.go:195:13	nilargument/dereferenced-nil	false-positive	On cfg.DemoMode branch, app.demoMgr is immediately assigned demo.NewManager(app.orm,demoCfg) before InitSeedData; NewManager always returns &Manager with initialized stopCh (demo.go:50-56), and app.orm came from successful xorm.NewEngine/Ping (webserver.go:113-124). No definitely nil receiver/field. Scan incomplete elsewhere.
chirpstack/chirpstack-gateway-bridge	b63e296047216c10916b1d4b15f7b5ee800f62c0	lockorder	internal/backend/semtechudp/backend.go:125:3	lockorder/missing-release	true-positive	Backend.Stop holds b.Lock, then returns immediately if b.conn.Close reports error without b.Unlock; all later backend lock users can block (backend.go:115-133).
cli/go-gh	460f28c4ab0b28de1479b5c1195cf03dc0b31d57	resourcelifetime	pkg/api/rest_client.go:102:15	resourcelifetime/missing-release	true-positive	DoWithContext closes resp.Body on non-2xx and ordinary 2xx paths, but StatusNoContent (204) and StatusResetContent (205) return before the success-path defer resp.Body.Close (rest_client.go:102-124). A successful HTTP response body is left unclosed on those paths.
connectrpc/vanguard-go	157fc308117113d7f993a07ba600f919290307aa	deferinloop	internal/examples/fileserver/main.go:170:4	deferinloop/cleanup-lifetime	false-positive	Upload loops over stream messages but enters `if file == nil` only for first message; it creates one file and registers one defer Close, while later messages reuse same file (main.go:161-176). No per-iteration resource accumulation.
connectrpc/vanguard-go	157fc308117113d7f993a07ba600f919290307aa	goroutineownership	vanguard_test.go:883:2	goroutineownership/unjoined	false-positive	On request/type/send error before <-done, deferred str.CloseResponse closes read side and deferred context cancel stops stream; pinned connect v1.19.1 documents CloseResponse closes receive side. Worker exits on Receive error instead of remaining unowned (vanguard_test.go:873-919). Explicit join is skipped but close/cancel supplies termination; this relies on library stream cancellation semantics.
containerd/accelerated-container-image	940d0abfe3509c422c39319cece0b867fd9ef04f	resourcelifetime	cmd/convertor/builder/builder_utils.go:138:15	resourcelifetime/missing-release	true-positive	downloadLayer creates ftar, then decompress/io.Copy/verification paths return without ftar.Close; even successful return at 157 never closes file.
containerd/accelerated-container-image	940d0abfe3509c422c39319cece0b867fd9ef04f	resourcelifetime	cmd/convertor/builder/overlaybd_builder.go:426:15	resourcelifetime/missing-release	true-positive	uploadBaseLayer creates fdes, wraps it in io.MultiWriter/tar.Writer, but tarWriter.Close only finalizes tar; fdes has no Close on success or errors.
containerd/accelerated-container-image	940d0abfe3509c422c39319cece0b867fd9ef04f	resourcelifetime	cmd/convertor/builder/overlaybd_builder.go:434:15	resourcelifetime/missing-release	true-positive	uploadBaseLayer opens fsrc, reads it through bufio.Reader into tarWriter, but never closes fsrc on copy error or normal return.
crossplane/upjet	39e4824139eb06315f99b775e77d77fd54eb422e	resourcelifetime	pkg/examples/conversion/example_conversions.go:135:12	resourcelifetime/missing-release	true-positive	writeExampleContent creates file at 135, writes content at 139, then returns at 143 without f.Close; write-error branch also returns with open handle. This is source code only; no candidate generation was executed.
dapr/go-sdk	9d745f76a46e23ae0d022f1abb098132b67603e5	cancellationownership	examples/workflow/main.go:59:17	cancellationownership/release	true-positive	WithCancel creates worker context/cancel at 59; StartWorker uses ctx. At 125 `waitCtx, cancel := context.WithTimeout(ctx,...)` reassigns the same cancel variable (waitCtx is new), so calls at 127 and 181 cancel only waitCtx, never original worker context. Fatal error paths also bypass original cancel.
dependabot/cli	15c211e20491b5ae5beab007967f73f2866a1222	goroutineownership	internal/infra/updater.go:417:2	goroutineownership/unjoined	true-positive	RunCmd starts StdCopy worker that sends on unbuffered ch, but ctx.Done arm returns without receiving ch (updater.go:422-432); if copy finishes later, worker blocks forever on send.
dependabot/cli	15c211e20491b5ae5beab007967f73f2866a1222	resourcelifetime	internal/server/input_test.go:39:15	resourcelifetime/missing-release	true-positive	TestInput gets successful http.Post response, checks StatusCode, and returns after reading inputCh but never closes resp.Body (input_test.go:39-56); receiver/input channel cleanup does not close HTTP body.
devicelab-dev/maestro-runner	39f7139fc84e3916648ea0f2ab5acee8c7ae9012	resourcelifetime	pkg/cli/flutter_check_test.go:81:19	resourcelifetime/missing-release	true-positive	TestDetectFlutterDebugBuild_NotAnAppDirectory successfully os.CreateTemp's an open tempFile, uses its Name to test non-directory detection, and returns without tempFile.Close (flutter_check_test.go:81-89). t.TempDir removes the pathname but does not close the descriptor.
devops-works/binenv	6a2b1f433e7dd44785ce75e86cd0daa2ea758359	deferinloop	internal/install/tarxz.go:62:4	deferinloop/cleanup-lifetime	true-positive	Every matching archive entry opens an output file and defers its Close until entire archive loop returns, so descriptors accumulate across entries (tarxz.go:62 onward).
devops-works/binenv	6a2b1f433e7dd44785ce75e86cd0daa2ea758359	deferinloop	internal/install/tbz.go:58:4	deferinloop/cleanup-lifetime	true-positive	Every matching archive entry opens an output file and defers its Close until entire archive loop returns, so descriptors accumulate across entries (tbz.go:58 onward).
devops-works/binenv	6a2b1f433e7dd44785ce75e86cd0daa2ea758359	deferinloop	internal/install/tgz.go:61:4	deferinloop/cleanup-lifetime	true-positive	Every matching archive entry opens an output file and defers its Close until entire archive loop returns, so descriptors accumulate across entries (tgz.go:61 onward).
devops-works/binenv	6a2b1f433e7dd44785ce75e86cd0daa2ea758359	deferinloop	internal/install/zip.go:42:3	deferinloop/cleanup-lifetime	true-positive	Every matching archive entry defers output Close until archive loop returns; zip path also defers per-entry input Close, compounding descriptor accumulation (zip.go:42 onward).
devops-works/binenv	6a2b1f433e7dd44785ce75e86cd0daa2ea758359	nilargument	internal/tpl/tpl.go:94:10	nilargument/dereferenced-nil	false-positive	template.New("matcher").Parse(v) yields nonnil template when err is nil; onceBody returns on parse error, and outer onceErr guard returns before using tpls, so each Execute receiver was a successful parse (tpl.go:around 94). No definitely nil receiver.
devops-works/binenv	6a2b1f433e7dd44785ce75e86cd0daa2ea758359	resourcelifetime	internal/install/install.go:53:13	resourcelifetime/missing-release	true-positive	os.Open(src) returns fs, but this function defers fd.Close twice at :50 and :57 rather than fs.Close; source handle remains open even after successful Copy (install.go:50-57).
ebogdum/callfs	855020587ba0921817aae97f5a97d254fd767d8f	resourcelifetime	backends/localfs/move_test.go:40:15	resourcelifetime/missing-release	false-positive	TestMoveFile first successfully moves a.txt to sub/b.txt via Move (adapter.go:186-216), then deliberately calls Open on absent source and asserts metadata.ErrNotFound; LocalFSAdapter.Open returns nil,ErrNotFound on os.IsNotExist (adapter.go:46-60), so no handle is acquired on intended path. Unexpected success fails test, not an ordinary leak.
eclipse-paho/paho.golang	145831e41db6f515957b518d5ef81a9fe21a894f	cancellationownership	autopaho/persistence_test.go:248:19	cancellationownership/release	false-positive	AttemptConnection child context is passed to testserver.Connect and cancel is sent in tsConnUpMsg on success; receiver discards it, but parent timeout context is deferred-canceled at test return and Connect's context watcher exits when parent done closes. No remaining child/timer obligation after parent cancellation.
eclipse-paho/paho.golang	145831e41db6f515957b518d5ef81a9fe21a894f	cancellationownership	autopaho/persistence_test.go:82:19	cancellationownership/release	false-positive	AttemptConnection child context is bounded by a parent timeout context deferred-canceled at test return; testserver.Connect watcher exits when parent done closes, so discarded child cancel does not leave a live obligation after test.
eclipse-paho/paho.golang	145831e41db6f515957b518d5ef81a9fe21a894f	cancellationownership	paho/session/state/sendquota_test.go:74:16	cancellationownership/release	true-positive	Last WithTimeout cancel is never called after operations complete before its 20ms deadline; timer and context resources linger until deadline rather than being released on test return.
eclipse-paho/paho.golang	145831e41db6f515957b518d5ef81a9fe21a894f	goroutineownership	autopaho/examples/queue/main.go:50:2	goroutineownership/unjoined	false-positive	Process main intentionally waits on ctx.Done while worker calls stop at completion; process then exits, so this lifecycle does not leave a persistent orphan despite no explicit worker join.
eclipse-paho/paho.golang	145831e41db6f515957b518d5ef81a9fe21a894f	goroutineownership	paho/client_test.go:1067:2	goroutineownership/unjoined	true-positive	waitTimeout launches wg.Wait waiter but returns on timeout without joining/canceling it; if WaitGroup count never reaches zero, waiter remains blocked indefinitely.
ego008/goyoubbs	f18298a721533927418d462667825c572bdc2f9e	resourcelifetime	controller/site_map.go:251:12	resourcelifetime/missing-release	true-positive	writeXmlToFile creates f and closes only after successful buffered writes and Flush at 283; any WriteString error at 259-275 or Flush error at 278-280 returns first without f.Close. Repository scan incomplete; label applies only emitted site.
facebookincubator/TTPForge	c79ae8ff489b53fa5d850c6d8c7dc6ea1622607b	resourcelifetime	pkg/blocks/loader.go:186:15	resourcelifetime/missing-release	true-positive	readTTPBytes successfully opens file via os.Open or afero.Fs.Open, reads it, and returns on both read error and success without file.Close anywhere (loader.go:182-202). Scan incomplete elsewhere.
facebookincubator/TTPForge	c79ae8ff489b53fa5d850c6d8c7dc6ea1622607b	resourcelifetime	pkg/blocks/step_test.go:249:20	resourcelifetime/missing-release	true-positive	Each subtest creates tmpFile to obtain a temporary pathname then os.Remove's pathname without ever calling tmpFile.Close; unlink does not release the open descriptor (step_test.go:249-254). Scan incomplete elsewhere.
folbricht/desync	ad89f62cc216376f1747dae60f74a890f0a53940	deferinloop	sequencer.go:143:4	deferinloop/cleanup-lifetime	false-positive	Loop opens one descriptor per distinct file seed into fileMap and defers Close intentionally because later errgroup workers validate jobs using those descriptors; g.Wait completes before enclosing function returns and defers close them (sequencer.go:127-179). Early return also executes defers. This is a needed cross-phase lifetime, not accidental accumulation.
folbricht/desync	ad89f62cc216376f1747dae60f74a890f0a53940	goroutineownership	s3_test.go:233:4	goroutineownership/unjoined	true-positive	Inner GetChunk worker sends on unbuffered c; enclosing errgroup worker may select gCtx.Done and return instead of receiving c, leaving inner sender blocked and outside group.Wait (s3_test.go:233-253).
folbricht/desync	ad89f62cc216376f1747dae60f74a890f0a53940	goroutineownership	s3_test.go:273:4	goroutineownership/unjoined	true-positive	Inner GetChunk worker sends on unbuffered c; enclosing errgroup worker may select gCtx.Done and return instead of receiving c, leaving inner sender blocked and outside group.Wait (s3_test.go:273-290).
folbricht/desync	ad89f62cc216376f1747dae60f74a890f0a53940	goroutineownership	s3_test.go:310:4	goroutineownership/unjoined	true-positive	Inner GetChunk worker sends on unbuffered c; enclosing errgroup worker may select gCtx.Done and return instead of receiving c, leaving inner sender blocked and outside group.Wait (s3_test.go:310-334).
folbricht/desync	ad89f62cc216376f1747dae60f74a890f0a53940	goroutineownership	s3_test.go:352:4	goroutineownership/unjoined	true-positive	Inner GetChunk worker sends on unbuffered c; enclosing errgroup worker may select gCtx.Done and return instead of receiving c, leaving inner sender blocked and outside group.Wait (s3_test.go:352-378).
folbricht/desync	ad89f62cc216376f1747dae60f74a890f0a53940	goroutineownership	s3_test.go:397:4	goroutineownership/unjoined	true-positive	Inner GetChunk worker sends on unbuffered c; enclosing errgroup worker may select gCtx.Done and return instead of receiving c, leaving inner sender blocked and outside group.Wait (s3_test.go:397 onward).
folbricht/desync	ad89f62cc216376f1747dae60f74a890f0a53940	processownership	remotessh.go:117:11	processownership/missing-wait	true-positive	Starts ssh child and returns protocol after handshake without cmd.Wait; handshake error returns without Wait too. Protocol holds pipes but not *exec.Cmd, so no reaping owner is transferred (remotessh.go:117-130).
folbricht/desync	ad89f62cc216376f1747dae60f74a890f0a53940	processownership	sftp.go:75:11	processownership/missing-wait	true-positive	Starts ssh sftp child, then returns on NewClientPipe/Stat errors or stores only client/cancel on success; cancellation can kill but does not Wait/reap the child (sftp.go:75-91).
folbricht/desync	ad89f62cc216376f1747dae60f74a890f0a53940	resourcelifetime	ioctl_linux.go:72:13	resourcelifetime/missing-release	true-positive	GetFileSize opens block device f then performs ioctl and returns on both ioctl error and success without f.Close (ioctl_linux.go:72-80).
folbricht/desync	ad89f62cc216376f1747dae60f74a890f0a53940	resourcelifetime	localfs_other.go:333:16	resourcelifetime/missing-release	false-positive	Regular-file os.Open handle is assigned to r, then to returned File.Data io.ReadCloser (localfs_other.go:333-370); this is explicit ownership transfer to caller. The later symlink Readlink error branch cannot coexist with Mode().IsRegular() on the same entry.
folbricht/desync	ad89f62cc216376f1747dae60f74a890f0a53940	resourcelifetime	nullseed.go:18:20	resourcelifetime/missing-release	true-positive	newNullChunkSeed returns opened blockfile inside seed on normal success and seed.close releases it, but CanClone-success branch returns immediately on blockfile.Write error without closing original temp file (nullseed.go:18-33).
fujiwara/lambroll	eda5108fbed2f5af7b11bc7dbaaf4823d4ae6813	resourcelifetime	archive_test.go:75:13	resourcelifetime/missing-release	true-positive	Test opens zip.OpenReader(r.Name()) and iterates zr.File without zr.Close anywhere (archive_test.go:75 onward). Earlier defer r.Close closes the original CreateZipArchive writer/file, not this newly opened zip.ReadCloser.
gammons/slk	90648207c940e21bcceca6717ae099df11047515	deferinloop	cmd/slk/main.go:1093:7	deferinloop/cleanup-lifetime	true-positive	Upload command ranges user-supplied attachments and opens each path, deferring f.Close inside the loop (main.go:1081-1104); opened files stay live through every later UploadFile call and only close when whole command returns, so simultaneous descriptors scale with attachment count.
githubexporter/github-exporter	eedff7e7d54326c9607faa8b2ffc28a0140685de	concurrentcapture	exporter/prometheus.go:165:4	concurrentcapture/shared-capture	true-positive	errgroup.Go sibling callbacks append to shared outer data slice without lock when supported FETCH_*_CONCURRENCY configuration exceeds 1; g.Wait joins after writes, not between them. Config env controls permit >1 and tests cover those values.
githubexporter/github-exporter	eedff7e7d54326c9607faa8b2ffc28a0140685de	concurrentcapture	exporter/prometheus.go:199:5	concurrentcapture/shared-capture	true-positive	errgroup.Go sibling callbacks append to shared outer data slice without lock under supported concurrency >1; g.Wait does not serialize concurrent appends. Config exposes FETCH_*_CONCURRENCY env controls.
githubexporter/github-exporter	eedff7e7d54326c9607faa8b2ffc28a0140685de	concurrentcapture	exporter/prometheus.go:238:6	concurrentcapture/shared-capture	true-positive	Nested repo/org errgroups append to shared outer data slice without lock; supported gRepos or gOrgs concurrency >1 overlaps callbacks. Default 1 is safe but config permits higher limits and config_test covers 2-5.
go-gremlins/gremlins	b48a4aad17eff33dc7262e0d1487b1a4d6eec322	resourcelifetime	internal/engine/workdir/workdir.go:159:12	resourcelifetime/missing-release	true-positive	doCopy successfully os.Open's source s, then opens destination and io.Copies, but never s.Close on success, destination-open error, or copy error (workdir.go:159-175).
go-gremlins/gremlins	b48a4aad17eff33dc7262e0d1487b1a4d6eec322	resourcelifetime	internal/engine/workdir/workdir.go:164:12	resourcelifetime/missing-release	true-positive	doCopy successfully os.OpenFile's destination d, then io.Copies and returns on success/error without d.Close (workdir.go:164-175).
go-openapi/spec	f7decb83cf6ed37743478f18e9fc154ffbabf19e	resourcelifetime	debug_test.go:41:16	resourcelifetime/missing-release	true-positive	Test closes original tmpFile, then reopens same path as flushed and reads it but never closes flushed; deferred os.Remove only unlinks pathname (debug_test.go:38-46).
go-playground/universal-translator	56b46f980012ddbe4c7e1d3b5138e5c6be643849	resourcelifetime	import_export_test.go:750:8	resourcelifetime/use-after-release	false-positive	TestBadImport deliberately closes f at line 747, then passes the closed reader to ImportByReader and asserts the exact file-already-closed error at 750-753; this is an intentional negative test, not accidental post-release use.
google/kf	0c696adb3fc518f71e189d6e60a4b5e22cd011fd	deferinloop	operator/pkg/release/stringtools/string_manipulation_test.go:86:3	deferinloop/cleanup-lifetime	false-positive	Test loop ranges literal three-case table, so at most three output temp files remain open until function exit; deferred cleanup is intentional bounded test lifecycle, not unbounded accumulation. Repository scan incomplete; label applies only emitted site.
google/kf	0c696adb3fc518f71e189d6e60a4b5e22cd011fd	resourcelifetime	operator/pkg/release/filetools/file_manipulation.go:118:17	resourcelifetime/missing-release	true-positive	Opened data file closes only after io.Copy; copy-error return occurs before Close and retains file handle. Repository scan incomplete; label applies only emitted site.
google/kf	0c696adb3fc518f71e189d6e60a4b5e22cd011fd	resourcelifetime	operator/pkg/release/filetools/file_manipulation.go:143:19	resourcelifetime/missing-release	true-positive	CreateTempFile returns tempFile.Name but never closes handle created by ioutil.TempFile. Repository scan incomplete; label applies only emitted site.
grafana/carbon-relay-ng	4ca67e40fb978fda81641d978e07feb4fbd7519f	goroutineownership	input/manager/manager.go:26:2	goroutineownership/unjoined	true-positive	Stop launches aggregator reading unclosed results channel; on timeout branch 44-46 caller returns without receiving complete. If plugins finish, aggregator blocks forever sending to unbuffered complete at 35; if no inputs, range results never ends. Plugin workers can also block sending results after return.
grindlemire/go-tui	cadf283dd4d5b8e6d4f2d9031915ce90c1c86e47	nilargument	internal/lsp/provider_adapters_coverage_test.go:107:5	nilargument/dereferenced-nil	false-positive	newAdapterServer constructs nonnil Server with docs/workspaceASTs/virtualFiles; test puts it into nonnil documentAdapter before call, and missing-document result is guarded before dereference (provider_adapters_coverage_test.go:13-20, server.go:61-77). No definite nil; scan incomplete elsewhere.
grindlemire/go-tui	cadf283dd4d5b8e6d4f2d9031915ce90c1c86e47	nilargument	internal/lsp/provider_adapters_coverage_test.go:111:9	nilargument/dereferenced-nil	false-positive	newAdapterServer constructs nonnil Server with docs/workspaceASTs/virtualFiles; test puts it into nonnil documentAdapter before call, and missing-document result is guarded before dereference (provider_adapters_coverage_test.go:13-20, server.go:61-77). No definite nil; scan incomplete elsewhere.
grindlemire/go-tui	cadf283dd4d5b8e6d4f2d9031915ce90c1c86e47	nilargument	internal/lsp/provider_adapters_coverage_test.go:149:5	nilargument/dereferenced-nil	false-positive	newAdapterServer gives virtualFileAdapter a nonnil Server and virtualFiles map; test intentionally compares absent map lookup to nil without dereferencing it (provider_adapters_coverage_test.go:13-20,149; server.go:61-77). No definite nil; scan incomplete elsewhere.
grindlemire/go-tui	cadf283dd4d5b8e6d4f2d9031915ce90c1c86e47	nilargument	internal/lsp/provider_adapters_coverage_test.go:153:12	nilargument/dereferenced-nil	false-positive	newAdapterServer gives virtualFileAdapter a nonnil Server and virtualFiles map; the reported call follows cache Put, so retrieved file is not definitely nil (provider_adapters_coverage_test.go:13-20,149-153; server.go:61-77). Scan incomplete elsewhere.
grindlemire/go-tui	cadf283dd4d5b8e6d4f2d9031915ce90c1c86e47	nilargument	internal/lsp/provider_adapters_coverage_test.go:99:9	nilargument/dereferenced-nil	false-positive	newAdapterServer constructs nonnil Server with docs/workspaceASTs/virtualFiles; test puts it into nonnil documentAdapter before call, and missing-document result is guarded before dereference (provider_adapters_coverage_test.go:13-20, server.go:61-77). No definite nil; scan incomplete elsewhere.
hardhackerlabs/podwise-cli	496ee3a1fefa96d87f9b36fb93c1f4119ef33dc4	goroutineownership	cmd/process.go:191:2	goroutineownership/unjoined	false-positive	Spinner launch is followed by stopSpinner on every feasible return: timeout, FetchStatus error, done, and failed/not_requested all close stopCh then wg.Wait (process.go:207-250). Final return after range pollTicker.C is unreachable because time.Ticker.C is never closed; there is no unjoined return path.
hashicorp/cap	d86ed99aaa27ed2d4d81387230d8c03addfdfea6	resourcelifetime	oidc/testing_provider_test.go:614:16	resourcelifetime/missing-release	true-positive	Bad-method subtest obtains successful HTTP response with 405 status, asserts status, but never closes resp.Body (testing_provider_test.go:609-618); nearby preceding subtests explicitly defer Body.Close.
hashicorp/cap	d86ed99aaa27ed2d4d81387230d8c03addfdfea6	resourcelifetime	saml/authn_request_test.go:247:15	resourcelifetime/missing-release	true-positive	Authn redirect test obtains HTTP response and ReadAll Body but never closes it (authn_request_test.go:247-256); reading does not release Body.
hashicorp/cap	d86ed99aaa27ed2d4d81387230d8c03addfdfea6	resourcelifetime	saml/sp.go:317:14	resourcelifetime/missing-release	true-positive	fetchIDPMetadata gets HTTP response then ReadAll/parses Body without Close on success or read/parse errors (sp.go:317-333).
henvic/httpretty	fed387d9a4db5a00d32ae5e8657fd909f1932c61	resourcelifetime	client_test.go:1360:14	resourcelifetime/missing-release	true-positive	Test discards successful client.Do response on expected-success path without closing Body; nearby client tests explicitly defer resp.Body.Close (client_test.go:1360 onward).
henvic/httpretty	fed387d9a4db5a00d32ae5e8657fd909f1932c61	resourcelifetime	client_test.go:1956:14	resourcelifetime/missing-release	false-positive	TLS bad-certificate negative test intentionally expects x509/url.Error from client.Do; no successful response Body is acquired on tested path (client_test.go:1956 onward).
henvic/httpretty	fed387d9a4db5a00d32ae5e8657fd909f1932c61	resourcelifetime	client_test.go:2006:14	resourcelifetime/missing-release	false-positive	TLS bad-certificate negative test intentionally expects x509/url.Error from client.Do; no successful response Body is acquired on tested path (client_test.go:2006 onward).
henvic/httpretty	fed387d9a4db5a00d32ae5e8657fd909f1932c61	resourcelifetime	client_test.go:223:14	resourcelifetime/missing-release	true-positive	Test discards successful client.Do response on expected-success path without closing Body; nearby client tests explicitly defer resp.Body.Close (client_test.go:223 onward).
henvic/httpretty	fed387d9a4db5a00d32ae5e8657fd909f1932c61	resourcelifetime	client_test.go:257:14	resourcelifetime/missing-release	true-positive	Test discards successful client.Do response on expected-success path without closing Body; nearby client tests explicitly defer resp.Body.Close (client_test.go:257 onward).
henvic/httpretty	fed387d9a4db5a00d32ae5e8657fd909f1932c61	resourcelifetime	client_test.go:293:14	resourcelifetime/missing-release	true-positive	Test discards successful client.Do response on expected-success path without closing Body; nearby client tests explicitly defer resp.Body.Close (client_test.go:293 onward).
henvic/httpretty	fed387d9a4db5a00d32ae5e8657fd909f1932c61	resourcelifetime	client_test.go:325:14	resourcelifetime/missing-release	true-positive	Test discards successful client.Do response on expected-success path without closing Body; nearby client tests explicitly defer resp.Body.Close (client_test.go:325 onward).
henvic/httpretty	fed387d9a4db5a00d32ae5e8657fd909f1932c61	resourcelifetime	client_test.go:446:14	resourcelifetime/missing-release	true-positive	Test discards successful client.Do response on expected-success path without closing Body; nearby client tests explicitly defer resp.Body.Close (client_test.go:446 onward).
henvic/httpretty	fed387d9a4db5a00d32ae5e8657fd909f1932c61	resourcelifetime	client_test.go:479:14	resourcelifetime/missing-release	true-positive	Test discards successful client.Do response on expected-success path without closing Body; nearby client tests explicitly defer resp.Body.Close (client_test.go:479 onward).
henvic/httpretty	fed387d9a4db5a00d32ae5e8657fd909f1932c61	resourcelifetime	client_test.go:515:14	resourcelifetime/missing-release	true-positive	Test discards successful client.Do response on expected-success path without closing Body; nearby client tests explicitly defer resp.Body.Close (client_test.go:515 onward).
henvic/httpretty	fed387d9a4db5a00d32ae5e8657fd909f1932c61	resourcelifetime	client_test.go:551:14	resourcelifetime/missing-release	true-positive	Test discards successful client.Do response on expected-success path without closing Body; nearby client tests explicitly defer resp.Body.Close (client_test.go:551 onward).
henvic/httpretty	fed387d9a4db5a00d32ae5e8657fd909f1932c61	resourcelifetime	client_test.go:586:14	resourcelifetime/missing-release	true-positive	Test discards successful client.Do response on expected-success path without closing Body; nearby client tests explicitly defer resp.Body.Close (client_test.go:586 onward).
henvic/httpretty	fed387d9a4db5a00d32ae5e8657fd909f1932c61	resourcelifetime	client_test.go:619:14	resourcelifetime/missing-release	true-positive	Test discards successful client.Do response on expected-success path without closing Body; nearby client tests explicitly defer resp.Body.Close (client_test.go:619 onward).
henvic/httpretty	fed387d9a4db5a00d32ae5e8657fd909f1932c61	resourcelifetime	client_test.go:697:16	resourcelifetime/missing-release	true-positive	Test discards successful client.Do response on expected-success path without closing Body; nearby client tests explicitly defer resp.Body.Close (client_test.go:697 onward).
henvic/httpretty	fed387d9a4db5a00d32ae5e8657fd909f1932c61	resourcelifetime	client_test.go:742:14	resourcelifetime/missing-release	true-positive	Test discards successful client.Do response on expected-success path without closing Body; nearby client tests explicitly defer resp.Body.Close (client_test.go:742 onward).
henvic/httpretty	fed387d9a4db5a00d32ae5e8657fd909f1932c61	resourcelifetime	client_test.go:787:14	resourcelifetime/missing-release	true-positive	Test discards successful client.Do response on expected-success path without closing Body; nearby client tests explicitly defer resp.Body.Close (client_test.go:787 onward).
henvic/httpretty	fed387d9a4db5a00d32ae5e8657fd909f1932c61	resourcelifetime	client_test.go:832:14	resourcelifetime/missing-release	true-positive	Test discards successful client.Do response on expected-success path without closing Body; nearby client tests explicitly defer resp.Body.Close (client_test.go:832 onward).
henvic/httpretty	fed387d9a4db5a00d32ae5e8657fd909f1932c61	resourcelifetime	client_test.go:876:14	resourcelifetime/missing-release	true-positive	Test discards successful client.Do response on expected-success path without closing Body; nearby client tests explicitly defer resp.Body.Close (client_test.go:876 onward).
henvic/httpretty	fed387d9a4db5a00d32ae5e8657fd909f1932c61	resourcelifetime	client_test.go:912:14	resourcelifetime/missing-release	true-positive	Test discards successful client.Do response on expected-success path without closing Body; nearby client tests explicitly defer resp.Body.Close (client_test.go:912 onward).
henvic/httpretty	fed387d9a4db5a00d32ae5e8657fd909f1932c61	resourcelifetime	client_test.go:949:14	resourcelifetime/missing-release	true-positive	Test discards successful client.Do response on expected-success path without closing Body; nearby client tests explicitly defer resp.Body.Close (client_test.go:949 onward).
henvic/httpretty	fed387d9a4db5a00d32ae5e8657fd909f1932c61	resourcelifetime	client_test.go:990:14	resourcelifetime/missing-release	true-positive	Test discards successful client.Do response on expected-success path without closing Body; nearby client tests explicitly defer resp.Body.Close (client_test.go:990 onward).
henvic/httpretty	fed387d9a4db5a00d32ae5e8657fd909f1932c61	resourcelifetime	example/client/main.go:26:15	resourcelifetime/missing-release	false-positive	Example main's successful http.Get is the final action immediately before main returns, so process termination closes response Body with no continuing lifetime (example/client/main.go:26 onward).
henvic/httpretty	fed387d9a4db5a00d32ae5e8657fd909f1932c61	resourcelifetime	server_test.go:103:16	resourcelifetime/missing-release	true-positive	Server test obtains successful client.Do response, discards it or inspects status/reads Body via testBody without Body.Close; testBody only io.ReadAll, and neighboring tests explicitly defer Close (server_test.go:103 onward; httpretty_test.go:325-337).
henvic/httpretty	fed387d9a4db5a00d32ae5e8657fd909f1932c61	resourcelifetime	server_test.go:1063:15	resourcelifetime/missing-release	true-positive	Server test obtains successful client.Do response, discards it or inspects status/reads Body via testBody without Body.Close; testBody only io.ReadAll, and neighboring tests explicitly defer Close (server_test.go:1063 onward; httpretty_test.go:325-337).
henvic/httpretty	fed387d9a4db5a00d32ae5e8657fd909f1932c61	resourcelifetime	server_test.go:1096:16	resourcelifetime/missing-release	true-positive	Server test obtains successful client.Do response, discards it or inspects status/reads Body via testBody without Body.Close; testBody only io.ReadAll, and neighboring tests explicitly defer Close (server_test.go:1096 onward; httpretty_test.go:325-337).
henvic/httpretty	fed387d9a4db5a00d32ae5e8657fd909f1932c61	resourcelifetime	server_test.go:1131:15	resourcelifetime/missing-release	true-positive	Server test obtains successful client.Do response, discards it or inspects status/reads Body via testBody without Body.Close; testBody only io.ReadAll, and neighboring tests explicitly defer Close (server_test.go:1131 onward; httpretty_test.go:325-337).
henvic/httpretty	fed387d9a4db5a00d32ae5e8657fd909f1932c61	resourcelifetime	server_test.go:1164:16	resourcelifetime/missing-release	true-positive	Server test obtains successful client.Do response, discards it or inspects status/reads Body via testBody without Body.Close; testBody only io.ReadAll, and neighboring tests explicitly defer Close (server_test.go:1164 onward; httpretty_test.go:325-337).
henvic/httpretty	fed387d9a4db5a00d32ae5e8657fd909f1932c61	resourcelifetime	server_test.go:1201:16	resourcelifetime/missing-release	true-positive	Server test obtains successful client.Do response, discards it or inspects status/reads Body via testBody without Body.Close; testBody only io.ReadAll, and neighboring tests explicitly defer Close (server_test.go:1201 onward; httpretty_test.go:325-337).
henvic/httpretty	fed387d9a4db5a00d32ae5e8657fd909f1932c61	resourcelifetime	server_test.go:1236:16	resourcelifetime/missing-release	true-positive	Server test obtains successful client.Do response, discards it or inspects status/reads Body via testBody without Body.Close; testBody only io.ReadAll, and neighboring tests explicitly defer Close (server_test.go:1236 onward; httpretty_test.go:325-337).
henvic/httpretty	fed387d9a4db5a00d32ae5e8657fd909f1932c61	resourcelifetime	server_test.go:125:15	resourcelifetime/missing-release	true-positive	Server test obtains successful client.Do response, discards it or inspects status/reads Body via testBody without Body.Close; testBody only io.ReadAll, and neighboring tests explicitly defer Close (server_test.go:125 onward; httpretty_test.go:325-337).
henvic/httpretty	fed387d9a4db5a00d32ae5e8657fd909f1932c61	resourcelifetime	server_test.go:1312:15	resourcelifetime/missing-release	true-positive	Server test obtains successful client.Do response, discards it or inspects status/reads Body via testBody without Body.Close; testBody only io.ReadAll, and neighboring tests explicitly defer Close (server_test.go:1312 onward; httpretty_test.go:325-337).
henvic/httpretty	fed387d9a4db5a00d32ae5e8657fd909f1932c61	resourcelifetime	server_test.go:1346:16	resourcelifetime/missing-release	true-positive	Server test obtains successful client.Do response, discards it or inspects status/reads Body via testBody without Body.Close; testBody only io.ReadAll, and neighboring tests explicitly defer Close (server_test.go:1346 onward; httpretty_test.go:325-337).
henvic/httpretty	fed387d9a4db5a00d32ae5e8657fd909f1932c61	resourcelifetime	server_test.go:195:15	resourcelifetime/missing-release	true-positive	Server test obtains successful client.Do response, discards it or inspects status/reads Body via testBody without Body.Close; testBody only io.ReadAll, and neighboring tests explicitly defer Close (server_test.go:195 onward; httpretty_test.go:325-337).
henvic/httpretty	fed387d9a4db5a00d32ae5e8657fd909f1932c61	resourcelifetime	server_test.go:233:15	resourcelifetime/missing-release	true-positive	Server test obtains successful client.Do response, discards it or inspects status/reads Body via testBody without Body.Close; testBody only io.ReadAll, and neighboring tests explicitly defer Close (server_test.go:233 onward; httpretty_test.go:325-337).
henvic/httpretty	fed387d9a4db5a00d32ae5e8657fd909f1932c61	resourcelifetime	server_test.go:272:15	resourcelifetime/missing-release	true-positive	Server test obtains successful client.Do response, discards it or inspects status/reads Body via testBody without Body.Close; testBody only io.ReadAll, and neighboring tests explicitly defer Close (server_test.go:272 onward; httpretty_test.go:325-337).
henvic/httpretty	fed387d9a4db5a00d32ae5e8657fd909f1932c61	resourcelifetime	server_test.go:314:15	resourcelifetime/missing-release	true-positive	Server test obtains successful client.Do response, discards it or inspects status/reads Body via testBody without Body.Close; testBody only io.ReadAll, and neighboring tests explicitly defer Close (server_test.go:314 onward; httpretty_test.go:325-337).
henvic/httpretty	fed387d9a4db5a00d32ae5e8657fd909f1932c61	resourcelifetime	server_test.go:416:15	resourcelifetime/missing-release	true-positive	Server test obtains successful client.Do response, discards it or inspects status/reads Body via testBody without Body.Close; testBody only io.ReadAll, and neighboring tests explicitly defer Close (server_test.go:416 onward; httpretty_test.go:325-337).
henvic/httpretty	fed387d9a4db5a00d32ae5e8657fd909f1932c61	resourcelifetime	server_test.go:449:15	resourcelifetime/missing-release	true-positive	Server test obtains successful client.Do response, discards it or inspects status/reads Body via testBody without Body.Close; testBody only io.ReadAll, and neighboring tests explicitly defer Close (server_test.go:449 onward; httpretty_test.go:325-337).
henvic/httpretty	fed387d9a4db5a00d32ae5e8657fd909f1932c61	resourcelifetime	server_test.go:486:15	resourcelifetime/missing-release	true-positive	Server test obtains successful client.Do response, discards it or inspects status/reads Body via testBody without Body.Close; testBody only io.ReadAll, and neighboring tests explicitly defer Close (server_test.go:486 onward; httpretty_test.go:325-337).
henvic/httpretty	fed387d9a4db5a00d32ae5e8657fd909f1932c61	resourcelifetime	server_test.go:523:15	resourcelifetime/missing-release	true-positive	Server test obtains successful client.Do response, discards it or inspects status/reads Body via testBody without Body.Close; testBody only io.ReadAll, and neighboring tests explicitly defer Close (server_test.go:523 onward; httpretty_test.go:325-337).
henvic/httpretty	fed387d9a4db5a00d32ae5e8657fd909f1932c61	resourcelifetime	server_test.go:559:15	resourcelifetime/missing-release	true-positive	Server test obtains successful client.Do response, discards it or inspects status/reads Body via testBody without Body.Close; testBody only io.ReadAll, and neighboring tests explicitly defer Close (server_test.go:559 onward; httpretty_test.go:325-337).
henvic/httpretty	fed387d9a4db5a00d32ae5e8657fd909f1932c61	resourcelifetime	server_test.go:594:15	resourcelifetime/missing-release	true-positive	Server test obtains successful client.Do response, discards it or inspects status/reads Body via testBody without Body.Close; testBody only io.ReadAll, and neighboring tests explicitly defer Close (server_test.go:594 onward; httpretty_test.go:325-337).
henvic/httpretty	fed387d9a4db5a00d32ae5e8657fd909f1932c61	resourcelifetime	server_test.go:633:15	resourcelifetime/missing-release	true-positive	Server test obtains successful client.Do response, discards it or inspects status/reads Body via testBody without Body.Close; testBody only io.ReadAll, and neighboring tests explicitly defer Close (server_test.go:633 onward; httpretty_test.go:325-337).
henvic/httpretty	fed387d9a4db5a00d32ae5e8657fd909f1932c61	resourcelifetime	server_test.go:669:15	resourcelifetime/missing-release	true-positive	Server test obtains successful client.Do response, discards it or inspects status/reads Body via testBody without Body.Close; testBody only io.ReadAll, and neighboring tests explicitly defer Close (server_test.go:669 onward; httpretty_test.go:325-337).
henvic/httpretty	fed387d9a4db5a00d32ae5e8657fd909f1932c61	resourcelifetime	server_test.go:705:15	resourcelifetime/missing-release	true-positive	Server test obtains successful client.Do response, discards it or inspects status/reads Body via testBody without Body.Close; testBody only io.ReadAll, and neighboring tests explicitly defer Close (server_test.go:705 onward; httpretty_test.go:325-337).
henvic/httpretty	fed387d9a4db5a00d32ae5e8657fd909f1932c61	resourcelifetime	server_test.go:70:16	resourcelifetime/missing-release	true-positive	Server test obtains successful client.Do response, discards it or inspects status/reads Body via testBody without Body.Close; testBody only io.ReadAll, and neighboring tests explicitly defer Close (server_test.go:70 onward; httpretty_test.go:325-337).
henvic/httpretty	fed387d9a4db5a00d32ae5e8657fd909f1932c61	resourcelifetime	server_test.go:741:15	resourcelifetime/missing-release	true-positive	Server test obtains successful client.Do response, discards it or inspects status/reads Body via testBody without Body.Close; testBody only io.ReadAll, and neighboring tests explicitly defer Close (server_test.go:741 onward; httpretty_test.go:325-337).
henvic/httpretty	fed387d9a4db5a00d32ae5e8657fd909f1932c61	resourcelifetime	server_test.go:780:15	resourcelifetime/missing-release	true-positive	Server test obtains successful client.Do response, discards it or inspects status/reads Body via testBody without Body.Close; testBody only io.ReadAll, and neighboring tests explicitly defer Close (server_test.go:780 onward; httpretty_test.go:325-337).
henvic/httpretty	fed387d9a4db5a00d32ae5e8657fd909f1932c61	resourcelifetime	server_test.go:817:15	resourcelifetime/missing-release	true-positive	Server test obtains successful client.Do response, discards it or inspects status/reads Body via testBody without Body.Close; testBody only io.ReadAll, and neighboring tests explicitly defer Close (server_test.go:817 onward; httpretty_test.go:325-337).
henvic/httpretty	fed387d9a4db5a00d32ae5e8657fd909f1932c61	resourcelifetime	server_test.go:854:15	resourcelifetime/missing-release	true-positive	Server test obtains successful client.Do response, discards it or inspects status/reads Body via testBody without Body.Close; testBody only io.ReadAll, and neighboring tests explicitly defer Close (server_test.go:854 onward; httpretty_test.go:325-337).
henvic/httpretty	fed387d9a4db5a00d32ae5e8657fd909f1932c61	resourcelifetime	server_test.go:892:15	resourcelifetime/missing-release	true-positive	Server test obtains successful client.Do response, discards it or inspects status/reads Body via testBody without Body.Close; testBody only io.ReadAll, and neighboring tests explicitly defer Close (server_test.go:892 onward; httpretty_test.go:325-337).
hexya-erp/hexya	a31795af680fc49d602bf01a217cdf8a3d299baa	nilargument	src/server/server_test.go:215:2	nilargument/dereferenced-nil	false-positive	TestContextHTTPGet constructs srv with nonnil gin.New engine, then srv.Group returns &RouterGroup before group.GET; no definitely nil group/embedded router (server_test.go:213-220; server.go:40-43). Repository scan incomplete.
hexya-erp/hexya	a31795af680fc49d602bf01a217cdf8a3d299baa	nilargument	src/server/server_test.go:220:2	nilargument/dereferenced-nil	false-positive	Same nonnil group from srv.Group immediately before both GET calls; Server.Group constructs &RouterGroup from gin.Engine.Group (server_test.go:213-220; server.go:40-43). Repository scan incomplete.
hexya-erp/hexya	a31795af680fc49d602bf01a217cdf8a3d299baa	nilargument	src/server/server_test.go:99:2	nilargument/dereferenced-nil	false-positive	testRequest constructs srv=&Server{gin.New()}, and Server.Group returns &RouterGroup from nonnil embedded Engine before POST (server_test.go:97-99; server.go:40-43); no definite nil receiver. Repository scan incomplete.
hexya-erp/hexya	a31795af680fc49d602bf01a217cdf8a3d299baa	resourcelifetime	src/tools/fileutils/fileutils_test.go:32:13	resourcelifetime/missing-release	true-positive	Copy test opens dstFileName into d, reads it, and ends without d.Close (fileutils_test.go:32-36); source s was explicitly closed earlier, but destination descriptor is separate. Repository scan incomplete.
hirochachacha/go-smb2	9ff0b43de4794f75d7e965060b8d1806521d33f6	goroutineownership	file_test.go:1366:3	goroutineownership/unjoined	false-positive	TestStatfs_RegularFilePath fake server handles one request and returns; its exact serverConn comes from newProtocolTestShare, whose newProtocolTestSession registers t.Cleanup closing net.Pipe endpoints at protocol_fixture_test.go:100-106. Worker has no blocking publication after read and done close is nonblocking.
hirochachacha/go-smb2	9ff0b43de4794f75d7e965060b8d1806521d33f6	goroutineownership	file_test.go:688:2	goroutineownership/unjoined	false-positive	TestReadAtRejectsOffsetOverflow server worker performs at most two readMsg calls on exact serverConn; protocol_fixture_test.go:100-106 registers t.Cleanup closing both net.Pipe endpoints on every test exit. A failed read ends worker; cleanup lifecycle is not an abandoned persistent worker.
hirochachacha/go-smb2	9ff0b43de4794f75d7e965060b8d1806521d33f6	goroutineownership	share_test.go:249:2	goroutineownership/unjoined	false-positive	TestShare_Remove_NoFallbackOnNonAccessError fake server loops on readMsg(serverConn); newProtocolTestSession registers test cleanup closing that endpoint at protocol_fixture_test.go:100-106. Read then fails and worker returns; deferred done close cannot block.
hirochachacha/go-smb2	9ff0b43de4794f75d7e965060b8d1806521d33f6	goroutineownership	share_test.go:370:2	goroutineownership/unjoined	false-positive	TestShare_Remove_FallbackOnCannotDelete fake server reads exact test net.Pipe server endpoint; t.Cleanup closes both endpoints at protocol_fixture_test.go:100-106. Read error ends loop; close(done) is nonblocking.
hirochachacha/go-smb2	9ff0b43de4794f75d7e965060b8d1806521d33f6	goroutineownership	share_test.go:412:2	goroutineownership/unjoined	false-positive	TestShare_Remove_FallbackOnAccessDenied server loop is on serverConn returned by newTestShare; fixture cleanup closes exact net.Pipe endpoints at protocol_fixture_test.go:100-106, releasing blocked read; deferred done close is nonblocking.
hirochachacha/go-smb2	9ff0b43de4794f75d7e965060b8d1806521d33f6	goroutineownership	share_test.go:454:2	goroutineownership/unjoined	false-positive	TestShare_Remove_PropagatesChmodFallbackError server loop reads the exact fixture serverConn; protocol_fixture_test.go:100-106 closes it in t.Cleanup, so read exits and deferred done close cannot block.
hirochachacha/go-smb2	9ff0b43de4794f75d7e965060b8d1806521d33f6	goroutineownership	share_test.go:512:2	goroutineownership/unjoined	false-positive	TestShare_Remove_ReadonlyFallbackPreservesExistingAttributes fake server loop reads exact serverConn; fixture t.Cleanup closes that net.Pipe endpoint at protocol_fixture_test.go:100-106 and worker exits on read error. The completion close itself cannot block.
hirochachacha/go-smb2	9ff0b43de4794f75d7e965060b8d1806521d33f6	nilargument	internal/ntlm/ntlm_test.go:484:29	nilargument/dereferenced-nil	false-positive	Seal accepts nil destination slice: session.go:68-69 passes dst to sliceForAppend; caller deliberately uses nil at ntlm_test.go:484 and Unseal similarly at 488. No nil dereference obligation exists.
hsernos/Txray	32d37e01e7f2cc3b54d68a7c1ee7a85fe7153f86	goroutineownership	xray/service.go:104:2	goroutineownership/unjoined	true-positive	run launches checkProc, which Waits for child then sends to unbuffered status. Normal 300ms timer branch returns without receiving status (service.go:104-117); when child exits later, checkProc blocks forever on send (checkProc at 166-169).
inlets/inletsctl	6083b75247f2107b4bed8d2dde62023d6a45e30b	resourcelifetime	pkg/env/env_test.go:152:15	resourcelifetime/missing-release	true-positive	makeTempFile calls ioutil.TempFile, writes contents, and returns only file.Name without closing the open file descriptor (env_test.go:152-159); callers receive pathname, not ownership of handle.
intel/PerfSpect	67ebd536d364826ea587ac13657b27483b8e5620	deferinloop	cmd/metrics/print.go:148:4	deferinloop/cleanup-lifetime	true-positive	printMetricsJSON opens one append file per metric frame and defers each Close inside loop over metricFrames (print.go:121-155); all descriptors remain open until all frames have been written, scaling with frame count.
intel/PerfSpect	67ebd536d364826ea587ac13657b27483b8e5620	nilargument	cmd/benchmark/benchmark.go:276:9	nilargument/dereferenced-nil	false-positive	ReportingCommand literal sets Cmd to nonnil Cobra command passed to runCmd; root.go registers benchmark.Cmd. Optional nil SummaryFunc/InsightsFunc/AdhocFunc are guarded in workflow.go/reports.go, so Run is not called with a definitely nil dereferenced field.
intel/PerfSpect	67ebd536d364826ea587ac13657b27483b8e5620	nilargument	cmd/flamegraph/flamegraph.go:229:9	nilargument/dereferenced-nil	false-positive	ReportingCommand literal sets Cmd to nonnil registered flamegraph.Cmd; Run's Cmd.Parent is the root command, and optional nil callbacks are guarded (workflow.go:62-102,199; reports.go:70,90). No definitely nil dereferenced field.
intel/PerfSpect	67ebd536d364826ea587ac13657b27483b8e5620	nilargument	cmd/lock/lock.go:224:9	nilargument/dereferenced-nil	false-positive	ReportingCommand literal sets Cmd to nonnil registered lock.Cmd; Run's Cmd.Parent is root, and optional nil callbacks are guarded (workflow.go:62-102,199; reports.go:70,90). No definitely nil dereferenced field.
intel/PerfSpect	67ebd536d364826ea587ac13657b27483b8e5620	nilargument	cmd/report/report.go:287:9	nilargument/dereferenced-nil	false-positive	ReportingCommand literal sets Cmd to nonnil registered report.Cmd; Run's Cmd.Parent is root, and optional nil callbacks are guarded (workflow.go:62-102,199; reports.go:70,90). No definitely nil dereferenced field.
intel/PerfSpect	67ebd536d364826ea587ac13657b27483b8e5620	nilargument	cmd/telemetry/telemetry.go:352:9	nilargument/dereferenced-nil	false-positive	ReportingCommand literal sets Cmd to nonnil registered telemetry.Cmd; Run's Cmd.Parent is root, and optional nil callbacks are guarded (workflow.go:62-102,199; reports.go:70,90). No definitely nil dereferenced field.
internetarchive/Zeno	21ae940d8f0c8cec7818b9b8122d092dd9230f16	goroutineownership	internal/pkg/archiver/ratelimiter/ratelimiter_test.go:160:2	goroutineownership/unjoined	true-positive	Async wg.Wait waiter can remain blocked if any token-bucket Wait worker stalls; timeout arm returns without receiving completion or canceling those workers.
internetarchive/Zeno	21ae940d8f0c8cec7818b9b8122d092dd9230f16	goroutineownership	internal/pkg/archiver/ratelimiter/ratelimiter_test.go:51:2	goroutineownership/unjoined	true-positive	Test timeout arm returns while launched goroutine may remain blocked in tb.Wait; no cancellation or later join settles its completion.
internetarchive/Zeno	21ae940d8f0c8cec7818b9b8122d092dd9230f16	resourcelifetime	internal/pkg/archiver/general/archiver.go:75:15	resourcelifetime/missing-release	false-positive	Discarded HTTP responses close Body at archiver.go:100/108. Successful response is stored with item.GetURL().SetResponse(resp), then ProcessBody defers u.GetResponse().Body.Close at general/body.go:25-26; exact ownership transferred, not leaked.
jmigpin/editor	97fa53a8a4c678b72a55372947ca5e99dc638126	nilargument	driver/xdriver/wimage/pixmapwimage.go:32:12	nilargument/dereferenced-nil	false-positive	NewPixmapWImage calls wi.Resize with initially nil wi.img, but Resize does not dereference old img; it creates pixmap then assigns wi.img=imageutil.NewBGRA before any use (pixmapwimage.go:18-37,49-72). No definite nil dereference.
jmigpin/editor	97fa53a8a4c678b72a55372947ca5e99dc638126	nilargument	ui/column.go:26:12	nilargument/dereferenced-nil	false-positive	NewColumn assigns col.BoxLayout=widget.NewBoxLayout immediately before promoted col.Append call; embedded receiver is nonnil at line26 (column.go:20-27).
jmigpin/editor	97fa53a8a4c678b72a55372947ca5e99dc638126	nilargument	ui/contextfloatbox.go:22:2	nilargument/dereferenced-nil	false-positive	Call resolves ContextFloatBox.SetStrClearHistory, not nil embedded FloatBox method; cfb.TextArea is initialized at line21 and method only calls cfb.TextArea.SetStrClearHistory (contextfloatbox.go:20-23,44-49).
jmigpin/editor	97fa53a8a4c678b72a55372947ca5e99dc638126	nilargument	ui/row.go:30:12	nilargument/dereferenced-nil	false-positive	NewRow assigns row.BoxLayout=widget.NewBoxLayout before promoted row.Append; embedded receiver is nonnil at line30 (row.go:25-31).
jmigpin/editor	97fa53a8a4c678b72a55372947ca5e99dc638126	resourcelifetime	editor.go:91:13	resourcelifetime/missing-release	true-positive	Editor creates CPU profile file, calls StartCPUProfile, then runs long-lived core.RunEditor with only StopCPUProfile deferred; underlying f.Close is never called, and os.Exit error path skips defer too (editor.go:91-106).
jwwsjlm/douyinLive	5cd7715d775948bdaaa73a595e0f0ce664208736	goroutineownership	internal/server/room_manager.go:393:2	goroutineownership/unjoined	true-positive	waitForProbes launches goroutine waiting on rm.probeWG then closing done, but time.After branch 400-405 returns without receiving done. Close cancels probe context, yet executeRoomProbe calls opaque probeFactory/CheckLiveStatus at 343-350; cancellation cannot guarantee counted probe terminates or unblock Wait.
kejilion/KPanel	5796a0c9a379d17316a921a7ef3bf3cc9ccdcaa3	lockorder	internal/cluster/light_store.go:170:17	lockorder/read-lock-write	false-positive	Hosts holds s.mu.RLock, but result is a fresh slice copied from s.state.Hosts at 168. Assignment to result[index].LastSnapshot mutates only this local copy; cloneSnapshot reads nested data and result is published only on return at 173.
kejilion/KPanel	5796a0c9a379d17316a921a7ef3bf3cc9ccdcaa3	nilargument	internal/selfupdate/source_test.go:68:3	nilargument/dereferenced-nil	false-positive	The conditional at source_test.go:67 checks requestSeen == nil first and uses || short-circuit; UserAgent at 68 executes only when requestSeen is nonnil. Source callback assigns requestSeen at 52 before returning response. No feasible definite-nil dereference on this branch.
kost/revsocks	fd268f2046f340f4bb671413ff589bbc7e94b2ec	resourcelifetime	rclient.go:101:16	resourcelifetime/missing-release	true-positive	httpClient.Do obtains response, then examines 200/407/other status and may return on challenge errors or continue to WebSocket dial without resp.Body.Close anywhere (rclient.go:101-153).
kriuchkov/tock	fd3be28390cb3d0b8e474d6bd737873f3d0e5235	resourcelifetime	internal/adapters/repositories/file/repository_test.go:133:12	resourcelifetime/missing-release	true-positive	CreateTemp file is written and test returns without Close; deferred os.Remove removes pathname but not the open handle.
kriuchkov/tock	fd3be28390cb3d0b8e474d6bd737873f3d0e5235	resourcelifetime	internal/app/commands/ical.go:122:12	resourcelifetime/missing-release	true-positive	CreateTemp file is closed after successful WriteString, but WriteString error returns before f.Close and leaks the handle.
kriuchkov/tock	fd3be28390cb3d0b8e474d6bd737873f3d0e5235	resourcelifetime	internal/app/commands/ical.go:178:13	resourcelifetime/missing-release	true-positive	Second CreateTemp branch closes file on successful WriteString before calendar use, but WriteString error returns without Close.
kriuchkov/tock	fd3be28390cb3d0b8e474d6bd737873f3d0e5235	resourcelifetime	internal/app/commands/ical.go:209:13	resourcelifetime/missing-release	true-positive	Third CreateTemp branch closes file after successful WriteString, but error branch returns first and retains open file descriptor.
labstack/echox	87899ff2ad609009cc4cd8bb7cf897e704156713	deferinloop	cookbook/file-upload/multiple/server.go:43:3	deferinloop/cleanup-lifetime	true-positive	Multiple-upload handler ranges client-controlled files; each iteration defers both uploaded src.Close and created dst.Close until handler returns after all copies, accumulating descriptors with upload count (server.go:28-52).
langgenius/dify-plugin-daemon	c798168e4c77890f8f605238718dd64a4cfb9939	goroutineownership	internal/core/debugging_runtime/server_test.go:255:2	goroutineownership/unjoined	true-positive	Test launches conn.Read worker and timeout branch returns without receiving closedChan or closing client connection; deferred gnet server.Stop has its own deadline, not a proof client read worker exits. Repository scan incomplete.
langgenius/dify-plugin-daemon	c798168e4c77890f8f605238718dd64a4cfb9939	goroutineownership	internal/core/debugging_runtime/server_test.go:317:2	goroutineownership/unjoined	true-positive	Test launches conn.Read worker and timeout branch returns without receiving closedChan or closing client connection; deferred gnet server.Stop has its own deadline, not a proof client read worker exits. Repository scan incomplete.
langgenius/dify-plugin-daemon	c798168e4c77890f8f605238718dd64a4cfb9939	goroutineownership	internal/core/debugging_runtime/server_test.go:379:2	goroutineownership/unjoined	true-positive	Test launches conn.Read worker and timeout branch returns without receiving closedChan or closing client connection; deferred gnet server.Stop has its own deadline, not a proof client read worker exits. Repository scan incomplete.
langgenius/dify-plugin-daemon	c798168e4c77890f8f605238718dd64a4cfb9939	goroutineownership	pkg/utils/cache/redis_test.go:336:2	goroutineownership/unjoined	true-positive	Publish failure returns before wg.Wait; deferred cancel closes pubsub, but Subscribe worker retries Receive errors indefinitely, so the reader worker awaiting sub may remain. Repository scan incomplete.
langgenius/dify-plugin-daemon	c798168e4c77890f8f605238718dd64a4cfb9939	lockorder	pkg/utils/lock/lock.go:43:3	lockorder/missing-release	true-positive	TryLock holds l.l.Lock but absent-key branch returns without Unlock, permanently holding mutex for later operations. Repository scan incomplete.
langgenius/dify-plugin-daemon	c798168e4c77890f8f605238718dd64a4cfb9939	lockorder	pkg/utils/lock/lock.go:55:3	lockorder/missing-release	true-positive	Unlock holds l.l.Lock but absent-key branch returns without Unlock, permanently holding mutex for later operations. Repository scan incomplete.
langgenius/dify-plugin-daemon	c798168e4c77890f8f605238718dd64a4cfb9939	resourcelifetime	internal/cluster/redirect_test.go:155:17	resourcelifetime/missing-release	true-positive	Successful http.Get response body is read but never closed before test returns; reading alone does not release Body. Repository scan incomplete.
langgenius/dify-plugin-daemon	c798168e4c77890f8f605238718dd64a4cfb9939	resourcelifetime	internal/db/mysql/mysql.go:120:15	resourcelifetime/missing-release	true-positive	Query returns SQL rows used with Next but never rows.Close; DB/pool close is a separate owner. Repository scan incomplete.
langgenius/dify-plugin-daemon	c798168e4c77890f8f605238718dd64a4cfb9939	resourcelifetime	internal/db/pg/pg.go:56:16	resourcelifetime/missing-release	true-positive	Query returns SQL rows used with Next but never rows.Close; DB/pool close is a separate owner. Repository scan incomplete.
langgenius/dify-plugin-daemon	c798168e4c77890f8f605238718dd64a4cfb9939	resourcelifetime	internal/server/endpoint_test.go:46:11	resourcelifetime/missing-release	true-positive	Successful client.Do response is discarded without closing Body. Repository scan incomplete.
langgenius/dify-plugin-daemon	c798168e4c77890f8f605238718dd64a4cfb9939	resourcelifetime	pkg/utils/http_requests/http_request_test.go:62:13	resourcelifetime/missing-release	false-positive	Test intentionally cancels before response headers; handler waits for request context and emits no response, and test requires context.Canceled, so no successful response Body is acquired on tested path. Repository scan incomplete.
livekit/livekit-cli	5b8ce99abd3c93506013d3c56c868c0427427f99	resourcelifetime	pkg/bootstrap/bootstrap.go:136:15	resourcelifetime/missing-release	true-positive	CreateSandbox HTTP Do returns resp; non-200 branch at 140-142, JSON decode error at 145-146, and normal return 148 all omit resp.Body.Close. Repository scan incomplete; label applies only emitted site.
livekit/livekit-cli	5b8ce99abd3c93506013d3c56c868c0427427f99	resourcelifetime	pkg/bootstrap/bootstrap.go:161:15	resourcelifetime/missing-release	true-positive	FetchSandboxDetails HTTP Do returns resp; 404/non-200, JSON decode error, and normal return paths at 165-176 all omit resp.Body.Close. Repository scan incomplete; label applies only emitted site.
livekit/server-sdk-go	3473ce3238522d08a2bdc59abdcd4a50adab695a	resourcelifetime	readersampleprovider.go:201:13	resourcelifetime/missing-release	true-positive	NewLocalFileTrack opens fp; IVF ReadAt error at 213-215 returns without Close. Other error branches explicitly close fp at 225,238,243,249 and success transfers reader to NewLocalReaderTrack at 247. Repository scan incomplete.
mackerelio/mackerel-agent	4cc7f494cc769c0fe96a0d0c87307d11e3b0154e	deferinloop	command/command_test.go:610:3	deferinloop/cleanup-lifetime	false-positive	TestReportCheckMonitors iterates exactly three literal cases and creates a fresh mu each iteration; after observing retried, no later same-iteration code acquires that mu, and deferred Unlock runs at test return (command_test.go:556-620). A hypothetical late handler waiting until return is not evidence of an actionable lifetime defect.
mackerelio/mackerel-agent	4cc7f494cc769c0fe96a0d0c87307d11e3b0154e	producerlifecycle	main_test.go:167:3	producerlifecycle/abandoned-send	true-positive	Two goroutines send on unbuffered resultCh but test receives exactly once; either send can lose and remain blocked, so this launch site can be abandoned (main_test.go:167-176).
mackerelio/mackerel-agent	4cc7f494cc769c0fe96a0d0c87307d11e3b0154e	producerlifecycle	main_test.go:172:3	producerlifecycle/abandoned-send	true-positive	Two goroutines send on unbuffered resultCh but test receives exactly once; either send can lose and remain blocked, so this launch site can be abandoned (main_test.go:167-176).
mackerelio/mackerel-agent	4cc7f494cc769c0fe96a0d0c87307d11e3b0154e	resourcelifetime	config/config_test.go:899:15	resourcelifetime/missing-release	true-positive	newTempFileWithContent closes tmpf only on success; WriteString error removes pathname and returns without Close (config_test.go:899 onward).
mackerelio/mackerel-agent	4cc7f494cc769c0fe96a0d0c87307d11e3b0154e	resourcelifetime	main_test.go:125:15	resourcelifetime/missing-release	true-positive	TestCreateAndRemovePidFile creates temp file and defers Remove only, never closes original file descriptor (main_test.go:125 onward).
mackerelio/mackerel-agent	4cc7f494cc769c0fe96a0d0c87307d11e3b0154e	resourcelifetime	spec/isec2_linux_test.go:99:16	resourcelifetime/missing-release	true-positive	When exist==false, os.CreateTemp file is removed and loop continues without tf.Close; true branch closes later, but false branch leaks handle (isec2_linux_test.go:99 onward).
markrai/scrumboy	7e331724758467f0b9dc683573777af88fa8fcca	resourcelifetime	internal/httpapi/server_test.go:1125:12	resourcelifetime/missing-release	true-positive	Test gets successful http.Get response for SPA route, examines status and headers, then returns without closing resp.Body (server_test.go:1125-1132).
mattn/bsky	0e53c61f5a8ccf6458593f5ee6b78f0bc1ab38b8	resourcelifetime	timeline.go:254:16	resourcelifetime/missing-release	true-positive	Successful http.Get imgURL response closes Body only when StatusCode==200; non-200 response falls through with Body unclosed (timeline.go:254-274).
mholt/archives	9bf66b8e091c2318c7de7b2054c19ddf7b2702ce	resourcelifetime	formats_test.go:333:21	resourcelifetime/missing-release	true-positive	newTmpTextFile closes tmpTxtFile on normal path, but Write error returns before Close at :344 and leaves successful CreateTemp handle open (formats_test.go:333-350).
mlhher/late-cli	2c1f9ee51922634a3613f403dbfcafb0fcc8ad60	lockorder	internal/plugin/tools.go:112:12	lockorder/read-lock-write	false-positive	GetInlineTools holds pm.mu.RLock at 49, but tools is a fresh function-local slice assembled at 53-95 and not published until return at 114. Assignment to tools[i].Name mutates no shared state protected by pm.mu; only pm plugins are shared.
nautilus/gateway	6f5cec8c7937a0c1aeb3c35763a7042c4f6af13a	nilargument	execute_test.go:1045:17	nilargument/dereferenced-nil	false-positive	Execute receiver and ExecutionContext/Plan.RootStep/logger are explicit nonnil literals; RequestContext=context.Background at this site, and Execute uses populated Plan.RootStep/logger (execute_test.go:1045 onward). No definitely nil call input; scan incomplete elsewhere.
nautilus/gateway	6f5cec8c7937a0c1aeb3c35763a7042c4f6af13a	nilargument	execute_test.go:1175:17	nilargument/dereferenced-nil	false-positive	Execute receiver and ExecutionContext/Plan.RootStep/logger are explicit nonnil literals; RequestContext=context.Background at this site, and Execute uses populated Plan.RootStep/logger (execute_test.go:1175 onward). No definitely nil call input; scan incomplete elsewhere.
nautilus/gateway	6f5cec8c7937a0c1aeb3c35763a7042c4f6af13a	nilargument	execute_test.go:1434:17	nilargument/dereferenced-nil	false-positive	Execute receiver and ExecutionContext/Plan.RootStep/logger are explicit nonnil literals; RequestContext=context.Background at this site, and Execute uses populated Plan.RootStep/logger (execute_test.go:1434 onward). No definitely nil call input; scan incomplete elsewhere.
nautilus/gateway	6f5cec8c7937a0c1aeb3c35763a7042c4f6af13a	nilargument	execute_test.go:1678:12	nilargument/dereferenced-nil	false-positive	Execute receiver and ExecutionContext/Plan.RootStep/logger are explicit nonnil literals; RequestContext=context.Background at this site, and Execute uses populated Plan.RootStep/logger (execute_test.go:1678 onward). No definitely nil call input; scan incomplete elsewhere.
nautilus/gateway	6f5cec8c7937a0c1aeb3c35763a7042c4f6af13a	nilargument	execute_test.go:1756:17	nilargument/dereferenced-nil	false-positive	Execute receiver and ExecutionContext/Plan.RootStep/logger are explicit nonnil literals; RequestContext=context.Background at this site, and Execute uses populated Plan.RootStep/logger (execute_test.go:1756 onward). No definitely nil call input; scan incomplete elsewhere.
nautilus/gateway	6f5cec8c7937a0c1aeb3c35763a7042c4f6af13a	nilargument	execute_test.go:184:17	nilargument/dereferenced-nil	false-positive	Execute receiver and ExecutionContext/Plan.RootStep/logger are explicit nonnil literals; RequestContext=context.Background at this site, and Execute uses populated Plan.RootStep/logger (execute_test.go:184 onward). No definitely nil call input; scan incomplete elsewhere.
nautilus/gateway	6f5cec8c7937a0c1aeb3c35763a7042c4f6af13a	nilargument	execute_test.go:1966:12	nilargument/dereferenced-nil	false-positive	Execute receiver and ExecutionContext/Plan.RootStep/logger are explicit nonnil literals; RequestContext=context.Background at this site, and Execute uses populated Plan.RootStep/logger (execute_test.go:1966 onward). No definitely nil call input; scan incomplete elsewhere.
nautilus/gateway	6f5cec8c7937a0c1aeb3c35763a7042c4f6af13a	nilargument	execute_test.go:2537:17	nilargument/dereferenced-nil	false-positive	Execute receiver and ExecutionContext/Plan.RootStep/logger are explicit nonnil literals; RequestContext=context.Background at this site, and Execute uses populated Plan.RootStep/logger (execute_test.go:2537 onward). No definitely nil call input; scan incomplete elsewhere.
nautilus/gateway	6f5cec8c7937a0c1aeb3c35763a7042c4f6af13a	nilargument	execute_test.go:260:17	nilargument/dereferenced-nil	false-positive	Execute receiver and ExecutionContext/Plan.RootStep/logger are explicit nonnil literals; RequestContext=context.Background at this site, and Execute uses populated Plan.RootStep/logger (execute_test.go:260 onward). No definitely nil call input; scan incomplete elsewhere.
nautilus/gateway	6f5cec8c7937a0c1aeb3c35763a7042c4f6af13a	nilargument	execute_test.go:30:17	nilargument/dereferenced-nil	false-positive	Execute receiver and ExecutionContext/Plan.RootStep/logger are explicit nonnil literals; RequestContext is nil here but pinned graphql MockSuccessQueryer.Query ignores ctx and only assigns receiver (graphql v0.0.27 queryer.go:82-88), so no definite nil dereference. Scan incomplete elsewhere.
nautilus/gateway	6f5cec8c7937a0c1aeb3c35763a7042c4f6af13a	nilargument	execute_test.go:387:17	nilargument/dereferenced-nil	false-positive	Execute receiver and ExecutionContext/Plan.RootStep/logger are explicit nonnil literals; RequestContext=context.Background at this site, and Execute uses populated Plan.RootStep/logger (execute_test.go:387 onward). No definitely nil call input; scan incomplete elsewhere.
nautilus/gateway	6f5cec8c7937a0c1aeb3c35763a7042c4f6af13a	nilargument	execute_test.go:531:17	nilargument/dereferenced-nil	false-positive	Execute receiver and ExecutionContext/Plan.RootStep/logger are explicit nonnil literals; RequestContext=context.Background at this site, and Execute uses populated Plan.RootStep/logger (execute_test.go:531 onward). No definitely nil call input; scan incomplete elsewhere.
nautilus/gateway	6f5cec8c7937a0c1aeb3c35763a7042c4f6af13a	nilargument	execute_test.go:674:17	nilargument/dereferenced-nil	false-positive	Execute receiver and ExecutionContext/Plan.RootStep/logger are explicit nonnil literals; RequestContext=context.Background at this site, and Execute uses populated Plan.RootStep/logger (execute_test.go:674 onward). No definitely nil call input; scan incomplete elsewhere.
nautilus/gateway	6f5cec8c7937a0c1aeb3c35763a7042c4f6af13a	nilargument	execute_test.go:813:17	nilargument/dereferenced-nil	false-positive	Execute receiver and ExecutionContext/Plan.RootStep/logger are explicit nonnil literals; RequestContext=context.Background at this site, and Execute uses populated Plan.RootStep/logger (execute_test.go:813 onward). No definitely nil call input; scan incomplete elsewhere.
nautilus/gateway	6f5cec8c7937a0c1aeb3c35763a7042c4f6af13a	nilargument	execute_test.go:88:17	nilargument/dereferenced-nil	false-positive	Execute receiver and ExecutionContext/Plan.RootStep/logger are explicit nonnil literals; RequestContext=context.Background at this site, and Execute uses populated Plan.RootStep/logger (execute_test.go:88 onward). No definitely nil call input; scan incomplete elsewhere.
nautilus/gateway	6f5cec8c7937a0c1aeb3c35763a7042c4f6af13a	nilargument	execute_test.go:922:17	nilargument/dereferenced-nil	false-positive	Execute receiver and ExecutionContext/Plan.RootStep/logger are explicit nonnil literals; RequestContext=context.Background at this site, and Execute uses populated Plan.RootStep/logger (execute_test.go:922 onward). No definitely nil call input; scan incomplete elsewhere.
nning/transmission-rss	3aad5d48c901e42358038f521c58152a8b46c7e7	resourcelifetime	go/client/client.go:62:19	resourcelifetime/missing-release	true-positive	getSessionId client.Do returns response, io.ReadAll(response.Body) at 65 but no Body.Close on status error, read error, or normal return at 75.
nullroute1970/StormDNS	ca2eb481fddd4a80d26b3a1a7c714b5aecacecfc	processownership	scripts/bench/bench.go:241:12	processownership/missing-wait	true-positive	Bench starts serverCmd, defers Process.Kill, and never calls serverCmd.Wait/Process.Wait/Release; Kill terminates but does not reap the child on any return path (bench.go:241 onward).
nullroute1970/StormDNS	ca2eb481fddd4a80d26b3a1a7c714b5aecacecfc	processownership	scripts/bench/bench.go:326:12	processownership/missing-wait	true-positive	Bench starts clientCmd, defers Process.Kill, and never calls clientCmd.Wait/Process.Wait/Release; Kill terminates but does not reap the child on any return path (bench.go:326 onward).
octo-sts/app	94391d986a49b2d99861e3ca0826a5960da5b15a	goroutineownership	pkg/webhook/emitter.go:157:2	goroutineownership/unjoined	true-positive	Shutdown starts goroutine waiting on p.wg and closing done; ctx deadline branch returns without receiving done. Deferred drainCancel requests cancellation but does not settle WaitGroup or force client.Send to return.
octo-sts/app	94391d986a49b2d99861e3ca0826a5960da5b15a	resourcelifetime	pkg/webhook/webhook_test.go:1072:15	resourcelifetime/missing-release	true-positive	Successful srv.Client().Do response body is not closed on normal return or status/error branches; status checks and error-only httputil.DumpResponse do not release Body. Nearby tests explicitly defer resp.Body.Close, confirming ownership contract.
octo-sts/app	94391d986a49b2d99861e3ca0826a5960da5b15a	resourcelifetime	pkg/webhook/webhook_test.go:1176:15	resourcelifetime/missing-release	true-positive	Successful srv.Client().Do response body is not closed on normal return or status/error branches; status checks and error-only httputil.DumpResponse do not release Body. Nearby tests explicitly defer resp.Body.Close, confirming ownership contract.
octo-sts/app	94391d986a49b2d99861e3ca0826a5960da5b15a	resourcelifetime	pkg/webhook/webhook_test.go:1274:15	resourcelifetime/missing-release	true-positive	Successful srv.Client().Do response body is not closed on normal return or status/error branches; status checks and error-only httputil.DumpResponse do not release Body. Nearby tests explicitly defer resp.Body.Close, confirming ownership contract.
octo-sts/app	94391d986a49b2d99861e3ca0826a5960da5b15a	resourcelifetime	pkg/webhook/webhook_test.go:1367:15	resourcelifetime/missing-release	true-positive	Successful srv.Client().Do response body is not closed on normal return or status/error branches; status checks and error-only httputil.DumpResponse do not release Body. Nearby tests explicitly defer resp.Body.Close, confirming ownership contract.
octo-sts/app	94391d986a49b2d99861e3ca0826a5960da5b15a	resourcelifetime	pkg/webhook/webhook_test.go:1492:15	resourcelifetime/missing-release	true-positive	Successful srv.Client().Do response body is not closed on normal return or status/error branches; status checks and error-only httputil.DumpResponse do not release Body. Nearby tests explicitly defer resp.Body.Close, confirming ownership contract.
octo-sts/app	94391d986a49b2d99861e3ca0826a5960da5b15a	resourcelifetime	pkg/webhook/webhook_test.go:1609:15	resourcelifetime/missing-release	true-positive	Successful srv.Client().Do response body is not closed on normal return or status/error branches; status checks and error-only httputil.DumpResponse do not release Body. Nearby tests explicitly defer resp.Body.Close, confirming ownership contract.
octo-sts/app	94391d986a49b2d99861e3ca0826a5960da5b15a	resourcelifetime	pkg/webhook/webhook_test.go:1683:15	resourcelifetime/missing-release	true-positive	Successful srv.Client().Do response body is not closed on normal return or status/error branches; status checks and error-only httputil.DumpResponse do not release Body. Nearby tests explicitly defer resp.Body.Close, confirming ownership contract.
octo-sts/app	94391d986a49b2d99861e3ca0826a5960da5b15a	resourcelifetime	pkg/webhook/webhook_test.go:1747:15	resourcelifetime/missing-release	true-positive	Successful srv.Client().Do response body is not closed on normal return or status/error branches; status checks and error-only httputil.DumpResponse do not release Body. Nearby tests explicitly defer resp.Body.Close, confirming ownership contract.
octo-sts/app	94391d986a49b2d99861e3ca0826a5960da5b15a	resourcelifetime	pkg/webhook/webhook_test.go:188:17	resourcelifetime/missing-release	true-positive	Successful srv.Client().Do response body is not closed on normal return or status/error branches; status checks and error-only httputil.DumpResponse do not release Body. Nearby tests explicitly defer resp.Body.Close, confirming ownership contract.
octo-sts/app	94391d986a49b2d99861e3ca0826a5960da5b15a	resourcelifetime	pkg/webhook/webhook_test.go:1938:17	resourcelifetime/missing-release	true-positive	Successful srv.Client().Do response body is not closed on normal return or status/error branches; status checks and error-only httputil.DumpResponse do not release Body. Nearby tests explicitly defer resp.Body.Close, confirming ownership contract.
octo-sts/app	94391d986a49b2d99861e3ca0826a5960da5b15a	resourcelifetime	pkg/webhook/webhook_test.go:2019:16	resourcelifetime/missing-release	true-positive	Successful srv.Client().Do response body is not closed on normal return or status/error branches; status checks and error-only httputil.DumpResponse do not release Body. Nearby tests explicitly defer resp.Body.Close, confirming ownership contract.
octo-sts/app	94391d986a49b2d99861e3ca0826a5960da5b15a	resourcelifetime	pkg/webhook/webhook_test.go:2178:15	resourcelifetime/missing-release	true-positive	Successful srv.Client().Do response body is not closed on normal return or status/error branches; status checks and error-only httputil.DumpResponse do not release Body. Nearby tests explicitly defer resp.Body.Close, confirming ownership contract.
octo-sts/app	94391d986a49b2d99861e3ca0826a5960da5b15a	resourcelifetime	pkg/webhook/webhook_test.go:2342:15	resourcelifetime/missing-release	true-positive	Successful srv.Client().Do response body is not closed on normal return or status/error branches; status checks and error-only httputil.DumpResponse do not release Body. Nearby tests explicitly defer resp.Body.Close, confirming ownership contract.
octo-sts/app	94391d986a49b2d99861e3ca0826a5960da5b15a	resourcelifetime	pkg/webhook/webhook_test.go:285:15	resourcelifetime/missing-release	true-positive	Successful srv.Client().Do response body is not closed on normal return or status/error branches; status checks and error-only httputil.DumpResponse do not release Body. Nearby tests explicitly defer resp.Body.Close, confirming ownership contract.
octo-sts/app	94391d986a49b2d99861e3ca0826a5960da5b15a	resourcelifetime	pkg/webhook/webhook_test.go:437:15	resourcelifetime/missing-release	true-positive	Successful srv.Client().Do response body is not closed on normal return or status/error branches; status checks and error-only httputil.DumpResponse do not release Body. Nearby tests explicitly defer resp.Body.Close, confirming ownership contract.
octo-sts/app	94391d986a49b2d99861e3ca0826a5960da5b15a	resourcelifetime	pkg/webhook/webhook_test.go:670:15	resourcelifetime/missing-release	true-positive	Successful srv.Client().Do response body is not closed on normal return or status/error branches; status checks and error-only httputil.DumpResponse do not release Body. Nearby tests explicitly defer resp.Body.Close, confirming ownership contract.
octo-sts/app	94391d986a49b2d99861e3ca0826a5960da5b15a	resourcelifetime	pkg/webhook/webhook_test.go:765:15	resourcelifetime/missing-release	true-positive	Successful srv.Client().Do response body is not closed on normal return or status/error branches; status checks and error-only httputil.DumpResponse do not release Body. Nearby tests explicitly defer resp.Body.Close, confirming ownership contract.
octo-sts/app	94391d986a49b2d99861e3ca0826a5960da5b15a	resourcelifetime	pkg/webhook/webhook_test.go:861:15	resourcelifetime/missing-release	true-positive	Successful srv.Client().Do response body is not closed on normal return or status/error branches; status checks and error-only httputil.DumpResponse do not release Body. Nearby tests explicitly defer resp.Body.Close, confirming ownership contract.
octo-sts/app	94391d986a49b2d99861e3ca0826a5960da5b15a	resourcelifetime	pkg/webhook/webhook_test.go:963:15	resourcelifetime/missing-release	true-positive	Successful srv.Client().Do response body is not closed on normal return or status/error branches; status checks and error-only httputil.DumpResponse do not release Body. Nearby tests explicitly defer resp.Body.Close, confirming ownership contract.
open-telemetry/opentelemetry-go-compile-instrumentation	3970b4d6bbc8bb847301eb97c939733e4c98139c	resourcelifetime	tool/cmd/otelc/main.go:156:18	resourcelifetime/missing-release	false-positive	initLogger stores opened logFile in returned context via ContextWithLogWriter; command's After hook calls closeLogger on that context, and pinned cli/v3 v3.10.1 installs After as a defer before Before runs (main.go:85-107,183-196; command_run.go:238-248). Even a later Before error triggers cleanup; transfer is explicit.
openai/tunnel-client	cce7a8226654c432ce53c7e05e17a9825a34b6e3	lockorder	testsupport/mockmcpserver/mock_mcp_server.go:508:2	lockorder/missing-release	false-positive	StartStdio holds stdioLock at 475 but passes cleanup closure (497-505) to startTransport at 507; startTransport stores it as transportCleanup at 685 and registers t.Cleanup(m.Close) at 692. Close invokes cleanup at 426, unlocking; duplicate-start failure invokes cleanup immediately at 673-674.
openai/tunnel-client	cce7a8226654c432ce53c7e05e17a9825a34b6e3	resourcelifetime	pkg/controlplane/internal/tunnel_service_client.go:874:15	resourcelifetime/missing-release	false-positive	Successful pollClient.Do response at 874 is followed by unconditional deferred resp.Body.Close at 894-896 before response processing and returns. Error path at 875-888 has no successful response obligation.
openai/tunnel-client	cce7a8226654c432ce53c7e05e17a9825a34b6e3	resourcelifetime	pkg/oauth/discovery_transport_compatibility_test.go:220:11	resourcelifetime/missing-release	false-positive	Test transport at 212-216 waits for request cancellation then returns nil response and context error; call at 220 explicitly asserts DeadlineExceeded at 221. There is no successfully acquired response Body to close.
opentokenz/mcpx	70e1e43fc3345dce6a2d899b4976aeaaf9428d37	goroutineownership	internal/observation/async.go:105:2	goroutineownership/unjoined	true-positive	Close launches a goroutine waiting on a.wg and closes done, but timeout branch returns without receiving done (async.go:100-112); record callback is caller supplied and may ignore its context, so draining worker and waiter can remain live.
osquery/osquery-go	eb39ad3443df2d428c21e61a992cab97fe044edb	producerlifecycle	server.go:276:3	producerlifecycle/abandoned-send	true-positive	Run starts Start worker and ping worker on one unbuffered errc, receives only one error then Shutdown/returns (server.go:273-306); if ping error wins, Start's eventual send has no receiver.
osquery/osquery-go	eb39ad3443df2d428c21e61a992cab97fe044edb	producerlifecycle	server.go:295:5	producerlifecycle/abandoned-send	true-positive	Ping error branch sends to unbuffered errc, but Run receives only one of Start/ping results then returns; if Start result wins first, ping sender can block permanently (server.go:273-306).
osquery/osquery-go	eb39ad3443df2d428c21e61a992cab97fe044edb	producerlifecycle	server.go:299:5	producerlifecycle/abandoned-send	true-positive	Nonzero Ping status branch has same unbuffered errc send; a concurrent Start completion can satisfy Run's sole receive first, leaving this send abandoned (server.go:273-306).
osquery/osquery-go	eb39ad3443df2d428c21e61a992cab97fe044edb	resourcelifetime	server_test.go:215:15	resourcelifetime/missing-release	true-positive	TestShutdownBasic tempPath helper creates os.File and returns only Name without Close (server_test.go:213-217); TempDir removal does not release open descriptor.
pax-beehive/paxm	0310c767d815d2a12a8dab74381fd828c8b4162c	resourcelifetime	evals/cross-agent/scenarios/01-deploy-environment/builder/main.go:16:9	resourcelifetime/missing-release	false-positive	Builder main creates zero-byte .success marker as its final operation, then returns from main immediately (main.go:16-17); OS process termination closes discarded descriptor deterministically, with no intervening lifetime or buffered write. Failure branch similarly exits immediately after trap marker.
pax-beehive/paxm	0310c767d815d2a12a8dab74381fd828c8b4162c	resourcelifetime	evals/cross-agent/scenarios/02-migration-order/builder/main.go:16:9	resourcelifetime/missing-release	false-positive	Builder main creates zero-byte .success marker as its final operation, then returns from main immediately (main.go:16-17); OS process termination closes discarded descriptor deterministically, with no intervening lifetime or buffered write. Failure branch similarly exits immediately after trap marker.
pax-beehive/paxm	0310c767d815d2a12a8dab74381fd828c8b4162c	resourcelifetime	evals/cross-agent/scenarios/03-cache-clean-build/builder/main.go:16:9	resourcelifetime/missing-release	false-positive	Builder main creates zero-byte .success marker as its final operation, then returns from main immediately (main.go:16-17); OS process termination closes discarded descriptor deterministically, with no intervening lifetime or buffered write. Failure branch similarly exits immediately after trap marker.
phin05/discord-rich-presence-plex	a4f95f08ec96c3f837876e73354665560115dfac	resourcelifetime	server/logger/logger.go:38:15	resourcelifetime/missing-release	true-positive	SetLogFile opens file then returns on debug.SetCrashOutput error before assigning global logFile or closing local file (logger.go:38-45); CloseLogFile cannot release an unassigned handle. Repository scan incomplete.
pingcap/tiup	ccc581a29e103cfe2028f13020a1573b2c8aab9d	deferinloop	pkg/cluster/executor/scp.go:99:4	deferinloop/cleanup-lifetime	true-positive	Each C entry of potentially many-file SCP transfer opens targetFile and defers Close until transfer function returns, accumulating open descriptors across entries (scp.go:99 onward).
pingcap/tiup	ccc581a29e103cfe2028f13020a1573b2c8aab9d	deferinloop	pkg/repository/v1manifest/repo.go:495:3	deferinloop/cleanup-lifetime	true-positive	BatchSaveManifests opens one writer per arbitrary manifestList map entry and defers all closes until method returns, retaining writers across the loop (repo.go:495 onward).
pingcap/tiup	ccc581a29e103cfe2028f13020a1573b2c8aab9d	resourcelifetime	components/playground/instance/instance.go:241:13	resourcelifetime/missing-release	true-positive	Creates config file, encodes into it, and returns without closing its successful os.Create handle (instance.go:241 onward).
pingcap/tiup	ccc581a29e103cfe2028f13020a1573b2c8aab9d	resourcelifetime	components/playground/instance/tiproxy.go:117:13	resourcelifetime/missing-release	true-positive	Creates config file, encodes into it, and returns without closing its successful os.Create handle (tiproxy.go:117 onward).
pingcap/tiup	ccc581a29e103cfe2028f13020a1573b2c8aab9d	resourcelifetime	pkg/cluster/api/binlog.go:253:15	resourcelifetime/missing-release	true-positive	HTTP response is obtained, but non-2xx/3xx status returns before resp.Body.Close defer registered at binlog.go:263; status error path leaks body.
pingcap/tiup	ccc581a29e103cfe2028f13020a1573b2c8aab9d	resourcelifetime	pkg/cluster/manager/edit_config.go:84:16	resourcelifetime/missing-release	true-positive	Opened file is closed at edit_config.go:95 on success, but io.Copy error returns earlier without file.Close.
pingcap/tiup	ccc581a29e103cfe2028f13020a1573b2c8aab9d	resourcelifetime	pkg/cluster/spec/grafana_test.go:76:15	resourcelifetime/missing-release	true-positive	Test os.CreateTemp's file and defers Remove of its pathname, but never closes original file descriptor (grafana_test.go:76 onward).
pingcap/tiup	ccc581a29e103cfe2028f13020a1573b2c8aab9d	resourcelifetime	pkg/cluster/spec/monitoring_test.go:142:15	resourcelifetime/missing-release	true-positive	Test os.CreateTemp's file and defers Remove of its pathname, but never closes original file descriptor (monitoring_test.go:142 onward).
pingcap/tiup	ccc581a29e103cfe2028f13020a1573b2c8aab9d	resourcelifetime	pkg/cluster/template/scripts/pdms_test.go:113:15	resourcelifetime/missing-release	true-positive	Test os.CreateTemp's file and defers Remove of its pathname, but never closes original file descriptor (pdms_test.go:113 onward).
pingcap/tiup	ccc581a29e103cfe2028f13020a1573b2c8aab9d	resourcelifetime	pkg/cluster/template/scripts/pdms_test.go:26:15	resourcelifetime/missing-release	true-positive	Test os.CreateTemp's file and defers Remove of its pathname, but never closes original file descriptor (pdms_test.go:26 onward).
pingcap/tiup	ccc581a29e103cfe2028f13020a1573b2c8aab9d	resourcelifetime	pkg/cluster/template/scripts/pdms_test.go:55:15	resourcelifetime/missing-release	true-positive	Test os.CreateTemp's file and defers Remove of its pathname, but never closes original file descriptor (pdms_test.go:55 onward).
pingcap/tiup	ccc581a29e103cfe2028f13020a1573b2c8aab9d	resourcelifetime	pkg/cluster/template/scripts/pdms_test.go:84:15	resourcelifetime/missing-release	true-positive	Test os.CreateTemp's file and defers Remove of its pathname, but never closes original file descriptor (pdms_test.go:84 onward).
pingcap/tiup	ccc581a29e103cfe2028f13020a1573b2c8aab9d	resourcelifetime	pkg/insight/partitions.go:131:17	resourcelifetime/missing-release	true-positive	Block-device walk opens sysfs/dev-mapper directory then calls Readdir without Close; recursive enumeration can compound handles (partitions.go:131 onward).
pingcap/tiup	ccc581a29e103cfe2028f13020a1573b2c8aab9d	resourcelifetime	pkg/insight/partitions.go:132:24	resourcelifetime/missing-release	true-positive	Block-device walk opens sysfs/dev-mapper directory then calls Readdir without Close; recursive enumeration can compound handles (partitions.go:132 onward).
pingcap/tiup	ccc581a29e103cfe2028f13020a1573b2c8aab9d	resourcelifetime	pkg/insight/partitions.go:141:13	resourcelifetime/missing-release	true-positive	Block-device walk opens sysfs/dev-mapper directory then calls Readdir without Close; recursive enumeration can compound handles (partitions.go:141 onward).
pingcap/tiup	ccc581a29e103cfe2028f13020a1573b2c8aab9d	resourcelifetime	pkg/insight/partitions.go:246:12	resourcelifetime/missing-release	true-positive	Block-device walk opens sysfs/dev-mapper directory then calls Readdir without Close; recursive enumeration can compound handles (partitions.go:246 onward).
pingcap/tiup	ccc581a29e103cfe2028f13020a1573b2c8aab9d	resourcelifetime	pkg/insight/partitions.go:47:12	resourcelifetime/missing-release	true-positive	Block-device walk opens sysfs/dev-mapper directory then calls Readdir without Close; recursive enumeration can compound handles (partitions.go:47 onward).
pingcap/tiup	ccc581a29e103cfe2028f13020a1573b2c8aab9d	resourcelifetime	pkg/insight/partitions.go:81:11	resourcelifetime/missing-release	true-positive	Block-device walk opens sysfs/dev-mapper directory then calls Readdir without Close; recursive enumeration can compound handles (partitions.go:81 onward).
pingcap/tiup	ccc581a29e103cfe2028f13020a1573b2c8aab9d	resourcelifetime	pkg/insight/partitions.go:83:11	resourcelifetime/missing-release	true-positive	Block-device walk opens sysfs/dev-mapper directory then calls Readdir without Close; recursive enumeration can compound handles (partitions.go:83 onward).
pingcap/tiup	ccc581a29e103cfe2028f13020a1573b2c8aab9d	resourcelifetime	pkg/repository/mirror.go:284:15	resourcelifetime/missing-release	true-positive	Open file is returned to caller on ordinary success, but file.Stat error or maxSize violation returns before Close/transfer; these error branches leak the successful os.Open handle (mirror.go:284 onward).
prometheus/graphite_exporter	8189015c073f93d2b0781713b327313dbeb94c88	processownership	e2e/e2e_test.go:126:8	processownership/missing-wait	true-positive	E2E test starts exporter child and defers exporter.Process.Kill but never calls exporter.Wait or Process.Wait; Kill does not reap child (e2e_test.go:around 126).
prometheus/graphite_exporter	8189015c073f93d2b0781713b327313dbeb94c88	processownership	e2e/e2e_test.go:211:8	processownership/missing-wait	true-positive	E2E test starts exporter child and defers exporter.Process.Kill but never calls exporter.Wait or Process.Wait; Kill does not reap child (e2e_test.go:around 211).
prometheus/graphite_exporter	8189015c073f93d2b0781713b327313dbeb94c88	processownership	e2e/e2e_test.go:289:8	processownership/missing-wait	true-positive	E2E test starts exporter child and defers exporter.Process.Kill but never calls exporter.Wait or Process.Wait; Kill does not reap child (e2e_test.go:around 289).
prometheus/graphite_exporter	8189015c073f93d2b0781713b327313dbeb94c88	processownership	e2e/e2e_test.go:43:8	processownership/missing-wait	true-positive	E2E test starts exporter child and defers exporter.Process.Kill but never calls exporter.Wait or Process.Wait; Kill does not reap child (e2e_test.go:around 43).
prometheus/graphite_exporter	8189015c073f93d2b0781713b327313dbeb94c88	processownership	e2e/issue90_test.go:45:8	processownership/missing-wait	true-positive	E2E test starts exporter child and defers exporter.Process.Kill but never calls exporter.Wait or Process.Wait; Kill does not reap child (issue90_test.go:around 45).
rebeccapanel/Rebecca	9b557a2b0db6c3b3e3ff97b0884994645c856831	processownership	internal/app/system/maintenance.go:373:12	processownership/missing-wait	false-positive	DefaultCommandScheduler.Schedule deliberately starts detached host action and immediately calls cmd.Process.Release on successful Start (maintenance.go:373-380). Go os.Process.Release explicitly releases resources when Wait will not be called; this is a documented alternative, not a missing Wait. Scan incomplete elsewhere.
runpod/runpodctl	4351fca9ec454b1bdc8572aaad5d3e5a61ead0fa	concurrentcapture	cmd/croc/croc.go:1152:14	concurrentcapture/shared-capture	true-positive	Relay-port worker assigns enclosing err during net.SplitHostPort and ConnectToTCPServer; multiple port workers run concurrently and write same captured variable. Later wg.Wait does not order worker writes against each other.
runpod/runpodctl	4351fca9ec454b1bdc8572aaad5d3e5a61ead0fa	concurrentcapture	cmd/transfer/croc.go:1001:14	concurrentcapture/shared-capture	true-positive	Relay-port goroutine assigns shared outer err for net.SplitHostPort and ConnectToTCPServer; sibling port workers can write err concurrently before eventual wg.Wait.
runpod/runpodctl	4351fca9ec454b1bdc8572aaad5d3e5a61ead0fa	resourcelifetime	api/user.go:114:14	resourcelifetime/missing-release	true-positive	UpdateSSHKeys calls Query/client.Do and discards successful *http.Response without Body.Close; returning response-related data does not release underlying Body.
runpod/runpodctl	4351fca9ec454b1bdc8572aaad5d3e5a61ead0fa	resourcelifetime	cmd/update.go:52:14	resourcelifetime/missing-release	true-positive	DownloadFile returns its created file to caller on success, but file.Write error returns nil,error without closing the just-created handle; success transfer does not cover error branch.
sentriz/wrtag	86f6d1a3fb01b7be993ad40a40a863473108d4c5	processownership	essentia/essentia.go:45:12	processownership/missing-wait	true-positive	After successful cmd.Start, function decodes stdout and returns at 59 without cmd.Wait or Process.Release; early skipToJSON/Decode errors also return without reaping subprocess. Deferred stdout.Close only closes pipe, not process.
sentriz/wrtag	86f6d1a3fb01b7be993ad40a40a863473108d4c5	processownership	rsgain/rsgain.go:62:12	processownership/missing-wait	true-positive	Successful Start is followed by CSV parse; errors at lines 70-98 return before cmd.Wait at 102, leaving process unjoined. CommandContext cancellation does not reap process.
sentriz/wrtag	86f6d1a3fb01b7be993ad40a40a863473108d4c5	resourcelifetime	cmd/wrtag/main_test.go:143:16	resourcelifetime/missing-release	true-positive	mainTouch loops over paths and discards each successful os.Create file handle at 143; no Close before next iteration or function return.
sentriz/wrtag	86f6d1a3fb01b7be993ad40a40a863473108d4c5	resourcelifetime	tags/tags_test.go:121:12	resourcelifetime/missing-release	true-positive	newFile test helper os.Create succeeds, io.Copy writes at 124, then returns only f.Name at 127 without closing f. t.TempDir removes path later but does not close descriptor.
shenwei356/taxonkit	3f5c671524b6f62b4c7ac3ab59a2e8fb1e01d36f	resourcelifetime	taxonkit/cmd/util-filter.go:311:13	resourcelifetime/missing-release	true-positive	readRankOrderFromFile opens fh successfully, scans it and returns both on scanner/validation errors and normal success without fh.Close anywhere (util-filter.go:311-366); the scanner does not own or close the file.
sourcegraph/src-cli	0204585dab08d3a139602a659320e92cd6a276ca	processownership	cmd/src/search.go:120:15	processownership/missing-wait	true-positive	Starts srcCmd and pipes its stdout/stderr to lessCmd.Run, but never calls srcCmd.Wait even after less exits; successful child process remains unreaped.
sourcegraph/src-cli	0204585dab08d3a139602a659320e92cd6a276ca	resourcelifetime	internal/batches/executor/task_test.go:31:11	resourcelifetime/missing-release	true-positive	Test setup discards successful os.Create file handle; t.Cleanup/TempDir later removes pathname but does not close the open descriptor.
sourcegraph/src-cli	0204585dab08d3a139602a659320e92cd6a276ca	resourcelifetime	internal/batches/executor/task_test.go:37:11	resourcelifetime/missing-release	true-positive	Test setup discards successful os.Create file handle; t.Cleanup/TempDir later removes pathname but does not close the open descriptor.
sourcegraph/src-cli	0204585dab08d3a139602a659320e92cd6a276ca	resourcelifetime	internal/batches/service/service_test.go:229:12	resourcelifetime/missing-release	true-positive	Test setup discards successful os.Create file handle; t.Cleanup/TempDir later removes pathname but does not close the open descriptor.
sourcegraph/src-cli	0204585dab08d3a139602a659320e92cd6a276ca	resourcelifetime	internal/batches/service/service_test.go:231:11	resourcelifetime/missing-release	true-positive	Test setup discards successful os.Create file handle; t.Cleanup/TempDir later removes pathname but does not close the open descriptor.
sourcegraph/src-cli	0204585dab08d3a139602a659320e92cd6a276ca	resourcelifetime	internal/batches/workspace/bind_workspace.go:94:19	resourcelifetime/missing-release	true-positive	Opens srcFile per file; prepareCopyDestinationFile or io.Copy error returns before srcFile.Close and destFile.Close. Success-path closes occur only later and do not cover error branches.
superfly/tokenizer	12c9cb298b072778954321f5ee556da5bfed098a	resourcelifetime	tokenizer_test.go:656:15	resourcelifetime/missing-release	true-positive	doEcho calls HTTP client.Do and decodes resp.Body, then returns echoResponse without closing Body; assert.NoError and status assertion do not close it (tokenizer_test.go:656-662).
superfly/tokenizer	12c9cb298b072778954321f5ee556da5bfed098a	resourcelifetime	tokenizer_test.go:806:14	resourcelifetime/missing-release	true-positive	Test's Step 2b client.Do receives wrong-auth HTTP response and checks 407 status, then returns without resp.Body.Close; previous Step 2 response is explicitly closed, but this new one is not (tokenizer_test.go:806-810).
tailscale/depaware	f20f66241ec6dc75e739e08a5bfd64484d52b198	processownership	depaware/dumpsrc.go:928:12	processownership/missing-wait	true-positive	nmLive starts `go tool nm`, then returns on scan.Err before reaching cmd.Wait at dumpsrc.go:958-962; started child is not reaped on scanner-error path.
tailscale/depaware	f20f66241ec6dc75e739e08a5bfd64484d52b198	resourcelifetime	depaware/dumpsrc.go:900:14	resourcelifetime/missing-release	true-positive	buildGenLive creates temp os.File and defers only os.Remove(path); neither successful build nor build-error return closes tmp (dumpsrc.go:900-917), so unlink is not release.
tailscale/setec	f8d7a936837c8bdb8e1af9fd99158f9b5551dbad	nilargument	cmd/setec/setec.go:276:10	nilargument/dereferenced-nil	false-positive	Caller constructs nonnil tsnet.Server at 260, checks LocalClient error at 266-269 and Up error at 272-274 before CertDomains. Pinned tailscale.com v1.102.3 LocalClient calls Start, Start runs doInit/start, and successful start assigns s.lb at tsnet.go:939; CertDomains reads s.lb at 683. Definite nil field claim is false on this successful path.
taskctl/taskctl	e77ca83f638d83d8b2bc9df0487f0976453ad73f	lockorder	internal/watch/watch.go:145:4	lockorder/missing-release	true-positive	Watcher event goroutine acquires w.mu, then breaks when w.isClosed without Unlock (watch.go:145-149); defer only closes w.finished, so mutex stays locked and later operations can block.
terraform-provider-openstack/terraform-provider-openstack	885bd066819dc18dd39e1f8dfca5c7c5f6763a90	resourcelifetime	openstack/images_image_v2.go:166:15	resourcelifetime/missing-release	true-positive	HTTP Do succeeds but non-200 status branch deletes temp output and returns before `defer resp.Body.Close()` at images_image_v2.go:177; response Body remains open.
terraform-provider-openstack/terraform-provider-openstack	885bd066819dc18dd39e1f8dfca5c7c5f6763a90	resourcelifetime	openstack/provider_test.go:414:18	resourcelifetime/missing-release	true-positive	envVarFile creates tmpFile, but WriteString error branch removes pathname and returns before tmpFile.Close (provider_test.go:414-427); unlink does not release descriptor.
terraform-provider-openstack/terraform-provider-openstack	885bd066819dc18dd39e1f8dfca5c7c5f6763a90	resourcelifetime	openstack/resource_openstack_objectstorage_object_v1.go:430:15	resourcelifetime/missing-release	true-positive	resourceObjectSourceV1 successfully os.Open's file, but file.Stat error returns nil without closing it (resource_openstack_objectstorage_object_v1.go:430-440); success transfers ownership.
tikv/client-go	b9fc0b7719d3ea62bd9904cd31fbd27715ff08bc	lockorder	txnkv/transaction/pessimistic.go:539:3	lockorder/missing-release	false-positive	ValuesLock is acquired in switch cases at pessimistic.go:492,499,506 and explicitly released on those paths at 497,503,518 before these later returns; no held lock reaches this return. Repository scan incomplete; verdict only for emitted site.
tikv/client-go	b9fc0b7719d3ea62bd9904cd31fbd27715ff08bc	lockorder	txnkv/transaction/pessimistic.go:543:3	lockorder/missing-release	false-positive	ValuesLock is acquired in switch cases at pessimistic.go:492,499,506 and explicitly released on those paths at 497,503,518 before these later returns; no held lock reaches this return. Repository scan incomplete; verdict only for emitted site.
tikv/client-go	b9fc0b7719d3ea62bd9904cd31fbd27715ff08bc	lockorder	txnkv/transaction/pessimistic.go:549:5	lockorder/missing-release	false-positive	ValuesLock is acquired in switch cases at pessimistic.go:492,499,506 and explicitly released on those paths at 497,503,518 before these later returns; no held lock reaches this return. Repository scan incomplete; verdict only for emitted site.
tikv/client-go	b9fc0b7719d3ea62bd9904cd31fbd27715ff08bc	lockorder	txnkv/transaction/pessimistic.go:570:5	lockorder/missing-release	false-positive	ValuesLock is acquired in switch cases at pessimistic.go:492,499,506 and explicitly released on those paths at 497,503,518 before these later returns; no held lock reaches this return. Repository scan incomplete; verdict only for emitted site.
tikv/client-go	b9fc0b7719d3ea62bd9904cd31fbd27715ff08bc	lockorder	txnkv/transaction/pessimistic.go:578:6	lockorder/missing-release	false-positive	ValuesLock is acquired in switch cases at pessimistic.go:492,499,506 and explicitly released on those paths at 497,503,518 before these later returns; no held lock reaches this return. Repository scan incomplete; verdict only for emitted site.
tikv/client-go	b9fc0b7719d3ea62bd9904cd31fbd27715ff08bc	lockorder	txnkv/transaction/pessimistic.go:592:4	lockorder/missing-release	false-positive	ValuesLock is acquired in switch cases at pessimistic.go:492,499,506 and explicitly released on those paths at 497,503,518 before these later returns; no held lock reaches this return. Repository scan incomplete; verdict only for emitted site.
tikv/client-go	b9fc0b7719d3ea62bd9904cd31fbd27715ff08bc	lockorder	txnkv/transaction/pessimistic.go:597:3	lockorder/missing-release	false-positive	ValuesLock is acquired in switch cases at pessimistic.go:492,499,506 and explicitly released on those paths at 497,503,518 before these later returns; no held lock reaches this return. Repository scan incomplete; verdict only for emitted site.
tikv/client-go	b9fc0b7719d3ea62bd9904cd31fbd27715ff08bc	lockorder	txnkv/transaction/pessimistic.go:602:3	lockorder/missing-release	false-positive	ValuesLock is acquired in switch cases at pessimistic.go:492,499,506 and explicitly released on those paths at 497,503,518 before these later returns; no held lock reaches this return. Repository scan incomplete; verdict only for emitted site.
tikv/client-go	b9fc0b7719d3ea62bd9904cd31fbd27715ff08bc	lockorder	txnkv/transaction/pessimistic.go:609:3	lockorder/missing-release	false-positive	ValuesLock is acquired in switch cases at pessimistic.go:492,499,506 and explicitly released on those paths at 497,503,518 before these later returns; no held lock reaches this return. Repository scan incomplete; verdict only for emitted site.
tikv/client-go	b9fc0b7719d3ea62bd9904cd31fbd27715ff08bc	lockorder	txnkv/transaction/pessimistic.go:612:2	lockorder/missing-release	false-positive	ValuesLock is acquired in switch cases at pessimistic.go:492,499,506 and explicitly released on those paths at 497,503,518 before these later returns; no held lock reaches this return. Repository scan incomplete; verdict only for emitted site.
tikv/client-go	b9fc0b7719d3ea62bd9904cd31fbd27715ff08bc	nilargument	internal/locate/region_cache_test.go:3314:2	nilargument/dereferenced-nil	false-positive	Suite SetupTest assigns s.cache=NewRegionCache at region_cache_test.go:270 before this call; no definitely nil cache. Repository scan incomplete.
tikv/client-go	b9fc0b7719d3ea62bd9904cd31fbd27715ff08bc	nilargument	internal/unionstore/art/art_snapshot.go:65:7	nilargument/dereferenced-nil	false-positive	Iter/IterReverse call iter, which constructs &Iterator and returns nil only alongside nonnil error; caller panics on that error before dereference. No definite nil iterator on feasible continuation. Repository scan incomplete.
tikv/client-go	b9fc0b7719d3ea62bd9904cd31fbd27715ff08bc	nilargument	rawkv/rawkv_test.go:107:9	nilargument/dereferenced-nil	false-positive	Test suite constructs nonnil client with regionCache:locate.NewRegionCache(...) and rpcClient:mocktikv.NewRPCClient(...) before every flagged call; NewRegionCache returns &RegionCache. No definitely nil client or required field. Repository scan incomplete.
tikv/client-go	b9fc0b7719d3ea62bd9904cd31fbd27715ff08bc	nilargument	rawkv/rawkv_test.go:121:17	nilargument/dereferenced-nil	false-positive	Test suite constructs nonnil client with regionCache:locate.NewRegionCache(...) and rpcClient:mocktikv.NewRPCClient(...) before every flagged call; NewRegionCache returns &RegionCache. No definitely nil client or required field. Repository scan incomplete.
tikv/client-go	b9fc0b7719d3ea62bd9904cd31fbd27715ff08bc	nilargument	rawkv/rawkv_test.go:139:9	nilargument/dereferenced-nil	false-positive	Test suite constructs nonnil client with regionCache:locate.NewRegionCache(...) and rpcClient:mocktikv.NewRPCClient(...) before every flagged call; NewRegionCache returns &RegionCache. No definitely nil client or required field. Repository scan incomplete.
tikv/client-go	b9fc0b7719d3ea62bd9904cd31fbd27715ff08bc	nilargument	rawkv/rawkv_test.go:146:17	nilargument/dereferenced-nil	false-positive	Test suite constructs nonnil client with regionCache:locate.NewRegionCache(...) and rpcClient:mocktikv.NewRPCClient(...) before every flagged call; NewRegionCache returns &RegionCache. No definitely nil client or required field. Repository scan incomplete.
tikv/client-go	b9fc0b7719d3ea62bd9904cd31fbd27715ff08bc	nilargument	rawkv/rawkv_test.go:164:9	nilargument/dereferenced-nil	false-positive	Test suite constructs nonnil client with regionCache:locate.NewRegionCache(...) and rpcClient:mocktikv.NewRPCClient(...) before every flagged call; NewRegionCache returns &RegionCache. No definitely nil client or required field. Repository scan incomplete.
tikv/client-go	b9fc0b7719d3ea62bd9904cd31fbd27715ff08bc	nilargument	rawkv/rawkv_test.go:186:17	nilargument/dereferenced-nil	false-positive	Test suite constructs nonnil client with regionCache:locate.NewRegionCache(...) and rpcClient:mocktikv.NewRPCClient(...) before every flagged call; NewRegionCache returns &RegionCache. No definitely nil client or required field. Repository scan incomplete.
tikv/client-go	b9fc0b7719d3ea62bd9904cd31fbd27715ff08bc	nilargument	rawkv/rawkv_test.go:203:9	nilargument/dereferenced-nil	false-positive	Test suite constructs nonnil client with regionCache:locate.NewRegionCache(...) and rpcClient:mocktikv.NewRPCClient(...) before every flagged call; NewRegionCache returns &RegionCache. No definitely nil client or required field. Repository scan incomplete.
tikv/client-go	b9fc0b7719d3ea62bd9904cd31fbd27715ff08bc	nilargument	rawkv/rawkv_test.go:217:8	nilargument/dereferenced-nil	false-positive	Test suite constructs nonnil client with regionCache:locate.NewRegionCache(...) and rpcClient:mocktikv.NewRPCClient(...) before every flagged call; NewRegionCache returns &RegionCache. No definitely nil client or required field. Repository scan incomplete.
tikv/client-go	b9fc0b7719d3ea62bd9904cd31fbd27715ff08bc	nilargument	rawkv/rawkv_test.go:237:9	nilargument/dereferenced-nil	false-positive	Test suite constructs nonnil client with regionCache:locate.NewRegionCache(...) and rpcClient:mocktikv.NewRPCClient(...) before every flagged call; NewRegionCache returns &RegionCache. No definitely nil client or required field. Repository scan incomplete.
tikv/client-go	b9fc0b7719d3ea62bd9904cd31fbd27715ff08bc	nilargument	rawkv/rawkv_test.go:240:8	nilargument/dereferenced-nil	false-positive	Test suite constructs nonnil client with regionCache:locate.NewRegionCache(...) and rpcClient:mocktikv.NewRPCClient(...) before every flagged call; NewRegionCache returns &RegionCache. No definitely nil client or required field. Repository scan incomplete.
tikv/client-go	b9fc0b7719d3ea62bd9904cd31fbd27715ff08bc	nilargument	rawkv/rawkv_test.go:256:17	nilargument/dereferenced-nil	false-positive	Test suite constructs nonnil client with regionCache:locate.NewRegionCache(...) and rpcClient:mocktikv.NewRPCClient(...) before every flagged call; NewRegionCache returns &RegionCache. No definitely nil client or required field. Repository scan incomplete.
tikv/client-go	b9fc0b7719d3ea62bd9904cd31fbd27715ff08bc	nilargument	rawkv/rawkv_test.go:259:16	nilargument/dereferenced-nil	false-positive	Test suite constructs nonnil client with regionCache:locate.NewRegionCache(...) and rpcClient:mocktikv.NewRPCClient(...) before every flagged call; NewRegionCache returns &RegionCache. No definitely nil client or required field. Repository scan incomplete.
tikv/client-go	b9fc0b7719d3ea62bd9904cd31fbd27715ff08bc	nilargument	rawkv/rawkv_test.go:264:16	nilargument/dereferenced-nil	false-positive	Test suite constructs nonnil client with regionCache:locate.NewRegionCache(...) and rpcClient:mocktikv.NewRPCClient(...) before every flagged call; NewRegionCache returns &RegionCache. No definitely nil client or required field. Repository scan incomplete.
tikv/client-go	b9fc0b7719d3ea62bd9904cd31fbd27715ff08bc	nilargument	rawkv/rawkv_test.go:267:16	nilargument/dereferenced-nil	false-positive	Test suite constructs nonnil client with regionCache:locate.NewRegionCache(...) and rpcClient:mocktikv.NewRPCClient(...) before every flagged call; NewRegionCache returns &RegionCache. No definitely nil client or required field. Repository scan incomplete.
tikv/client-go	b9fc0b7719d3ea62bd9904cd31fbd27715ff08bc	nilargument	rawkv/rawkv_test.go:272:16	nilargument/dereferenced-nil	false-positive	Test suite constructs nonnil client with regionCache:locate.NewRegionCache(...) and rpcClient:mocktikv.NewRPCClient(...) before every flagged call; NewRegionCache returns &RegionCache. No definitely nil client or required field. Repository scan incomplete.
tikv/client-go	b9fc0b7719d3ea62bd9904cd31fbd27715ff08bc	nilargument	rawkv/rawkv_test.go:275:16	nilargument/dereferenced-nil	false-positive	Test suite constructs nonnil client with regionCache:locate.NewRegionCache(...) and rpcClient:mocktikv.NewRPCClient(...) before every flagged call; NewRegionCache returns &RegionCache. No definitely nil client or required field. Repository scan incomplete.
tikv/client-go	b9fc0b7719d3ea62bd9904cd31fbd27715ff08bc	nilargument	rawkv/rawkv_test.go:281:8	nilargument/dereferenced-nil	false-positive	Test suite constructs nonnil client with regionCache:locate.NewRegionCache(...) and rpcClient:mocktikv.NewRPCClient(...) before every flagged call; NewRegionCache returns &RegionCache. No definitely nil client or required field. Repository scan incomplete.
tikv/client-go	b9fc0b7719d3ea62bd9904cd31fbd27715ff08bc	nilargument	rawkv/rawkv_test.go:283:16	nilargument/dereferenced-nil	false-positive	Test suite constructs nonnil client with regionCache:locate.NewRegionCache(...) and rpcClient:mocktikv.NewRPCClient(...) before every flagged call; NewRegionCache returns &RegionCache. No definitely nil client or required field. Repository scan incomplete.
tikv/client-go	b9fc0b7719d3ea62bd9904cd31fbd27715ff08bc	nilargument	rawkv/rawkv_test.go:288:8	nilargument/dereferenced-nil	false-positive	Test suite constructs nonnil client with regionCache:locate.NewRegionCache(...) and rpcClient:mocktikv.NewRPCClient(...) before every flagged call; NewRegionCache returns &RegionCache. No definitely nil client or required field. Repository scan incomplete.
tikv/client-go	b9fc0b7719d3ea62bd9904cd31fbd27715ff08bc	nilargument	rawkv/rawkv_test.go:290:16	nilargument/dereferenced-nil	false-positive	Test suite constructs nonnil client with regionCache:locate.NewRegionCache(...) and rpcClient:mocktikv.NewRPCClient(...) before every flagged call; NewRegionCache returns &RegionCache. No definitely nil client or required field. Repository scan incomplete.
tikv/client-go	b9fc0b7719d3ea62bd9904cd31fbd27715ff08bc	nilargument	rawkv/rawkv_test.go:310:9	nilargument/dereferenced-nil	false-positive	Test suite constructs nonnil client with regionCache:locate.NewRegionCache(...) and rpcClient:mocktikv.NewRPCClient(...) before every flagged call; NewRegionCache returns &RegionCache. No definitely nil client or required field. Repository scan incomplete.
tikv/client-go	b9fc0b7719d3ea62bd9904cd31fbd27715ff08bc	nilargument	rawkv/rawkv_test.go:312:8	nilargument/dereferenced-nil	false-positive	Test suite constructs nonnil client with regionCache:locate.NewRegionCache(...) and rpcClient:mocktikv.NewRPCClient(...) before every flagged call; NewRegionCache returns &RegionCache. No definitely nil client or required field. Repository scan incomplete.
tikv/client-go	b9fc0b7719d3ea62bd9904cd31fbd27715ff08bc	nilargument	rawkv/rawkv_test.go:327:17	nilargument/dereferenced-nil	false-positive	Test suite constructs nonnil client with regionCache:locate.NewRegionCache(...) and rpcClient:mocktikv.NewRPCClient(...) before every flagged call; NewRegionCache returns &RegionCache. No definitely nil client or required field. Repository scan incomplete.
tikv/client-go	b9fc0b7719d3ea62bd9904cd31fbd27715ff08bc	nilargument	rawkv/rawkv_test.go:330:16	nilargument/dereferenced-nil	false-positive	Test suite constructs nonnil client with regionCache:locate.NewRegionCache(...) and rpcClient:mocktikv.NewRPCClient(...) before every flagged call; NewRegionCache returns &RegionCache. No definitely nil client or required field. Repository scan incomplete.
tikv/client-go	b9fc0b7719d3ea62bd9904cd31fbd27715ff08bc	nilargument	rawkv/rawkv_test.go:334:16	nilargument/dereferenced-nil	false-positive	Test suite constructs nonnil client with regionCache:locate.NewRegionCache(...) and rpcClient:mocktikv.NewRPCClient(...) before every flagged call; NewRegionCache returns &RegionCache. No definitely nil client or required field. Repository scan incomplete.
tikv/client-go	b9fc0b7719d3ea62bd9904cd31fbd27715ff08bc	nilargument	rawkv/rawkv_test.go:337:16	nilargument/dereferenced-nil	false-positive	Test suite constructs nonnil client with regionCache:locate.NewRegionCache(...) and rpcClient:mocktikv.NewRPCClient(...) before every flagged call; NewRegionCache returns &RegionCache. No definitely nil client or required field. Repository scan incomplete.
tikv/client-go	b9fc0b7719d3ea62bd9904cd31fbd27715ff08bc	nilargument	rawkv/rawkv_test.go:342:8	nilargument/dereferenced-nil	false-positive	Test suite constructs nonnil client with regionCache:locate.NewRegionCache(...) and rpcClient:mocktikv.NewRPCClient(...) before every flagged call; NewRegionCache returns &RegionCache. No definitely nil client or required field. Repository scan incomplete.
tikv/client-go	b9fc0b7719d3ea62bd9904cd31fbd27715ff08bc	nilargument	rawkv/rawkv_test.go:344:16	nilargument/dereferenced-nil	false-positive	Test suite constructs nonnil client with regionCache:locate.NewRegionCache(...) and rpcClient:mocktikv.NewRPCClient(...) before every flagged call; NewRegionCache returns &RegionCache. No definitely nil client or required field. Repository scan incomplete.
tikv/client-go	b9fc0b7719d3ea62bd9904cd31fbd27715ff08bc	nilargument	rawkv/rawkv_test.go:348:8	nilargument/dereferenced-nil	false-positive	Test suite constructs nonnil client with regionCache:locate.NewRegionCache(...) and rpcClient:mocktikv.NewRPCClient(...) before every flagged call; NewRegionCache returns &RegionCache. No definitely nil client or required field. Repository scan incomplete.
tikv/client-go	b9fc0b7719d3ea62bd9904cd31fbd27715ff08bc	nilargument	rawkv/rawkv_test.go:350:16	nilargument/dereferenced-nil	false-positive	Test suite constructs nonnil client with regionCache:locate.NewRegionCache(...) and rpcClient:mocktikv.NewRPCClient(...) before every flagged call; NewRegionCache returns &RegionCache. No definitely nil client or required field. Repository scan incomplete.
tikv/client-go	b9fc0b7719d3ea62bd9904cd31fbd27715ff08bc	nilargument	rawkv/rawkv_test.go:628:9	nilargument/dereferenced-nil	false-positive	Test suite constructs nonnil client with regionCache:locate.NewRegionCache(...) and rpcClient:mocktikv.NewRPCClient(...) before every flagged call; NewRegionCache returns &RegionCache. No definitely nil client or required field. Repository scan incomplete.
tikv/client-go	b9fc0b7719d3ea62bd9904cd31fbd27715ff08bc	nilargument	rawkv/rawkv_test.go:675:12	nilargument/dereferenced-nil	false-positive	Test suite constructs nonnil client with regionCache:locate.NewRegionCache(...) and rpcClient:mocktikv.NewRPCClient(...) before every flagged call; NewRegionCache returns &RegionCache. No definitely nil client or required field. Repository scan incomplete.
tikv/client-go	b9fc0b7719d3ea62bd9904cd31fbd27715ff08bc	nilargument	txnkv/transaction/txn_test.go:765:18	nilargument/dereferenced-nil	false-positive	txn comes from newRecorderTxn/newTestTxn and is used for lockKeys/GetMemBuffer before CollectLockedKeys with no nil reassignment; not definitely nil. Repository scan incomplete.
timescale/timescaledb-parallel-copy	12d783adfe420bc8a2629165dcea453bd4d97e6d	goroutineownership	pkg/csvcopy/scan_test.go:377:4	goroutineownership/unjoined	false-positive	Collector ranges rowChan; after synchronous scan test closes rowChan and receives resultChan at lines 433-434, joining worker. The only earlier skipLines error is infeasible for strings.NewReader test inputs: ReadLine reaches EOF, which skipLines maps to nil. Injected-error cases are in a separate later loop.
timescale/timescaledb-parallel-copy	12d783adfe420bc8a2629165dcea453bd4d97e6d	resourcelifetime	pkg/csvcopy/csvcopy_test.go:1088:18	resourcelifetime/missing-release	true-positive	Test creates temp os.File and defers only os.Remove(file.Name()), never Close on original descriptor; any later os.Open/copy is separate and does not release it.
timescale/timescaledb-parallel-copy	12d783adfe420bc8a2629165dcea453bd4d97e6d	resourcelifetime	pkg/csvcopy/csvcopy_test.go:1164:18	resourcelifetime/missing-release	true-positive	Test creates temp os.File and defers only os.Remove(file.Name()), never Close on original descriptor; any later os.Open/copy is separate and does not release it.
timescale/timescaledb-parallel-copy	12d783adfe420bc8a2629165dcea453bd4d97e6d	resourcelifetime	pkg/csvcopy/csvcopy_test.go:1269:18	resourcelifetime/missing-release	true-positive	Test creates temp os.File and defers only os.Remove(file.Name()), never Close on original descriptor; any later os.Open/copy is separate and does not release it.
timescale/timescaledb-parallel-copy	12d783adfe420bc8a2629165dcea453bd4d97e6d	resourcelifetime	pkg/csvcopy/csvcopy_test.go:1406:18	resourcelifetime/missing-release	true-positive	Test creates temp os.File and defers only os.Remove(file.Name()), never Close on original descriptor; any later os.Open/copy is separate and does not release it.
timescale/timescaledb-parallel-copy	12d783adfe420bc8a2629165dcea453bd4d97e6d	resourcelifetime	pkg/csvcopy/csvcopy_test.go:1542:19	resourcelifetime/missing-release	true-positive	Test creates temp os.File and defers only os.Remove(file.Name()), never Close on original descriptor; any later os.Open/copy is separate and does not release it.
timescale/timescaledb-parallel-copy	12d783adfe420bc8a2629165dcea453bd4d97e6d	resourcelifetime	pkg/csvcopy/csvcopy_test.go:1571:20	resourcelifetime/missing-release	true-positive	Test creates temp os.File and defers only os.Remove(file.Name()), never Close on original descriptor; any later os.Open/copy is separate and does not release it.
timescale/timescaledb-parallel-copy	12d783adfe420bc8a2629165dcea453bd4d97e6d	resourcelifetime	pkg/csvcopy/csvcopy_test.go:168:18	resourcelifetime/missing-release	true-positive	Test creates temp os.File and defers only os.Remove(file.Name()), never Close on original descriptor; any later os.Open/copy is separate and does not release it.
timescale/timescaledb-parallel-copy	12d783adfe420bc8a2629165dcea453bd4d97e6d	resourcelifetime	pkg/csvcopy/csvcopy_test.go:1698:19	resourcelifetime/missing-release	true-positive	Test creates temp os.File and defers only os.Remove(file.Name()), never Close on original descriptor; any later os.Open/copy is separate and does not release it.
timescale/timescaledb-parallel-copy	12d783adfe420bc8a2629165dcea453bd4d97e6d	resourcelifetime	pkg/csvcopy/csvcopy_test.go:1727:21	resourcelifetime/missing-release	true-positive	Test creates temp os.File and defers only os.Remove(file.Name()), never Close on original descriptor; any later os.Open/copy is separate and does not release it.
timescale/timescaledb-parallel-copy	12d783adfe420bc8a2629165dcea453bd4d97e6d	resourcelifetime	pkg/csvcopy/csvcopy_test.go:298:18	resourcelifetime/missing-release	true-positive	Test creates temp os.File and defers only os.Remove(file.Name()), never Close on original descriptor; any later os.Open/copy is separate and does not release it.
timescale/timescaledb-parallel-copy	12d783adfe420bc8a2629165dcea453bd4d97e6d	resourcelifetime	pkg/csvcopy/csvcopy_test.go:404:18	resourcelifetime/missing-release	true-positive	Test creates temp os.File and defers only os.Remove(file.Name()), never Close on original descriptor; any later os.Open/copy is separate and does not release it.
timescale/timescaledb-parallel-copy	12d783adfe420bc8a2629165dcea453bd4d97e6d	resourcelifetime	pkg/csvcopy/csvcopy_test.go:486:18	resourcelifetime/missing-release	true-positive	Test creates temp os.File and defers only os.Remove(file.Name()), never Close on original descriptor; any later os.Open/copy is separate and does not release it.
timescale/timescaledb-parallel-copy	12d783adfe420bc8a2629165dcea453bd4d97e6d	resourcelifetime	pkg/csvcopy/csvcopy_test.go:570:18	resourcelifetime/missing-release	true-positive	Test creates temp os.File and defers only os.Remove(file.Name()), never Close on original descriptor; any later os.Open/copy is separate and does not release it.
timescale/timescaledb-parallel-copy	12d783adfe420bc8a2629165dcea453bd4d97e6d	resourcelifetime	pkg/csvcopy/csvcopy_test.go:61:18	resourcelifetime/missing-release	true-positive	Test creates temp os.File and defers only os.Remove(file.Name()), never Close on original descriptor; any later os.Open/copy is separate and does not release it.
timescale/timescaledb-parallel-copy	12d783adfe420bc8a2629165dcea453bd4d97e6d	resourcelifetime	pkg/csvcopy/csvcopy_test.go:653:18	resourcelifetime/missing-release	true-positive	Test creates temp os.File and defers only os.Remove(file.Name()), never Close on original descriptor; any later os.Open/copy is separate and does not release it.
timescale/timescaledb-parallel-copy	12d783adfe420bc8a2629165dcea453bd4d97e6d	resourcelifetime	pkg/csvcopy/csvcopy_test.go:742:18	resourcelifetime/missing-release	true-positive	Test creates temp os.File and defers only os.Remove(file.Name()), never Close on original descriptor; any later os.Open/copy is separate and does not release it.
timescale/timescaledb-parallel-copy	12d783adfe420bc8a2629165dcea453bd4d97e6d	resourcelifetime	pkg/csvcopy/csvcopy_test.go:830:18	resourcelifetime/missing-release	true-positive	Test creates temp os.File and defers only os.Remove(file.Name()), never Close on original descriptor; any later os.Open/copy is separate and does not release it.
timescale/timescaledb-parallel-copy	12d783adfe420bc8a2629165dcea453bd4d97e6d	resourcelifetime	pkg/csvcopy/csvcopy_test.go:921:18	resourcelifetime/missing-release	true-positive	Test creates temp os.File and defers only os.Remove(file.Name()), never Close on original descriptor; any later os.Open/copy is separate and does not release it.
timescale/timescaledb-parallel-copy	12d783adfe420bc8a2629165dcea453bd4d97e6d	resourcelifetime	pkg/csvcopy/csvcopy_test.go:996:18	resourcelifetime/missing-release	true-positive	Test creates temp os.File and defers only os.Remove(file.Name()), never Close on original descriptor; any later os.Open/copy is separate and does not release it.
tmccombs/hcl2json	7fe83202b986951fdec4985f9982288bd6de985f	deferinloop	main.go:74:4	deferinloop/cleanup-lifetime	true-positive	CLI loops over arbitrary input files, opens each and defers Close until all files have been read/converted; each file is no longer needed immediately after buffer.ReadFrom, so descriptors accumulate with number of arguments (main.go:63-83).
twofas/2fas-server	688d6fdcb77a42c5de1693e35378614e01ef8c43	goroutineownership	e2e-tests/scripts/wait-ready/main.go:32:2	goroutineownership/unjoined	false-positive	waitForApp timeout returns false to its only caller main, which immediately log.Fatal exits process (main.go:19-24,47-53); retry worker is process-bounded rather than a persistent application goroutine. Success path closes done and worker returns.
twofas/2fas-server	688d6fdcb77a42c5de1693e35378614e01ef8c43	resourcelifetime	internal/common/storage/fs.go:42:15	resourcelifetime/missing-release	true-positive	TmpFileSystem.Save creates file, reads/writes content, and returns only Name without Close on success or ReadAll/Write errors (fs.go:42-60); caller cannot close returned path string.
twofas/2fas-server	688d6fdcb77a42c5de1693e35378614e01ef8c43	resourcelifetime	internal/common/storage/s3.go:32:12	resourcelifetime/missing-release	true-positive	S3.Get creates file and transfers it to caller on success, but downloader.Download error returns nil,error without closing local f (s3.go:32-43).
vavallee/bindery	78aadafa8c323c513699cf1361f556484452fa9c	goroutineownership	internal/db/log_handler.go:145:2	goroutineownership/unjoined	true-positive	Stop closes h.ch and launches wg.Wait waiter, but ctx timeout returns without receiving done; drain worker can remain inside opaque repo.Insert and waiter remains unjoined.
vavallee/bindery	78aadafa8c323c513699cf1361f556484452fa9c	nilargument	internal/metadata/aggregator_enrichment_test.go:199:14	nilargument/dereferenced-nil	false-positive	Test Aggregator literal supplies cache:newTTLCache(time.Minute) and nonnil primary mock/getBook before GetBook; a.cache dereference is not definitely nil.
vavallee/bindery	78aadafa8c323c513699cf1361f556484452fa9c	nilargument	internal/metadata/aggregator_enrichment_test.go:548:14	nilargument/dereferenced-nil	false-positive	Test Aggregator literal supplies cache:newTTLCache(time.Minute) and nonnil primary mock/getBook before GetBook; a.cache dereference is not definitely nil.
vavallee/bindery	78aadafa8c323c513699cf1361f556484452fa9c	nilargument	internal/metadata/aggregator_test.go:523:14	nilargument/dereferenced-nil	false-positive	Test Aggregator literal supplies cache:newTTLCache(time.Minute) and nonnil primary mock/getBook before GetBook; a.cache dereference is not definitely nil.
vavallee/bindery	78aadafa8c323c513699cf1361f556484452fa9c	nilargument	internal/metadata/aggregator_test.go:550:14	nilargument/dereferenced-nil	false-positive	Test Aggregator literal supplies cache:newTTLCache(time.Minute) and nonnil primary mock/getBook before GetBook; a.cache dereference is not definitely nil.
vavallee/bindery	78aadafa8c323c513699cf1361f556484452fa9c	nilargument	internal/metadata/aggregator_test.go:574:14	nilargument/dereferenced-nil	false-positive	Test Aggregator literal supplies cache:newTTLCache(time.Minute) and nonnil primary mock/getBook before GetBook; a.cache dereference is not definitely nil.
vavallee/bindery	78aadafa8c323c513699cf1361f556484452fa9c	nilargument	internal/metadata/aggregator_test.go:598:14	nilargument/dereferenced-nil	false-positive	Test Aggregator literal supplies cache:newTTLCache(time.Minute) and nonnil primary mock/getBook before GetBook; a.cache dereference is not definitely nil.
vavallee/bindery	78aadafa8c323c513699cf1361f556484452fa9c	nilargument	internal/metadata/aggregator_test.go:621:14	nilargument/dereferenced-nil	false-positive	Test Aggregator literal supplies cache:newTTLCache(time.Minute) and nonnil primary mock/getBook before GetBook; a.cache dereference is not definitely nil.
vavallee/bindery	78aadafa8c323c513699cf1361f556484452fa9c	nilargument	internal/metadata/aggregator_test.go:642:14	nilargument/dereferenced-nil	false-positive	Test Aggregator literal supplies cache:newTTLCache(time.Minute) and nonnil primary mock/getBook before GetBook; a.cache dereference is not definitely nil.
vulncheck-oss/go-exploit	f666d920656c3841934728a4e091b8a4384f2d03	producerlifecycle	c2/shelltunnel/shelltunnel.go:287:3	producerlifecycle/abandoned-send	true-positive	First io.Copy goroutine sends to unbuffered done; handleTunnelConn receives exactly one completion then returns (shelltunnel.go:280-299). If second copy finishes after the receive, its send has no receiver and remains blocked.
vulncheck-oss/go-exploit	f666d920656c3841934728a4e091b8a4384f2d03	producerlifecycle	c2/shelltunnel/shelltunnel.go:292:3	producerlifecycle/abandoned-send	true-positive	Second io.Copy goroutine has same unbuffered done send; exactly one of two sends is received before handleTunnelConn returns (shelltunnel.go:280-299), leaving the other producer blocked when its copy completes.
vulsio/go-cve-dictionary	17c1697f806759f02933658df35d27b95d96b683	resourcelifetime	log/log.go:49:16	resourcelifetime/missing-release	true-positive	InitLogger uses os.OpenFile only as a writeability check, discarding its successful *File without Close; logger.Must.FileHandler later opens a separate handle (log.go:49-55), so first descriptor leaks.
wakatime/wakatime-cli	117ee80e7dda204abc070aebb3b72cc68f45f44f	nilargument	pkg/regex/regex_internal_test.go:30:30	nilargument/dereferenced-nil	false-positive	regexp2.Compile returns a nonnil regexp on successful compile; require.NoError aborts test on error, and r2 is assigned to regexp2Wrap.rgx before method call. Definite-nil claim is unsupported.
wakatime/wakatime-cli	117ee80e7dda204abc070aebb3b72cc68f45f44f	nilargument	pkg/regex/regex_internal_test.go:61:15	nilargument/dereferenced-nil	false-positive	regexp2.Compile returns a nonnil regexp on success; require.NoError aborts test on failure. The wrapper rgx field is populated before call, so definite-nil assertion is false.
wakatime/wakatime-cli	117ee80e7dda204abc070aebb3b72cc68f45f44f	resourcelifetime	cmd/run_test.go:646:13	resourcelifetime/missing-release	true-positive	Httptest handler opens fixture file with os.Open then io.Copy to ResponseWriter but never closes the input file on success or error; response writer ownership does not transfer file cleanup.
wakatime/wakatime-cli	117ee80e7dda204abc070aebb3b72cc68f45f44f	resourcelifetime	pkg/api/fileexperts_test.go:51:15	resourcelifetime/missing-release	true-positive	Httptest handler opens fixture file with os.Open then io.Copy to ResponseWriter but never closes the input file on success or error; response writer ownership does not transfer file cleanup.
wakatime/wakatime-cli	117ee80e7dda204abc070aebb3b72cc68f45f44f	resourcelifetime	pkg/api/goal_test.go:34:14	resourcelifetime/missing-release	true-positive	Httptest handler opens fixture file with os.Open then io.Copy to ResponseWriter but never closes the input file on success or error; response writer ownership does not transfer file cleanup.
wakatime/wakatime-cli	117ee80e7dda204abc070aebb3b72cc68f45f44f	resourcelifetime	pkg/api/heartbeat_test.go:102:13	resourcelifetime/missing-release	true-positive	Httptest handler opens fixture file with os.Open then io.Copy to ResponseWriter but never closes the input file on success or error; response writer ownership does not transfer file cleanup.
wakatime/wakatime-cli	117ee80e7dda204abc070aebb3b72cc68f45f44f	resourcelifetime	pkg/api/heartbeat_test.go:140:14	resourcelifetime/missing-release	true-positive	Httptest handler opens fixture file with os.Open then io.Copy to ResponseWriter but never closes the input file on success or error; response writer ownership does not transfer file cleanup.
wakatime/wakatime-cli	117ee80e7dda204abc070aebb3b72cc68f45f44f	resourcelifetime	pkg/api/heartbeat_test.go:51:15	resourcelifetime/missing-release	true-positive	Httptest handler opens fixture file with os.Open then io.Copy to ResponseWriter but never closes the input file on success or error; response writer ownership does not transfer file cleanup.
wakatime/wakatime-cli	117ee80e7dda204abc070aebb3b72cc68f45f44f	resourcelifetime	pkg/api/statusbar_test.go:34:13	resourcelifetime/missing-release	true-positive	Httptest handler opens fixture file with os.Open then io.Copy to ResponseWriter but never closes the input file on success or error; response writer ownership does not transfer file cleanup.
wakatime/wakatime-cli	117ee80e7dda204abc070aebb3b72cc68f45f44f	resourcelifetime	pkg/remote/remote.go:64:21	resourcelifetime/missing-release	true-positive	CreateTemp returns open tmpFile; code uses its pathname and may remove it later, but no Close releases the file handle on success or error paths.
xbapps/xbvr	dc8c9f04396cc9e6dde1b0f4600713673c3586ce	processownership	pkg/ffprobe/exec_others.go:27:8	processownership/missing-wait	false-positive	Successful cmd.Start is followed by a dedicated goroutine calling cmd.Wait, so it reaps the process; done is buffered (capacity 1), and timeout branch kills process then returns while waiter can finish/send without a receiver (exec_others.go:27-43). Caller need not synchronously receive for process ownership. Scan incomplete elsewhere.
yandex/pandora	d024ba72afe8acd47ddab7579ee6ea69cdf97423	cancellationownership	core/engine/engine.go:206:23	cancellationownership/release	true-positive	runAsync creates runCtx/runCancel, then child instanceStartCtx/cancel; if buildNewInstanceSchedule returns error at 210-212, it returns before transferring runCancel into handle at 237 or calling either cancel. Parent context retains uncanceled children. Repository scan incomplete; label applies only emitted site.
yandex/pandora	d024ba72afe8acd47ddab7579ee6ea69cdf97423	cancellationownership	core/engine/instance_test.go:128:17	cancellationownership/release	false-positive	Test explicitly expects ins.Run(ctx) to return context.DeadlineExceeded after 10ms timeout (139-143), so intended path's timer has fired before test returns and there is no remaining timer to release. Earlier return would fail the test assertions; repository scan incomplete.
yandex/pandora	d024ba72afe8acd47ddab7579ee6ea69cdf97423	goroutineownership	core/aggregator/encoder_test.go:224:3	goroutineownership/unjoined	true-positive	Test launches worker sending testee.Run result to unbuffered runErr at 225 but parent returns on tr.ctx.Done at 233-234 without receiving runErr. Worker can remain permanently blocked on result send. Repository scan incomplete.
yarpc/yarpc-go	1c3a9a5ee373224762d483f17fd23c0becd68420	goroutineownership	internal/service-test/main.go:82:2	goroutineownership/unjoined	true-positive	do starts runCmds worker that sends on unbuffered errC, but timeout arm returns without receiving errC (main.go:80-89); cleanupCmds may stop commands but cannot unblock the worker's eventual send. Repository scan incomplete; verdict applies to this emitted site.
