# repository	revision	analyzer	position	checks	verdict	reason
1Password/onepassword-operator	f89741bd429919774c6b58a8250a8cf06abf1031	resourcelifetime	pkg/onepassword/connect_setup.go:117:12	resourcelifetime/missing-release	true-positive	Opened YAML manifest is decoded but file never closed on decode/create error or success; returned Kubernetes object does not retain descriptor.
1Password/onepassword-operator	f89741bd429919774c6b58a8250a8cf06abf1031	resourcelifetime	pkg/onepassword/connect_setup.go:77:12	resourcelifetime/missing-release	true-positive	Opened YAML manifest is decoded but file never closed on decode/create error or success; returned Kubernetes object does not retain descriptor.
ArtisanCloud/PowerWeChat	36b2d0f6d5e5d34e9471ff633021781bd0946ea4	resourcelifetime	src/payment/kernel/baseClient.go:489:22	resourcelifetime/missing-release	true-positive	StreamDownload opens file for output or checksum and has its defer Close commented out; success and failure returns retain neither handle nor cleanup. ReadFrom/io.Copy do not close file.
ArtisanCloud/PowerWeChat	36b2d0f6d5e5d34e9471ff633021781bd0946ea4	resourcelifetime	src/payment/kernel/baseClient.go:514:28	resourcelifetime/missing-release	true-positive	StreamDownload opens file for output or checksum and has its defer Close commented out; success and failure returns retain neither handle nor cleanup. ReadFrom/io.Copy do not close file.
Compresr-ai/Context-Gateway	9f419beb0015a3c1094b1c567abd6aff196cb9ee	lockorder	internal/config/reloader.go:162:3	lockorder/missing-release	true-positive	Update holds r.mu.Lock and returns on validation/persist failure before the explicit Unlock on success; no deferred unlock covers these errors.
Compresr-ai/Context-Gateway	9f419beb0015a3c1094b1c567abd6aff196cb9ee	lockorder	internal/config/reloader.go:168:4	lockorder/missing-release	true-positive	Update holds r.mu.Lock and returns on validation/persist failure before the explicit Unlock on success; no deferred unlock covers these errors.
Compresr-ai/Context-Gateway	9f419beb0015a3c1094b1c567abd6aff196cb9ee	resourcelifetime	internal/monitoring/telemetry.go:103:13	resourcelifetime/missing-release	true-positive	Constructor retains handle in local Tracker but later directory/other log initialization can return nil,error without Tracker.Close; success owner return does not cover partial-construction errors.
Compresr-ai/Context-Gateway	9f419beb0015a3c1094b1c567abd6aff196cb9ee	resourcelifetime	internal/monitoring/telemetry.go:65:13	resourcelifetime/missing-release	true-positive	Constructor retains handle in local Tracker but later directory/other log initialization can return nil,error without Tracker.Close; success owner return does not cover partial-construction errors.
Compresr-ai/Context-Gateway	9f419beb0015a3c1094b1c567abd6aff196cb9ee	resourcelifetime	internal/monitoring/telemetry.go:77:13	resourcelifetime/missing-release	true-positive	Constructor retains handle in local Tracker but later directory/other log initialization can return nil,error without Tracker.Close; success owner return does not cover partial-construction errors.
Compresr-ai/Context-Gateway	9f419beb0015a3c1094b1c567abd6aff196cb9ee	resourcelifetime	internal/monitoring/telemetry.go:89:13	resourcelifetime/missing-release	true-positive	Constructor retains handle in local Tracker but later directory/other log initialization can return nil,error without Tracker.Close; success owner return does not cover partial-construction errors.
Control-D-Inc/ctrld	37c33315591632c5f08df8062d1c77e07b3a465f	lockorder	resolver_test.go:364:2	lockorder/recursive-acquire	false-positive	runLocalPacketConnTestServer first locks startup gate then assigns waitLock.Unlock to server.NotifyStartedFunc. Started goroutine ActivateAndServe invokes callback before serve loop (pinned miekg/dns v1.1.58 server.go:497), allowing second Lock; deliberate cross-goroutine unlock, not recursive self-deadlock.
Control-D-Inc/ctrld	37c33315591632c5f08df8062d1c77e07b3a465f	oncepolicy	cmd/cli/dns_proxy.go:852:33	oncepolicy/discarded-wrapper	true-positive	runDNSServer NotifyStartedFunc creates and immediately invokes fresh OnceFunc on every callback invocation; server startup plus later ListenAndServe error callback can repeat close(startedCh), so wrapper does not provide advertised once protection.
Control-D-Inc/ctrld	37c33315591632c5f08df8062d1c77e07b3a465f	oncepolicy	doh.go:64:24	oncepolicy/discarded-wrapper	false-positive	dohOsHeaderValue is a package variable initializer: immediately invoked OnceValue computes string exactly once during package initialization and stores result globally. Wrapper is redundant but no repeatable call-site or lost once guarantee exists.
Control-D-Inc/ctrld	37c33315591632c5f08df8062d1c77e07b3a465f	resourcelifetime	cmd/cli/log_writer.go:190:12	resourcelifetime/missing-release	true-positive	logReader opens configured log, then Stat error or zero-size branch returns nil before returning constructed logReader owner; local lr.r=f does not transfer on these errors and f is not closed.
Control-D-Inc/ctrld	37c33315591632c5f08df8062d1c77e07b3a465f	resourcelifetime	internal/router/dnsmasq/conf.go:61:15	resourcelifetime/missing-release	true-positive	leaseFileFromConfigFileName opens file and returns leaseFileFromReader string; callee only scans borrowed io.Reader and never closes, so each config parse loses descriptor.
Deep-ai-inc/ch.at	f888890e77f3d766c67be2544371d8c3b7a14fa5	resourcelifetime	cmd/selftest/main.go:115:15	resourcelifetime/missing-release	false-positive	Exact response/error pair is passed to checkResponse, which defers resp.Body.Close on successful HTTP operation. Client error means no live body requiring helper cleanup (redirect error body already closed).
Deep-ai-inc/ch.at	f888890e77f3d766c67be2544371d8c3b7a14fa5	resourcelifetime	cmd/selftest/main.go:122:14	resourcelifetime/missing-release	false-positive	Exact response/error pair is passed to checkResponse, which defers resp.Body.Close on successful HTTP operation. Client error means no live body requiring helper cleanup (redirect error body already closed).
Deep-ai-inc/ch.at	f888890e77f3d766c67be2544371d8c3b7a14fa5	resourcelifetime	cmd/selftest/main.go:129:14	resourcelifetime/missing-release	false-positive	Exact response/error pair is passed to checkResponse, which defers resp.Body.Close on successful HTTP operation. Client error means no live body requiring helper cleanup (redirect error body already closed).
Deep-ai-inc/ch.at	f888890e77f3d766c67be2544371d8c3b7a14fa5	resourcelifetime	cmd/selftest/main.go:138:14	resourcelifetime/missing-release	true-positive	JSON/API selftest closes body only when err nil and status200; non-200 response branch continues to later tests without consuming or closing error body.
Deep-ai-inc/ch.at	f888890e77f3d766c67be2544371d8c3b7a14fa5	resourcelifetime	cmd/selftest/main.go:172:14	resourcelifetime/missing-release	true-positive	JSON/API selftest closes body only when err nil and status200; non-200 response branch continues to later tests without consuming or closing error body.
EchoVault/SugarDB	b0744d9160b5018b203f0b80239d48720a901cb4	resourcelifetime	internal/snapshot/snapshot.go:184:13	resourcelifetime/missing-release	true-positive	Existing manifest Open succeeds but ReadAll error returns before Close.
EchoVault/SugarDB	b0744d9160b5018b203f0b80239d48720a901cb4	resourcelifetime	internal/snapshot/snapshot.go:188:14	resourcelifetime/missing-release	true-positive	Fallback manifest Create succeeds but ReadAll error returns before Close.
EchoVault/SugarDB	b0744d9160b5018b203f0b80239d48720a901cb4	resourcelifetime	internal/snapshot/snapshot.go:245:12	resourcelifetime/missing-release	true-positive	Manifest replacement Create succeeds but mf.Write failure returns before mf.Close.
EchoVault/SugarDB	b0744d9160b5018b203f0b80239d48720a901cb4	resourcelifetime	sugardb/sugardb.go:278:21	resourcelifetime/missing-release	true-positive	NewAOFEngine retains file-backed preamble/append stores. Later invalid TLS certificate configuration returns nil SugarDB owner without closing its initialized aofEngine.
EchoVault/SugarDB	b0744d9160b5018b203f0b80239d48720a901cb4	resourcelifetime	sugardb/sugardb.go:428:16	resourcelifetime/missing-release	true-positive	Each client CA certificate file is opened and read but never closed; copied certificate bytes do not transfer file ownership.
HM2899/grokcli-2api	33a106d902d7627d1cdbc3359768a029112ea808	goroutineownership	internal/proxy/chat_test.go:1086:2	goroutineownership/unjoined	false-positive	Intentional finite delayed pipe producer tests return before remote close. Short mode closes pw; normal hollow timeout guard closes pumped reader, releasing writes, then worker finishes bounded sleep and Close. Test explicitly discards done because waiting would defeat return-latency assertion; no indefinitely abandoned blocking operation.
Hackmanit/Web-Cache-Vulnerability-Scanner	75159ea557772447a7760184e1f08e3cc3395090	resourcelifetime	pkg/report.go:78:15	resourcelifetime/missing-release	true-positive	GenerateReport defers file.Close before assigning opened file; defer captures nil receiver immediately. Actual successful file is written and returned from without Close.
Humpheh/goboy	ef499ef7a0f0d6750723ec578280bbe6928f12c7	resourcelifetime	pkg/cart/controller.go:241:17	resourcelifetime/missing-release	true-positive	zip.OpenReader retains archive descriptor but loadZIPData never closes it on wrong-entry-count, entry Open error, or returned byte data.
KarnerTh/mermerd	c2002df3c3a8ee304a83226aab230367bca46b81	resourcelifetime	database/mssql.go:113:15	resourcelifetime/missing-release	true-positive	Query rows are exhausted on normal success but rows.Scan error returns early without Close or defer. Automatic Next exhaustion cleanup does not cover early scan/conversion failures.
KarnerTh/mermerd	c2002df3c3a8ee304a83226aab230367bca46b81	resourcelifetime	database/mssql.go:164:15	resourcelifetime/missing-release	true-positive	Query rows are exhausted on normal success but rows.Scan error returns early without Close or defer. Automatic Next exhaustion cleanup does not cover early scan/conversion failures.
KarnerTh/mermerd	c2002df3c3a8ee304a83226aab230367bca46b81	resourcelifetime	database/mssql.go:62:15	resourcelifetime/missing-release	true-positive	Query rows are exhausted on normal success but rows.Scan error returns early without Close or defer. Automatic Next exhaustion cleanup does not cover early scan/conversion failures.
KarnerTh/mermerd	c2002df3c3a8ee304a83226aab230367bca46b81	resourcelifetime	database/mssql.go:87:15	resourcelifetime/missing-release	true-positive	Query rows are exhausted on normal success but rows.Scan error returns early without Close or defer. Automatic Next exhaustion cleanup does not cover early scan/conversion failures.
KarnerTh/mermerd	c2002df3c3a8ee304a83226aab230367bca46b81	resourcelifetime	database/mysql.go:136:15	resourcelifetime/missing-release	true-positive	Query rows are exhausted on normal success but rows.Scan error returns early without Close or defer. Automatic Next exhaustion cleanup does not cover early scan/conversion failures.
KarnerTh/mermerd	c2002df3c3a8ee304a83226aab230367bca46b81	resourcelifetime	database/mysql.go:39:15	resourcelifetime/missing-release	true-positive	Query rows are exhausted on normal success but rows.Scan error returns early without Close or defer. Automatic Next exhaustion cleanup does not cover early scan/conversion failures.
KarnerTh/mermerd	c2002df3c3a8ee304a83226aab230367bca46b81	resourcelifetime	database/mysql.go:62:15	resourcelifetime/missing-release	true-positive	Query rows are exhausted on normal success but rows.Scan error returns early without Close or defer. Automatic Next exhaustion cleanup does not cover early scan/conversion failures.
KarnerTh/mermerd	c2002df3c3a8ee304a83226aab230367bca46b81	resourcelifetime	database/mysql.go:88:15	resourcelifetime/missing-release	true-positive	Query rows are exhausted on normal success but rows.Scan error returns early without Close or defer. Automatic Next exhaustion cleanup does not cover early scan/conversion failures.
KarnerTh/mermerd	c2002df3c3a8ee304a83226aab230367bca46b81	resourcelifetime	database/postgres.go:155:15	resourcelifetime/missing-release	true-positive	Query rows are exhausted on normal success but rows.Scan error returns early without Close or defer. Automatic Next exhaustion cleanup does not cover early scan/conversion failures.
KarnerTh/mermerd	c2002df3c3a8ee304a83226aab230367bca46b81	resourcelifetime	database/postgres.go:39:15	resourcelifetime/missing-release	true-positive	Query rows are exhausted on normal success but rows.Scan error returns early without Close or defer. Automatic Next exhaustion cleanup does not cover early scan/conversion failures.
KarnerTh/mermerd	c2002df3c3a8ee304a83226aab230367bca46b81	resourcelifetime	database/postgres.go:59:15	resourcelifetime/missing-release	true-positive	Query rows are exhausted on normal success but rows.Scan error returns early without Close or defer. Automatic Next exhaustion cleanup does not cover early scan/conversion failures.
KarnerTh/mermerd	c2002df3c3a8ee304a83226aab230367bca46b81	resourcelifetime	database/postgres.go:85:15	resourcelifetime/missing-release	true-positive	Query rows are exhausted on normal success but rows.Scan error returns early without Close or defer. Automatic Next exhaustion cleanup does not cover early scan/conversion failures.
KarnerTh/mermerd	c2002df3c3a8ee304a83226aab230367bca46b81	resourcelifetime	database/sqlite.go:116:15	resourcelifetime/missing-release	true-positive	Query rows are exhausted on normal success but rows.Scan error returns early without Close or defer. Automatic Next exhaustion cleanup does not cover early scan/conversion failures.
KarnerTh/mermerd	c2002df3c3a8ee304a83226aab230367bca46b81	resourcelifetime	database/sqlite.go:55:15	resourcelifetime/missing-release	true-positive	Query rows are exhausted on normal success but rows.Scan error returns early without Close or defer. Automatic Next exhaustion cleanup does not cover early scan/conversion failures.
KarnerTh/mermerd	c2002df3c3a8ee304a83226aab230367bca46b81	resourcelifetime	database/sqlite.go:78:15	resourcelifetime/missing-release	true-positive	Query rows are exhausted on normal success but rows.Scan error returns early without Close or defer. Automatic Next exhaustion cleanup does not cover early scan/conversion failures.
PaulSonOfLars/gotgbot	240296efadb48039aee6972068ca32b8bd6d793e	evalorder	gen_methods.go:1000:30	evalorder/operand-mutation	true-positive	var s string; return s, json.Unmarshal(r, &s): Unmarshal receives the address of the returned root, including nil-pointer/slice-header replacements, not merely a preallocated pointee. Relative evaluation of the non-call result operand and mutation is unspecified, so this is an operand-order hazard.
PaulSonOfLars/gotgbot	240296efadb48039aee6972068ca32b8bd6d793e	evalorder	gen_methods.go:1048:30	evalorder/operand-mutation	true-positive	var b bool; return b, json.Unmarshal(r, &b): Unmarshal receives the address of the returned root, including nil-pointer/slice-header replacements, not merely a preallocated pointee. Relative evaluation of the non-call result operand and mutation is unspecified, so this is an operand-order hazard.
PaulSonOfLars/gotgbot	240296efadb48039aee6972068ca32b8bd6d793e	evalorder	gen_methods.go:1084:30	evalorder/operand-mutation	true-positive	var b bool; return b, json.Unmarshal(r, &b): Unmarshal receives the address of the returned root, including nil-pointer/slice-header replacements, not merely a preallocated pointee. Relative evaluation of the non-call result operand and mutation is unspecified, so this is an operand-order hazard.
PaulSonOfLars/gotgbot	240296efadb48039aee6972068ca32b8bd6d793e	evalorder	gen_methods.go:1125:30	evalorder/operand-mutation	true-positive	var b bool; return b, json.Unmarshal(r, &b): Unmarshal receives the address of the returned root, including nil-pointer/slice-header replacements, not merely a preallocated pointee. Relative evaluation of the non-call result operand and mutation is unspecified, so this is an operand-order hazard.
PaulSonOfLars/gotgbot	240296efadb48039aee6972068ca32b8bd6d793e	evalorder	gen_methods.go:1167:30	evalorder/operand-mutation	true-positive	var b bool; return b, json.Unmarshal(r, &b): Unmarshal receives the address of the returned root, including nil-pointer/slice-header replacements, not merely a preallocated pointee. Relative evaluation of the non-call result operand and mutation is unspecified, so this is an operand-order hazard.
PaulSonOfLars/gotgbot	240296efadb48039aee6972068ca32b8bd6d793e	evalorder	gen_methods.go:1203:30	evalorder/operand-mutation	true-positive	var b bool; return b, json.Unmarshal(r, &b): Unmarshal receives the address of the returned root, including nil-pointer/slice-header replacements, not merely a preallocated pointee. Relative evaluation of the non-call result operand and mutation is unspecified, so this is an operand-order hazard.
PaulSonOfLars/gotgbot	240296efadb48039aee6972068ca32b8bd6d793e	evalorder	gen_methods.go:1237:30	evalorder/operand-mutation	true-positive	var b bool; return b, json.Unmarshal(r, &b): Unmarshal receives the address of the returned root, including nil-pointer/slice-header replacements, not merely a preallocated pointee. Relative evaluation of the non-call result operand and mutation is unspecified, so this is an operand-order hazard.
PaulSonOfLars/gotgbot	240296efadb48039aee6972068ca32b8bd6d793e	evalorder	gen_methods.go:1271:30	evalorder/operand-mutation	true-positive	var b bool; return b, json.Unmarshal(r, &b): Unmarshal receives the address of the returned root, including nil-pointer/slice-header replacements, not merely a preallocated pointee. Relative evaluation of the non-call result operand and mutation is unspecified, so this is an operand-order hazard.
PaulSonOfLars/gotgbot	240296efadb48039aee6972068ca32b8bd6d793e	evalorder	gen_methods.go:1309:30	evalorder/operand-mutation	true-positive	var b bool; return b, json.Unmarshal(r, &b): Unmarshal receives the address of the returned root, including nil-pointer/slice-header replacements, not merely a preallocated pointee. Relative evaluation of the non-call result operand and mutation is unspecified, so this is an operand-order hazard.
PaulSonOfLars/gotgbot	240296efadb48039aee6972068ca32b8bd6d793e	evalorder	gen_methods.go:130:30	evalorder/operand-mutation	true-positive	var b bool; return b, json.Unmarshal(r, &b): Unmarshal receives the address of the returned root, including nil-pointer/slice-header replacements, not merely a preallocated pointee. Relative evaluation of the non-call result operand and mutation is unspecified, so this is an operand-order hazard.
PaulSonOfLars/gotgbot	240296efadb48039aee6972068ca32b8bd6d793e	evalorder	gen_methods.go:1345:30	evalorder/operand-mutation	true-positive	var b bool; return b, json.Unmarshal(r, &b): Unmarshal receives the address of the returned root, including nil-pointer/slice-header replacements, not merely a preallocated pointee. Relative evaluation of the non-call result operand and mutation is unspecified, so this is an operand-order hazard.
PaulSonOfLars/gotgbot	240296efadb48039aee6972068ca32b8bd6d793e	evalorder	gen_methods.go:1392:30	evalorder/operand-mutation	true-positive	var b bool; return b, json.Unmarshal(r, &b): Unmarshal receives the address of the returned root, including nil-pointer/slice-header replacements, not merely a preallocated pointee. Relative evaluation of the non-call result operand and mutation is unspecified, so this is an operand-order hazard.
PaulSonOfLars/gotgbot	240296efadb48039aee6972068ca32b8bd6d793e	evalorder	gen_methods.go:1436:30	evalorder/operand-mutation	true-positive	var b bool; return b, json.Unmarshal(r, &b): Unmarshal receives the address of the returned root, including nil-pointer/slice-header replacements, not merely a preallocated pointee. Relative evaluation of the non-call result operand and mutation is unspecified, so this is an operand-order hazard.
PaulSonOfLars/gotgbot	240296efadb48039aee6972068ca32b8bd6d793e	evalorder	gen_methods.go:1472:30	evalorder/operand-mutation	true-positive	var b bool; return b, json.Unmarshal(r, &b): Unmarshal receives the address of the returned root, including nil-pointer/slice-header replacements, not merely a preallocated pointee. Relative evaluation of the non-call result operand and mutation is unspecified, so this is an operand-order hazard.
PaulSonOfLars/gotgbot	240296efadb48039aee6972068ca32b8bd6d793e	evalorder	gen_methods.go:1512:30	evalorder/operand-mutation	true-positive	var b bool; return b, json.Unmarshal(r, &b): Unmarshal receives the address of the returned root, including nil-pointer/slice-header replacements, not merely a preallocated pointee. Relative evaluation of the non-call result operand and mutation is unspecified, so this is an operand-order hazard.
PaulSonOfLars/gotgbot	240296efadb48039aee6972068ca32b8bd6d793e	evalorder	gen_methods.go:1546:30	evalorder/operand-mutation	true-positive	var b bool; return b, json.Unmarshal(r, &b): Unmarshal receives the address of the returned root, including nil-pointer/slice-header replacements, not merely a preallocated pointee. Relative evaluation of the non-call result operand and mutation is unspecified, so this is an operand-order hazard.
PaulSonOfLars/gotgbot	240296efadb48039aee6972068ca32b8bd6d793e	evalorder	gen_methods.go:1580:30	evalorder/operand-mutation	true-positive	var b bool; return b, json.Unmarshal(r, &b): Unmarshal receives the address of the returned root, including nil-pointer/slice-header replacements, not merely a preallocated pointee. Relative evaluation of the non-call result operand and mutation is unspecified, so this is an operand-order hazard.
PaulSonOfLars/gotgbot	240296efadb48039aee6972068ca32b8bd6d793e	evalorder	gen_methods.go:1616:30	evalorder/operand-mutation	true-positive	var b bool; return b, json.Unmarshal(r, &b): Unmarshal receives the address of the returned root, including nil-pointer/slice-header replacements, not merely a preallocated pointee. Relative evaluation of the non-call result operand and mutation is unspecified, so this is an operand-order hazard.
PaulSonOfLars/gotgbot	240296efadb48039aee6972068ca32b8bd6d793e	evalorder	gen_methods.go:1653:30	evalorder/operand-mutation	true-positive	var b bool; return b, json.Unmarshal(r, &b): Unmarshal receives the address of the returned root, including nil-pointer/slice-header replacements, not merely a preallocated pointee. Relative evaluation of the non-call result operand and mutation is unspecified, so this is an operand-order hazard.
PaulSonOfLars/gotgbot	240296efadb48039aee6972068ca32b8bd6d793e	evalorder	gen_methods.go:166:30	evalorder/operand-mutation	true-positive	var s *SentGuestMessage; return s, json.Unmarshal(r, &s): Unmarshal receives the address of the returned root, including nil-pointer/slice-header replacements, not merely a preallocated pointee. Relative evaluation of the non-call result operand and mutation is unspecified, so this is an operand-order hazard.
PaulSonOfLars/gotgbot	240296efadb48039aee6972068ca32b8bd6d793e	evalorder	gen_methods.go:1703:30	evalorder/operand-mutation	true-positive	var c *ChatInviteLink; return c, json.Unmarshal(r, &c): Unmarshal receives the address of the returned root, including nil-pointer/slice-header replacements, not merely a preallocated pointee. Relative evaluation of the non-call result operand and mutation is unspecified, so this is an operand-order hazard.
PaulSonOfLars/gotgbot	240296efadb48039aee6972068ca32b8bd6d793e	evalorder	gen_methods.go:1744:30	evalorder/operand-mutation	true-positive	var c *ChatInviteLink; return c, json.Unmarshal(r, &c): Unmarshal receives the address of the returned root, including nil-pointer/slice-header replacements, not merely a preallocated pointee. Relative evaluation of the non-call result operand and mutation is unspecified, so this is an operand-order hazard.
PaulSonOfLars/gotgbot	240296efadb48039aee6972068ca32b8bd6d793e	evalorder	gen_methods.go:1799:30	evalorder/operand-mutation	true-positive	var b bool; return b, json.Unmarshal(r, &b): Unmarshal receives the address of the returned root, including nil-pointer/slice-header replacements, not merely a preallocated pointee. Relative evaluation of the non-call result operand and mutation is unspecified, so this is an operand-order hazard.
PaulSonOfLars/gotgbot	240296efadb48039aee6972068ca32b8bd6d793e	evalorder	gen_methods.go:1844:30	evalorder/operand-mutation	true-positive	var b bool; return b, json.Unmarshal(r, &b): Unmarshal receives the address of the returned root, including nil-pointer/slice-header replacements, not merely a preallocated pointee. Relative evaluation of the non-call result operand and mutation is unspecified, so this is an operand-order hazard.
PaulSonOfLars/gotgbot	240296efadb48039aee6972068ca32b8bd6d793e	evalorder	gen_methods.go:1887:30	evalorder/operand-mutation	true-positive	var b bool; return b, json.Unmarshal(r, &b): Unmarshal receives the address of the returned root, including nil-pointer/slice-header replacements, not merely a preallocated pointee. Relative evaluation of the non-call result operand and mutation is unspecified, so this is an operand-order hazard.
PaulSonOfLars/gotgbot	240296efadb48039aee6972068ca32b8bd6d793e	evalorder	gen_methods.go:1945:30	evalorder/operand-mutation	true-positive	var b bool; return b, json.Unmarshal(r, &b): Unmarshal receives the address of the returned root, including nil-pointer/slice-header replacements, not merely a preallocated pointee. Relative evaluation of the non-call result operand and mutation is unspecified, so this is an operand-order hazard.
PaulSonOfLars/gotgbot	240296efadb48039aee6972068ca32b8bd6d793e	evalorder	gen_methods.go:1989:30	evalorder/operand-mutation	true-positive	var b bool; return b, json.Unmarshal(r, &b): Unmarshal receives the address of the returned root, including nil-pointer/slice-header replacements, not merely a preallocated pointee. Relative evaluation of the non-call result operand and mutation is unspecified, so this is an operand-order hazard.
PaulSonOfLars/gotgbot	240296efadb48039aee6972068ca32b8bd6d793e	evalorder	gen_methods.go:2025:30	evalorder/operand-mutation	true-positive	var b bool; return b, json.Unmarshal(r, &b): Unmarshal receives the address of the returned root, including nil-pointer/slice-header replacements, not merely a preallocated pointee. Relative evaluation of the non-call result operand and mutation is unspecified, so this is an operand-order hazard.
PaulSonOfLars/gotgbot	240296efadb48039aee6972068ca32b8bd6d793e	evalorder	gen_methods.go:2139:30	evalorder/operand-mutation	true-positive	var m *Message; return m, json.Unmarshal(r, &m): Unmarshal receives the address of the returned root, including nil-pointer/slice-header replacements, not merely a preallocated pointee. Relative evaluation of the non-call result operand and mutation is unspecified, so this is an operand-order hazard.
PaulSonOfLars/gotgbot	240296efadb48039aee6972068ca32b8bd6d793e	evalorder	gen_methods.go:217:30	evalorder/operand-mutation	true-positive	var b bool; return b, json.Unmarshal(r, &b): Unmarshal receives the address of the returned root, including nil-pointer/slice-header replacements, not merely a preallocated pointee. Relative evaluation of the non-call result operand and mutation is unspecified, so this is an operand-order hazard.
PaulSonOfLars/gotgbot	240296efadb48039aee6972068ca32b8bd6d793e	evalorder	gen_methods.go:2452:30	evalorder/operand-mutation	true-positive	var s *Story; return s, json.Unmarshal(r, &s): Unmarshal receives the address of the returned root, including nil-pointer/slice-header replacements, not merely a preallocated pointee. Relative evaluation of the non-call result operand and mutation is unspecified, so this is an operand-order hazard.
PaulSonOfLars/gotgbot	240296efadb48039aee6972068ca32b8bd6d793e	evalorder	gen_methods.go:2490:30	evalorder/operand-mutation	true-positive	var b bool; return b, json.Unmarshal(r, &b): Unmarshal receives the address of the returned root, including nil-pointer/slice-header replacements, not merely a preallocated pointee. Relative evaluation of the non-call result operand and mutation is unspecified, so this is an operand-order hazard.
PaulSonOfLars/gotgbot	240296efadb48039aee6972068ca32b8bd6d793e	evalorder	gen_methods.go:2524:30	evalorder/operand-mutation	true-positive	var s string; return s, json.Unmarshal(r, &s): Unmarshal receives the address of the returned root, including nil-pointer/slice-header replacements, not merely a preallocated pointee. Relative evaluation of the non-call result operand and mutation is unspecified, so this is an operand-order hazard.
PaulSonOfLars/gotgbot	240296efadb48039aee6972068ca32b8bd6d793e	evalorder	gen_methods.go:2585:30	evalorder/operand-mutation	true-positive	var m *Message; return m, json.Unmarshal(r, &m): Unmarshal receives the address of the returned root, including nil-pointer/slice-header replacements, not merely a preallocated pointee. Relative evaluation of the non-call result operand and mutation is unspecified, so this is an operand-order hazard.
PaulSonOfLars/gotgbot	240296efadb48039aee6972068ca32b8bd6d793e	evalorder	gen_methods.go:258:30	evalorder/operand-mutation	true-positive	var b bool; return b, json.Unmarshal(r, &b): Unmarshal receives the address of the returned root, including nil-pointer/slice-header replacements, not merely a preallocated pointee. Relative evaluation of the non-call result operand and mutation is unspecified, so this is an operand-order hazard.
PaulSonOfLars/gotgbot	240296efadb48039aee6972068ca32b8bd6d793e	evalorder	gen_methods.go:2637:30	evalorder/operand-mutation	true-positive	var m []MessageId; return m, json.Unmarshal(r, &m): Unmarshal receives the address of the returned root, including nil-pointer/slice-header replacements, not merely a preallocated pointee. Relative evaluation of the non-call result operand and mutation is unspecified, so this is an operand-order hazard.
PaulSonOfLars/gotgbot	240296efadb48039aee6972068ca32b8bd6d793e	evalorder	gen_methods.go:2669:30	evalorder/operand-mutation	true-positive	var g *Gifts; return g, json.Unmarshal(r, &g): Unmarshal receives the address of the returned root, including nil-pointer/slice-header replacements, not merely a preallocated pointee. Relative evaluation of the non-call result operand and mutation is unspecified, so this is an operand-order hazard.
PaulSonOfLars/gotgbot	240296efadb48039aee6972068ca32b8bd6d793e	evalorder	gen_methods.go:2735:30	evalorder/operand-mutation	true-positive	var o *OwnedGifts; return o, json.Unmarshal(r, &o): Unmarshal receives the address of the returned root, including nil-pointer/slice-header replacements, not merely a preallocated pointee. Relative evaluation of the non-call result operand and mutation is unspecified, so this is an operand-order hazard.
PaulSonOfLars/gotgbot	240296efadb48039aee6972068ca32b8bd6d793e	evalorder	gen_methods.go:2769:30	evalorder/operand-mutation	true-positive	var s *StarAmount; return s, json.Unmarshal(r, &s): Unmarshal receives the address of the returned root, including nil-pointer/slice-header replacements, not merely a preallocated pointee. Relative evaluation of the non-call result operand and mutation is unspecified, so this is an operand-order hazard.
PaulSonOfLars/gotgbot	240296efadb48039aee6972068ca32b8bd6d793e	evalorder	gen_methods.go:2803:30	evalorder/operand-mutation	true-positive	var b *BusinessConnection; return b, json.Unmarshal(r, &b): Unmarshal receives the address of the returned root, including nil-pointer/slice-header replacements, not merely a preallocated pointee. Relative evaluation of the non-call result operand and mutation is unspecified, so this is an operand-order hazard.
PaulSonOfLars/gotgbot	240296efadb48039aee6972068ca32b8bd6d793e	evalorder	gen_methods.go:2837:30	evalorder/operand-mutation	true-positive	var c *ChatFullInfo; return c, json.Unmarshal(r, &c): Unmarshal receives the address of the returned root, including nil-pointer/slice-header replacements, not merely a preallocated pointee. Relative evaluation of the non-call result operand and mutation is unspecified, so this is an operand-order hazard.
PaulSonOfLars/gotgbot	240296efadb48039aee6972068ca32b8bd6d793e	evalorder	gen_methods.go:2941:30	evalorder/operand-mutation	true-positive	var o *OwnedGifts; return o, json.Unmarshal(r, &o): Unmarshal receives the address of the returned root, including nil-pointer/slice-header replacements, not merely a preallocated pointee. Relative evaluation of the non-call result operand and mutation is unspecified, so this is an operand-order hazard.
PaulSonOfLars/gotgbot	240296efadb48039aee6972068ca32b8bd6d793e	evalorder	gen_methods.go:3010:30	evalorder/operand-mutation	true-positive	var i int64; return i, json.Unmarshal(r, &i): Unmarshal receives the address of the returned root, including nil-pointer/slice-header replacements, not merely a preallocated pointee. Relative evaluation of the non-call result operand and mutation is unspecified, so this is an operand-order hazard.
PaulSonOfLars/gotgbot	240296efadb48039aee6972068ca32b8bd6d793e	evalorder	gen_methods.go:302:30	evalorder/operand-mutation	true-positive	var b bool; return b, json.Unmarshal(r, &b): Unmarshal receives the address of the returned root, including nil-pointer/slice-header replacements, not merely a preallocated pointee. Relative evaluation of the non-call result operand and mutation is unspecified, so this is an operand-order hazard.
PaulSonOfLars/gotgbot	240296efadb48039aee6972068ca32b8bd6d793e	evalorder	gen_methods.go:3080:30	evalorder/operand-mutation	true-positive	var s []Sticker; return s, json.Unmarshal(r, &s): Unmarshal receives the address of the returned root, including nil-pointer/slice-header replacements, not merely a preallocated pointee. Relative evaluation of the non-call result operand and mutation is unspecified, so this is an operand-order hazard.
PaulSonOfLars/gotgbot	240296efadb48039aee6972068ca32b8bd6d793e	evalorder	gen_methods.go:3115:30	evalorder/operand-mutation	true-positive	var f *File; return f, json.Unmarshal(r, &f): Unmarshal receives the address of the returned root, including nil-pointer/slice-header replacements, not merely a preallocated pointee. Relative evaluation of the non-call result operand and mutation is unspecified, so this is an operand-order hazard.
PaulSonOfLars/gotgbot	240296efadb48039aee6972068ca32b8bd6d793e	evalorder	gen_methods.go:3147:30	evalorder/operand-mutation	true-positive	var s []Sticker; return s, json.Unmarshal(r, &s): Unmarshal receives the address of the returned root, including nil-pointer/slice-header replacements, not merely a preallocated pointee. Relative evaluation of the non-call result operand and mutation is unspecified, so this is an operand-order hazard.
PaulSonOfLars/gotgbot	240296efadb48039aee6972068ca32b8bd6d793e	evalorder	gen_methods.go:3192:30	evalorder/operand-mutation	true-positive	var g []GameHighScore; return g, json.Unmarshal(r, &g): Unmarshal receives the address of the returned root, including nil-pointer/slice-header replacements, not merely a preallocated pointee. Relative evaluation of the non-call result operand and mutation is unspecified, so this is an operand-order hazard.
PaulSonOfLars/gotgbot	240296efadb48039aee6972068ca32b8bd6d793e	evalorder	gen_methods.go:3226:30	evalorder/operand-mutation	true-positive	var b *BotAccessSettings; return b, json.Unmarshal(r, &b): Unmarshal receives the address of the returned root, including nil-pointer/slice-header replacements, not merely a preallocated pointee. Relative evaluation of the non-call result operand and mutation is unspecified, so this is an operand-order hazard.
PaulSonOfLars/gotgbot	240296efadb48039aee6972068ca32b8bd6d793e	evalorder	gen_methods.go:3260:30	evalorder/operand-mutation	true-positive	var s string; return s, json.Unmarshal(r, &s): Unmarshal receives the address of the returned root, including nil-pointer/slice-header replacements, not merely a preallocated pointee. Relative evaluation of the non-call result operand and mutation is unspecified, so this is an operand-order hazard.
PaulSonOfLars/gotgbot	240296efadb48039aee6972068ca32b8bd6d793e	evalorder	gen_methods.go:3292:30	evalorder/operand-mutation	true-positive	var u *User; return u, json.Unmarshal(r, &u): Unmarshal receives the address of the returned root, including nil-pointer/slice-header replacements, not merely a preallocated pointee. Relative evaluation of the non-call result operand and mutation is unspecified, so this is an operand-order hazard.
PaulSonOfLars/gotgbot	240296efadb48039aee6972068ca32b8bd6d793e	evalorder	gen_methods.go:3332:30	evalorder/operand-mutation	true-positive	var b []BotCommand; return b, json.Unmarshal(r, &b): Unmarshal receives the address of the returned root, including nil-pointer/slice-header replacements, not merely a preallocated pointee. Relative evaluation of the non-call result operand and mutation is unspecified, so this is an operand-order hazard.
PaulSonOfLars/gotgbot	240296efadb48039aee6972068ca32b8bd6d793e	evalorder	gen_methods.go:3369:30	evalorder/operand-mutation	true-positive	var c *ChatAdministratorRights; return c, json.Unmarshal(r, &c): Unmarshal receives the address of the returned root, including nil-pointer/slice-header replacements, not merely a preallocated pointee. Relative evaluation of the non-call result operand and mutation is unspecified, so this is an operand-order hazard.
PaulSonOfLars/gotgbot	240296efadb48039aee6972068ca32b8bd6d793e	evalorder	gen_methods.go:338:30	evalorder/operand-mutation	true-positive	var s *SentWebAppMessage; return s, json.Unmarshal(r, &s): Unmarshal receives the address of the returned root, including nil-pointer/slice-header replacements, not merely a preallocated pointee. Relative evaluation of the non-call result operand and mutation is unspecified, so this is an operand-order hazard.
PaulSonOfLars/gotgbot	240296efadb48039aee6972068ca32b8bd6d793e	evalorder	gen_methods.go:3406:30	evalorder/operand-mutation	true-positive	var b *BotDescription; return b, json.Unmarshal(r, &b): Unmarshal receives the address of the returned root, including nil-pointer/slice-header replacements, not merely a preallocated pointee. Relative evaluation of the non-call result operand and mutation is unspecified, so this is an operand-order hazard.
PaulSonOfLars/gotgbot	240296efadb48039aee6972068ca32b8bd6d793e	evalorder	gen_methods.go:3443:30	evalorder/operand-mutation	true-positive	var b *BotName; return b, json.Unmarshal(r, &b): Unmarshal receives the address of the returned root, including nil-pointer/slice-header replacements, not merely a preallocated pointee. Relative evaluation of the non-call result operand and mutation is unspecified, so this is an operand-order hazard.
PaulSonOfLars/gotgbot	240296efadb48039aee6972068ca32b8bd6d793e	evalorder	gen_methods.go:3480:30	evalorder/operand-mutation	true-positive	var b *BotShortDescription; return b, json.Unmarshal(r, &b): Unmarshal receives the address of the returned root, including nil-pointer/slice-header replacements, not merely a preallocated pointee. Relative evaluation of the non-call result operand and mutation is unspecified, so this is an operand-order hazard.
PaulSonOfLars/gotgbot	240296efadb48039aee6972068ca32b8bd6d793e	evalorder	gen_methods.go:3512:30	evalorder/operand-mutation	true-positive	var s *StarAmount; return s, json.Unmarshal(r, &s): Unmarshal receives the address of the returned root, including nil-pointer/slice-header replacements, not merely a preallocated pointee. Relative evaluation of the non-call result operand and mutation is unspecified, so this is an operand-order hazard.
PaulSonOfLars/gotgbot	240296efadb48039aee6972068ca32b8bd6d793e	evalorder	gen_methods.go:3552:30	evalorder/operand-mutation	true-positive	var s *StarTransactions; return s, json.Unmarshal(r, &s): Unmarshal receives the address of the returned root, including nil-pointer/slice-header replacements, not merely a preallocated pointee. Relative evaluation of the non-call result operand and mutation is unspecified, so this is an operand-order hazard.
PaulSonOfLars/gotgbot	240296efadb48039aee6972068ca32b8bd6d793e	evalorder	gen_methods.go:3586:30	evalorder/operand-mutation	true-positive	var s *StickerSet; return s, json.Unmarshal(r, &s): Unmarshal receives the address of the returned root, including nil-pointer/slice-header replacements, not merely a preallocated pointee. Relative evaluation of the non-call result operand and mutation is unspecified, so this is an operand-order hazard.
PaulSonOfLars/gotgbot	240296efadb48039aee6972068ca32b8bd6d793e	evalorder	gen_methods.go:3632:30	evalorder/operand-mutation	true-positive	var u []Update; return u, json.Unmarshal(r, &u): Unmarshal receives the address of the returned root, including nil-pointer/slice-header replacements, not merely a preallocated pointee. Relative evaluation of the non-call result operand and mutation is unspecified, so this is an operand-order hazard.
PaulSonOfLars/gotgbot	240296efadb48039aee6972068ca32b8bd6d793e	evalorder	gen_methods.go:3668:30	evalorder/operand-mutation	true-positive	var u *UserChatBoosts; return u, json.Unmarshal(r, &u): Unmarshal receives the address of the returned root, including nil-pointer/slice-header replacements, not merely a preallocated pointee. Relative evaluation of the non-call result operand and mutation is unspecified, so this is an operand-order hazard.
PaulSonOfLars/gotgbot	240296efadb48039aee6972068ca32b8bd6d793e	evalorder	gen_methods.go:3728:30	evalorder/operand-mutation	true-positive	var o *OwnedGifts; return o, json.Unmarshal(r, &o): Unmarshal receives the address of the returned root, including nil-pointer/slice-header replacements, not merely a preallocated pointee. Relative evaluation of the non-call result operand and mutation is unspecified, so this is an operand-order hazard.
PaulSonOfLars/gotgbot	240296efadb48039aee6972068ca32b8bd6d793e	evalorder	gen_methods.go:374:30	evalorder/operand-mutation	true-positive	var b bool; return b, json.Unmarshal(r, &b): Unmarshal receives the address of the returned root, including nil-pointer/slice-header replacements, not merely a preallocated pointee. Relative evaluation of the non-call result operand and mutation is unspecified, so this is an operand-order hazard.
PaulSonOfLars/gotgbot	240296efadb48039aee6972068ca32b8bd6d793e	evalorder	gen_methods.go:3764:30	evalorder/operand-mutation	true-positive	var m []Message; return m, json.Unmarshal(r, &m): Unmarshal receives the address of the returned root, including nil-pointer/slice-header replacements, not merely a preallocated pointee. Relative evaluation of the non-call result operand and mutation is unspecified, so this is an operand-order hazard.
PaulSonOfLars/gotgbot	240296efadb48039aee6972068ca32b8bd6d793e	evalorder	gen_methods.go:3806:30	evalorder/operand-mutation	true-positive	var u *UserProfileAudios; return u, json.Unmarshal(r, &u): Unmarshal receives the address of the returned root, including nil-pointer/slice-header replacements, not merely a preallocated pointee. Relative evaluation of the non-call result operand and mutation is unspecified, so this is an operand-order hazard.
PaulSonOfLars/gotgbot	240296efadb48039aee6972068ca32b8bd6d793e	evalorder	gen_methods.go:3848:30	evalorder/operand-mutation	true-positive	var u *UserProfilePhotos; return u, json.Unmarshal(r, &u): Unmarshal receives the address of the returned root, including nil-pointer/slice-header replacements, not merely a preallocated pointee. Relative evaluation of the non-call result operand and mutation is unspecified, so this is an operand-order hazard.
PaulSonOfLars/gotgbot	240296efadb48039aee6972068ca32b8bd6d793e	evalorder	gen_methods.go:3880:30	evalorder/operand-mutation	true-positive	var w *WebhookInfo; return w, json.Unmarshal(r, &w): Unmarshal receives the address of the returned root, including nil-pointer/slice-header replacements, not merely a preallocated pointee. Relative evaluation of the non-call result operand and mutation is unspecified, so this is an operand-order hazard.
PaulSonOfLars/gotgbot	240296efadb48039aee6972068ca32b8bd6d793e	evalorder	gen_methods.go:3929:30	evalorder/operand-mutation	true-positive	var b bool; return b, json.Unmarshal(r, &b): Unmarshal receives the address of the returned root, including nil-pointer/slice-header replacements, not merely a preallocated pointee. Relative evaluation of the non-call result operand and mutation is unspecified, so this is an operand-order hazard.
PaulSonOfLars/gotgbot	240296efadb48039aee6972068ca32b8bd6d793e	evalorder	gen_methods.go:3963:30	evalorder/operand-mutation	true-positive	var b bool; return b, json.Unmarshal(r, &b): Unmarshal receives the address of the returned root, including nil-pointer/slice-header replacements, not merely a preallocated pointee. Relative evaluation of the non-call result operand and mutation is unspecified, so this is an operand-order hazard.
PaulSonOfLars/gotgbot	240296efadb48039aee6972068ca32b8bd6d793e	evalorder	gen_methods.go:3997:30	evalorder/operand-mutation	true-positive	var b bool; return b, json.Unmarshal(r, &b): Unmarshal receives the address of the returned root, including nil-pointer/slice-header replacements, not merely a preallocated pointee. Relative evaluation of the non-call result operand and mutation is unspecified, so this is an operand-order hazard.
PaulSonOfLars/gotgbot	240296efadb48039aee6972068ca32b8bd6d793e	evalorder	gen_methods.go:4029:30	evalorder/operand-mutation	true-positive	var b bool; return b, json.Unmarshal(r, &b): Unmarshal receives the address of the returned root, including nil-pointer/slice-header replacements, not merely a preallocated pointee. Relative evaluation of the non-call result operand and mutation is unspecified, so this is an operand-order hazard.
PaulSonOfLars/gotgbot	240296efadb48039aee6972068ca32b8bd6d793e	evalorder	gen_methods.go:4073:30	evalorder/operand-mutation	true-positive	var b bool; return b, json.Unmarshal(r, &b): Unmarshal receives the address of the returned root, including nil-pointer/slice-header replacements, not merely a preallocated pointee. Relative evaluation of the non-call result operand and mutation is unspecified, so this is an operand-order hazard.
PaulSonOfLars/gotgbot	240296efadb48039aee6972068ca32b8bd6d793e	evalorder	gen_methods.go:4131:30	evalorder/operand-mutation	true-positive	var s *Story; return s, json.Unmarshal(r, &s): Unmarshal receives the address of the returned root, including nil-pointer/slice-header replacements, not merely a preallocated pointee. Relative evaluation of the non-call result operand and mutation is unspecified, so this is an operand-order hazard.
PaulSonOfLars/gotgbot	240296efadb48039aee6972068ca32b8bd6d793e	evalorder	gen_methods.go:415:30	evalorder/operand-mutation	true-positive	var b bool; return b, json.Unmarshal(r, &b): Unmarshal receives the address of the returned root, including nil-pointer/slice-header replacements, not merely a preallocated pointee. Relative evaluation of the non-call result operand and mutation is unspecified, so this is an operand-order hazard.
PaulSonOfLars/gotgbot	240296efadb48039aee6972068ca32b8bd6d793e	evalorder	gen_methods.go:4223:30	evalorder/operand-mutation	true-positive	var b bool; return b, json.Unmarshal(r, &b): Unmarshal receives the address of the returned root, including nil-pointer/slice-header replacements, not merely a preallocated pointee. Relative evaluation of the non-call result operand and mutation is unspecified, so this is an operand-order hazard.
PaulSonOfLars/gotgbot	240296efadb48039aee6972068ca32b8bd6d793e	evalorder	gen_methods.go:4261:30	evalorder/operand-mutation	true-positive	var b bool; return b, json.Unmarshal(r, &b): Unmarshal receives the address of the returned root, including nil-pointer/slice-header replacements, not merely a preallocated pointee. Relative evaluation of the non-call result operand and mutation is unspecified, so this is an operand-order hazard.
PaulSonOfLars/gotgbot	240296efadb48039aee6972068ca32b8bd6d793e	evalorder	gen_methods.go:4297:30	evalorder/operand-mutation	true-positive	var b bool; return b, json.Unmarshal(r, &b): Unmarshal receives the address of the returned root, including nil-pointer/slice-header replacements, not merely a preallocated pointee. Relative evaluation of the non-call result operand and mutation is unspecified, so this is an operand-order hazard.
PaulSonOfLars/gotgbot	240296efadb48039aee6972068ca32b8bd6d793e	evalorder	gen_methods.go:4336:30	evalorder/operand-mutation	true-positive	var b bool; return b, json.Unmarshal(r, &b): Unmarshal receives the address of the returned root, including nil-pointer/slice-header replacements, not merely a preallocated pointee. Relative evaluation of the non-call result operand and mutation is unspecified, so this is an operand-order hazard.
PaulSonOfLars/gotgbot	240296efadb48039aee6972068ca32b8bd6d793e	evalorder	gen_methods.go:4370:30	evalorder/operand-mutation	true-positive	var b bool; return b, json.Unmarshal(r, &b): Unmarshal receives the address of the returned root, including nil-pointer/slice-header replacements, not merely a preallocated pointee. Relative evaluation of the non-call result operand and mutation is unspecified, so this is an operand-order hazard.
PaulSonOfLars/gotgbot	240296efadb48039aee6972068ca32b8bd6d793e	evalorder	gen_methods.go:4402:30	evalorder/operand-mutation	true-positive	var b bool; return b, json.Unmarshal(r, &b): Unmarshal receives the address of the returned root, including nil-pointer/slice-header replacements, not merely a preallocated pointee. Relative evaluation of the non-call result operand and mutation is unspecified, so this is an operand-order hazard.
PaulSonOfLars/gotgbot	240296efadb48039aee6972068ca32b8bd6d793e	evalorder	gen_methods.go:4436:30	evalorder/operand-mutation	true-positive	var b bool; return b, json.Unmarshal(r, &b): Unmarshal receives the address of the returned root, including nil-pointer/slice-header replacements, not merely a preallocated pointee. Relative evaluation of the non-call result operand and mutation is unspecified, so this is an operand-order hazard.
PaulSonOfLars/gotgbot	240296efadb48039aee6972068ca32b8bd6d793e	evalorder	gen_methods.go:4472:30	evalorder/operand-mutation	true-positive	var b bool; return b, json.Unmarshal(r, &b): Unmarshal receives the address of the returned root, including nil-pointer/slice-header replacements, not merely a preallocated pointee. Relative evaluation of the non-call result operand and mutation is unspecified, so this is an operand-order hazard.
PaulSonOfLars/gotgbot	240296efadb48039aee6972068ca32b8bd6d793e	evalorder	gen_methods.go:4506:30	evalorder/operand-mutation	true-positive	var b bool; return b, json.Unmarshal(r, &b): Unmarshal receives the address of the returned root, including nil-pointer/slice-header replacements, not merely a preallocated pointee. Relative evaluation of the non-call result operand and mutation is unspecified, so this is an operand-order hazard.
PaulSonOfLars/gotgbot	240296efadb48039aee6972068ca32b8bd6d793e	evalorder	gen_methods.go:4540:30	evalorder/operand-mutation	true-positive	var s string; return s, json.Unmarshal(r, &s): Unmarshal receives the address of the returned root, including nil-pointer/slice-header replacements, not merely a preallocated pointee. Relative evaluation of the non-call result operand and mutation is unspecified, so this is an operand-order hazard.
PaulSonOfLars/gotgbot	240296efadb48039aee6972068ca32b8bd6d793e	evalorder	gen_methods.go:4580:30	evalorder/operand-mutation	true-positive	var b bool; return b, json.Unmarshal(r, &b): Unmarshal receives the address of the returned root, including nil-pointer/slice-header replacements, not merely a preallocated pointee. Relative evaluation of the non-call result operand and mutation is unspecified, so this is an operand-order hazard.
PaulSonOfLars/gotgbot	240296efadb48039aee6972068ca32b8bd6d793e	evalorder	gen_methods.go:459:30	evalorder/operand-mutation	true-positive	var b bool; return b, json.Unmarshal(r, &b): Unmarshal receives the address of the returned root, including nil-pointer/slice-header replacements, not merely a preallocated pointee. Relative evaluation of the non-call result operand and mutation is unspecified, so this is an operand-order hazard.
PaulSonOfLars/gotgbot	240296efadb48039aee6972068ca32b8bd6d793e	evalorder	gen_methods.go:4628:30	evalorder/operand-mutation	true-positive	var s *Story; return s, json.Unmarshal(r, &s): Unmarshal receives the address of the returned root, including nil-pointer/slice-header replacements, not merely a preallocated pointee. Relative evaluation of the non-call result operand and mutation is unspecified, so this is an operand-order hazard.
PaulSonOfLars/gotgbot	240296efadb48039aee6972068ca32b8bd6d793e	evalorder	gen_methods.go:4674:30	evalorder/operand-mutation	true-positive	var b bool; return b, json.Unmarshal(r, &b): Unmarshal receives the address of the returned root, including nil-pointer/slice-header replacements, not merely a preallocated pointee. Relative evaluation of the non-call result operand and mutation is unspecified, so this is an operand-order hazard.
PaulSonOfLars/gotgbot	240296efadb48039aee6972068ca32b8bd6d793e	evalorder	gen_methods.go:46:30	evalorder/operand-mutation	true-positive	var b bool; return b, json.Unmarshal(r, &b): Unmarshal receives the address of the returned root, including nil-pointer/slice-header replacements, not merely a preallocated pointee. Relative evaluation of the non-call result operand and mutation is unspecified, so this is an operand-order hazard.
PaulSonOfLars/gotgbot	240296efadb48039aee6972068ca32b8bd6d793e	evalorder	gen_methods.go:4710:30	evalorder/operand-mutation	true-positive	var c *ChatInviteLink; return c, json.Unmarshal(r, &c): Unmarshal receives the address of the returned root, including nil-pointer/slice-header replacements, not merely a preallocated pointee. Relative evaluation of the non-call result operand and mutation is unspecified, so this is an operand-order hazard.
PaulSonOfLars/gotgbot	240296efadb48039aee6972068ca32b8bd6d793e	evalorder	gen_methods.go:4760:30	evalorder/operand-mutation	true-positive	var p *PreparedInlineMessage; return p, json.Unmarshal(r, &p): Unmarshal receives the address of the returned root, including nil-pointer/slice-header replacements, not merely a preallocated pointee. Relative evaluation of the non-call result operand and mutation is unspecified, so this is an operand-order hazard.
PaulSonOfLars/gotgbot	240296efadb48039aee6972068ca32b8bd6d793e	evalorder	gen_methods.go:4796:30	evalorder/operand-mutation	true-positive	var p *PreparedKeyboardButton; return p, json.Unmarshal(r, &p): Unmarshal receives the address of the returned root, including nil-pointer/slice-header replacements, not merely a preallocated pointee. Relative evaluation of the non-call result operand and mutation is unspecified, so this is an operand-order hazard.
PaulSonOfLars/gotgbot	240296efadb48039aee6972068ca32b8bd6d793e	evalorder	gen_methods.go:4894:30	evalorder/operand-mutation	true-positive	var m *Message; return m, json.Unmarshal(r, &m): Unmarshal receives the address of the returned root, including nil-pointer/slice-header replacements, not merely a preallocated pointee. Relative evaluation of the non-call result operand and mutation is unspecified, so this is an operand-order hazard.
PaulSonOfLars/gotgbot	240296efadb48039aee6972068ca32b8bd6d793e	evalorder	gen_methods.go:495:30	evalorder/operand-mutation	true-positive	var b bool; return b, json.Unmarshal(r, &b): Unmarshal receives the address of the returned root, including nil-pointer/slice-header replacements, not merely a preallocated pointee. Relative evaluation of the non-call result operand and mutation is unspecified, so this is an operand-order hazard.
PaulSonOfLars/gotgbot	240296efadb48039aee6972068ca32b8bd6d793e	evalorder	gen_methods.go:4987:30	evalorder/operand-mutation	true-positive	var m *Message; return m, json.Unmarshal(r, &m): Unmarshal receives the address of the returned root, including nil-pointer/slice-header replacements, not merely a preallocated pointee. Relative evaluation of the non-call result operand and mutation is unspecified, so this is an operand-order hazard.
PaulSonOfLars/gotgbot	240296efadb48039aee6972068ca32b8bd6d793e	evalorder	gen_methods.go:5032:30	evalorder/operand-mutation	true-positive	var b bool; return b, json.Unmarshal(r, &b): Unmarshal receives the address of the returned root, including nil-pointer/slice-header replacements, not merely a preallocated pointee. Relative evaluation of the non-call result operand and mutation is unspecified, so this is an operand-order hazard.
PaulSonOfLars/gotgbot	240296efadb48039aee6972068ca32b8bd6d793e	evalorder	gen_methods.go:5068:30	evalorder/operand-mutation	true-positive	var b bool; return b, json.Unmarshal(r, &b): Unmarshal receives the address of the returned root, including nil-pointer/slice-header replacements, not merely a preallocated pointee. Relative evaluation of the non-call result operand and mutation is unspecified, so this is an operand-order hazard.
PaulSonOfLars/gotgbot	240296efadb48039aee6972068ca32b8bd6d793e	evalorder	gen_methods.go:5123:30	evalorder/operand-mutation	true-positive	var m *Message; return m, json.Unmarshal(r, &m): Unmarshal receives the address of the returned root, including nil-pointer/slice-header replacements, not merely a preallocated pointee. Relative evaluation of the non-call result operand and mutation is unspecified, so this is an operand-order hazard.
PaulSonOfLars/gotgbot	240296efadb48039aee6972068ca32b8bd6d793e	evalorder	gen_methods.go:5202:30	evalorder/operand-mutation	true-positive	var m *Message; return m, json.Unmarshal(r, &m): Unmarshal receives the address of the returned root, including nil-pointer/slice-header replacements, not merely a preallocated pointee. Relative evaluation of the non-call result operand and mutation is unspecified, so this is an operand-order hazard.
PaulSonOfLars/gotgbot	240296efadb48039aee6972068ca32b8bd6d793e	evalorder	gen_methods.go:5271:30	evalorder/operand-mutation	true-positive	var m *Message; return m, json.Unmarshal(r, &m): Unmarshal receives the address of the returned root, including nil-pointer/slice-header replacements, not merely a preallocated pointee. Relative evaluation of the non-call result operand and mutation is unspecified, so this is an operand-order hazard.
PaulSonOfLars/gotgbot	240296efadb48039aee6972068ca32b8bd6d793e	evalorder	gen_methods.go:527:30	evalorder/operand-mutation	true-positive	var b bool; return b, json.Unmarshal(r, &b): Unmarshal receives the address of the returned root, including nil-pointer/slice-header replacements, not merely a preallocated pointee. Relative evaluation of the non-call result operand and mutation is unspecified, so this is an operand-order hazard.
PaulSonOfLars/gotgbot	240296efadb48039aee6972068ca32b8bd6d793e	evalorder	gen_methods.go:5357:30	evalorder/operand-mutation	true-positive	var m *Message; return m, json.Unmarshal(r, &m): Unmarshal receives the address of the returned root, including nil-pointer/slice-header replacements, not merely a preallocated pointee. Relative evaluation of the non-call result operand and mutation is unspecified, so this is an operand-order hazard.
PaulSonOfLars/gotgbot	240296efadb48039aee6972068ca32b8bd6d793e	evalorder	gen_methods.go:5419:30	evalorder/operand-mutation	true-positive	var m *Message; return m, json.Unmarshal(r, &m): Unmarshal receives the address of the returned root, including nil-pointer/slice-header replacements, not merely a preallocated pointee. Relative evaluation of the non-call result operand and mutation is unspecified, so this is an operand-order hazard.
PaulSonOfLars/gotgbot	240296efadb48039aee6972068ca32b8bd6d793e	evalorder	gen_methods.go:5473:30	evalorder/operand-mutation	true-positive	var b bool; return b, json.Unmarshal(r, &b): Unmarshal receives the address of the returned root, including nil-pointer/slice-header replacements, not merely a preallocated pointee. Relative evaluation of the non-call result operand and mutation is unspecified, so this is an operand-order hazard.
PaulSonOfLars/gotgbot	240296efadb48039aee6972068ca32b8bd6d793e	evalorder	gen_methods.go:5594:30	evalorder/operand-mutation	true-positive	var m *Message; return m, json.Unmarshal(r, &m): Unmarshal receives the address of the returned root, including nil-pointer/slice-header replacements, not merely a preallocated pointee. Relative evaluation of the non-call result operand and mutation is unspecified, so this is an operand-order hazard.
PaulSonOfLars/gotgbot	240296efadb48039aee6972068ca32b8bd6d793e	evalorder	gen_methods.go:563:30	evalorder/operand-mutation	true-positive	var b bool; return b, json.Unmarshal(r, &b): Unmarshal receives the address of the returned root, including nil-pointer/slice-header replacements, not merely a preallocated pointee. Relative evaluation of the non-call result operand and mutation is unspecified, so this is an operand-order hazard.
PaulSonOfLars/gotgbot	240296efadb48039aee6972068ca32b8bd6d793e	evalorder	gen_methods.go:5682:30	evalorder/operand-mutation	true-positive	var m *Message; return m, json.Unmarshal(r, &m): Unmarshal receives the address of the returned root, including nil-pointer/slice-header replacements, not merely a preallocated pointee. Relative evaluation of the non-call result operand and mutation is unspecified, so this is an operand-order hazard.
PaulSonOfLars/gotgbot	240296efadb48039aee6972068ca32b8bd6d793e	evalorder	gen_methods.go:5767:30	evalorder/operand-mutation	true-positive	var m *Message; return m, json.Unmarshal(r, &m): Unmarshal receives the address of the returned root, including nil-pointer/slice-header replacements, not merely a preallocated pointee. Relative evaluation of the non-call result operand and mutation is unspecified, so this is an operand-order hazard.
PaulSonOfLars/gotgbot	240296efadb48039aee6972068ca32b8bd6d793e	evalorder	gen_methods.go:5829:30	evalorder/operand-mutation	true-positive	var m []Message; return m, json.Unmarshal(r, &m): Unmarshal receives the address of the returned root, including nil-pointer/slice-header replacements, not merely a preallocated pointee. Relative evaluation of the non-call result operand and mutation is unspecified, so this is an operand-order hazard.
PaulSonOfLars/gotgbot	240296efadb48039aee6972068ca32b8bd6d793e	evalorder	gen_methods.go:5909:30	evalorder/operand-mutation	true-positive	var m *Message; return m, json.Unmarshal(r, &m): Unmarshal receives the address of the returned root, including nil-pointer/slice-header replacements, not merely a preallocated pointee. Relative evaluation of the non-call result operand and mutation is unspecified, so this is an operand-order hazard.
PaulSonOfLars/gotgbot	240296efadb48039aee6972068ca32b8bd6d793e	evalorder	gen_methods.go:5965:30	evalorder/operand-mutation	true-positive	var b bool; return b, json.Unmarshal(r, &b): Unmarshal receives the address of the returned root, including nil-pointer/slice-header replacements, not merely a preallocated pointee. Relative evaluation of the non-call result operand and mutation is unspecified, so this is an operand-order hazard.
PaulSonOfLars/gotgbot	240296efadb48039aee6972068ca32b8bd6d793e	evalorder	gen_methods.go:597:30	evalorder/operand-mutation	true-positive	var b bool; return b, json.Unmarshal(r, &b): Unmarshal receives the address of the returned root, including nil-pointer/slice-header replacements, not merely a preallocated pointee. Relative evaluation of the non-call result operand and mutation is unspecified, so this is an operand-order hazard.
PaulSonOfLars/gotgbot	240296efadb48039aee6972068ca32b8bd6d793e	evalorder	gen_methods.go:6047:30	evalorder/operand-mutation	true-positive	var m *Message; return m, json.Unmarshal(r, &m): Unmarshal receives the address of the returned root, including nil-pointer/slice-header replacements, not merely a preallocated pointee. Relative evaluation of the non-call result operand and mutation is unspecified, so this is an operand-order hazard.
PaulSonOfLars/gotgbot	240296efadb48039aee6972068ca32b8bd6d793e	evalorder	gen_methods.go:6133:30	evalorder/operand-mutation	true-positive	var m *Message; return m, json.Unmarshal(r, &m): Unmarshal receives the address of the returned root, including nil-pointer/slice-header replacements, not merely a preallocated pointee. Relative evaluation of the non-call result operand and mutation is unspecified, so this is an operand-order hazard.
PaulSonOfLars/gotgbot	240296efadb48039aee6972068ca32b8bd6d793e	evalorder	gen_methods.go:6269:30	evalorder/operand-mutation	true-positive	var m *Message; return m, json.Unmarshal(r, &m): Unmarshal receives the address of the returned root, including nil-pointer/slice-header replacements, not merely a preallocated pointee. Relative evaluation of the non-call result operand and mutation is unspecified, so this is an operand-order hazard.
PaulSonOfLars/gotgbot	240296efadb48039aee6972068ca32b8bd6d793e	evalorder	gen_methods.go:633:30	evalorder/operand-mutation	true-positive	var b bool; return b, json.Unmarshal(r, &b): Unmarshal receives the address of the returned root, including nil-pointer/slice-header replacements, not merely a preallocated pointee. Relative evaluation of the non-call result operand and mutation is unspecified, so this is an operand-order hazard.
PaulSonOfLars/gotgbot	240296efadb48039aee6972068ca32b8bd6d793e	evalorder	gen_methods.go:6340:30	evalorder/operand-mutation	true-positive	var m *Message; return m, json.Unmarshal(r, &m): Unmarshal receives the address of the returned root, including nil-pointer/slice-header replacements, not merely a preallocated pointee. Relative evaluation of the non-call result operand and mutation is unspecified, so this is an operand-order hazard.
PaulSonOfLars/gotgbot	240296efadb48039aee6972068ca32b8bd6d793e	evalorder	gen_methods.go:6389:30	evalorder/operand-mutation	true-positive	var b bool; return b, json.Unmarshal(r, &b): Unmarshal receives the address of the returned root, including nil-pointer/slice-header replacements, not merely a preallocated pointee. Relative evaluation of the non-call result operand and mutation is unspecified, so this is an operand-order hazard.
PaulSonOfLars/gotgbot	240296efadb48039aee6972068ca32b8bd6d793e	evalorder	gen_methods.go:6463:30	evalorder/operand-mutation	true-positive	var m *Message; return m, json.Unmarshal(r, &m): Unmarshal receives the address of the returned root, including nil-pointer/slice-header replacements, not merely a preallocated pointee. Relative evaluation of the non-call result operand and mutation is unspecified, so this is an operand-order hazard.
PaulSonOfLars/gotgbot	240296efadb48039aee6972068ca32b8bd6d793e	evalorder	gen_methods.go:6552:30	evalorder/operand-mutation	true-positive	var m *Message; return m, json.Unmarshal(r, &m): Unmarshal receives the address of the returned root, including nil-pointer/slice-header replacements, not merely a preallocated pointee. Relative evaluation of the non-call result operand and mutation is unspecified, so this is an operand-order hazard.
PaulSonOfLars/gotgbot	240296efadb48039aee6972068ca32b8bd6d793e	evalorder	gen_methods.go:6659:30	evalorder/operand-mutation	true-positive	var m *Message; return m, json.Unmarshal(r, &m): Unmarshal receives the address of the returned root, including nil-pointer/slice-header replacements, not merely a preallocated pointee. Relative evaluation of the non-call result operand and mutation is unspecified, so this is an operand-order hazard.
PaulSonOfLars/gotgbot	240296efadb48039aee6972068ca32b8bd6d793e	evalorder	gen_methods.go:6739:30	evalorder/operand-mutation	true-positive	var m *Message; return m, json.Unmarshal(r, &m): Unmarshal receives the address of the returned root, including nil-pointer/slice-header replacements, not merely a preallocated pointee. Relative evaluation of the non-call result operand and mutation is unspecified, so this is an operand-order hazard.
PaulSonOfLars/gotgbot	240296efadb48039aee6972068ca32b8bd6d793e	evalorder	gen_methods.go:6822:30	evalorder/operand-mutation	true-positive	var m *Message; return m, json.Unmarshal(r, &m): Unmarshal receives the address of the returned root, including nil-pointer/slice-header replacements, not merely a preallocated pointee. Relative evaluation of the non-call result operand and mutation is unspecified, so this is an operand-order hazard.
PaulSonOfLars/gotgbot	240296efadb48039aee6972068ca32b8bd6d793e	evalorder	gen_methods.go:6861:30	evalorder/operand-mutation	true-positive	var b bool; return b, json.Unmarshal(r, &b): Unmarshal receives the address of the returned root, including nil-pointer/slice-header replacements, not merely a preallocated pointee. Relative evaluation of the non-call result operand and mutation is unspecified, so this is an operand-order hazard.
PaulSonOfLars/gotgbot	240296efadb48039aee6972068ca32b8bd6d793e	evalorder	gen_methods.go:6899:30	evalorder/operand-mutation	true-positive	var b bool; return b, json.Unmarshal(r, &b): Unmarshal receives the address of the returned root, including nil-pointer/slice-header replacements, not merely a preallocated pointee. Relative evaluation of the non-call result operand and mutation is unspecified, so this is an operand-order hazard.
PaulSonOfLars/gotgbot	240296efadb48039aee6972068ca32b8bd6d793e	evalorder	gen_methods.go:6940:30	evalorder/operand-mutation	true-positive	var b bool; return b, json.Unmarshal(r, &b): Unmarshal receives the address of the returned root, including nil-pointer/slice-header replacements, not merely a preallocated pointee. Relative evaluation of the non-call result operand and mutation is unspecified, so this is an operand-order hazard.
PaulSonOfLars/gotgbot	240296efadb48039aee6972068ca32b8bd6d793e	evalorder	gen_methods.go:6981:30	evalorder/operand-mutation	true-positive	var b bool; return b, json.Unmarshal(r, &b): Unmarshal receives the address of the returned root, including nil-pointer/slice-header replacements, not merely a preallocated pointee. Relative evaluation of the non-call result operand and mutation is unspecified, so this is an operand-order hazard.
PaulSonOfLars/gotgbot	240296efadb48039aee6972068ca32b8bd6d793e	evalorder	gen_methods.go:7020:30	evalorder/operand-mutation	true-positive	var b bool; return b, json.Unmarshal(r, &b): Unmarshal receives the address of the returned root, including nil-pointer/slice-header replacements, not merely a preallocated pointee. Relative evaluation of the non-call result operand and mutation is unspecified, so this is an operand-order hazard.
PaulSonOfLars/gotgbot	240296efadb48039aee6972068ca32b8bd6d793e	evalorder	gen_methods.go:7058:30	evalorder/operand-mutation	true-positive	var b bool; return b, json.Unmarshal(r, &b): Unmarshal receives the address of the returned root, including nil-pointer/slice-header replacements, not merely a preallocated pointee. Relative evaluation of the non-call result operand and mutation is unspecified, so this is an operand-order hazard.
PaulSonOfLars/gotgbot	240296efadb48039aee6972068ca32b8bd6d793e	evalorder	gen_methods.go:7097:30	evalorder/operand-mutation	true-positive	var b bool; return b, json.Unmarshal(r, &b): Unmarshal receives the address of the returned root, including nil-pointer/slice-header replacements, not merely a preallocated pointee. Relative evaluation of the non-call result operand and mutation is unspecified, so this is an operand-order hazard.
PaulSonOfLars/gotgbot	240296efadb48039aee6972068ca32b8bd6d793e	evalorder	gen_methods.go:7138:30	evalorder/operand-mutation	true-positive	var b bool; return b, json.Unmarshal(r, &b): Unmarshal receives the address of the returned root, including nil-pointer/slice-header replacements, not merely a preallocated pointee. Relative evaluation of the non-call result operand and mutation is unspecified, so this is an operand-order hazard.
PaulSonOfLars/gotgbot	240296efadb48039aee6972068ca32b8bd6d793e	evalorder	gen_methods.go:715:30	evalorder/operand-mutation	true-positive	var m *MessageId; return m, json.Unmarshal(r, &m): Unmarshal receives the address of the returned root, including nil-pointer/slice-header replacements, not merely a preallocated pointee. Relative evaluation of the non-call result operand and mutation is unspecified, so this is an operand-order hazard.
PaulSonOfLars/gotgbot	240296efadb48039aee6972068ca32b8bd6d793e	evalorder	gen_methods.go:7178:30	evalorder/operand-mutation	true-positive	var b bool; return b, json.Unmarshal(r, &b): Unmarshal receives the address of the returned root, including nil-pointer/slice-header replacements, not merely a preallocated pointee. Relative evaluation of the non-call result operand and mutation is unspecified, so this is an operand-order hazard.
PaulSonOfLars/gotgbot	240296efadb48039aee6972068ca32b8bd6d793e	evalorder	gen_methods.go:7219:30	evalorder/operand-mutation	true-positive	var b bool; return b, json.Unmarshal(r, &b): Unmarshal receives the address of the returned root, including nil-pointer/slice-header replacements, not merely a preallocated pointee. Relative evaluation of the non-call result operand and mutation is unspecified, so this is an operand-order hazard.
PaulSonOfLars/gotgbot	240296efadb48039aee6972068ca32b8bd6d793e	evalorder	gen_methods.go:7255:30	evalorder/operand-mutation	true-positive	var b bool; return b, json.Unmarshal(r, &b): Unmarshal receives the address of the returned root, including nil-pointer/slice-header replacements, not merely a preallocated pointee. Relative evaluation of the non-call result operand and mutation is unspecified, so this is an operand-order hazard.
PaulSonOfLars/gotgbot	240296efadb48039aee6972068ca32b8bd6d793e	evalorder	gen_methods.go:7291:30	evalorder/operand-mutation	true-positive	var b bool; return b, json.Unmarshal(r, &b): Unmarshal receives the address of the returned root, including nil-pointer/slice-header replacements, not merely a preallocated pointee. Relative evaluation of the non-call result operand and mutation is unspecified, so this is an operand-order hazard.
PaulSonOfLars/gotgbot	240296efadb48039aee6972068ca32b8bd6d793e	evalorder	gen_methods.go:7327:30	evalorder/operand-mutation	true-positive	var b bool; return b, json.Unmarshal(r, &b): Unmarshal receives the address of the returned root, including nil-pointer/slice-header replacements, not merely a preallocated pointee. Relative evaluation of the non-call result operand and mutation is unspecified, so this is an operand-order hazard.
PaulSonOfLars/gotgbot	240296efadb48039aee6972068ca32b8bd6d793e	evalorder	gen_methods.go:7366:30	evalorder/operand-mutation	true-positive	var b bool; return b, json.Unmarshal(r, &b): Unmarshal receives the address of the returned root, including nil-pointer/slice-header replacements, not merely a preallocated pointee. Relative evaluation of the non-call result operand and mutation is unspecified, so this is an operand-order hazard.
PaulSonOfLars/gotgbot	240296efadb48039aee6972068ca32b8bd6d793e	evalorder	gen_methods.go:7468:30	evalorder/operand-mutation	true-positive	var b bool; return b, json.Unmarshal(r, &b): Unmarshal receives the address of the returned root, including nil-pointer/slice-header replacements, not merely a preallocated pointee. Relative evaluation of the non-call result operand and mutation is unspecified, so this is an operand-order hazard.
PaulSonOfLars/gotgbot	240296efadb48039aee6972068ca32b8bd6d793e	evalorder	gen_methods.go:7512:30	evalorder/operand-mutation	true-positive	var b bool; return b, json.Unmarshal(r, &b): Unmarshal receives the address of the returned root, including nil-pointer/slice-header replacements, not merely a preallocated pointee. Relative evaluation of the non-call result operand and mutation is unspecified, so this is an operand-order hazard.
PaulSonOfLars/gotgbot	240296efadb48039aee6972068ca32b8bd6d793e	evalorder	gen_methods.go:7554:30	evalorder/operand-mutation	true-positive	var b bool; return b, json.Unmarshal(r, &b): Unmarshal receives the address of the returned root, including nil-pointer/slice-header replacements, not merely a preallocated pointee. Relative evaluation of the non-call result operand and mutation is unspecified, so this is an operand-order hazard.
PaulSonOfLars/gotgbot	240296efadb48039aee6972068ca32b8bd6d793e	evalorder	gen_methods.go:7594:30	evalorder/operand-mutation	true-positive	var b bool; return b, json.Unmarshal(r, &b): Unmarshal receives the address of the returned root, including nil-pointer/slice-header replacements, not merely a preallocated pointee. Relative evaluation of the non-call result operand and mutation is unspecified, so this is an operand-order hazard.
PaulSonOfLars/gotgbot	240296efadb48039aee6972068ca32b8bd6d793e	evalorder	gen_methods.go:7634:30	evalorder/operand-mutation	true-positive	var b bool; return b, json.Unmarshal(r, &b): Unmarshal receives the address of the returned root, including nil-pointer/slice-header replacements, not merely a preallocated pointee. Relative evaluation of the non-call result operand and mutation is unspecified, so this is an operand-order hazard.
PaulSonOfLars/gotgbot	240296efadb48039aee6972068ca32b8bd6d793e	evalorder	gen_methods.go:7674:30	evalorder/operand-mutation	true-positive	var b bool; return b, json.Unmarshal(r, &b): Unmarshal receives the address of the returned root, including nil-pointer/slice-header replacements, not merely a preallocated pointee. Relative evaluation of the non-call result operand and mutation is unspecified, so this is an operand-order hazard.
PaulSonOfLars/gotgbot	240296efadb48039aee6972068ca32b8bd6d793e	evalorder	gen_methods.go:7708:30	evalorder/operand-mutation	true-positive	var b bool; return b, json.Unmarshal(r, &b): Unmarshal receives the address of the returned root, including nil-pointer/slice-header replacements, not merely a preallocated pointee. Relative evaluation of the non-call result operand and mutation is unspecified, so this is an operand-order hazard.
PaulSonOfLars/gotgbot	240296efadb48039aee6972068ca32b8bd6d793e	evalorder	gen_methods.go:770:30	evalorder/operand-mutation	true-positive	var m []MessageId; return m, json.Unmarshal(r, &m): Unmarshal receives the address of the returned root, including nil-pointer/slice-header replacements, not merely a preallocated pointee. Relative evaluation of the non-call result operand and mutation is unspecified, so this is an operand-order hazard.
PaulSonOfLars/gotgbot	240296efadb48039aee6972068ca32b8bd6d793e	evalorder	gen_methods.go:7748:30	evalorder/operand-mutation	true-positive	var b bool; return b, json.Unmarshal(r, &b): Unmarshal receives the address of the returned root, including nil-pointer/slice-header replacements, not merely a preallocated pointee. Relative evaluation of the non-call result operand and mutation is unspecified, so this is an operand-order hazard.
PaulSonOfLars/gotgbot	240296efadb48039aee6972068ca32b8bd6d793e	evalorder	gen_methods.go:7785:30	evalorder/operand-mutation	true-positive	var b bool; return b, json.Unmarshal(r, &b): Unmarshal receives the address of the returned root, including nil-pointer/slice-header replacements, not merely a preallocated pointee. Relative evaluation of the non-call result operand and mutation is unspecified, so this is an operand-order hazard.
PaulSonOfLars/gotgbot	240296efadb48039aee6972068ca32b8bd6d793e	evalorder	gen_methods.go:7821:30	evalorder/operand-mutation	true-positive	var b bool; return b, json.Unmarshal(r, &b): Unmarshal receives the address of the returned root, including nil-pointer/slice-header replacements, not merely a preallocated pointee. Relative evaluation of the non-call result operand and mutation is unspecified, so this is an operand-order hazard.
PaulSonOfLars/gotgbot	240296efadb48039aee6972068ca32b8bd6d793e	evalorder	gen_methods.go:7860:30	evalorder/operand-mutation	true-positive	var b bool; return b, json.Unmarshal(r, &b): Unmarshal receives the address of the returned root, including nil-pointer/slice-header replacements, not merely a preallocated pointee. Relative evaluation of the non-call result operand and mutation is unspecified, so this is an operand-order hazard.
PaulSonOfLars/gotgbot	240296efadb48039aee6972068ca32b8bd6d793e	evalorder	gen_methods.go:7899:30	evalorder/operand-mutation	true-positive	var b bool; return b, json.Unmarshal(r, &b): Unmarshal receives the address of the returned root, including nil-pointer/slice-header replacements, not merely a preallocated pointee. Relative evaluation of the non-call result operand and mutation is unspecified, so this is an operand-order hazard.
PaulSonOfLars/gotgbot	240296efadb48039aee6972068ca32b8bd6d793e	evalorder	gen_methods.go:7935:30	evalorder/operand-mutation	true-positive	var b bool; return b, json.Unmarshal(r, &b): Unmarshal receives the address of the returned root, including nil-pointer/slice-header replacements, not merely a preallocated pointee. Relative evaluation of the non-call result operand and mutation is unspecified, so this is an operand-order hazard.
PaulSonOfLars/gotgbot	240296efadb48039aee6972068ca32b8bd6d793e	evalorder	gen_methods.go:7978:30	evalorder/operand-mutation	true-positive	var b bool; return b, json.Unmarshal(r, &b): Unmarshal receives the address of the returned root, including nil-pointer/slice-header replacements, not merely a preallocated pointee. Relative evaluation of the non-call result operand and mutation is unspecified, so this is an operand-order hazard.
PaulSonOfLars/gotgbot	240296efadb48039aee6972068ca32b8bd6d793e	evalorder	gen_methods.go:8014:30	evalorder/operand-mutation	true-positive	var b bool; return b, json.Unmarshal(r, &b): Unmarshal receives the address of the returned root, including nil-pointer/slice-header replacements, not merely a preallocated pointee. Relative evaluation of the non-call result operand and mutation is unspecified, so this is an operand-order hazard.
PaulSonOfLars/gotgbot	240296efadb48039aee6972068ca32b8bd6d793e	evalorder	gen_methods.go:8056:30	evalorder/operand-mutation	true-positive	var b bool; return b, json.Unmarshal(r, &b): Unmarshal receives the address of the returned root, including nil-pointer/slice-header replacements, not merely a preallocated pointee. Relative evaluation of the non-call result operand and mutation is unspecified, so this is an operand-order hazard.
PaulSonOfLars/gotgbot	240296efadb48039aee6972068ca32b8bd6d793e	evalorder	gen_methods.go:8111:30	evalorder/operand-mutation	true-positive	var b bool; return b, json.Unmarshal(r, &b): Unmarshal receives the address of the returned root, including nil-pointer/slice-header replacements, not merely a preallocated pointee. Relative evaluation of the non-call result operand and mutation is unspecified, so this is an operand-order hazard.
PaulSonOfLars/gotgbot	240296efadb48039aee6972068ca32b8bd6d793e	evalorder	gen_methods.go:818:30	evalorder/operand-mutation	true-positive	var c *ChatInviteLink; return c, json.Unmarshal(r, &c): Unmarshal receives the address of the returned root, including nil-pointer/slice-header replacements, not merely a preallocated pointee. Relative evaluation of the non-call result operand and mutation is unspecified, so this is an operand-order hazard.
PaulSonOfLars/gotgbot	240296efadb48039aee6972068ca32b8bd6d793e	evalorder	gen_methods.go:8212:30	evalorder/operand-mutation	true-positive	var p *Poll; return p, json.Unmarshal(r, &p): Unmarshal receives the address of the returned root, including nil-pointer/slice-header replacements, not merely a preallocated pointee. Relative evaluation of the non-call result operand and mutation is unspecified, so this is an operand-order hazard.
PaulSonOfLars/gotgbot	240296efadb48039aee6972068ca32b8bd6d793e	evalorder	gen_methods.go:8248:30	evalorder/operand-mutation	true-positive	var b bool; return b, json.Unmarshal(r, &b): Unmarshal receives the address of the returned root, including nil-pointer/slice-header replacements, not merely a preallocated pointee. Relative evaluation of the non-call result operand and mutation is unspecified, so this is an operand-order hazard.
PaulSonOfLars/gotgbot	240296efadb48039aee6972068ca32b8bd6d793e	evalorder	gen_methods.go:8291:30	evalorder/operand-mutation	true-positive	var b bool; return b, json.Unmarshal(r, &b): Unmarshal receives the address of the returned root, including nil-pointer/slice-header replacements, not merely a preallocated pointee. Relative evaluation of the non-call result operand and mutation is unspecified, so this is an operand-order hazard.
PaulSonOfLars/gotgbot	240296efadb48039aee6972068ca32b8bd6d793e	evalorder	gen_methods.go:8332:30	evalorder/operand-mutation	true-positive	var b bool; return b, json.Unmarshal(r, &b): Unmarshal receives the address of the returned root, including nil-pointer/slice-header replacements, not merely a preallocated pointee. Relative evaluation of the non-call result operand and mutation is unspecified, so this is an operand-order hazard.
PaulSonOfLars/gotgbot	240296efadb48039aee6972068ca32b8bd6d793e	evalorder	gen_methods.go:8368:30	evalorder/operand-mutation	true-positive	var b bool; return b, json.Unmarshal(r, &b): Unmarshal receives the address of the returned root, including nil-pointer/slice-header replacements, not merely a preallocated pointee. Relative evaluation of the non-call result operand and mutation is unspecified, so this is an operand-order hazard.
PaulSonOfLars/gotgbot	240296efadb48039aee6972068ca32b8bd6d793e	evalorder	gen_methods.go:8402:30	evalorder/operand-mutation	true-positive	var b bool; return b, json.Unmarshal(r, &b): Unmarshal receives the address of the returned root, including nil-pointer/slice-header replacements, not merely a preallocated pointee. Relative evaluation of the non-call result operand and mutation is unspecified, so this is an operand-order hazard.
PaulSonOfLars/gotgbot	240296efadb48039aee6972068ca32b8bd6d793e	evalorder	gen_methods.go:8436:30	evalorder/operand-mutation	true-positive	var b bool; return b, json.Unmarshal(r, &b): Unmarshal receives the address of the returned root, including nil-pointer/slice-header replacements, not merely a preallocated pointee. Relative evaluation of the non-call result operand and mutation is unspecified, so this is an operand-order hazard.
PaulSonOfLars/gotgbot	240296efadb48039aee6972068ca32b8bd6d793e	evalorder	gen_methods.go:8472:30	evalorder/operand-mutation	true-positive	var b bool; return b, json.Unmarshal(r, &b): Unmarshal receives the address of the returned root, including nil-pointer/slice-header replacements, not merely a preallocated pointee. Relative evaluation of the non-call result operand and mutation is unspecified, so this is an operand-order hazard.
PaulSonOfLars/gotgbot	240296efadb48039aee6972068ca32b8bd6d793e	evalorder	gen_methods.go:8506:30	evalorder/operand-mutation	true-positive	var b bool; return b, json.Unmarshal(r, &b): Unmarshal receives the address of the returned root, including nil-pointer/slice-header replacements, not merely a preallocated pointee. Relative evaluation of the non-call result operand and mutation is unspecified, so this is an operand-order hazard.
PaulSonOfLars/gotgbot	240296efadb48039aee6972068ca32b8bd6d793e	evalorder	gen_methods.go:8548:30	evalorder/operand-mutation	true-positive	var b bool; return b, json.Unmarshal(r, &b): Unmarshal receives the address of the returned root, including nil-pointer/slice-header replacements, not merely a preallocated pointee. Relative evaluation of the non-call result operand and mutation is unspecified, so this is an operand-order hazard.
PaulSonOfLars/gotgbot	240296efadb48039aee6972068ca32b8bd6d793e	evalorder	gen_methods.go:8592:30	evalorder/operand-mutation	true-positive	var b bool; return b, json.Unmarshal(r, &b): Unmarshal receives the address of the returned root, including nil-pointer/slice-header replacements, not merely a preallocated pointee. Relative evaluation of the non-call result operand and mutation is unspecified, so this is an operand-order hazard.
PaulSonOfLars/gotgbot	240296efadb48039aee6972068ca32b8bd6d793e	evalorder	gen_methods.go:861:30	evalorder/operand-mutation	true-positive	var c *ChatInviteLink; return c, json.Unmarshal(r, &c): Unmarshal receives the address of the returned root, including nil-pointer/slice-header replacements, not merely a preallocated pointee. Relative evaluation of the non-call result operand and mutation is unspecified, so this is an operand-order hazard.
PaulSonOfLars/gotgbot	240296efadb48039aee6972068ca32b8bd6d793e	evalorder	gen_methods.go:8630:30	evalorder/operand-mutation	true-positive	var f *File; return f, json.Unmarshal(r, &f): Unmarshal receives the address of the returned root, including nil-pointer/slice-header replacements, not merely a preallocated pointee. Relative evaluation of the non-call result operand and mutation is unspecified, so this is an operand-order hazard.
PaulSonOfLars/gotgbot	240296efadb48039aee6972068ca32b8bd6d793e	evalorder	gen_methods.go:8669:30	evalorder/operand-mutation	true-positive	var b bool; return b, json.Unmarshal(r, &b): Unmarshal receives the address of the returned root, including nil-pointer/slice-header replacements, not merely a preallocated pointee. Relative evaluation of the non-call result operand and mutation is unspecified, so this is an operand-order hazard.
PaulSonOfLars/gotgbot	240296efadb48039aee6972068ca32b8bd6d793e	evalorder	gen_methods.go:8708:30	evalorder/operand-mutation	true-positive	var b bool; return b, json.Unmarshal(r, &b): Unmarshal receives the address of the returned root, including nil-pointer/slice-header replacements, not merely a preallocated pointee. Relative evaluation of the non-call result operand and mutation is unspecified, so this is an operand-order hazard.
PaulSonOfLars/gotgbot	240296efadb48039aee6972068ca32b8bd6d793e	evalorder	gen_methods.go:905:30	evalorder/operand-mutation	true-positive	var f *ForumTopic; return f, json.Unmarshal(r, &f): Unmarshal receives the address of the returned root, including nil-pointer/slice-header replacements, not merely a preallocated pointee. Relative evaluation of the non-call result operand and mutation is unspecified, so this is an operand-order hazard.
PaulSonOfLars/gotgbot	240296efadb48039aee6972068ca32b8bd6d793e	evalorder	gen_methods.go:94:30	evalorder/operand-mutation	true-positive	var b bool; return b, json.Unmarshal(r, &b): Unmarshal receives the address of the returned root, including nil-pointer/slice-header replacements, not merely a preallocated pointee. Relative evaluation of the non-call result operand and mutation is unspecified, so this is an operand-order hazard.
PaulSonOfLars/gotgbot	240296efadb48039aee6972068ca32b8bd6d793e	resourcelifetime	scripts/generate/gen.go:358:16	resourcelifetime/missing-release	true-positive	writeGenToFile returns on WriteAt, format.Source or Truncate failure after successful OpenFile before explicit Close; no deferred cleanup.
Sora233/DDBOT	5bd8924d2ccd2775832958c7432d185f4bea8812	resourcelifetime	lsp/template/funcs_ext.go:121:14	resourcelifetime/missing-release	true-positive	picUri directory branch opens directory, reads entries and chooses image path, but neither normal path nor ReadDir error goto END closes directory; image return contains selected file data, not directory handle.
Veloera/Veloera	6525dfce816beaa270e78f0d8b762e19e54d13b8	resourcelifetime	controller/channel-billing.go:142:14	resourcelifetime/missing-release	true-positive	GetResponseBody returns on non-200 or ReadAll error before explicit Body.Close; successful close does not cover error exits.
Veloera/Veloera	6525dfce816beaa270e78f0d8b762e19e54d13b8	resourcelifetime	controller/channel.go:719:19	resourcelifetime/missing-release	true-positive	Fetch-models handler returns for non-200 upstream status before installing deferred response.Body.Close.
Veloera/Veloera	6525dfce816beaa270e78f0d8b762e19e54d13b8	resourcelifetime	relay/channel/openai/relay-openai.go:658:16	resourcelifetime/missing-release	true-positive	countAudioTokens returns on Copy failure before tmpFp.Close; deferred os.Remove unlinks pathname but does not close open file.
WireGuard/wireguard-go	ecfc5a8d54462e18e13c72173e2623d16d8e25a0	lockorder	device/device.go:239:2	lockorder/contradictory-order	false-positive	Concrete SetPrivateKey call from IpcSetOperation is serialized by exclusive ipcMutex with upLocked's peers-R to staticIdentity-R chain. Exported helper misuse by external callers is not claimed safe; reported in-repo inverse edges cannot overlap.
WireGuard/wireguard-go	ecfc5a8d54462e18e13c72173e2623d16d8e25a0	lockorder	device/device.go:462:2	lockorder/contradictory-order	false-positive	Concrete BindSetMark call from IpcSetOperation and inverse upLocked SendKeepalive chain both hold exclusive ipcMutex. Exported helper broader caller contract remains unproven; actual in-repo paths are serialized.
WireGuard/wireguard-go	ecfc5a8d54462e18e13c72173e2623d16d8e25a0	lockorder	device/noise-protocol.go:542:3	lockorder/contradictory-order	true-positive	Queued-writer witness on exact handshake: two valid duplicate responses run on parallel RoutineHandshake workers. A finishes R/R validation, B holds handshake-R before identity-R; SetPrivateKey C acquires identity-W, B blocks on it; A queues handshake-W594, then C handshake-R244 blocks behind queued A. Handshake workers do not hold ipcMutex; device.go311-317 creates NumCPU workers, receive.go394 dispatches responses.
WireGuard/wireguard-go	ecfc5a8d54462e18e13c72173e2623d16d8e25a0	lockorder	device/peer.go:194:2	lockorder/contradictory-order	false-positive	SetPrivateKey RLocks all peers but explicitly RUnlocks the exact peer before removePeerLocked invokes its Stop/state lock, then RLocks afterward. The retained handshake read locks belong to other peers, not this target's Start/Stop state.
WireGuard/wireguard-go	ecfc5a8d54462e18e13c72173e2623d16d8e25a0	resourcelifetime	main.go:186:18	resourcelifetime/missing-release	false-positive	Daemonization opens /dev/null for child standard streams and passes exact descriptors through os.ProcAttr.Files to StartProcess. Success immediately releases child process handle and returns from main; errors os.Exit. Parent process exit releases originals while child retains its inherited standard descriptors; intentional process-bound handoff.
WireGuard/wireguard-go	ecfc5a8d54462e18e13c72173e2623d16d8e25a0	resourcelifetime	main.go:190:18	resourcelifetime/missing-release	false-positive	Daemonization opens /dev/null for child standard streams and passes exact descriptors through os.ProcAttr.Files to StartProcess. Success immediately releases child process handle and returns from main; errors os.Exit. Parent process exit releases originals while child retains its inherited standard descriptors; intentional process-bound handoff.
WireGuard/wireguard-go	ecfc5a8d54462e18e13c72173e2623d16d8e25a0	resourcelifetime	main.go:191:18	resourcelifetime/missing-release	false-positive	Daemonization opens /dev/null for child standard streams and passes exact descriptors through os.ProcAttr.Files to StartProcess. Success immediately releases child process handle and returns from main; errors os.Exit. Parent process exit releases originals while child retains its inherited standard descriptors; intentional process-bound handoff.
WireGuard/wireguard-go	ecfc5a8d54462e18e13c72173e2623d16d8e25a0	resourcelifetime	main.go:192:18	resourcelifetime/missing-release	false-positive	Daemonization opens /dev/null for child standard streams and passes exact descriptors through os.ProcAttr.Files to StartProcess. Success immediately releases child process handle and returns from main; errors os.Exit. Parent process exit releases originals while child retains its inherited standard descriptors; intentional process-bound handoff.
abshkbh/arrakis	877231496acbf3b3091ab33340d2d126a251c4d5	deferinloop	cmd/cmdserver/main.go:62:3	deferinloop/cleanup-lifetime	true-positive	Upload handler defers each file Close until all request files are processed; arbitrary-length input can accumulate descriptors.
abshkbh/arrakis	877231496acbf3b3091ab33340d2d126a251c4d5	goroutineownership	cmd/vsockclient/main.go:58:2	goroutineownership/unjoined	false-positive	Parent installs defer conn.Close immediately after exact net.Dial; reader worker only blocks in bufio.ReadString over that same connection. Parent return closes it and releases worker, which then closes done; missing explicit receive is not abandonment.
acme-dns/acme-dns	43b0acaacef24d1058d70ed584d6b7275a8344ed	lockorder	pkg/nameserver/dns_test.go:140:2	lockorder/recursive-acquire	false-positive	Exact waitLock.Unlock bound callback is stored by SetNotifyStartedFunc into dns.Server.NotifyStartedFunc; launched server invokes it at startup. Repeated Lock waits for cross-goroutine release, which Go permits, rather than recursive acquisition with no release.
acme-dns/acme-dns	43b0acaacef24d1058d70ed584d6b7275a8344ed	lockorder	pkg/nameserver/initialize.go:58:3	lockorder/recursive-acquire	false-positive	Exact waitLock.Unlock bound callback is stored by SetNotifyStartedFunc into dns.Server.NotifyStartedFunc; launched server invokes it at startup. Repeated Lock waits for cross-goroutine release, which Go permits, rather than recursive acquisition with no release.
acme-dns/acme-dns	43b0acaacef24d1058d70ed584d6b7275a8344ed	lockorder	pkg/nameserver/initialize.go:61:3	lockorder/recursive-acquire	false-positive	Exact waitLock.Unlock bound callback is stored by SetNotifyStartedFunc into dns.Server.NotifyStartedFunc; launched server invokes it at startup. Repeated Lock waits for cross-goroutine release, which Go permits, rather than recursive acquisition with no release.
acme-dns/acme-dns	43b0acaacef24d1058d70ed584d6b7275a8344ed	lockorder	pkg/nameserver/initialize.go:69:3	lockorder/recursive-acquire	false-positive	Exact waitLock.Unlock bound callback is stored by SetNotifyStartedFunc into dns.Server.NotifyStartedFunc; launched server invokes it at startup. Repeated Lock waits for cross-goroutine release, which Go permits, rather than recursive acquisition with no release.
acme-dns/acme-dns	43b0acaacef24d1058d70ed584d6b7275a8344ed	resourcelifetime	pkg/acmedns/util_test.go:232:18	resourcelifetime/missing-release	true-positive	CreateTemp handle is never closed; permission/accessibility probe only uses its pathname, and deferred Remove does not close the original descriptor.
acme-dns/acme-dns	43b0acaacef24d1058d70ed584d6b7275a8344ed	resourcelifetime	pkg/acmedns/util_test.go:251:18	resourcelifetime/missing-release	true-positive	CreateTemp handle is never closed; permission/accessibility probe only uses its pathname, and deferred Remove does not close the original descriptor.
americanexpress/earlybird	573753e6f39a02293d4a250878e66664aefa674a	goroutineownership	pkg/writers/consoleout_test.go:27:2	goroutineownership/unjoined	true-positive	Test starts unbuffered sender then runs receiving t.Run in another unjoined goroutine and immediately returns. Receiver is not registered synchronously with test runner, so test teardown can precede subtest start; sender completion is not established and writer also ranges never-closed channel.
americanexpress/earlybird	573753e6f39a02293d4a250878e66664aefa674a	goroutineownership	pkg/writers/csvout_test.go:27:2	goroutineownership/unjoined	true-positive	Test starts unbuffered sender then runs receiving t.Run in another unjoined goroutine and immediately returns. Receiver is not registered synchronously with test runner, so test teardown can precede subtest start; sender completion is not established and writer also ranges never-closed channel.
arl/gitmux	941739b1ad04c3114722fe64d6c6efae307537e1	resourcelifetime	gitmux.go:65:13	resourcelifetime/missing-release	true-positive	parseOptions opens YAML config and on successful Decode returns options/context without closing or transferring file. Error check exits process, but ordinary successful path still lacks cleanup.
aws/amazon-ec2-instance-selector	71c31e5a8949f35ea0683ca1c27db9de00ae4fc3	resourcelifetime	pkg/ec2pricing/spotpricing.go:91:15	resourcelifetime/missing-release	true-positive	loadSpotCacheFrom opens cache file and gob-decodes then returns cache or error without Close; parsed cache does not own file.
bitmagnet-io/bitmagnet	e31b30d7351c269dc801876f92ebc59d31fee545	resourcelifetime	internal/gql/enums/gen/genenums.go:16:13	resourcelifetime/missing-release	true-positive	Generator creates output file and writes it without Close on normal success or deferred cleanup; checkErr only panics on errors and does not release it.
bookstairs/bookhunter	07ee395afe52b6355019855e545c3bf633562aa6	resourcelifetime	internal/progress/progress.go:68:18	resourcelifetime/missing-release	true-positive	Create succeeds, then saveStorage failure returns nil owner without closing file; successful returned bitProgress ownership does not cover that error.
busser/tfautomv	b1a070dd2f4c0db63f894a77461a775ec508d5e1	resourcelifetime	main.go:394:21	resourcelifetime/missing-release	true-positive	writeMovedBlocks opens one file per workdir but never closes on success or write error; terraform.WriteMovedBlocks only calls w.Write (pkg/terraform/move.go:44), and loop proceeds to other files.
busser/tfautomv	b1a070dd2f4c0db63f894a77461a775ec508d5e1	resourcelifetime	pkg/terraform/plan.go:39:19	resourcelifetime/missing-release	true-positive	GetPlan creates temp file and defers pathname removal only; tf.Plan/ShowPlanFile receive Name strings, never original handle, which remains unclosed on every later return.
carrot-hu23/dst-admin-go	d189b9e215f073de2973242f72aacc3bd8747016	deferinloop	internal/pkg/utils/zip/zip.go:106:3	deferinloop/cleanup-lifetime	true-positive	Each successful archive-entry iteration defers opened input/output Close to whole-function return; no early explicit Close occurs, accumulating descriptors across entries.
carrot-hu23/dst-admin-go	d189b9e215f073de2973242f72aacc3bd8747016	deferinloop	internal/pkg/utils/zip/zip.go:161:3	deferinloop/cleanup-lifetime	true-positive	Each successful archive-entry iteration defers opened input/output Close to whole-function return; no early explicit Close occurs, accumulating descriptors across entries.
carrot-hu23/dst-admin-go	d189b9e215f073de2973242f72aacc3bd8747016	deferinloop	internal/pkg/utils/zip/zip.go:256:3	deferinloop/cleanup-lifetime	true-positive	Each successful archive-entry iteration defers opened input/output Close to whole-function return; no early explicit Close occurs, accumulating descriptors across entries.
carrot-hu23/dst-admin-go	d189b9e215f073de2973242f72aacc3bd8747016	deferinloop	internal/pkg/utils/zip/zip.go:31:4	deferinloop/cleanup-lifetime	true-positive	Each successful archive-entry iteration defers opened input/output Close to whole-function return; no early explicit Close occurs, accumulating descriptors across entries.
carrot-hu23/dst-admin-go	d189b9e215f073de2973242f72aacc3bd8747016	deferinloop	internal/service/mod/mod_service.go:1284:3	deferinloop/cleanup-lifetime	true-positive	Each successful archive-entry iteration defers opened input/output Close to whole-function return; no early explicit Close occurs, accumulating descriptors across entries.
carrot-hu23/dst-admin-go	d189b9e215f073de2973242f72aacc3bd8747016	lockorder	internal/service/game/windowGameCli.go:420:2	lockorder/read-lock-write	true-positive	Remove deletes an entry from shared receiver.container while holding only receiver.lock.RLock; no exclusive lock protects this mutation.
carrot-hu23/dst-admin-go	d189b9e215f073de2973242f72aacc3bd8747016	lockorder	internal/service/game/windowGameCli.go:472:3	lockorder/missing-release	true-positive	LevelInstance.Start takes receiver.lock then returns on log-file Create failure before any deferred cleanup is registered, permanently retaining the mutex.
carrot-hu23/dst-admin-go	d189b9e215f073de2973242f72aacc3bd8747016	resourcelifetime	internal/api/handler/dst_api_handler.go:125:19	resourcelifetime/missing-release	true-positive	Successful upstream response with non200 status returns before reader forwarding and never closes response Body; downstream rendering cannot clean up this rejected-response branch.
carrot-hu23/dst-admin-go	d189b9e215f073de2973242f72aacc3bd8747016	resourcelifetime	internal/api/handler/dst_api_handler.go:165:19	resourcelifetime/missing-release	true-positive	Successful upstream response with non200 status returns before reader forwarding and never closes response Body; downstream rendering cannot clean up this rejected-response branch.
carrot-hu23/dst-admin-go	d189b9e215f073de2973242f72aacc3bd8747016	resourcelifetime	internal/api/handler/dst_api_handler.go:211:19	resourcelifetime/missing-release	true-positive	Successful upstream response with non200 status returns before reader forwarding and never closes response Body; downstream rendering cannot clean up this rejected-response branch.
carrot-hu23/dst-admin-go	d189b9e215f073de2973242f72aacc3bd8747016	resourcelifetime	internal/api/handler/dst_api_handler.go:237:19	resourcelifetime/missing-release	true-positive	Successful upstream response with non200 status returns before reader forwarding and never closes response Body; downstream rendering cannot clean up this rejected-response branch.
carrot-hu23/dst-admin-go	d189b9e215f073de2973242f72aacc3bd8747016	resourcelifetime	internal/pkg/utils/fileUtils/fileUtls.go:292:11	resourcelifetime/missing-release	true-positive	CreateFileIfNotExists discards successful os.Create handle and returns nil without closing it.
carrot-hu23/dst-admin-go	d189b9e215f073de2973242f72aacc3bd8747016	resourcelifetime	internal/service/backup/backup_service.go:209:11	resourcelifetime/missing-release	true-positive	DownloadBackup discards os.Open handle used as existence check; c.File receives pathname and opens its own resource, not the discarded handle.
cep21/circuit	076289099fe63d129cfa553c0d1d8c32b3ed8516	resourcelifetime	example_test.go:40:16	resourcelifetime/missing-release	false-positive	Local httptest handler always writes 200 hello world; success Copy then Close. Copy error returns to Circuit.run, whose configured deadline context is always canceled on return, terminating exact request transport/body. Non-2xx branches do not match this handler.
childe/gohangout	ad28c52c5dddf79c0eb2a64f07bb40011ce68541	resourcelifetime	filter/translate.go:53:22	resourcelifetime/missing-release	true-positive	parseDict local-file branch opens configFile, reads bytes and returns parsed dictionary without Close or owner transfer; periodic refresh repeats this path.
childe/gohangout	ad28c52c5dddf79c0eb2a64f07bb40011ce68541	resourcelifetime	internal/config/yaml_config_parser.go:31:22	resourcelifetime/missing-release	true-positive	YamlParser.parse opens local config, reads then returns map; empty-file/read/unmarshal errors and successful return never close original file.
childe/gohangout	ad28c52c5dddf79c0eb2a64f07bb40011ce68541	resourcelifetime	output/elasticsearch_output.go:440:15	resourcelifetime/missing-release	true-positive	sniffNodesFromOneHost returns on non-200 response before defer resp.Body.Close; caller logs and tries next host, potentially abandoning error response body.
cloudflare/gokeyless	bb34a643e15ad49c789ad55448bc622b653b24d4	lockorder	client/remote.go:396:3	lockorder/missing-release	inconclusive	Empty Group.Dial path structurally omits RUnlock, but NewGroup rejects empty remotes and all repository construction uses it; PingAll preserves slice length. Public zero-value Group could reach branch, but intended zero-value contract and concrete feasible repository usage are not established.
cloudflare/gokeyless	bb34a643e15ad49c789ad55448bc622b653b24d4	resourcelifetime	certmetrics/metrics.go:33:15	resourcelifetime/missing-release	true-positive	certSourceFromFile opens certificate file then ReadAll/parses and returns certificate values or error without Close; returned values do not retain file.
clusternet/clusternet	bcf6d64e48a463f7eb5d42395c63641ee6735b20	concurrentcapture	pkg/controllermanager/approver/approver.go:467:5	concurrentcapture/shared-capture	false-positive	defaultClusterRoles returns exactly one role. Each phase launches one writer to local allErrs and Wait completes before the next phase or read; there are no concurrent slice writers.
clusternet/clusternet	bcf6d64e48a463f7eb5d42395c63641ee6735b20	concurrentcapture	pkg/controllermanager/approver/approver.go:497:5	concurrentcapture/shared-capture	false-positive	The binding phase ranges the same one-element defaultClusterRoles result after the prior phase's Wait; one worker writes allErrs and the parent reads only after Wait.
clusternet/clusternet	bcf6d64e48a463f7eb5d42395c63641ee6735b20	concurrentcapture	pkg/controllermanager/approver/approver.go:518:5	concurrentcapture/shared-capture	false-positive	defaultRoles returns exactly one role; this phase has one allErrs writer and waits before reading or launching the next phase.
clusternet/clusternet	bcf6d64e48a463f7eb5d42395c63641ee6735b20	concurrentcapture	pkg/controllermanager/approver/approver.go:551:5	concurrentcapture/shared-capture	false-positive	defaultRoles has one element and additionalRoles returns an empty slice. This binding phase therefore launches one writer after the earlier Wait, not concurrent slice writers.
clusternet/clusternet	bcf6d64e48a463f7eb5d42395c63641ee6735b20	concurrentcapture	pkg/controllermanager/deployer/deployer.go:1246:7	concurrentcapture/shared-capture	true-positive	Chart workers assign the outer err variable concurrently with other chart/manifest workers; the buffered error channel and later Wait do not protect the shared assignment.
clusternet/clusternet	bcf6d64e48a463f7eb5d42395c63641ee6735b20	concurrentcapture	pkg/controllermanager/deployer/deployer.go:1258:7	concurrentcapture/shared-capture	true-positive	Manifest workers assign the same outer err variable concurrently with chart/manifest workers; each worker needs its own error value.
clusternet/clusternet	bcf6d64e48a463f7eb5d42395c63641ee6735b20	concurrentcapture	pkg/controllers/mcs/serviceexport_controller.go:189:7	concurrentcapture/shared-capture	true-positive	Endpoint-slice export workers assign and read shared outer err; multiple slices can overlap despite sending errors through a channel afterward.
clusternet/clusternet	bcf6d64e48a463f7eb5d42395c63641ee6735b20	concurrentcapture	pkg/controllers/mcs/serviceimport_controller.go:177:7	concurrentcapture/shared-capture	true-positive	Endpoint-slice import workers assign and read shared outer err before their channel send; multiple slices can overlap.
clusternet/clusternet	bcf6d64e48a463f7eb5d42395c63641ee6735b20	concurrentcapture	pkg/utils/deployer.go:542:5	concurrentcapture/shared-capture	true-positive	Deletion workers assign outer err concurrently with sibling workers and the parent's next UnmarshalJSON iteration; waiting afterward does not serialize these writes.
coder/wush	915e599edda00fe7f94feb8d9e934a17ce03db1f	resourcelifetime	cmd/wush/serve.go:303:13	resourcelifetime/missing-release	true-positive	POST file is opened before io.Copy; copy error returns HTTP error before fi.Close and no deferred file cleanup exists.
containers/image	df7e80d2d19872b61f352a8a182ec934dc0c2346	deferinloop	pkg/compression/compression_test.go:30:3	deferinloop/cleanup-lifetime	true-positive	Each table-case file remains open across later iterations until function return, though its stream is consumed only within that case.
containers/image	df7e80d2d19872b61f352a8a182ec934dc0c2346	deferinloop	pkg/compression/compression_test.go:44:3	deferinloop/cleanup-lifetime	true-positive	Each table-case file remains open across later iterations until function return, though its stream is consumed only within that case.
containers/image	df7e80d2d19872b61f352a8a182ec934dc0c2346	deferinloop	pkg/compression/compression_test.go:96:3	deferinloop/cleanup-lifetime	true-positive	Each table-case file remains open across later iterations until function return, though its stream is consumed only within that case.
containers/image	df7e80d2d19872b61f352a8a182ec934dc0c2346	resourcelifetime	directory/directory_src.go:77:12	resourcelifetime/missing-release	true-positive	Successful blob Open followed by Stat error returns nil reader without Close; successful ownership return covers only the non-error path.
containers/image	df7e80d2d19872b61f352a8a182ec934dc0c2346	resourcelifetime	docker/registries_d.go:115:14	resourcelifetime/missing-release	true-positive	Opened registry directory is never closed after Readdirnames, on parse errors, or normal merged-config return.
containers/image	df7e80d2d19872b61f352a8a182ec934dc0c2346	resourcelifetime	oci/layout/oci_src.go:166:12	resourcelifetime/missing-release	true-positive	Successful blob Open followed by Stat error returns nil reader without Close.
containers/image	df7e80d2d19872b61f352a8a182ec934dc0c2346	resourcelifetime	pkg/shortnames/shortnames_test.go:396:14	resourcelifetime/missing-release	true-positive	Temporary aliases file handle is never closed; only pathname is used and deferred Remove does not close its descriptor.
create-go-app/cli	51bacbdcd8a7b52af7e2d8826b45e6c230c03162	resourcelifetime	pkg/cgapp/files.go:89:21	resourcelifetime/missing-release	true-positive	GenerateFileFromTemplate returns formatted ShowError on template Execute failure before explicit file.Close; helper only formats error and does not terminate process or close file.
create-go-app/cli	51bacbdcd8a7b52af7e2d8826b45e6c230c03162	resourcelifetime	pkg/cgapp/files_test.go:229:9	resourcelifetime/missing-release	true-positive	Test discards successful os.Create handle; later generator opens its own file and RemoveAll only deletes path, not original handle.
ddvk/rmfakecloud	1958bff18a530038d3916cba0168ad99a24220b4	resourcelifetime	internal/hwr/client.go:85:14	resourcelifetime/missing-release	true-positive	HWR request ReadAll body then returns bytes/status error without Close; partial-read error also exits without release.
deweizhu/bookget	2cdbf6d6c3ce70355a5c4411c0faf3450e9ae877	deferinloop	pkg/util/file.go:162:4	deferinloop/cleanup-lifetime	true-positive	Unzip defers each extracted output file Close until complete archive loop returns, retaining descriptors for all already-copied entries.
deweizhu/bookget	2cdbf6d6c3ce70355a5c4411c0faf3450e9ae877	resourcelifetime	pkg/downloader/downloader.go:522:15	resourcelifetime/missing-release	false-positive	Missing Close concerns non-200 HEAD response from default no-timeout client; protocol returns NoBody. Subsequent fallback range GET has its own deferred Body.Close, so body-bearing response is not abandoned.
disgoorg/disgo	976596eebba9b3e1a91b270882f408bbbdb2d857	lockorder	voice/gateway.go:267:9	lockorder/contradictory-order	true-positive	Send holds statusMu through sendInternal/send acquiring connMu; Close holds connMu through statusMu acquisition, and Open also takes connMu then statusMu. Concurrent Send/Close on the same ready gateway can form the inverse-order cycle; focused replay confirms call chain.
distr1/distri	0a686739387fc1b3816aad45bb53d97112d5ea76	deferinloop	cmd/distri/builder.go:94:3	deferinloop/cleanup-lifetime	true-positive	Build loops over request-controlled input paths, opens and hashes each file but defers Close until entire RPC/build returns; already-consumed handles accumulate across potentially large list.
distr1/distri	0a686739387fc1b3816aad45bb53d97112d5ea76	lockorder	internal/fuse/fuse.go:1167:5	lockorder/missing-release	inconclusive	ReadDir exchange-inode type assertion failure returns holding fs.mu. However virtual directory inodes are stored as *dir with stable unique IDs, while *dirent entries advertise non-directory types; reaching failed assertion through valid kernel ReadDir protocol is not established.
distr1/distri	0a686739387fc1b3816aad45bb53d97112d5ea76	processownership	cmd/distri/builder.go:131:12	processownership/missing-wait	true-positive	After successful build.Start, write-pipe Close error returns before errgroup registers build.Wait; later normal eg.Wait does not cover this exit.
distr1/distri	0a686739387fc1b3816aad45bb53d97112d5ea76	processownership	internal/build/build.go:1243:13	processownership/missing-wait	true-positive	After cmd.Start, pipe Close, ReadAll, or proto.Unmarshal error returns before cmd.Wait; no deferred wait reaps process on these paths.
distr1/distri	0a686739387fc1b3816aad45bb53d97112d5ea76	resourcelifetime	cmd/distri/init.go:53:14	resourcelifetime/missing-release	true-positive	findLatestSystemd opens /ro and Readdirnames then returns selection/error without directory Close; selected path string does not retain handle.
distr1/distri	0a686739387fc1b3816aad45bb53d97112d5ea76	resourcelifetime	cmd/distri/mirror.go:74:13	resourcelifetime/missing-release	true-positive	mirror opens each squashfs image and NewReader reads through file; neither success iteration nor reader/lookup/walk error closes underlying file.
distr1/distri	0a686739387fc1b3816aad45bb53d97112d5ea76	resourcelifetime	internal/build/mount.go:83:14	resourcelifetime/missing-release	true-positive	mount1 opens image backing file then uses fd for loop ioctl but never closes it on loop-open/ioctl/mount errors or success; kernel loop reference does not close userspace descriptor.
distr1/distri	0a686739387fc1b3816aad45bb53d97112d5ea76	resourcelifetime	internal/checkupstream/check.go:247:15	resourcelifetime/missing-release	true-positive	checkHeuristic returns on non-200 or partial ReadAll error without Body.Close; successful parsed CheckResult also does not transfer response.
distr1/distri	0a686739387fc1b3816aad45bb53d97112d5ea76	resourcelifetime	internal/install/install.go:137:13	resourcelifetime/missing-release	true-positive	install1 creates output before repo.Reader; input-open or Copy error returns before explicit output Close, with no deferred output cleanup.
distr1/distri	0a686739387fc1b3816aad45bb53d97112d5ea76	resourcelifetime	internal/install/install.go:94:14	resourcelifetime/missing-release	true-positive	Regular-file installer returns on io.Copy failure before f.Close; successful explicit close does not cover write/read errors.
distr1/distri	0a686739387fc1b3816aad45bb53d97112d5ea76	resourcelifetime	internal/repo/reader.go:121:15	resourcelifetime/missing-release	true-positive	Reader returns nil/error for non-200 or gzip/zstd constructor failure without closing resp.Body; successful returned body owner does not cover failure paths.
distr1/distri	0a686739387fc1b3816aad45bb53d97112d5ea76	resourcelifetime	internal/squashfs/writer_test.go:185:17	resourcelifetime/missing-release	true-positive	Test opens own executable and passes it as table entry reader to ReadAll comparison; no enclosing/subtest cleanup closes fbin.
distr1/distri	0a686739387fc1b3816aad45bb53d97112d5ea76	resourcelifetime	internal/squashfs/writer_test.go:243:17	resourcelifetime/missing-release	true-positive	Test opens own executable and passes it as table entry reader to ReadAll comparison; no enclosing/subtest cleanup closes fbin.
docker/mcp-registry	49b643ce3fc73e6ee80bb962719b6e2990e3d397	producerlifecycle	internal/mcp/stdio.go:115:3	producerlifecycle/abandoned-send	true-positive	Two goroutines each send once on unbuffered errs, while initialization receives exactly one result before returning. The other sender remains blocked, including process-exit notification after successful initialization.
docker/mcp-registry	49b643ce3fc73e6ee80bb962719b6e2990e3d397	producerlifecycle	internal/mcp/stdio.go:118:3	producerlifecycle/abandoned-send	true-positive	Two goroutines each send once on unbuffered errs, while initialization receives exactly one result before returning. The other sender remains blocked, including process-exit notification after successful initialization.
doitintl/kube-no-trouble	2366d92156c0cf94c31453593368077f13c183b7	resourcelifetime	pkg/printer/csv_test.go:39:18	resourcelifetime/missing-release	true-positive	Test creates temp file, passes it into local printer/options, but neither constructor nor Print closes it and test never calls Close. Deferred Remove only unlinks pathname; retained local printer is abandoned on test return.
doitintl/kube-no-trouble	2366d92156c0cf94c31453593368077f13c183b7	resourcelifetime	pkg/printer/csv_test.go:63:18	resourcelifetime/missing-release	false-positive	Literal first good-file subtest constructs printer with exact tmpFile in options then calls Close, which delegates to commonPrinter.Close and closes non-stdout file. Later case intentionally checks already-closed error; synchronous t.Run completes before enclosing return.
doitintl/kube-no-trouble	2366d92156c0cf94c31453593368077f13c183b7	resourcelifetime	pkg/printer/csv_test.go:9:18	resourcelifetime/missing-release	true-positive	Test creates temp file, passes it into local printer/options, but neither constructor nor Print closes it and test never calls Close. Deferred Remove only unlinks pathname; retained local printer is abandoned on test return.
doitintl/kube-no-trouble	2366d92156c0cf94c31453593368077f13c183b7	resourcelifetime	pkg/printer/json_test.go:13:18	resourcelifetime/missing-release	true-positive	Test creates temp file, passes it into local printer/options, but neither constructor nor Print closes it and test never calls Close. Deferred Remove only unlinks pathname; retained local printer is abandoned on test return.
doitintl/kube-no-trouble	2366d92156c0cf94c31453593368077f13c183b7	resourcelifetime	pkg/printer/json_test.go:75:18	resourcelifetime/missing-release	false-positive	Literal first good-file subtest constructs printer with exact tmpFile in options then calls Close, which delegates to commonPrinter.Close and closes non-stdout file. Later case intentionally checks already-closed error; synchronous t.Run completes before enclosing return.
doitintl/kube-no-trouble	2366d92156c0cf94c31453593368077f13c183b7	resourcelifetime	pkg/printer/printer_helper_test.go:28:20	resourcelifetime/missing-release	true-positive	Test creates temp file, passes it into local printer/options, but neither constructor nor Print closes it and test never calls Close. Deferred Remove only unlinks pathname; retained local printer is abandoned on test return.
doitintl/kube-no-trouble	2366d92156c0cf94c31453593368077f13c183b7	resourcelifetime	pkg/printer/printer_test.go:129:18	resourcelifetime/missing-release	false-positive	Literal first good-file subtest constructs printer with exact tmpFile in options then calls Close, which delegates to commonPrinter.Close and closes non-stdout file. Later case intentionally checks already-closed error; synchronous t.Run completes before enclosing return.
doitintl/kube-no-trouble	2366d92156c0cf94c31453593368077f13c183b7	resourcelifetime	pkg/printer/printer_test.go:15:18	resourcelifetime/missing-release	true-positive	Test creates temp file, passes it into local printer/options, but neither constructor nor Print closes it and test never calls Close. Deferred Remove only unlinks pathname; retained local printer is abandoned on test return.
doitintl/kube-no-trouble	2366d92156c0cf94c31453593368077f13c183b7	resourcelifetime	pkg/printer/printer_test.go:48:18	resourcelifetime/missing-release	false-positive	First good-file subtest newCommonPrinter retains exact options containing tmpFile; deferred got.Close runs at synchronous subtest exit and closes same file. Later stdout/nil entries do not undo cleanup.
doitintl/kube-no-trouble	2366d92156c0cf94c31453593368077f13c183b7	resourcelifetime	pkg/printer/text_test.go:39:18	resourcelifetime/missing-release	true-positive	Test creates temp file, passes it into local printer/options, but neither constructor nor Print closes it and test never calls Close. Deferred Remove only unlinks pathname; retained local printer is abandoned on test return.
doitintl/kube-no-trouble	2366d92156c0cf94c31453593368077f13c183b7	resourcelifetime	pkg/printer/text_test.go:62:18	resourcelifetime/missing-release	false-positive	Literal first good-file subtest constructs printer with exact tmpFile in options then calls Close, which delegates to commonPrinter.Close and closes non-stdout file. Later case intentionally checks already-closed error; synchronous t.Run completes before enclosing return.
doitintl/kube-no-trouble	2366d92156c0cf94c31453593368077f13c183b7	resourcelifetime	pkg/printer/text_test.go:9:18	resourcelifetime/missing-release	true-positive	Test creates temp file, passes it into local printer/options, but neither constructor nor Print closes it and test never calls Close. Deferred Remove only unlinks pathname; retained local printer is abandoned on test return.
emiago/sipgo	86ec9f7c7c9c6e9befff7592c700912faac52dc5	resourcelifetime	example/proxysip/main.go:101:13	resourcelifetime/missing-release	false-positive	setupSipProxy returns server embedding exact UserAgent and callbacks retain same client/UA. Error before return can occur at address parsing before any transport connection opens; default NewUA constructors initialize pools/maps, not active I/O. Factory-local Close would invalidate returned server.
emiago/sipgo	86ec9f7c7c9c6e9befff7592c700912faac52dc5	resourcelifetime	example/register/client/main.go:31:13	resourcelifetime/missing-release	true-positive	Register example uses UA for actual SIP transactions/listening then returns without UA.Close. Client.Close and Server.Close explicitly return nil without cleanup; API requires UA.Close to stop transaction and transport layers.
emiago/sipgo	86ec9f7c7c9c6e9befff7592c700912faac52dc5	resourcelifetime	example/register/server/main.go:41:13	resourcelifetime/missing-release	true-positive	Register example uses UA for actual SIP transactions/listening then returns without UA.Close. Client.Close and Server.Close explicitly return nil without cleanup; API requires UA.Close to stop transaction and transport layers.
fastschema/fastschema	813349976c7cf4a884a995f6fcad9aace08b1541	resourcelifetime	pkg/restfulresolver/context_test.go:370:15	resourcelifetime/missing-release	true-positive	Test opens input file then io.Copy into multipart buffer, without input Close or ownership transfer; multipart writer/HTTP response cleanup only covers distinct values.
fastschema/fastschema	813349976c7cf4a884a995f6fcad9aace08b1541	resourcelifetime	pkg/zaplogger/zap.go:40:16	resourcelifetime/missing-release	false-positive	Opened file is retained by zapcore.AddSync writer, NewCore/NewTee, and returned ZapLogger for future logging. Local Close would break returned logger; retained logging ownership is not proof of abandoned file (Sync is not asserted to close it).
fastschema/fastschema	813349976c7cf4a884a995f6fcad9aace08b1541	resourcelifetime	services/file/upload_test.go:48:15	resourcelifetime/missing-release	true-positive	Test opens input file then io.Copy into multipart buffer, without input Close or ownership transfer; multipart writer/HTTP response cleanup only covers distinct values.
fastschema/fastschema	813349976c7cf4a884a995f6fcad9aace08b1541	resourcelifetime	services/schema/import_test.go:121:23	resourcelifetime/missing-release	true-positive	Test opens input file then io.Copy into multipart buffer, without input Close or ownership transfer; multipart writer/HTTP response cleanup only covers distinct values.
fastschema/fastschema	813349976c7cf4a884a995f6fcad9aace08b1541	resourcelifetime	services/schema/import_test.go:123:19	resourcelifetime/missing-release	true-positive	Test opens input file then io.Copy into multipart buffer, without input Close or ownership transfer; multipart writer/HTTP response cleanup only covers distinct values.
fastschema/fastschema	813349976c7cf4a884a995f6fcad9aace08b1541	resourcelifetime	services/schema/import_test.go:186:22	resourcelifetime/missing-release	true-positive	Test opens input file then io.Copy into multipart buffer, without input Close or ownership transfer; multipart writer/HTTP response cleanup only covers distinct values.
fastschema/fastschema	813349976c7cf4a884a995f6fcad9aace08b1541	resourcelifetime	services/schema/import_test.go:188:18	resourcelifetime/missing-release	true-positive	Test opens input file then io.Copy into multipart buffer, without input Close or ownership transfer; multipart writer/HTTP response cleanup only covers distinct values.
fastschema/fastschema	813349976c7cf4a884a995f6fcad9aace08b1541	resourcelifetime	services/schema/import_test.go:33:15	resourcelifetime/missing-release	true-positive	Test opens input file then io.Copy into multipart buffer, without input Close or ownership transfer; multipart writer/HTTP response cleanup only covers distinct values.
github-release/github-release	2c19b119ec8a75203b6b6269ef02a5e32c9e4ebd	resourcelifetime	github/github.go:167:14	resourcelifetime/missing-release	true-positive	HTTP error response goes to restclient.DefaultErrorParser, whose exact dependency implementation returns on ReadAll failure before installing Body.Close defer; caller returns nil response and cannot recover ownership.
github-release/github-release	2c19b119ec8a75203b6b6269ef02a5e32c9e4ebd	resourcelifetime	github/github.go:169:14	resourcelifetime/missing-release	true-positive	Custom-client branch can use default error parser for status>=400; that parser returns on ReadAll failure before Body.Close defer, while caller returns nil response without cleanup.
glidea/zenfeed	26d34b57dac042ee162f244a0b02e26e5ba7614b	resourcelifetime	pkg/config/config.go:331:18	resourcelifetime/missing-release	true-positive	SaveAppConfig creates temp file but only uses its Name; separate os.WriteFile and rename do not close original CreateTemp handle, and deferred Remove only removes path.
glojurelang/glojure	fc83f31d5248b7e23510fd51f39ccf707599a08b	resourcelifetime	internal/deps/get.go:34:12	resourcelifetime/missing-release	true-positive	Deps.Get creates output file then GenPkgs WithWriter merely stores borrowed writer for synchronous printGeneratedCode; no helper closes it and Get returns without Close.
go-dev-frame/sponge	beef9eecdc5e2dc6b1358f130d8e9133771c277b	cancellationownership	cmd/sponge/commands/perftest/http/run.go:270:12	cancellationownership/release	true-positive	Timeout cancel is discarded; the operation can return before the deadline, leaving its timer/context active.
go-dev-frame/sponge	beef9eecdc5e2dc6b1358f130d8e9133771c277b	cancellationownership	pkg/aicli/chatgpt/client_test.go:24:12	cancellationownership/release	true-positive	Timeout cancel is discarded; the operation can return before the deadline, leaving its timer/context active.
go-dev-frame/sponge	beef9eecdc5e2dc6b1358f130d8e9133771c277b	cancellationownership	pkg/aicli/chatgpt/client_test.go:46:12	cancellationownership/release	true-positive	Timeout cancel is discarded; the operation can return before the deadline, leaving its timer/context active.
go-dev-frame/sponge	beef9eecdc5e2dc6b1358f130d8e9133771c277b	cancellationownership	pkg/aicli/chatgpt/client_test.go:64:12	cancellationownership/release	true-positive	Timeout cancel is discarded; the operation can return before the deadline, leaving its timer/context active.
go-dev-frame/sponge	beef9eecdc5e2dc6b1358f130d8e9133771c277b	cancellationownership	pkg/aicli/deepseek/client_test.go:24:12	cancellationownership/release	true-positive	Timeout cancel is discarded; the operation can return before the deadline, leaving its timer/context active.
go-dev-frame/sponge	beef9eecdc5e2dc6b1358f130d8e9133771c277b	cancellationownership	pkg/aicli/deepseek/client_test.go:46:12	cancellationownership/release	true-positive	Timeout cancel is discarded; the operation can return before the deadline, leaving its timer/context active.
go-dev-frame/sponge	beef9eecdc5e2dc6b1358f130d8e9133771c277b	cancellationownership	pkg/aicli/deepseek/client_test.go:64:12	cancellationownership/release	true-positive	Timeout cancel is discarded; the operation can return before the deadline, leaving its timer/context active.
go-dev-frame/sponge	beef9eecdc5e2dc6b1358f130d8e9133771c277b	cancellationownership	pkg/aicli/gemini/client_test.go:20:12	cancellationownership/release	true-positive	Timeout cancel is discarded; the operation can return before the deadline, leaving its timer/context active.
go-dev-frame/sponge	beef9eecdc5e2dc6b1358f130d8e9133771c277b	cancellationownership	pkg/aicli/gemini/client_test.go:41:12	cancellationownership/release	true-positive	Timeout cancel is discarded; the operation can return before the deadline, leaving its timer/context active.
go-dev-frame/sponge	beef9eecdc5e2dc6b1358f130d8e9133771c277b	cancellationownership	pkg/aicli/gemini/client_test.go:59:12	cancellationownership/release	true-positive	Timeout cancel is discarded; the operation can return before the deadline, leaving its timer/context active.
go-dev-frame/sponge	beef9eecdc5e2dc6b1358f130d8e9133771c277b	cancellationownership	pkg/app/app_test.go:80:12	cancellationownership/release	false-positive	The 100ms timeout is followed on every post-acquisition path by a mandatory one-second sleep after watch, so its deadline has expired before return; no remaining cancellation obligation.
go-dev-frame/sponge	beef9eecdc5e2dc6b1358f130d8e9133771c277b	cancellationownership	pkg/dlock/etcd.go:33:12	cancellationownership/release	true-positive	Timeout cancel is discarded: NewSession error can return early, and returned lock Close only closes the child session, not this parent timeout.
go-dev-frame/sponge	beef9eecdc5e2dc6b1358f130d8e9133771c277b	cancellationownership	pkg/dlock/redis_test.go:76:14	cancellationownership/release	true-positive	Timeout cancel is discarded; the operation can return before the deadline, leaving its timer/context active.
go-dev-frame/sponge	beef9eecdc5e2dc6b1358f130d8e9133771c277b	cancellationownership	pkg/gobash/gobash_test.go:18:13	cancellationownership/release	true-positive	Timeout cancel is discarded; the operation can return before the deadline, leaving its timer/context active.
go-dev-frame/sponge	beef9eecdc5e2dc6b1358f130d8e9133771c277b	cancellationownership	pkg/goredis/goredis.go:124:12	cancellationownership/release	true-positive	Timeout cancel is discarded; the operation can return before the deadline, leaving its timer/context active.
go-dev-frame/sponge	beef9eecdc5e2dc6b1358f130d8e9133771c277b	cancellationownership	pkg/goredis/goredis.go:159:12	cancellationownership/release	true-positive	Timeout cancel is discarded; the operation can return before the deadline, leaving its timer/context active.
go-dev-frame/sponge	beef9eecdc5e2dc6b1358f130d8e9133771c277b	cancellationownership	pkg/goredis/goredis.go:53:12	cancellationownership/release	true-positive	Timeout cancel is discarded; the operation can return before the deadline, leaving its timer/context active.
go-dev-frame/sponge	beef9eecdc5e2dc6b1358f130d8e9133771c277b	cancellationownership	pkg/goredis/goredis.go:88:12	cancellationownership/release	true-positive	Timeout cancel is discarded; the operation can return before the deadline, leaving its timer/context active.
go-dev-frame/sponge	beef9eecdc5e2dc6b1358f130d8e9133771c277b	cancellationownership	pkg/gotest/handler.go:121:13	cancellationownership/release	true-positive	Timeout cancel is discarded; the operation can return before the deadline, leaving its timer/context active.
go-dev-frame/sponge	beef9eecdc5e2dc6b1358f130d8e9133771c277b	cancellationownership	pkg/gotest/handler_test.go:97:12	cancellationownership/release	true-positive	Timeout cancel is discarded; the operation can return before the deadline, leaving its timer/context active.
go-dev-frame/sponge	beef9eecdc5e2dc6b1358f130d8e9133771c277b	cancellationownership	pkg/grpc/interceptor/timeout.go:21:12	cancellationownership/release	true-positive	Timeout cancel is discarded; invoker or streamer can return an error before the deadline. Successful stream lifetime does not cover this early-error path.
go-dev-frame/sponge	beef9eecdc5e2dc6b1358f130d8e9133771c277b	cancellationownership	pkg/grpc/interceptor/timeout.go:33:12	cancellationownership/release	true-positive	Timeout cancel is discarded; invoker or streamer can return an error before the deadline. Successful stream lifetime does not cover this early-error path.
go-dev-frame/sponge	beef9eecdc5e2dc6b1358f130d8e9133771c277b	cancellationownership	pkg/grpc/metrics/clientMetrics_test.go:18:12	cancellationownership/release	true-positive	Timeout cancel is discarded; the operation can return before the deadline, leaving its timer/context active.
go-dev-frame/sponge	beef9eecdc5e2dc6b1358f130d8e9133771c277b	cancellationownership	pkg/grpc/metrics/serverMetrics_test.go:81:12	cancellationownership/release	true-positive	Timeout cancel is discarded; the operation can return before the deadline, leaving its timer/context active.
go-dev-frame/sponge	beef9eecdc5e2dc6b1358f130d8e9133771c277b	cancellationownership	pkg/prof/profile.go:157:12	cancellationownership/release	true-positive	Timeout cancel is discarded; the operation can return before the deadline, leaving its timer/context active.
go-dev-frame/sponge	beef9eecdc5e2dc6b1358f130d8e9133771c277b	cancellationownership	pkg/rabbitmq/consumer_test.go:120:12	cancellationownership/release	true-positive	Normal path waits for context deadline, but publisher/consumer initialization errors return earlier with the timeout cancel discarded.
go-dev-frame/sponge	beef9eecdc5e2dc6b1358f130d8e9133771c277b	cancellationownership	pkg/rabbitmq/consumer_test.go:143:12	cancellationownership/release	true-positive	Normal path waits for context deadline, but publisher/consumer initialization errors return earlier with the timeout cancel discarded.
go-dev-frame/sponge	beef9eecdc5e2dc6b1358f130d8e9133771c277b	cancellationownership	pkg/rabbitmq/consumer_test.go:165:12	cancellationownership/release	true-positive	Normal path waits for context deadline, but publisher/consumer initialization errors return earlier with the timeout cancel discarded.
go-dev-frame/sponge	beef9eecdc5e2dc6b1358f130d8e9133771c277b	cancellationownership	pkg/rabbitmq/consumer_test.go:188:12	cancellationownership/release	true-positive	Normal path waits for context deadline, but publisher/consumer initialization errors return earlier with the timeout cancel discarded.
go-dev-frame/sponge	beef9eecdc5e2dc6b1358f130d8e9133771c277b	cancellationownership	pkg/rabbitmq/consumer_test.go:97:12	cancellationownership/release	true-positive	Normal path waits for context deadline, but publisher/consumer initialization errors return earlier with the timeout cancel discarded.
go-dev-frame/sponge	beef9eecdc5e2dc6b1358f130d8e9133771c277b	cancellationownership	pkg/rabbitmq/subscriber_test.go:14:12	cancellationownership/release	true-positive	Normal path waits for context deadline, but publisher/consumer initialization errors return earlier with the timeout cancel discarded.
go-dev-frame/sponge	beef9eecdc5e2dc6b1358f130d8e9133771c277b	cancellationownership	pkg/sgorm/dbclose/close.go:29:12	cancellationownership/release	true-positive	Timeout cancel is discarded; the operation can return before the deadline, leaving its timer/context active.
go-dev-frame/sponge	beef9eecdc5e2dc6b1358f130d8e9133771c277b	cancellationownership	pkg/stat/stat.go:125:12	cancellationownership/release	true-positive	Timeout cancel is discarded; the operation can return before the deadline, leaving its timer/context active.
go-dev-frame/sponge	beef9eecdc5e2dc6b1358f130d8e9133771c277b	evalorder	pkg/gofile/filePath.go:133:44	evalorder/operand-mutation	true-positive	Returned files slice header is evaluated alongside helper that appends through &files; helper changes the root slice header, not only preallocated pointees, making the returned value evaluation-order dependent.
go-dev-frame/sponge	beef9eecdc5e2dc6b1358f130d8e9133771c277b	evalorder	pkg/gofile/filePath.go:135:44	evalorder/operand-mutation	true-positive	Returned files slice header is evaluated alongside helper that appends through &files; helper changes the root slice header, not only preallocated pointees, making the returned value evaluation-order dependent.
go-dev-frame/sponge	beef9eecdc5e2dc6b1358f130d8e9133771c277b	evalorder	pkg/gofile/filePath.go:137:44	evalorder/operand-mutation	true-positive	Returned files slice header is evaluated alongside helper that appends through &files; helper changes the root slice header, not only preallocated pointees, making the returned value evaluation-order dependent.
go-dev-frame/sponge	beef9eecdc5e2dc6b1358f130d8e9133771c277b	evalorder	pkg/gofile/filePath.go:140:33	evalorder/operand-mutation	true-positive	Returned files slice header is evaluated alongside helper that appends through &files; helper changes the root slice header, not only preallocated pointees, making the returned value evaluation-order dependent.
go-dev-frame/sponge	beef9eecdc5e2dc6b1358f130d8e9133771c277b	processownership	pkg/process/kill_unix_test.go:23:9	processownership/missing-wait	true-positive	Started sleep process is killed (directly or by forceKill) but never Waited; killing a child does not reap its process state.
go-dev-frame/sponge	beef9eecdc5e2dc6b1358f130d8e9133771c277b	processownership	pkg/process/kill_unix_test.go:62:9	processownership/missing-wait	true-positive	Started sleep process is killed (directly or by forceKill) but never Waited; killing a child does not reap its process state.
go-dev-frame/sponge	beef9eecdc5e2dc6b1358f130d8e9133771c277b	resourcelifetime	pkg/aicli/gemini/client_test.go:53:17	resourcelifetime/missing-release	false-positive	Wrapper Close delegates to genai v0.19.0 Close, whose three cloud.google.com/go/ai v0.8.0 REST Close methods only nil httpClient, releasing no resource. Unreachable wrapper needs no such cleanup; separately allocated cache GRPC client is omitted by upstream Close, so this suggested cleanup cannot fix that upstream issue.
go-dev-frame/sponge	beef9eecdc5e2dc6b1358f130d8e9133771c277b	resourcelifetime	pkg/aicli/gemini/client_test.go:69:17	resourcelifetime/missing-release	false-positive	Wrapper Close delegates to genai v0.19.0 Close, whose three cloud.google.com/go/ai v0.8.0 REST Close methods only nil httpClient, releasing no resource. Unreachable wrapper needs no such cleanup; separately allocated cache GRPC client is omitted by upstream Close, so this suggested cleanup cannot fix that upstream issue.
go-dev-frame/sponge	beef9eecdc5e2dc6b1358f130d8e9133771c277b	resourcelifetime	pkg/errcode/response_test.go:155:17	resourcelifetime/missing-release	true-positive	Successful HTTP response is checked/read and then overwritten or left on return without Body.Close; consuming response data does not fulfill the explicit response-body close obligation.
go-dev-frame/sponge	beef9eecdc5e2dc6b1358f130d8e9133771c277b	resourcelifetime	pkg/errcode/response_test.go:159:16	resourcelifetime/missing-release	true-positive	Successful HTTP response is checked/read and then overwritten or left on return without Body.Close; consuming response data does not fulfill the explicit response-body close obligation.
go-dev-frame/sponge	beef9eecdc5e2dc6b1358f130d8e9133771c277b	resourcelifetime	pkg/errcode/response_test.go:163:16	resourcelifetime/missing-release	true-positive	Successful HTTP response is checked/read and then overwritten or left on return without Body.Close; consuming response data does not fulfill the explicit response-body close obligation.
go-dev-frame/sponge	beef9eecdc5e2dc6b1358f130d8e9133771c277b	resourcelifetime	pkg/errcode/response_test.go:168:16	resourcelifetime/missing-release	true-positive	Successful HTTP response is checked/read and then overwritten or left on return without Body.Close; consuming response data does not fulfill the explicit response-body close obligation.
go-dev-frame/sponge	beef9eecdc5e2dc6b1358f130d8e9133771c277b	resourcelifetime	pkg/errcode/response_test.go:173:16	resourcelifetime/missing-release	true-positive	Successful HTTP response is checked/read and then overwritten or left on return without Body.Close; consuming response data does not fulfill the explicit response-body close obligation.
go-dev-frame/sponge	beef9eecdc5e2dc6b1358f130d8e9133771c277b	resourcelifetime	pkg/errcode/response_test.go:179:16	resourcelifetime/missing-release	true-positive	Successful HTTP response is checked/read and then overwritten or left on return without Body.Close; consuming response data does not fulfill the explicit response-body close obligation.
go-dev-frame/sponge	beef9eecdc5e2dc6b1358f130d8e9133771c277b	resourcelifetime	pkg/errcode/response_test.go:182:16	resourcelifetime/missing-release	true-positive	Successful HTTP response is checked/read and then overwritten or left on return without Body.Close; consuming response data does not fulfill the explicit response-body close obligation.
go-dev-frame/sponge	beef9eecdc5e2dc6b1358f130d8e9133771c277b	resourcelifetime	pkg/errcode/response_test.go:185:16	resourcelifetime/missing-release	true-positive	Successful HTTP response is checked/read and then overwritten or left on return without Body.Close; consuming response data does not fulfill the explicit response-body close obligation.
go-dev-frame/sponge	beef9eecdc5e2dc6b1358f130d8e9133771c277b	resourcelifetime	pkg/errcode/response_test.go:189:16	resourcelifetime/missing-release	true-positive	Successful HTTP response is checked/read and then overwritten or left on return without Body.Close; consuming response data does not fulfill the explicit response-body close obligation.
go-dev-frame/sponge	beef9eecdc5e2dc6b1358f130d8e9133771c277b	resourcelifetime	pkg/errcode/response_test.go:192:16	resourcelifetime/missing-release	true-positive	Successful HTTP response is checked/read and then overwritten or left on return without Body.Close; consuming response data does not fulfill the explicit response-body close obligation.
go-dev-frame/sponge	beef9eecdc5e2dc6b1358f130d8e9133771c277b	resourcelifetime	pkg/errcode/response_test.go:195:16	resourcelifetime/missing-release	true-positive	Successful HTTP response is checked/read and then overwritten or left on return without Body.Close; consuming response data does not fulfill the explicit response-body close obligation.
go-dev-frame/sponge	beef9eecdc5e2dc6b1358f130d8e9133771c277b	resourcelifetime	pkg/errcode/response_test.go:199:16	resourcelifetime/missing-release	true-positive	Successful HTTP response is checked/read and then overwritten or left on return without Body.Close; consuming response data does not fulfill the explicit response-body close obligation.
go-dev-frame/sponge	beef9eecdc5e2dc6b1358f130d8e9133771c277b	resourcelifetime	pkg/errcode/response_test.go:202:16	resourcelifetime/missing-release	true-positive	Successful HTTP response is checked/read and then overwritten or left on return without Body.Close; consuming response data does not fulfill the explicit response-body close obligation.
go-dev-frame/sponge	beef9eecdc5e2dc6b1358f130d8e9133771c277b	resourcelifetime	pkg/errcode/response_test.go:205:16	resourcelifetime/missing-release	true-positive	Successful HTTP response is checked/read and then overwritten or left on return without Body.Close; consuming response data does not fulfill the explicit response-body close obligation.
go-dev-frame/sponge	beef9eecdc5e2dc6b1358f130d8e9133771c277b	resourcelifetime	pkg/errcode/response_test.go:209:16	resourcelifetime/missing-release	true-positive	Successful HTTP response is checked/read and then overwritten or left on return without Body.Close; consuming response data does not fulfill the explicit response-body close obligation.
go-dev-frame/sponge	beef9eecdc5e2dc6b1358f130d8e9133771c277b	resourcelifetime	pkg/errcode/response_test.go:212:16	resourcelifetime/missing-release	true-positive	Successful HTTP response is checked/read and then overwritten or left on return without Body.Close; consuming response data does not fulfill the explicit response-body close obligation.
go-dev-frame/sponge	beef9eecdc5e2dc6b1358f130d8e9133771c277b	resourcelifetime	pkg/errcode/response_test.go:215:16	resourcelifetime/missing-release	true-positive	Successful HTTP response is checked/read and then overwritten or left on return without Body.Close; consuming response data does not fulfill the explicit response-body close obligation.
go-dev-frame/sponge	beef9eecdc5e2dc6b1358f130d8e9133771c277b	resourcelifetime	pkg/errcode/response_test.go:219:16	resourcelifetime/missing-release	true-positive	Successful HTTP response is checked/read and then overwritten or left on return without Body.Close; consuming response data does not fulfill the explicit response-body close obligation.
go-dev-frame/sponge	beef9eecdc5e2dc6b1358f130d8e9133771c277b	resourcelifetime	pkg/errcode/response_test.go:222:16	resourcelifetime/missing-release	true-positive	Successful HTTP response is checked/read and then overwritten or left on return without Body.Close; consuming response data does not fulfill the explicit response-body close obligation.
go-dev-frame/sponge	beef9eecdc5e2dc6b1358f130d8e9133771c277b	resourcelifetime	pkg/errcode/response_test.go:225:16	resourcelifetime/missing-release	true-positive	Successful HTTP response is checked/read and then overwritten or left on return without Body.Close; consuming response data does not fulfill the explicit response-body close obligation.
go-dev-frame/sponge	beef9eecdc5e2dc6b1358f130d8e9133771c277b	resourcelifetime	pkg/errcode/response_test.go:233:17	resourcelifetime/missing-release	true-positive	Successful HTTP response is checked/read and then overwritten or left on return without Body.Close; consuming response data does not fulfill the explicit response-body close obligation.
go-dev-frame/sponge	beef9eecdc5e2dc6b1358f130d8e9133771c277b	resourcelifetime	pkg/errcode/response_test.go:237:16	resourcelifetime/missing-release	true-positive	Successful HTTP response is checked/read and then overwritten or left on return without Body.Close; consuming response data does not fulfill the explicit response-body close obligation.
go-dev-frame/sponge	beef9eecdc5e2dc6b1358f130d8e9133771c277b	resourcelifetime	pkg/errcode/response_test.go:241:16	resourcelifetime/missing-release	true-positive	Successful HTTP response is checked/read and then overwritten or left on return without Body.Close; consuming response data does not fulfill the explicit response-body close obligation.
go-dev-frame/sponge	beef9eecdc5e2dc6b1358f130d8e9133771c277b	resourcelifetime	pkg/errcode/response_test.go:246:16	resourcelifetime/missing-release	true-positive	Successful HTTP response is checked/read and then overwritten or left on return without Body.Close; consuming response data does not fulfill the explicit response-body close obligation.
go-dev-frame/sponge	beef9eecdc5e2dc6b1358f130d8e9133771c277b	resourcelifetime	pkg/errcode/response_test.go:252:16	resourcelifetime/missing-release	true-positive	Successful HTTP response is checked/read and then overwritten or left on return without Body.Close; consuming response data does not fulfill the explicit response-body close obligation.
go-dev-frame/sponge	beef9eecdc5e2dc6b1358f130d8e9133771c277b	resourcelifetime	pkg/errcode/response_test.go:255:16	resourcelifetime/missing-release	true-positive	Successful HTTP response is checked/read and then overwritten or left on return without Body.Close; consuming response data does not fulfill the explicit response-body close obligation.
go-dev-frame/sponge	beef9eecdc5e2dc6b1358f130d8e9133771c277b	resourcelifetime	pkg/errcode/response_test.go:259:16	resourcelifetime/missing-release	true-positive	Successful HTTP response is checked/read and then overwritten or left on return without Body.Close; consuming response data does not fulfill the explicit response-body close obligation.
go-dev-frame/sponge	beef9eecdc5e2dc6b1358f130d8e9133771c277b	resourcelifetime	pkg/errcode/response_test.go:262:16	resourcelifetime/missing-release	true-positive	Successful HTTP response is checked/read and then overwritten or left on return without Body.Close; consuming response data does not fulfill the explicit response-body close obligation.
go-dev-frame/sponge	beef9eecdc5e2dc6b1358f130d8e9133771c277b	resourcelifetime	pkg/errcode/response_test.go:266:16	resourcelifetime/missing-release	true-positive	Successful HTTP response is checked/read and then overwritten or left on return without Body.Close; consuming response data does not fulfill the explicit response-body close obligation.
go-dev-frame/sponge	beef9eecdc5e2dc6b1358f130d8e9133771c277b	resourcelifetime	pkg/errcode/response_test.go:269:16	resourcelifetime/missing-release	true-positive	Successful HTTP response is checked/read and then overwritten or left on return without Body.Close; consuming response data does not fulfill the explicit response-body close obligation.
go-dev-frame/sponge	beef9eecdc5e2dc6b1358f130d8e9133771c277b	resourcelifetime	pkg/errcode/response_test.go:273:16	resourcelifetime/missing-release	true-positive	Successful HTTP response is checked/read and then overwritten or left on return without Body.Close; consuming response data does not fulfill the explicit response-body close obligation.
go-dev-frame/sponge	beef9eecdc5e2dc6b1358f130d8e9133771c277b	resourcelifetime	pkg/errcode/response_test.go:276:16	resourcelifetime/missing-release	true-positive	Successful HTTP response is checked/read and then overwritten or left on return without Body.Close; consuming response data does not fulfill the explicit response-body close obligation.
go-dev-frame/sponge	beef9eecdc5e2dc6b1358f130d8e9133771c277b	resourcelifetime	pkg/errcode/response_test.go:280:16	resourcelifetime/missing-release	true-positive	Successful HTTP response is checked/read and then overwritten or left on return without Body.Close; consuming response data does not fulfill the explicit response-body close obligation.
go-dev-frame/sponge	beef9eecdc5e2dc6b1358f130d8e9133771c277b	resourcelifetime	pkg/errcode/response_test.go:283:16	resourcelifetime/missing-release	true-positive	Successful HTTP response is checked/read and then overwritten or left on return without Body.Close; consuming response data does not fulfill the explicit response-body close obligation.
go-dev-frame/sponge	beef9eecdc5e2dc6b1358f130d8e9133771c277b	resourcelifetime	pkg/errcode/rpc_error_test.go:144:15	resourcelifetime/missing-release	true-positive	Successful HTTP response is checked/read and then overwritten or left on return without Body.Close; consuming response data does not fulfill the explicit response-body close obligation.
go-dev-frame/sponge	beef9eecdc5e2dc6b1358f130d8e9133771c277b	resourcelifetime	pkg/errcode/rpc_error_test.go:147:14	resourcelifetime/missing-release	true-positive	Successful HTTP response is checked/read and then overwritten or left on return without Body.Close; consuming response data does not fulfill the explicit response-body close obligation.
go-dev-frame/sponge	beef9eecdc5e2dc6b1358f130d8e9133771c277b	resourcelifetime	pkg/gin/middleware/metrics/metrics_test.go:39:15	resourcelifetime/missing-release	true-positive	Successful HTTP response is checked/read and then overwritten or left on return without Body.Close; consuming response data does not fulfill the explicit response-body close obligation.
go-dev-frame/sponge	beef9eecdc5e2dc6b1358f130d8e9133771c277b	resourcelifetime	pkg/gin/middleware/metrics/metrics_test.go:42:14	resourcelifetime/missing-release	true-positive	Successful HTTP response is checked/read and then overwritten or left on return without Body.Close; consuming response data does not fulfill the explicit response-body close obligation.
go-dev-frame/sponge	beef9eecdc5e2dc6b1358f130d8e9133771c277b	resourcelifetime	pkg/gin/middleware/metrics/metrics_test.go:45:14	resourcelifetime/missing-release	true-positive	Successful HTTP response is checked/read and then overwritten or left on return without Body.Close; consuming response data does not fulfill the explicit response-body close obligation.
go-dev-frame/sponge	beef9eecdc5e2dc6b1358f130d8e9133771c277b	resourcelifetime	pkg/gin/prof/prof_test.go:31:15	resourcelifetime/missing-release	true-positive	Successful HTTP response is checked/read and then overwritten or left on return without Body.Close; consuming response data does not fulfill the explicit response-body close obligation.
go-dev-frame/sponge	beef9eecdc5e2dc6b1358f130d8e9133771c277b	resourcelifetime	pkg/gin/swagger/swagger_test.go:44:13	resourcelifetime/missing-release	true-positive	Successful HTTP response is checked/read and then overwritten or left on return without Body.Close; consuming response data does not fulfill the explicit response-body close obligation.
go-dev-frame/sponge	beef9eecdc5e2dc6b1358f130d8e9133771c277b	resourcelifetime	pkg/gin/swagger/swagger_test.go:55:13	resourcelifetime/missing-release	true-positive	Successful HTTP response is checked/read and then overwritten or left on return without Body.Close; consuming response data does not fulfill the explicit response-body close obligation.
go-dev-frame/sponge	beef9eecdc5e2dc6b1358f130d8e9133771c277b	resourcelifetime	pkg/gin/swagger/swagger_test.go:72:13	resourcelifetime/missing-release	true-positive	Successful HTTP response is checked/read and then overwritten or left on return without Body.Close; consuming response data does not fulfill the explicit response-body close obligation.
go-dev-frame/sponge	beef9eecdc5e2dc6b1358f130d8e9133771c277b	resourcelifetime	pkg/gin/swagger/swagger_test.go:82:13	resourcelifetime/missing-release	true-positive	Successful HTTP response is checked/read and then overwritten or left on return without Body.Close; consuming response data does not fulfill the explicit response-body close obligation.
go-dev-frame/sponge	beef9eecdc5e2dc6b1358f130d8e9133771c277b	resourcelifetime	pkg/prof/http_test.go:30:15	resourcelifetime/missing-release	true-positive	Successful HTTP response is checked/read and then overwritten or left on return without Body.Close; consuming response data does not fulfill the explicit response-body close obligation.
gobackup/gobackup	33048dc9b59648c02f6f95989f4d4416007c8c4d	deferinloop	storage/azure.go:113:3	deferinloop/cleanup-lifetime	true-positive	Upload iterates archive directory's arbitrary chunk list and defers each source file Close until whole upload returns; completed chunks retain descriptors across subsequent uploads. Progress.Done finishes bar but does not close reader; WebDAV additionally wraps non-seekable progress reader in TeeReader, losing Close propagation.
gobackup/gobackup	33048dc9b59648c02f6f95989f4d4416007c8c4d	deferinloop	storage/ftp.go:150:3	deferinloop/cleanup-lifetime	true-positive	Upload iterates archive directory's arbitrary chunk list and defers each source file Close until whole upload returns; completed chunks retain descriptors across subsequent uploads. Progress.Done finishes bar but does not close reader; WebDAV additionally wraps non-seekable progress reader in TeeReader, losing Close propagation.
gobackup/gobackup	33048dc9b59648c02f6f95989f4d4416007c8c4d	deferinloop	storage/gcs.go:112:3	deferinloop/cleanup-lifetime	true-positive	Upload iterates archive directory's arbitrary chunk list and defers each source file Close until whole upload returns; completed chunks retain descriptors across subsequent uploads. Progress.Done finishes bar but does not close reader; WebDAV additionally wraps non-seekable progress reader in TeeReader, losing Close propagation.
gobackup/gobackup	33048dc9b59648c02f6f95989f4d4416007c8c4d	deferinloop	storage/s3.go:285:3	deferinloop/cleanup-lifetime	true-positive	Upload iterates archive directory's arbitrary chunk list and defers each source file Close until whole upload returns; completed chunks retain descriptors across subsequent uploads. Progress.Done finishes bar but does not close reader; WebDAV additionally wraps non-seekable progress reader in TeeReader, losing Close propagation.
gobackup/gobackup	33048dc9b59648c02f6f95989f4d4416007c8c4d	deferinloop	storage/webdav.go:90:3	deferinloop/cleanup-lifetime	true-positive	Upload iterates archive directory's arbitrary chunk list and defers each source file Close until whole upload returns; completed chunks retain descriptors across subsequent uploads. Progress.Done finishes bar but does not close reader; WebDAV additionally wraps non-seekable progress reader in TeeReader, losing Close propagation.
gobackup/gobackup	33048dc9b59648c02f6f95989f4d4416007c8c4d	resourcelifetime	config/config_test.go:284:17	resourcelifetime/missing-release	true-positive	Test CreateTemp handle is used only for Name; separate WriteFile/Init and cleanup Remove do not close original opened handle.
gobackup/gobackup	33048dc9b59648c02f6f95989f4d4416007c8c4d	resourcelifetime	helper/exec.go:70:12	resourcelifetime/missing-release	true-positive	ExecScriptWithStdio returns on Chmod error before installing deferred f.Close; file created/written on this path is not otherwise released.
google/badwolf	6cde56dbc7db828597ea856db6c3e1f331e70916	goroutineownership	storage/memoization/memoization.go:202:2	goroutineownership/unjoined	true-positive	Cancellation returns before wg.Wait while worker delegates to underlying storage.Graph. Concrete storage/memory methods ignore ctx in result loops and use plain channel sends; with additional results, abandoned c receiver leaves worker blocked holding backend read lock.
google/badwolf	6cde56dbc7db828597ea856db6c3e1f331e70916	goroutineownership	storage/memoization/memoization.go:271:2	goroutineownership/unjoined	true-positive	Cancellation returns before wg.Wait while worker delegates to underlying storage.Graph. Concrete storage/memory methods ignore ctx in result loops and use plain channel sends; with additional results, abandoned c receiver leaves worker blocked holding backend read lock.
google/badwolf	6cde56dbc7db828597ea856db6c3e1f331e70916	goroutineownership	storage/memoization/memoization.go:330:2	goroutineownership/unjoined	true-positive	Cancellation returns before wg.Wait while worker delegates to underlying storage.Graph. Concrete storage/memory methods ignore ctx in result loops and use plain channel sends; with additional results, abandoned c receiver leaves worker blocked holding backend read lock.
google/badwolf	6cde56dbc7db828597ea856db6c3e1f331e70916	goroutineownership	storage/memoization/memoization.go:389:2	goroutineownership/unjoined	true-positive	Cancellation returns before wg.Wait while worker delegates to underlying storage.Graph. Concrete storage/memory methods ignore ctx in result loops and use plain channel sends; with additional results, abandoned c receiver leaves worker blocked holding backend read lock.
google/badwolf	6cde56dbc7db828597ea856db6c3e1f331e70916	goroutineownership	storage/memoization/memoization.go:448:2	goroutineownership/unjoined	true-positive	Cancellation returns before wg.Wait while worker delegates to underlying storage.Graph. Concrete storage/memory methods ignore ctx in result loops and use plain channel sends; with additional results, abandoned c receiver leaves worker blocked holding backend read lock.
google/badwolf	6cde56dbc7db828597ea856db6c3e1f331e70916	goroutineownership	storage/memoization/memoization.go:507:2	goroutineownership/unjoined	true-positive	Cancellation returns before wg.Wait while worker delegates to underlying storage.Graph. Concrete storage/memory methods ignore ctx in result loops and use plain channel sends; with additional results, abandoned c receiver leaves worker blocked holding backend read lock.
google/badwolf	6cde56dbc7db828597ea856db6c3e1f331e70916	goroutineownership	storage/memoization/memoization.go:566:2	goroutineownership/unjoined	true-positive	Cancellation returns before wg.Wait while worker delegates to underlying storage.Graph. Concrete storage/memory methods ignore ctx in result loops and use plain channel sends; with additional results, abandoned c receiver leaves worker blocked holding backend read lock.
google/badwolf	6cde56dbc7db828597ea856db6c3e1f331e70916	goroutineownership	storage/memoization/memoization.go:625:2	goroutineownership/unjoined	true-positive	Cancellation returns before wg.Wait while worker delegates to underlying storage.Graph. Concrete storage/memory methods ignore ctx in result loops and use plain channel sends; with additional results, abandoned c receiver leaves worker blocked holding backend read lock.
google/badwolf	6cde56dbc7db828597ea856db6c3e1f331e70916	goroutineownership	storage/memoization/memoization.go:684:2	goroutineownership/unjoined	true-positive	Cancellation returns before wg.Wait while worker delegates to underlying storage.Graph. Concrete storage/memory methods ignore ctx in result loops and use plain channel sends; with additional results, abandoned c receiver leaves worker blocked holding backend read lock.
google/badwolf	6cde56dbc7db828597ea856db6c3e1f331e70916	goroutineownership	storage/memoization/memoization.go:743:2	goroutineownership/unjoined	true-positive	Cancellation returns before wg.Wait while worker delegates to underlying storage.Graph. Concrete storage/memory methods ignore ctx in result loops and use plain channel sends; with additional results, abandoned c receiver leaves worker blocked holding backend read lock.
google/badwolf	6cde56dbc7db828597ea856db6c3e1f331e70916	goroutineownership	storage/memoization/memoization.go:817:2	goroutineownership/unjoined	true-positive	Cancellation returns before wg.Wait while worker delegates to underlying storage.Graph. Concrete storage/memory methods ignore ctx in result loops and use plain channel sends; with additional results, abandoned c receiver leaves worker blocked holding backend read lock.
google/badwolf	6cde56dbc7db828597ea856db6c3e1f331e70916	resourcelifetime	tools/vcli/bw/assert/assert.go:58:12	resourcelifetime/missing-release	true-positive	Opened folder is read with Readdir but never closed, on either error or completion.
google/badwolf	6cde56dbc7db828597ea856db6c3e1f331e70916	resourcelifetime	tools/vcli/bw/repl/repl.go:100:21	resourcelifetime/missing-release	true-positive	startProfiling returns nil owners on StartCPUProfile error without closing successful profile files; failure creating memprofile also leaks already-open cpuprofile.
google/badwolf	6cde56dbc7db828597ea856db6c3e1f331e70916	resourcelifetime	tools/vcli/bw/repl/repl.go:96:21	resourcelifetime/missing-release	true-positive	startProfiling returns nil owners on StartCPUProfile error without closing successful profile files; failure creating memprofile also leaks already-open cpuprofile.
google/codesearch	74a12a911a79b901d1158c48d011b2da1b090fc9	resourcelifetime	cmd/csearch/csearch.go:163:23	resourcelifetime/missing-release	false-positive	Last zip reader remains until command completion, but exact sole main caller invokes Main then immediately os.Exit based on matches. No reuse or continuing work follows helper return; OS releases final command-lifetime descriptor. HTTP csweb counterpart is a distinct repeated-lifecycle defect.
google/codesearch	74a12a911a79b901d1158c48d011b2da1b090fc9	resourcelifetime	cmd/csweb/web.go:123:23	resourcelifetime/missing-release	true-positive	Request search loop closes zipReader only when switching archives; final archive remains open when loop ends or result limit breaks, with no deferred final Close across repeated HTTP requests.
google/codesearch	74a12a911a79b901d1158c48d011b2da1b090fc9	resourcelifetime	index/merge_test.go:41:11	resourcelifetime/missing-release	true-positive	Test uses CreateTemp only to obtain pathname, then opens/builds index through separate handles. Original CreateTemp file is never closed; deferred Remove does not close it.
google/codesearch	74a12a911a79b901d1158c48d011b2da1b090fc9	resourcelifetime	index/merge_test.go:42:11	resourcelifetime/missing-release	true-positive	Test uses CreateTemp only to obtain pathname, then opens/builds index through separate handles. Original CreateTemp file is never closed; deferred Remove does not close it.
google/codesearch	74a12a911a79b901d1158c48d011b2da1b090fc9	resourcelifetime	index/merge_test.go:43:11	resourcelifetime/missing-release	true-positive	Test uses CreateTemp only to obtain pathname, then opens/builds index through separate handles. Original CreateTemp file is never closed; deferred Remove does not close it.
google/codesearch	74a12a911a79b901d1158c48d011b2da1b090fc9	resourcelifetime	index/read_test.go:25:10	resourcelifetime/missing-release	true-positive	Test uses CreateTemp only to obtain pathname, then opens/builds index through separate handles. Original CreateTemp file is never closed; deferred Remove does not close it.
google/codesearch	74a12a911a79b901d1158c48d011b2da1b090fc9	resourcelifetime	index/write_test.go:390:11	resourcelifetime/missing-release	true-positive	Test uses CreateTemp only to obtain pathname, then opens/builds index through separate handles. Original CreateTemp file is never closed; deferred Remove does not close it.
gopcua/opcua	2b3714ccc8425190dbff8f7b2fa8c1bcb5152c2c	lockorder	server/subscription_service.go:40:2	lockorder/contradictory-order	true-positive	DeleteSubscription holds SubscriptionService.Mu then DeleteSub acquires MonitoredItemService.Mu; CreateMonitoredItems holds the latter then acquires SubService.Mu. Subscription.run's deferred deletion and asynchronous DeleteSubscriptions can overlap request handling for the same server.
gopcua/opcua	2b3714ccc8425190dbff8f7b2fa8c1bcb5152c2c	lockorder	uasc/secure_channel.go:865:9	lockorder/contradictory-order	false-positive	renew holds the old channelInstance mutex before openingMu. The inverse open-to-sendAsync chain locks a freshly allocated openingInstance, not that old instance; its first send lock is released before the response publishes it as active. Type-level instance merging invents this cycle.
grafeas/grafeas	448cd756a92f62111ecf96509c66267421396826	resourcelifetime	go/v1beta1/storage/pgsqlstore.go:161:15	resourcelifetime/missing-release	true-positive	List query returns immediately on rows.Scan error without deferred Rows.Close; ordinary Next exhaustion closes successful iteration only. Returned protobuf/project list does not own rows, and supplied context is not canceled locally.
grafeas/grafeas	448cd756a92f62111ecf96509c66267421396826	resourcelifetime	go/v1beta1/storage/pgsqlstore.go:303:15	resourcelifetime/missing-release	true-positive	List query returns immediately on rows.Scan error without deferred Rows.Close; ordinary Next exhaustion closes successful iteration only. Returned protobuf/project list does not own rows, and supplied context is not canceled locally.
grafeas/grafeas	448cd756a92f62111ecf96509c66267421396826	resourcelifetime	go/v1beta1/storage/pgsqlstore.go:463:15	resourcelifetime/missing-release	true-positive	List query returns immediately on rows.Scan error without deferred Rows.Close; ordinary Next exhaustion closes successful iteration only. Returned protobuf/project list does not own rows, and supplied context is not canceled locally.
grafeas/grafeas	448cd756a92f62111ecf96509c66267421396826	resourcelifetime	go/v1beta1/storage/pgsqlstore.go:505:15	resourcelifetime/missing-release	true-positive	List query returns immediately on rows.Scan error without deferred Rows.Close; ordinary Next exhaustion closes successful iteration only. Returned protobuf/project list does not own rows, and supplied context is not canceled locally.
guyfedwards/nom	7f38cccb68067c256b960c35249967ce04abb75b	resourcelifetime	internal/commands/commands.go:128:15	resourcelifetime/missing-release	true-positive	HTTP response body is ReadAll without Close; non-200 or partial-read error branches return without releasing body, and returned feed data does not own response.
guyfedwards/nom	7f38cccb68067c256b960c35249967ce04abb75b	resourcelifetime	internal/config/backends.go:73:15	resourcelifetime/missing-release	true-positive	HTTP response body is ReadAll without Close; non-200 or partial-read error branches return without releasing body, and returned feed data does not own response.
guyfedwards/nom	7f38cccb68067c256b960c35249967ce04abb75b	resourcelifetime	internal/config/backends.go:99:14	resourcelifetime/missing-release	true-positive	HTTP response body is ReadAll without Close; non-200 or partial-read error branches return without releasing body, and returned feed data does not own response.
guyfedwards/nom	7f38cccb68067c256b960c35249967ce04abb75b	resourcelifetime	internal/config/config.go:317:11	resourcelifetime/missing-release	true-positive	setupConfigDir discards successful os.Create file result without closing it; returns only error.
guyfedwards/nom	7f38cccb68067c256b960c35249967ce04abb75b	resourcelifetime	internal/store/store.go:110:13	resourcelifetime/missing-release	true-positive	dbSetup returns on tx.Exec error before Commit without deferred Rollback.
guyfedwards/nom	7f38cccb68067c256b960c35249967ce04abb75b	resourcelifetime	internal/store/store.go:143:11	resourcelifetime/missing-release	true-positive	runMigrations QueryRow Scan failure returns before final Commit/Rollback; no deferred rollback protects this early path.
guyfedwards/nom	7f38cccb68067c256b960c35249967ce04abb75b	resourcelifetime	internal/store/store.go:308:13	resourcelifetime/missing-release	true-positive	Method creates DB-level prepared statement then executes/queries and returns without stmt.Close or transfer; rows/QueryRow completion does not close the explicitly prepared statement.
guyfedwards/nom	7f38cccb68067c256b960c35249967ce04abb75b	resourcelifetime	internal/store/store.go:319:13	resourcelifetime/missing-release	true-positive	Method creates DB-level prepared statement then executes/queries and returns without stmt.Close or transfer; rows/QueryRow completion does not close the explicitly prepared statement.
guyfedwards/nom	7f38cccb68067c256b960c35249967ce04abb75b	resourcelifetime	internal/store/store.go:330:13	resourcelifetime/missing-release	true-positive	Method creates DB-level prepared statement then executes/queries and returns without stmt.Close or transfer; rows/QueryRow completion does not close the explicitly prepared statement.
guyfedwards/nom	7f38cccb68067c256b960c35249967ce04abb75b	resourcelifetime	internal/store/store.go:343:13	resourcelifetime/missing-release	true-positive	Method creates DB-level prepared statement then executes/queries and returns without stmt.Close or transfer; rows/QueryRow completion does not close the explicitly prepared statement.
guyfedwards/nom	7f38cccb68067c256b960c35249967ce04abb75b	resourcelifetime	internal/store/store.go:345:15	resourcelifetime/missing-release	true-positive	GetAllFeedURLs returns immediately on rows.Scan error before EOF without rows.Close; successful exhaustion does not cover error path.
guyfedwards/nom	7f38cccb68067c256b960c35249967ce04abb75b	resourcelifetime	internal/store/store.go:367:13	resourcelifetime/missing-release	true-positive	Method creates DB-level prepared statement then executes/queries and returns without stmt.Close or transfer; rows/QueryRow completion does not close the explicitly prepared statement.
guyfedwards/nom	7f38cccb68067c256b960c35249967ce04abb75b	resourcelifetime	internal/store/store.go:369:13	resourcelifetime/missing-release	true-positive	Method creates DB-level prepared statement then executes/queries and returns without stmt.Close or transfer; rows/QueryRow completion does not close the explicitly prepared statement.
guyfedwards/nom	7f38cccb68067c256b960c35249967ce04abb75b	resourcelifetime	internal/store/store.go:382:12	resourcelifetime/missing-release	true-positive	Method creates DB-level prepared statement then executes/queries and returns without stmt.Close or transfer; rows/QueryRow completion does not close the explicitly prepared statement.
guyfedwards/nom	7f38cccb68067c256b960c35249967ce04abb75b	resourcelifetime	internal/store/store.go:407:12	resourcelifetime/missing-release	true-positive	Method creates DB-level prepared statement then executes/queries and returns without stmt.Close or transfer; rows/QueryRow completion does not close the explicitly prepared statement.
hashicorp/yamux	ccd743982369f0799070e0a8fa24211830a24685	lockorder	stream.go:441:3	lockorder/contradictory-order	false-positive	processFlags stateLock-to-session.streamLock runs only under recvLoop. Reverse order Session.Close streamLock-to-forceClose.stateLock occurs after receiving recvDoneCh, closed by recvLoop's defer, so both acquisition orders cannot overlap for same session.
itchyny/bed	506f3317facca1585dc7409e3e16f37cd6563ca9	resourcelifetime	editor/editor_test.go:60:12	resourcelifetime/missing-release	true-positive	createTemp returns nil/error on WriteString failure before f.Close; successful close and returned closed handle do not cover write-error path.
itchyny/bed	506f3317facca1585dc7409e3e16f37cd6563ca9	resourcelifetime	window/manager_test.go:18:12	resourcelifetime/missing-release	true-positive	createTemp returns nil/error on WriteString failure before f.Close; successful close and returned closed handle do not cover write-error path.
jnewmano/grpc-json-proxy	ec24556ec851d04367eb1906bd6a37135afd0a2e	resourcelifetime	proxy.go:110:15	resourcelifetime/missing-release	true-positive	GRPC branch passes response to handleGRPCResponse, which io.Copies original body then replaces it with NopCloser without closing original; copy error returns nil/error before any owner transfer or Close. Ordinary non-GRPC response transfer does not cover this path.
jpillora/overseer	8c9d32d0c0edea15b560c12127bce6db77161927	resourcelifetime	fetcher/fetcher_github.go:129:14	resourcelifetime/missing-release	true-positive	Binary GET response transferred normally, but gzip.NewReader failure returns error without closing underlying HTTP body; successful gzip.Reader.Close also does not close its source. HTTP/S3 non-200 exits likewise omit Close.
jpillora/overseer	8c9d32d0c0edea15b560c12127bce6db77161927	resourcelifetime	fetcher/fetcher_github.go:74:15	resourcelifetime/missing-release	true-positive	Github.Fetch returns on release JSON Decode error before explicit resp.Body.Close; successful decode cleanup does not cover malformed/partial responses.
jpillora/overseer	8c9d32d0c0edea15b560c12127bce6db77161927	resourcelifetime	fetcher/fetcher_http.go:75:14	resourcelifetime/missing-release	true-positive	Binary GET response transferred normally, but gzip.NewReader failure returns error without closing underlying HTTP body; successful gzip.Reader.Close also does not close its source. HTTP/S3 non-200 exits likewise omit Close.
jpillora/overseer	8c9d32d0c0edea15b560c12127bce6db77161927	resourcelifetime	fetcher/fetcher_s3.go:113:14	resourcelifetime/missing-release	true-positive	Binary GET response transferred normally, but gzip.NewReader failure returns error without closing underlying HTTP body; successful gzip.Reader.Close also does not close its source. HTTP/S3 non-200 exits likewise omit Close.
jpillora/overseer	8c9d32d0c0edea15b560c12127bce6db77161927	resourcelifetime	fetcher/fetcher_s3.go:95:15	resourcelifetime/missing-release	inconclusive	HEAD has no payload, but client HeadTimeout defaults to five seconds, so cancelTimerBody can wrap NoBody and missing Close retains bounded timer until expiry. No persistent transport leak established; timer-only cleanup actionability uncertain.
kardianos/service	99070899946d7ab341109f83b7c9fb941a118be0	processownership	service_unix.go:96:12	processownership/missing-wait	true-positive	Started process can return early on launchctl stderr content or stdout read error before cmd.Wait; no deferred wait.
kardianos/service	99070899946d7ab341109f83b7c9fb941a118be0	resourcelifetime	service_linux_test.go:42:21	resourcelifetime/missing-release	true-positive	Temporary file succeeds before Write failure returns nil owners without closing; first file also leaks if second creation fails.
kardianos/service	99070899946d7ab341109f83b7c9fb941a118be0	resourcelifetime	service_linux_test.go:52:20	resourcelifetime/missing-release	true-positive	Temporary file succeeds before Write failure returns nil owners without closing; first file also leaks if second creation fails.
kubecost/kubectl-cost	a3635e3bdfa57c22aa3f0fd0391201d59c920b97	resourcelifetime	pkg/query/portforward.go:168:15	resourcelifetime/missing-release	true-positive	GET helper reads response body but never closes it; ReadAll failure returns with unfinished body and no ownership handoff.
kubecost/kubectl-cost	a3635e3bdfa57c22aa3f0fd0391201d59c920b97	resourcelifetime	pkg/query/portforward.go:216:15	resourcelifetime/missing-release	true-positive	POST helper reads response body but never closes it; ReadAll failure returns with unfinished body and no ownership handoff.
kubepug/kubepug	5a18f77bbd6cadd5ce2469cd98e142fbf0bae497	resourcelifetime	pkg/utils/downloader.go:16:15	resourcelifetime/missing-release	true-positive	downloadFile returns for response status above305 before installing deferred Body.Close; remote error responses can carry body.
la5nta/pat	2e6a8d14baf0268f4e2aa4d01784a54ca935cf52	processownership	internal/prehook/prehook.go:105:12	processownership/missing-wait	false-positive	After successful Start, exact cmd.Wait executes in errgroup.Go worker (with deferred cancellation), and Execute returns g.Wait. No intervening early return; opaque errgroup callback still discharges process wait.
la5nta/pat	2e6a8d14baf0268f4e2aa4d01784a54ca935cf52	resourcelifetime	app/winlink_api.go:113:12	resourcelifetime/missing-release	true-positive	Cache file is never closed. Valid-cache early return and deferred truncate/seek/encode refresh both leave its descriptor open.
la5nta/pat	2e6a8d14baf0268f4e2aa4d01784a54ca935cf52	resourcelifetime	internal/cmsapi/api.go:181:15	resourcelifetime/missing-release	true-positive	Successful HTTP response with non-200 status returns error without Body.Close or returning body ownership; only 200 path returns body.
lejianwen/rustdesk-api	c5687e150615bfb00d9d105f0883a2802750a8ad	resourcelifetime	lib/upload/oss.go:178:31	resourcelifetime/missing-release	true-positive	ReadAll error returns after successful HTTP response before deferred Body.Close is installed.
lich0821/ccNexus	55887d232555f94ea4db621a5a7e65430eebf0d7	resourcelifetime	internal/transformer/tool_chain.go:121:15	resourcelifetime/missing-release	false-positive	ExecuteChain closes body on non-OK error branch and returns exact resp.Body as io.Reader on success. Underlying ReadCloser escapes to caller; interface narrowing is not proof of a local abandoned owner (no callers found).
life4/enc	853bf70379f698b65e4415876c014378be90e021	resourcelifetime	cmd/helpers.go:29:13	resourcelifetime/missing-release	false-positive	Open is followed by err==os.ErrNotExist and err!=nil returns; successful acquisition necessarily bypasses both and installs deferred f.Close. Raw nonnil sentinel equality creates an infeasible leak path; parsed key objects do not change cleanup.
mailgun/mailgun-go	2f9df3a69efe8148fee2eadd5e9937eacc8fbbe5	resourcelifetime	examples/examples.go:758:24	resourcelifetime/missing-release	true-positive	Opened MIME file is retained in local message, but Send can immediately reject caller-supplied empty/invalid domain or API key before consuming it. Function then returns without closing or returning message/file owner.
minio/selfupdate	5b54254443f7ab80e750e1761590c1f029ecc42f	processownership	internal/binarydist/bzip2.go:35:11	processownership/missing-wait	false-positive	newBzip2Writer returns value owner containing exact command and stdin; bzip2Writer.Close closes stdin then Waits, and diff callers invoke Close. Constructor transfers process ownership rather than abandoning it. Close's own error handling is separate from constructor-local obligation.
monasticacademy/httptap	11d387dab213d9a5441c8a4fe9f3a9abdd7a2f58	processownership	experiments/gvisor-echo/echo.go:203:8	processownership/missing-wait	false-positive	Immediately after successful Start an owned goroutine calls exact cmd.Wait, then exits process with child status. Long-running network loop delegates reaping rather than abandoning command.
monasticacademy/httptap	11d387dab213d9a5441c8a4fe9f3a9abdd7a2f58	processownership	experiments/gvisor-intercept/intercept.go:235:8	processownership/missing-wait	true-positive	Command starts before MTU/MAC/endpoint validations; errors return before later cmd.Wait with no Kill/wait cleanup. Main log.Fatal does not itself terminate/reap a live child, unlike closing raw files on process exit.
onlyLTY/dockerCopilot	2f975ced86f5de8ff51b9ad1a3f64bea91f66528	resourcelifetime	internal/module/auth.go:100:25	resourcelifetime/missing-release	true-positive	GetBearerHeader reads successful HTTP auth response then unmarshals token and returns string or error without ever closing authResponse.Body; io.ReadAll does not release ownership.
opencontainers/umoci	f5d1219acaf67127ebacf6306776d3ff465735ea	resourcelifetime	cmd/umoci/raw-add-layer.go:121:19	resourcelifetime/missing-release	true-positive	New layer file Stat error or IsDir return occurs before deferred VerifyClose installation, leaving opened file unreleased.
opencontainers/umoci	f5d1219acaf67127ebacf6306776d3ff465735ea	resourcelifetime	cmd/umoci/raw-runtime-config.go:131:21	resourcelifetime/missing-release	false-positive	Immediate deferred funchelpers.VerifyClose(&Err, exact file) calls VerifyError(Err, closer.Close), which invokes closeFn unconditionally after nonnil error-slot assertion. Bound method cleanup covers every return.
opencontainers/umoci	f5d1219acaf67127ebacf6306776d3ff465735ea	resourcelifetime	oci/cas/dir/dir.go:244:13	resourcelifetime/missing-release	true-positive	GetBlob returns nil/error on opened file Stat failure without Close; successful path correctly transfers file to VerifiedReadCloser.
opencontainers/umoci	f5d1219acaf67127ebacf6306776d3ff465735ea	resourcelifetime	oci/cas/dir/dir.go:296:13	resourcelifetime/missing-release	false-positive	Immediate deferred funchelpers.VerifyClose(&Err, exact file) calls VerifyError(Err, closer.Close), which invokes closeFn unconditionally after nonnil error-slot assertion. Bound method cleanup covers every return.
opencontainers/umoci	f5d1219acaf67127ebacf6306776d3ff465735ea	resourcelifetime	oci/cas/dir/dir.go:487:18	resourcelifetime/missing-release	false-positive	Immediate deferred funchelpers.VerifyClose(&Err, exact file) calls VerifyError(Err, closer.Close), which invokes closeFn unconditionally after nonnil error-slot assertion. Bound method cleanup covers every return.
opencontainers/umoci	f5d1219acaf67127ebacf6306776d3ff465735ea	resourcelifetime	oci/cas/dir/dir.go:504:19	resourcelifetime/missing-release	false-positive	Immediate deferred funchelpers.VerifyClose(&Err, exact file) calls VerifyError(Err, closer.Close), which invokes closeFn unconditionally after nonnil error-slot assertion. Bound method cleanup covers every return.
opencontainers/umoci	f5d1219acaf67127ebacf6306776d3ff465735ea	resourcelifetime	oci/layer/unpack.go:161:21	resourcelifetime/missing-release	false-positive	Immediate deferred funchelpers.VerifyClose(&Err, exact file) calls VerifyError(Err, closer.Close), which invokes closeFn unconditionally after nonnil error-slot assertion. Bound method cleanup covers every return.
opencontainers/umoci	f5d1219acaf67127ebacf6306776d3ff465735ea	resourcelifetime	pkg/fseval/fseval_default.go:55:13	resourcelifetime/missing-release	false-positive	Immediate deferred funchelpers.VerifyClose(&Err, exact file) calls VerifyError(Err, closer.Close), which invokes closeFn unconditionally after nonnil error-slot assertion. Bound method cleanup covers every return.
opencontainers/umoci	f5d1219acaf67127ebacf6306776d3ff465735ea	resourcelifetime	pkg/unpriv/unpriv_test.go:1008:11	resourcelifetime/missing-release	false-positive	Permission-negative test skips root and makes ancestor directory 0555 or 0600 before discarded os.Create; required EACCES means no live file on intended executable path.
opencontainers/umoci	f5d1219acaf67127ebacf6306776d3ff465735ea	resourcelifetime	pkg/unpriv/unpriv_test.go:948:11	resourcelifetime/missing-release	false-positive	Permission-negative test skips root and makes ancestor directory 0555 or 0600 before discarded os.Create; required EACCES means no live file on intended executable path.
opencontainers/umoci	f5d1219acaf67127ebacf6306776d3ff465735ea	resourcelifetime	repack.go:65:14	resourcelifetime/missing-release	false-positive	Immediate deferred funchelpers.VerifyClose(&Err, exact file) calls VerifyError(Err, closer.Close), which invokes closeFn unconditionally after nonnil error-slot assertion. Bound method cleanup covers every return.
opencontainers/umoci	f5d1219acaf67127ebacf6306776d3ff465735ea	resourcelifetime	utils.go:118:13	resourcelifetime/missing-release	false-positive	Immediate deferred funchelpers.VerifyClose(&Err, exact file) calls VerifyError(Err, closer.Close), which invokes closeFn unconditionally after nonnil error-slot assertion. Bound method cleanup covers every return.
opencontainers/umoci	f5d1219acaf67127ebacf6306776d3ff465735ea	resourcelifetime	utils.go:134:13	resourcelifetime/missing-release	false-positive	Immediate deferred funchelpers.VerifyClose(&Err, exact file) calls VerifyError(Err, closer.Close), which invokes closeFn unconditionally after nonnil error-slot assertion. Bound method cleanup covers every return.
opencontainers/umoci	f5d1219acaf67127ebacf6306776d3ff465735ea	resourcelifetime	utils.go:739:13	resourcelifetime/missing-release	false-positive	Immediate deferred funchelpers.VerifyClose(&Err, exact file) calls VerifyError(Err, closer.Close), which invokes closeFn unconditionally after nonnil error-slot assertion. Bound method cleanup covers every return.
openfaas/faas-cli	47973103f5387798a92285ee0584aaf688dd9a54	concurrentcapture	commands/build.go:302:7	concurrentcapture/shared-capture	true-positive	Several workers append to the same captured errors slice without synchronization; WaitGroup join happens only afterward.
openfaas/faas-cli	47973103f5387798a92285ee0584aaf688dd9a54	concurrentcapture	commands/publish.go:315:7	concurrentcapture/shared-capture	true-positive	Several publish workers append to the same captured errors slice without synchronization.
openfaas/faas-cli	47973103f5387798a92285ee0584aaf688dd9a54	concurrentcapture	commands/push.go:104:6	concurrentcapture/shared-capture	true-positive	Workers mutate captured tagFormat on GetImageTagValues failure while other workers read it for image naming; no lock or per-worker copy.
openfaas/faas-cli	47973103f5387798a92285ee0584aaf688dd9a54	resourcelifetime	commands/new_function.go:272:12	resourcelifetime/missing-release	true-positive	Opened stack YAML file is never closed on successful write or stackWriteErr return.
openfaas/faas-cli	47973103f5387798a92285ee0584aaf688dd9a54	resourcelifetime	commands/ready.go:101:16	resourcelifetime/missing-release	true-positive	Each successful health HTTP response, including non-200 retries and success break, is abandoned without Body.Close.
openfaas/faasd	13f03f3d47072f29781ef78a1f5a406c800cc513	goroutineownership	pkg/proxy_test.go:72:2	goroutineownership/unjoined	true-positive	Final worker sends true on local unbuffered doneCh with no receive anywhere in test; worker blocks permanently after test returns.
openfaas/faasd	13f03f3d47072f29781ef78a1f5a406c800cc513	resourcelifetime	cmd/up.go:67:21	resourcelifetime/missing-release	true-positive	NewSupervisor owns containerd client; supervisor.Start error (gateway/hosts/image preparation) returns before defer supervisor.Close, which would close client. Start does not close it on errors.
openfaas/faasd	13f03f3d47072f29781ef78a1f5a406c800cc513	resourcelifetime	pkg/connectivity.go:21:14	resourcelifetime/missing-release	true-positive	ConnectivityCheck erroneously defers req.Body.Close rather than res.Body; GET request body is nil, successful IP response not consumed/closed, error response also lacks Close.
openfaas/faasd	13f03f3d47072f29781ef78a1f5a406c800cc513	resourcelifetime	pkg/proxy_test.go:57:15	resourcelifetime/missing-release	true-positive	Proxy test ReadAll successful response then breaks without Body.Close and ignores ReadAll errors, so partial response read can abandon body; server.Close owns server not client response.
openkruise/kruise-game	16a0418780d8abd3ee871448116bbc5dc1e98d48	resourcelifetime	test/e2e/framework/framework.go:549:17	resourcelifetime/missing-release	false-positive	Both status200 and other-status return paths call local closeResp closure, which nil-guards and closes exact resp.Body; direct captured cleanup effect is missed.
packwiz/packwiz	ef87d964f8cbd52b3b13ea42453ef322290e2b9e	resourcelifetime	core/download.go:154:19	resourcelifetime/missing-release	true-positive	Temp download file is created before HTTP/metadata download setup; setup failure returns without closing tempFile or transferring it into CompletedDownload.
packwiz/packwiz	ef87d964f8cbd52b3b13ea42453ef322290e2b9e	resourcelifetime	core/download.go:412:15	resourcelifetime/missing-release	true-positive	rehashFile opens cached input then never closes it on hasher/copy/hash-validation errors or success; returned hash string cannot retain ownership.
packwiz/packwiz	ef87d964f8cbd52b3b13ea42453ef322290e2b9e	resourcelifetime	curseforge/request.go:51:15	resourcelifetime/missing-release	true-positive	GET wrapper discards successful HTTP response on non200 status without closing Body; caller receives nil and cannot clean up.
packwiz/packwiz	ef87d964f8cbd52b3b13ea42453ef322290e2b9e	resourcelifetime	curseforge/request.go:76:15	resourcelifetime/missing-release	true-positive	POST wrapper discards successful HTTP response on non200 status without closing Body; caller receives nil and cannot clean up.
packwiz/packwiz	ef87d964f8cbd52b3b13ea42453ef322290e2b9e	resourcelifetime	github/request.go:34:15	resourcelifetime/missing-release	true-positive	GitHub GET wrapper returns nil on invalid rate-limit header or rejected status without closing response Body; success ownership transfer does not cover these branches.
pion/dtls	05e47ce632b71d7af3d334fde49b65a24413bb4f	goroutineownership	e2e/e2e_lossy_test.go:167:4	goroutineownership/unjoined	true-positive	Timer or other endpoint startup-error returns before receiving this worker's unbuffered result. Deferred cleanup only closes connections already received, so pending worker can remain blocked sending its result.
pion/dtls	05e47ce632b71d7af3d334fde49b65a24413bb4f	goroutineownership	e2e/e2e_lossy_test.go:184:4	goroutineownership/unjoined	true-positive	Timer or other endpoint startup-error returns before receiving this worker's unbuffered result. Deferred cleanup only closes connections already received, so pending worker can remain blocked sending its result.
pion/dtls	05e47ce632b71d7af3d334fde49b65a24413bb4f	lockorder	conn_go_test.go:118:12	lockorder/contradictory-order	false-positive	Test holds client.writeLock then calls server.Read on a distinct peer connection; receiver-type merging conflates their lock identities. Moreover server handshake already completed, so HandshakeContext returns after handshakeMutex before writeLock path. Pinned replay related locations confirmed chain.
pion/ice	e50946b37e6f3f95cfd0ccf47578f3fc654675b8	resourcelifetime	examples/automatic-renomination/main.go:168:12	resourcelifetime/missing-release	false-positive	Paired example peer's exact remoteCandidate/remoteAuth handlers ignore ResponseWriter and return empty 200; default HTTP client has no timeout body wrapper. Successful response is NoBody, so no transport-backed body cleanup obligation in documented peer protocol.
pion/ice	e50946b37e6f3f95cfd0ccf47578f3fc654675b8	resourcelifetime	examples/automatic-renomination/main.go:211:11	resourcelifetime/missing-release	false-positive	Paired example peer's exact remoteCandidate/remoteAuth handlers ignore ResponseWriter and return empty 200; default HTTP client has no timeout body wrapper. Successful response is NoBody, so no transport-backed body cleanup obligation in documented peer protocol.
pion/ice	e50946b37e6f3f95cfd0ccf47578f3fc654675b8	resourcelifetime	examples/ping-pong/main.go:102:12	resourcelifetime/missing-release	false-positive	Paired example peer's exact remoteCandidate/remoteAuth handlers ignore ResponseWriter and return empty 200; default HTTP client has no timeout body wrapper. Successful response is NoBody, so no transport-backed body cleanup obligation in documented peer protocol.
pldubouilh/gossa	b59ea991ffb51a07939fb319d00863dce2d13bad	resourcelifetime	gossa.go:184:14	resourcelifetime/missing-release	true-positive	upload creates destination and io.Copy writes it, then returns HTTP ok without Close; exitPath only recovers/logs and cannot close destination.
pldubouilh/gossa	b59ea991ffb51a07939fb319d00863dce2d13bad	resourcelifetime	gossa.go:250:16	resourcelifetime/missing-release	true-positive	rpc sum branch opens file and io.Copy hashes it but never closes source on success or recovered panic; io.Copy does not own source.
pldubouilh/gossa	b59ea991ffb51a07939fb319d00863dce2d13bad	resourcelifetime	gossa_test.go:26:15	resourcelifetime/missing-release	true-positive	getRaw reads response bytes and returns them without Body.Close; fatal read errors likewise omit cleanup, unlike adjacent postDummyFile helper.
pldubouilh/gossa	b59ea991ffb51a07939fb319d00863dce2d13bad	resourcelifetime	gossa_test.go:68:15	resourcelifetime/missing-release	true-positive	postJSON reads response and returns string without Body.Close; neither ioutil.ReadAll nor dieMaybe owns body.
probonopd/go-appimage	b7864b5e53d4d7a1d5f31fdc23d1e591d77b8a21	resourcelifetime	internal/helpers/elfsize.go:20:12	resourcelifetime/missing-release	true-positive	CalculateElfSize opens ELF with Close defer commented out and returns numeric result/errors without releasing file; elf.NewFile and SectionReader do not take ownership.
probonopd/go-appimage	b7864b5e53d4d7a1d5f31fdc23d1e591d77b8a21	resourcelifetime	internal/helpers/helpers.go:405:13	resourcelifetime/missing-release	true-positive	WriteStringIntoOtherFileAtOffset returns on Seek error before defer fo.Close installed.
probonopd/go-appimage	b7864b5e53d4d7a1d5f31fdc23d1e591d77b8a21	resourcelifetime	src/appimaged/desktop.go:340:18	resourcelifetime/missing-release	true-positive	Desktop writer creates and writes output file then returns error/status without Close or file-owner transfer.
probonopd/go-appimage	b7864b5e53d4d7a1d5f31fdc23d1e591d77b8a21	resourcelifetime	src/appimaged/prerequisites.go:542:12	resourcelifetime/missing-release	true-positive	syncWriteFile returns on Write or Sync failure before final f.Close; no defer covers failures.
probonopd/go-appimage	b7864b5e53d4d7a1d5f31fdc23d1e591d77b8a21	resourcelifetime	src/goappimage/appimage.go:207:12	resourcelifetime/missing-release	true-positive	Image-type probe opens file, checks Stat/magic, and returns type/error without Close; returned integer cannot own handle.
probonopd/go-appimage	b7864b5e53d4d7a1d5f31fdc23d1e591d77b8a21	resourcelifetime	src/goappimage/appimage.go:243:16	resourcelifetime/missing-release	true-positive	SquashfsReader opens AppImage file then NewReaderAtOffset failure returns nil/error without file.Close; successful returned reader does not cover constructor failure.
probonopd/go-appimage	b7864b5e53d4d7a1d5f31fdc23d1e591d77b8a21	resourcelifetime	src/goappimage/appimage.go:364:14	resourcelifetime/missing-release	true-positive	ModTime fallback opens AppImage then returns fil.Stat time without Close; returned timestamp does not retain owner.
probonopd/go-appimage	b7864b5e53d4d7a1d5f31fdc23d1e591d77b8a21	resourcelifetime	src/goappimage/appimage_test.go:78:11	resourcelifetime/missing-release	true-positive	getAppImage existence probe discards successful os.Open handle; later path return/download does not close original directory/file.
probonopd/go-appimage	b7864b5e53d4d7a1d5f31fdc23d1e591d77b8a21	resourcelifetime	src/goappimage/appimage_test.go:84:12	resourcelifetime/missing-release	true-positive	getAppImage existence probe discards successful os.Open handle; later path return/download does not close original directory/file.
probonopd/go-appimage	b7864b5e53d4d7a1d5f31fdc23d1e591d77b8a21	resourcelifetime	src/goappimage/appimage_test.go:91:11	resourcelifetime/missing-release	true-positive	getAppImage existence probe discards successful os.Open handle; later path return/download does not close original directory/file.
probonopd/go-appimage	b7864b5e53d4d7a1d5f31fdc23d1e591d77b8a21	resourcelifetime	src/goappimage/appimage_test.go:94:12	resourcelifetime/missing-release	true-positive	getAppImage existence probe discards successful os.Open handle; later path return/download does not close original directory/file.
probonopd/go-appimage	b7864b5e53d4d7a1d5f31fdc23d1e591d77b8a21	resourcelifetime	src/mkappimage/appimage.go:91:12	resourcelifetime/missing-release	true-positive	Image-type probe opens file, checks Stat/magic, and returns type/error without Close; returned integer cannot own handle.
qi4L/qscan	4825e3745cf34d024b1fefa986f6ba01dc34502a	resourcelifetime	core/appfinger/database.go:50:13	resourcelifetime/missing-release	true-positive	InitDatabase opens file then returns InitDatabaseFS results; helper only ReadAll/parses borrowed io.Reader and never closes or stores handle.
quickfixgo/quickfix	2600e522adb02eeae5952e98929dce746a85c798	resourcelifetime	log/file/file_log.go:88:20	resourcelifetime/missing-release	true-positive	After eventFile opens, messageFile open failure returns empty fileLog before logger ownership is installed and never closes eventFile.
quickfixgo/quickfix	2600e522adb02eeae5952e98929dce746a85c798	resourcelifetime	log/file/file_log.go:93:22	resourcelifetime/missing-release	false-positive	Successful messageFile is retained by log.New in returned fileLog.messageLogger; no intervening failure path abandons this acquired handle.
reSecureIt/BLAFS	10937fed6abf0df6c692e790dc7a78ab26a30585	resourcelifetime	internal/image/image.go:287:19	resourcelifetime/missing-release	true-positive	ShadowLayer.Dump creates link file, WriteString then continues without Close; successful return does not retain file owner.
reSecureIt/BLAFS	10937fed6abf0df6c692e790dc7a78ab26a30585	resourcelifetime	internal/image/image.go:299:25	resourcelifetime/missing-release	true-positive	Optional lower file is created and written inside conditional block, then handle leaves scope without Close or transfer.
reactive-tech/kubegres	4d08d616066b9e39b010da688e492317e369cc2c	resourcelifetime	cmd/yamlcopy/WriteYamlTemplatesInGoFile.go:48:12	resourcelifetime/missing-release	true-positive	Generator creates destination file and writes through main's ordinary return without Close; output handle is not transferred.
reactive-tech/kubegres	4d08d616066b9e39b010da688e492317e369cc2c	resourcelifetime	cmd/yamlcopy/WriteYamlTemplatesInGoFile.go:65:12	resourcelifetime/missing-release	true-positive	Generator opens each YAML input then io.Copy without input Close; descriptors accumulate across directory loop.
reactive-tech/kubegres	4d08d616066b9e39b010da688e492317e369cc2c	resourcelifetime	internal/test/util/DbConnectionTestUtil.go:223:15	resourcelifetime/missing-release	true-positive	createTableIfDoesItNotExist returns false on rows.Scan error before Next exhaustion without rows.Close; successful EOF does not cover checked error path.
ribice/gorsk	ccda17ecb185ece9d791ce6042569aa97f0547d6	resourcelifetime	pkg/utl/middleware/auth/auth_test.go:76:16	resourcelifetime/missing-release	true-positive	Success table case receives actual Hello World body and checks status only; no read/Close or response transfer before subtest return.
ribice/gorsk	ccda17ecb185ece9d791ce6042569aa97f0547d6	resourcelifetime	pkg/utl/middleware/secure/secure_test.go:30:15	resourcelifetime/missing-release	true-positive	Header test receives Hello World body from local GET handler and checks headers without reading/closing response.
ribice/gorsk	ccda17ecb185ece9d791ce6042569aa97f0547d6	resourcelifetime	pkg/utl/middleware/secure/secure_test.go:47:13	resourcelifetime/missing-release	false-positive	Exact request is OPTIONS through Echo v3.3.10 CORSWithConfig; pinned dependency middleware ends preflight with c.NoContent(204). Default client has no timeout wrapper, so successful response body is NoBody.
rodrigo-brito/ninjabot	551944a6f28d033ae3e95927e5a7d90499914d62	goroutineownership	exchange/exchange.go:119:3	goroutineownership/unjoined	true-positive	Start(false) launches worker without cancellation/returned join, exits only on Data channel close. Concrete exchange_test async callers supply channels never closed then return after recorded candles, leaving worker blocked; not merely intentional long-lived production subscription.
rodrigo-brito/ninjabot	551944a6f28d033ae3e95927e5a7d90499914d62	resourcelifetime	download/download_test.go:64:18	resourcelifetime/missing-release	true-positive	Test creates temp file then passes only Name to downloader, which owns separate output handle; original temp file is never closed or transferred.
segmentio/chamber	5f93f5f357740686db56a037935b4dfd9805ca57	resourcelifetime	cmd/import.go:43:13	resourcelifetime/missing-release	true-positive	File input branch opens a descriptor, decodes into a map, and returns without Close on decode error or eventual success; stdin alternative does not own that file.
snyk/driftctl	70717f651c7b951b7e061620666143978dc18068	concurrentcapture	enumeration/remote/cache/cache_test.go:118:5	concurrentcapture/shared-capture	true-positive	Workers increment the shared missCount after cache.Get releases its internal mutex; concurrent misses race despite the later Wait.
snyk/driftctl	70717f651c7b951b7e061620666143978dc18068	concurrentcapture	enumeration/remote/cache/cache_test.go:147:5	concurrentcapture/shared-capture	false-positive	Every worker uses the same key with GetAndLock; LoadOrStore selects the same key mutex and deferred Unlock encloses missCount increment, serializing this counter.
snyk/driftctl	70717f651c7b951b7e061620666143978dc18068	goroutineownership	main.go:55:3	goroutineownership/unjoined	false-positive	The only caller evaluates run as the argument to os.Exit; error returns abandon the optional version notification only at immediate process termination, while success explicitly receives it.
snyk/driftctl	70717f651c7b951b7e061620666143978dc18068	lockorder	enumeration/remote/terraform/provider.go:169:4	lockorder/missing-release	true-positive	ReadResource holds p.lock while configure may fail, and that error return bypasses p.lock.Unlock.
snyk/driftctl	70717f651c7b951b7e061620666143978dc18068	resourcelifetime	enumeration/terraform/provider_installer_test.go:138:11	resourcelifetime/missing-release	true-positive	The postfix-provider fixture discards os.Create's file handle; TempDir cleanup removes names but does not close descriptors.
snyk/driftctl	70717f651c7b951b7e061620666143978dc18068	resourcelifetime	enumeration/terraform/provider_installer_test.go:61:11	resourcelifetime/missing-release	true-positive	The existing-provider fixture discards the successful os.Create handle without Close.
snyk/driftctl	70717f651c7b951b7e061620666143978dc18068	resourcelifetime	pkg/iac/terraform/state/terraform_state_reader_test.go:38:15	resourcelifetime/missing-release	true-positive	TestReadStateValid opens a state file and only passes it to state parsing; neither test nor readState closes it.
snyk/driftctl	70717f651c7b951b7e061620666143978dc18068	resourcelifetime	pkg/iac/terraform/state/terraform_state_reader_test.go:47:15	resourcelifetime/missing-release	true-positive	TestReadStateInvalid opens a state file but leaves it unclosed after the expected parsing error.
snyk/driftctl	70717f651c7b951b7e061620666143978dc18068	resourcelifetime	pkg/iac/terraform/state/terraform_state_reader_test.go:615:19	resourcelifetime/missing-release	true-positive	Each version-test subtest opens a state file without closing it; readState only reads and validates the state.
snyk/driftctl	70717f651c7b951b7e061620666143978dc18068	resourcelifetime	pkg/telemetry/telemetry.go:84:11	resourcelifetime/missing-release	true-positive	Send telemetry discards client.Do's successful response, losing its Body.Close obligation.
snyk/driftctl	70717f651c7b951b7e061620666143978dc18068	resourcelifetime	pkg/version/version.go:42:14	resourcelifetime/missing-release	true-positive	CheckLatest reads the response body but never closes it on status, read, decode, version-error or successful return paths.
steinfletcher/apitest	f91e61bb075b4a845da25cd1566f08173a7a366b	resourcelifetime	examples/sequence-diagrams-with-mysql-database/server.go:148:14	resourcelifetime/missing-release	true-positive	POST helper targets external users API and never closes successful response body; normal status check returns with unread body and no ownership handoff.
steinfletcher/apitest	f91e61bb075b4a845da25cd1566f08173a7a366b	resourcelifetime	examples/sequence-diagrams-with-postgres-database/server.go:141:14	resourcelifetime/missing-release	true-positive	POST helper targets external users API and never closes successful response body; normal status check returns with unread body and no ownership handoff.
steinfletcher/apitest	f91e61bb075b4a845da25cd1566f08173a7a366b	resourcelifetime	examples/sequence-diagrams-with-sqlite-database/server.go:144:14	resourcelifetime/missing-release	true-positive	POST helper targets external users API and never closes successful response body; normal status check returns with unread body and no ownership handoff.
tillson/git-hound	15701b7258d7d2edcf039a299e6766de7535b9a0	resourcelifetime	internal/app/github.go:107:15	resourcelifetime/missing-release	true-positive	HandleOTPCode opens /dev/tty only for a bounded prompt, scans one line, then returns a string without closing the descriptor; bufio.Scanner does not take ownership.
trustmaster/goflow	bcaec740da3562ed5bf209d88b120c8e7c32a8e2	goroutineownership	dsl/parse/segment_statements_test.go:92:4	goroutineownership/unjoined	false-positive	Main waits goflow.Run component completion. First literal input places EOF last, so SegmentStatements has received every worker send before completion; second input has no EOF and component finishes only after worker closes input. Only nonblocking close/return remains, no abandoned worker operation.
trustmaster/goflow	bcaec740da3562ed5bf209d88b120c8e7c32a8e2	goroutineownership	dsl/parse/strip_trivia_test.go:41:2	goroutineownership/unjoined	false-positive	StripTrivia.Process ranges input until closed, forwarding into adequately buffered output. Main receives Run completion after Process returns, causally proving sender finished all sends and closed input.
upper/db	dd97b4b4d5c6dcdd837c2011c08c3e1745e75da0	lockorder	internal/sqladapter/exql/template.go:136:5	lockorder/read-lock-write	true-positive	getTemplate lazily assigns shared templateMap under only templateMutex.RLock; concurrent initial readers can write the same field and setTemplate uses exclusive lock elsewhere.
upper/db	dd97b4b4d5c6dcdd837c2011c08c3e1745e75da0	resourcelifetime	tests/cockroachdb/helper.go:269:14	resourcelifetime/missing-release	true-positive	Transaction Begin succeeds, then any tx.Exec error returns before Commit with no Rollback defer.
utkusen/urlhunter	39f2051895b95f93f1dadeba2cfd235d920f945e	resourcelifetime	main.go:788:19	resourcelifetime/missing-release	true-positive	Unzip opens output before archive entry f.Open; entry-open error returns without output Close. Successful Copy path closes both, but failure between acquisitions leaks output.
werf/nelm	6393382d695e65d8d8f744cf590337fe62a83eef	cancellationownership	pkg/action/release_install.go:185:11	cancellationownership/release	false-positive	Exact parent WithCancelCause cancel is deferred immediately after child WithTimeoutCause creation; parent cancellation propagates to child and stops timer on every return. Discarded child cancel is covered by proven ancestor cancellation.
werf/nelm	6393382d695e65d8d8f744cf590337fe62a83eef	cancellationownership	pkg/action/release_plan_install.go:127:11	cancellationownership/release	false-positive	Exact parent WithCancelCause cancel is deferred immediately after child WithTimeoutCause creation; parent cancellation propagates to child and stops timer on every return. Discarded child cancel is covered by proven ancestor cancellation.
werf/nelm	6393382d695e65d8d8f744cf590337fe62a83eef	cancellationownership	pkg/action/release_rollback.go:102:11	cancellationownership/release	false-positive	Exact parent WithCancelCause cancel is deferred immediately after child WithTimeoutCause creation; parent cancellation propagates to child and stops timer on every return. Discarded child cancel is covered by proven ancestor cancellation.
werf/nelm	6393382d695e65d8d8f744cf590337fe62a83eef	resourcelifetime	pkg/helm/intern/third_party/dep/fs/fs_test.go:233:14	resourcelifetime/missing-release	true-positive	Test creates regular src file and discards successful handle without Close; subsequent CopyDir expected-error test does not own that opened handle, and TempDir removal is not file closure.
wgpsec/cloudsword	58655f3a824c77d9020280e362cab2c17e9e43e1	concurrentcapture	pkg/tencentCloud/utilsCVM.go:58:5	concurrentcapture/shared-capture	true-positive	Three workers assign same outer err without synchronization; WaitGroup does not order sibling writes, and callee defers Done before wrapper assignment, so parent Wait does not even cover final err assignment.
wgpsec/cloudsword	58655f3a824c77d9020280e362cab2c17e9e43e1	concurrentcapture	pkg/tencentCloud/utilsLH.go:58:5	concurrentcapture/shared-capture	true-positive	Three workers assign same outer err without synchronization; WaitGroup does not order sibling writes, and callee defers Done before wrapper assignment, so parent Wait does not even cover final err assignment.
yann0917/dedao-dl	fb3a814bb61e23709b9e608dd99fe69fe338b2b3	resourcelifetime	cmd/app/download.go:1001:13	resourcelifetime/missing-release	true-positive	Successful output-file acquisition precedes Write/WriteString; write failure returns before explicit Close, with no deferred cleanup.
yann0917/dedao-dl	fb3a814bb61e23709b9e608dd99fe69fe338b2b3	resourcelifetime	cmd/app/download.go:1019:14	resourcelifetime/missing-release	true-positive	Successful output-file acquisition precedes Write/WriteString; write failure returns before explicit Close, with no deferred cleanup.
yann0917/dedao-dl	fb3a814bb61e23709b9e608dd99fe69fe338b2b3	resourcelifetime	cmd/app/download.go:1177:12	resourcelifetime/missing-release	true-positive	Successful output-file acquisition precedes Write/WriteString; write failure returns before explicit Close, with no deferred cleanup.
yann0917/dedao-dl	fb3a814bb61e23709b9e608dd99fe69fe338b2b3	resourcelifetime	utils/html2epub.go:121:16	resourcelifetime/missing-release	true-positive	Successful output-file acquisition precedes Write/WriteString; write failure returns before explicit Close, with no deferred cleanup.
ystyle/kaf-cli	47d69f136d4256e29e1fa356a90081e6b9277c85	resourcelifetime	internal/converter/azw3.go:93:11	resourcelifetime/missing-release	true-positive	Created AZW3 output handle is passed to pdb.Database.Write (io.Writer only, no close) and never closed on error or success.
ystyle/kaf-cli	47d69f136d4256e29e1fa356a90081e6b9277c85	resourcelifetime	internal/utils/cover.go:59:14	resourcelifetime/missing-release	true-positive	Downloaded cover response body is read but never closed on ReadAll/WriteFile error or success.
zerodha/dungbeetle	12d7c8e832b2af8f78fc3525612aca1477184d7a	resourcelifetime	internal/core/core.go:477:15	resourcelifetime/missing-release	false-positive	Prepared QueryContext uses exact local context whose cancel is unconditionally deferred before query. database/sql closes rows when this context is canceled, including after rows reassignment or panic unwinding; later Close of different rows is not the cleanup proof.
zerodha/dungbeetle	12d7c8e832b2af8f78fc3525612aca1477184d7a	resourcelifetime	internal/core/tasks.go:116:16	resourcelifetime/missing-release	true-positive	Task loader calls DB.Prepare for validation and discards returned statement; no Close, deferred cleanup, or statement transfer covers those successful preparations.
zserge/pennybase	d65c07d3a4ecae1365ab1f169625907f08c29122	resourcelifetime	pennybase.go:307:19	resourcelifetime/missing-release	true-positive	NewStore uses schemaDB.Iter but neither closes schemaDB nor retains it in returned Store.Resources. Iterator unlocks only, and Store.Close closes only resource databases, not _schemas.csv handle.
