# repository	revision	analyzer	position	checks	verdict	reason
aws/aws-lambda-runtime-interface-emulator	3ccddd7d980cb7d0f12e8a44adce139b0176a2a5	exitpolicy	internal/lambda/rapi/handler/invocationnext_test.go:180:2	exitpolicy/skipped-defer	retired-check	Historical finding from the pinned pre-retirement scanner; exitpolicy was removed with user approval in 4d3212f. Not counted as an active diagnostic.
aws/aws-lambda-runtime-interface-emulator	3ccddd7d980cb7d0f12e8a44adce139b0176a2a5	goroutineownership	internal/lambda-managed-instances/invoke/running_invoke_test.go:466:2	goroutineownership/unjoined	true-positive	Worker promises wg.Done and runs testing assertions, but the test returns without wg.Wait or another completion wait.
aws/aws-lambda-runtime-interface-emulator	3ccddd7d980cb7d0f12e8a44adce139b0176a2a5	processownership	internal/lambda-managed-instances/supervisor/local/process.go:112:9	processownership/missing-wait	true-positive	After successful Start, setProcessGroupPriorities can fail before the Wait goroutine is launched; the process map stores only pid and termination, not the command or a wait owner.
aws/aws-lambda-runtime-interface-emulator	3ccddd7d980cb7d0f12e8a44adce139b0176a2a5	resourcelifetime	internal/lambda-managed-instances/agents/agent_test.go:77:17	resourcelifetime/missing-release	true-positive	Truncate error returns before file.Close with no defer.
aws/aws-lambda-runtime-interface-emulator	3ccddd7d980cb7d0f12e8a44adce139b0176a2a5	resourcelifetime	internal/lambda-managed-instances/raptor/server_test.go:41:11	resourcelifetime/missing-release	true-positive	Successful client.Do response is discarded without closing its body.
aws/aws-lambda-runtime-interface-emulator	3ccddd7d980cb7d0f12e8a44adce139b0176a2a5	resourcelifetime	internal/lambda-managed-instances/raptor/server_test.go:60:11	resourcelifetime/missing-release	true-positive	Successful http.Get response is discarded without closing its body.
aws/aws-lambda-runtime-interface-emulator	3ccddd7d980cb7d0f12e8a44adce139b0176a2a5	resourcelifetime	internal/lambda/rapi/server_test.go:80:16	resourcelifetime/missing-release	true-positive	Polling callback discards each successful HTTP response without closing its body.
aws/aws-lambda-runtime-interface-emulator	3ccddd7d980cb7d0f12e8a44adce139b0176a2a5	resourcelifetime	internal/lambda/rapid/handlers_test.go:160:17	resourcelifetime/missing-release	true-positive	Worker reads the response but never closes its body before signaling done.
aws/aws-lambda-runtime-interface-emulator	3ccddd7d980cb7d0f12e8a44adce139b0176a2a5	resourcelifetime	internal/lambda/rie/simple_bootstrap_test.go:17:18	resourcelifetime/missing-release	true-positive	CreateTemp handle is used only for its name; removing the path does not close the descriptor.
bluenviron/gortsplib	9ddcb1429c9fb152f3c51dd654da8f56a342a128	lockorder	examples/server-auth/main.go:65:6	lockorder/read-lock-write	true-positive	OnSessionClose writes shared stream under RLock while other connection handlers read it under RLock; reader locking does not exclude this write.
bluenviron/gortsplib	9ddcb1429c9fb152f3c51dd654da8f56a342a128	lockorder	examples/server-secure/main.go:103:5	lockorder/read-lock-write	true-positive	OnAnnounce updates shared publisher under RLock; session callbacks also access the field under reader locking.
bluenviron/gortsplib	9ddcb1429c9fb152f3c51dd654da8f56a342a128	lockorder	examples/server-secure/main.go:55:6	lockorder/read-lock-write	true-positive	OnSessionClose clears shared stream under RLock while OnDescribe and OnSetup read it under RLock.
bluenviron/gortsplib	9ddcb1429c9fb152f3c51dd654da8f56a342a128	lockorder	examples/server-secure/main.go:95:5	lockorder/read-lock-write	true-positive	OnAnnounce installs shared stream under RLock while other handlers read it under the same reader lock.
golang/net	b13c0c165994a0042e0c4a4d01e2b998097967c9	exitpolicy	icmp/example_test.go:42:3	exitpolicy/skipped-defer	retired-check	Historical finding from the pinned pre-retirement scanner; exitpolicy was removed with user approval in 4d3212f. Not counted as an active diagnostic.
golang/net	b13c0c165994a0042e0c4a4d01e2b998097967c9	exitpolicy	icmp/example_test.go:45:3	exitpolicy/skipped-defer	retired-check	Historical finding from the pinned pre-retirement scanner; exitpolicy was removed with user approval in 4d3212f. Not counted as an active diagnostic.
golang/net	b13c0c165994a0042e0c4a4d01e2b998097967c9	exitpolicy	icmp/example_test.go:51:3	exitpolicy/skipped-defer	retired-check	Historical finding from the pinned pre-retirement scanner; exitpolicy was removed with user approval in 4d3212f. Not counted as an active diagnostic.
golang/net	b13c0c165994a0042e0c4a4d01e2b998097967c9	exitpolicy	icmp/example_test.go:55:3	exitpolicy/skipped-defer	retired-check	Historical finding from the pinned pre-retirement scanner; exitpolicy was removed with user approval in 4d3212f. Not counted as an active diagnostic.
golang/net	b13c0c165994a0042e0c4a4d01e2b998097967c9	exitpolicy	internal/quic/cmd/interop/main.go:136:2	exitpolicy/skipped-defer	retired-check	Historical finding from the pinned pre-retirement scanner; exitpolicy was removed with user approval in 4d3212f. Not counted as an active diagnostic.
golang/net	b13c0c165994a0042e0c4a4d01e2b998097967c9	exitpolicy	ipv4/example_test.go:114:3	exitpolicy/skipped-defer	retired-check	Historical finding from the pinned pre-retirement scanner; exitpolicy was removed with user approval in 4d3212f. Not counted as an active diagnostic.
golang/net	b13c0c165994a0042e0c4a4d01e2b998097967c9	exitpolicy	ipv4/example_test.go:129:4	exitpolicy/skipped-defer	retired-check	Historical finding from the pinned pre-retirement scanner; exitpolicy was removed with user approval in 4d3212f. Not counted as an active diagnostic.
golang/net	b13c0c165994a0042e0c4a4d01e2b998097967c9	exitpolicy	ipv4/example_test.go:132:4	exitpolicy/skipped-defer	retired-check	Historical finding from the pinned pre-retirement scanner; exitpolicy was removed with user approval in 4d3212f. Not counted as an active diagnostic.
golang/net	b13c0c165994a0042e0c4a4d01e2b998097967c9	exitpolicy	ipv4/example_test.go:140:4	exitpolicy/skipped-defer	retired-check	Historical finding from the pinned pre-retirement scanner; exitpolicy was removed with user approval in 4d3212f. Not counted as an active diagnostic.
golang/net	b13c0c165994a0042e0c4a4d01e2b998097967c9	exitpolicy	ipv4/example_test.go:143:4	exitpolicy/skipped-defer	retired-check	Historical finding from the pinned pre-retirement scanner; exitpolicy was removed with user approval in 4d3212f. Not counted as an active diagnostic.
golang/net	b13c0c165994a0042e0c4a4d01e2b998097967c9	exitpolicy	ipv4/example_test.go:151:4	exitpolicy/skipped-defer	retired-check	Historical finding from the pinned pre-retirement scanner; exitpolicy was removed with user approval in 4d3212f. Not counted as an active diagnostic.
golang/net	b13c0c165994a0042e0c4a4d01e2b998097967c9	exitpolicy	ipv4/example_test.go:155:4	exitpolicy/skipped-defer	retired-check	Historical finding from the pinned pre-retirement scanner; exitpolicy was removed with user approval in 4d3212f. Not counted as an active diagnostic.
golang/net	b13c0c165994a0042e0c4a4d01e2b998097967c9	exitpolicy	ipv4/example_test.go:184:3	exitpolicy/skipped-defer	retired-check	Historical finding from the pinned pre-retirement scanner; exitpolicy was removed with user approval in 4d3212f. Not counted as an active diagnostic.
golang/net	b13c0c165994a0042e0c4a4d01e2b998097967c9	exitpolicy	ipv4/example_test.go:189:3	exitpolicy/skipped-defer	retired-check	Historical finding from the pinned pre-retirement scanner; exitpolicy was removed with user approval in 4d3212f. Not counted as an active diagnostic.
golang/net	b13c0c165994a0042e0c4a4d01e2b998097967c9	exitpolicy	ipv4/example_test.go:193:3	exitpolicy/skipped-defer	retired-check	Historical finding from the pinned pre-retirement scanner; exitpolicy was removed with user approval in 4d3212f. Not counted as an active diagnostic.
golang/net	b13c0c165994a0042e0c4a4d01e2b998097967c9	exitpolicy	ipv4/example_test.go:218:4	exitpolicy/skipped-defer	retired-check	Historical finding from the pinned pre-retirement scanner; exitpolicy was removed with user approval in 4d3212f. Not counted as an active diagnostic.
golang/net	b13c0c165994a0042e0c4a4d01e2b998097967c9	exitpolicy	ipv4/example_test.go:222:3	exitpolicy/skipped-defer	retired-check	Historical finding from the pinned pre-retirement scanner; exitpolicy was removed with user approval in 4d3212f. Not counted as an active diagnostic.
golang/net	b13c0c165994a0042e0c4a4d01e2b998097967c9	exitpolicy	ipv4/example_test.go:29:4	exitpolicy/skipped-defer	retired-check	Historical finding from the pinned pre-retirement scanner; exitpolicy was removed with user approval in 4d3212f. Not counted as an active diagnostic.
golang/net	b13c0c165994a0042e0c4a4d01e2b998097967c9	exitpolicy	ipv4/example_test.go:36:6	exitpolicy/skipped-defer	retired-check	Historical finding from the pinned pre-retirement scanner; exitpolicy was removed with user approval in 4d3212f. Not counted as an active diagnostic.
golang/net	b13c0c165994a0042e0c4a4d01e2b998097967c9	exitpolicy	ipv4/example_test.go:39:6	exitpolicy/skipped-defer	retired-check	Historical finding from the pinned pre-retirement scanner; exitpolicy was removed with user approval in 4d3212f. Not counted as an active diagnostic.
golang/net	b13c0c165994a0042e0c4a4d01e2b998097967c9	exitpolicy	ipv4/example_test.go:43:5	exitpolicy/skipped-defer	retired-check	Historical finding from the pinned pre-retirement scanner; exitpolicy was removed with user approval in 4d3212f. Not counted as an active diagnostic.
golang/net	b13c0c165994a0042e0c4a4d01e2b998097967c9	exitpolicy	ipv4/example_test.go:59:3	exitpolicy/skipped-defer	retired-check	Historical finding from the pinned pre-retirement scanner; exitpolicy was removed with user approval in 4d3212f. Not counted as an active diagnostic.
golang/net	b13c0c165994a0042e0c4a4d01e2b998097967c9	exitpolicy	ipv4/example_test.go:63:3	exitpolicy/skipped-defer	retired-check	Historical finding from the pinned pre-retirement scanner; exitpolicy was removed with user approval in 4d3212f. Not counted as an active diagnostic.
golang/net	b13c0c165994a0042e0c4a4d01e2b998097967c9	exitpolicy	ipv4/example_test.go:67:3	exitpolicy/skipped-defer	retired-check	Historical finding from the pinned pre-retirement scanner; exitpolicy was removed with user approval in 4d3212f. Not counted as an active diagnostic.
golang/net	b13c0c165994a0042e0c4a4d01e2b998097967c9	exitpolicy	ipv4/example_test.go:74:4	exitpolicy/skipped-defer	retired-check	Historical finding from the pinned pre-retirement scanner; exitpolicy was removed with user approval in 4d3212f. Not counted as an active diagnostic.
golang/net	b13c0c165994a0042e0c4a4d01e2b998097967c9	exitpolicy	ipv4/example_test.go:81:4	exitpolicy/skipped-defer	retired-check	Historical finding from the pinned pre-retirement scanner; exitpolicy was removed with user approval in 4d3212f. Not counted as an active diagnostic.
golang/net	b13c0c165994a0042e0c4a4d01e2b998097967c9	exitpolicy	ipv6/example_test.go:115:3	exitpolicy/skipped-defer	retired-check	Historical finding from the pinned pre-retirement scanner; exitpolicy was removed with user approval in 4d3212f. Not counted as an active diagnostic.
golang/net	b13c0c165994a0042e0c4a4d01e2b998097967c9	exitpolicy	ipv6/example_test.go:129:3	exitpolicy/skipped-defer	retired-check	Historical finding from the pinned pre-retirement scanner; exitpolicy was removed with user approval in 4d3212f. Not counted as an active diagnostic.
golang/net	b13c0c165994a0042e0c4a4d01e2b998097967c9	exitpolicy	ipv6/example_test.go:138:4	exitpolicy/skipped-defer	retired-check	Historical finding from the pinned pre-retirement scanner; exitpolicy was removed with user approval in 4d3212f. Not counted as an active diagnostic.
golang/net	b13c0c165994a0042e0c4a4d01e2b998097967c9	exitpolicy	ipv6/example_test.go:147:4	exitpolicy/skipped-defer	retired-check	Historical finding from the pinned pre-retirement scanner; exitpolicy was removed with user approval in 4d3212f. Not counted as an active diagnostic.
golang/net	b13c0c165994a0042e0c4a4d01e2b998097967c9	exitpolicy	ipv6/example_test.go:150:4	exitpolicy/skipped-defer	retired-check	Historical finding from the pinned pre-retirement scanner; exitpolicy was removed with user approval in 4d3212f. Not counted as an active diagnostic.
golang/net	b13c0c165994a0042e0c4a4d01e2b998097967c9	exitpolicy	ipv6/example_test.go:158:4	exitpolicy/skipped-defer	retired-check	Historical finding from the pinned pre-retirement scanner; exitpolicy was removed with user approval in 4d3212f. Not counted as an active diagnostic.
golang/net	b13c0c165994a0042e0c4a4d01e2b998097967c9	exitpolicy	ipv6/example_test.go:162:4	exitpolicy/skipped-defer	retired-check	Historical finding from the pinned pre-retirement scanner; exitpolicy was removed with user approval in 4d3212f. Not counted as an active diagnostic.
golang/net	b13c0c165994a0042e0c4a4d01e2b998097967c9	exitpolicy	ipv6/example_test.go:191:3	exitpolicy/skipped-defer	retired-check	Historical finding from the pinned pre-retirement scanner; exitpolicy was removed with user approval in 4d3212f. Not counted as an active diagnostic.
golang/net	b13c0c165994a0042e0c4a4d01e2b998097967c9	exitpolicy	ipv6/example_test.go:195:3	exitpolicy/skipped-defer	retired-check	Historical finding from the pinned pre-retirement scanner; exitpolicy was removed with user approval in 4d3212f. Not counted as an active diagnostic.
golang/net	b13c0c165994a0042e0c4a4d01e2b998097967c9	exitpolicy	ipv6/example_test.go:205:3	exitpolicy/skipped-defer	retired-check	Historical finding from the pinned pre-retirement scanner; exitpolicy was removed with user approval in 4d3212f. Not counted as an active diagnostic.
golang/net	b13c0c165994a0042e0c4a4d01e2b998097967c9	exitpolicy	ipv6/example_test.go:214:3	exitpolicy/skipped-defer	retired-check	Historical finding from the pinned pre-retirement scanner; exitpolicy was removed with user approval in 4d3212f. Not counted as an active diagnostic.
golang/net	b13c0c165994a0042e0c4a4d01e2b998097967c9	exitpolicy	ipv6/example_test.go:28:4	exitpolicy/skipped-defer	retired-check	Historical finding from the pinned pre-retirement scanner; exitpolicy was removed with user approval in 4d3212f. Not counted as an active diagnostic.
golang/net	b13c0c165994a0042e0c4a4d01e2b998097967c9	exitpolicy	ipv6/example_test.go:35:6	exitpolicy/skipped-defer	retired-check	Historical finding from the pinned pre-retirement scanner; exitpolicy was removed with user approval in 4d3212f. Not counted as an active diagnostic.
golang/net	b13c0c165994a0042e0c4a4d01e2b998097967c9	exitpolicy	ipv6/example_test.go:38:6	exitpolicy/skipped-defer	retired-check	Historical finding from the pinned pre-retirement scanner; exitpolicy was removed with user approval in 4d3212f. Not counted as an active diagnostic.
golang/net	b13c0c165994a0042e0c4a4d01e2b998097967c9	exitpolicy	ipv6/example_test.go:42:5	exitpolicy/skipped-defer	retired-check	Historical finding from the pinned pre-retirement scanner; exitpolicy was removed with user approval in 4d3212f. Not counted as an active diagnostic.
golang/net	b13c0c165994a0042e0c4a4d01e2b998097967c9	exitpolicy	ipv6/example_test.go:58:3	exitpolicy/skipped-defer	retired-check	Historical finding from the pinned pre-retirement scanner; exitpolicy was removed with user approval in 4d3212f. Not counted as an active diagnostic.
golang/net	b13c0c165994a0042e0c4a4d01e2b998097967c9	exitpolicy	ipv6/example_test.go:62:3	exitpolicy/skipped-defer	retired-check	Historical finding from the pinned pre-retirement scanner; exitpolicy was removed with user approval in 4d3212f. Not counted as an active diagnostic.
golang/net	b13c0c165994a0042e0c4a4d01e2b998097967c9	exitpolicy	ipv6/example_test.go:66:3	exitpolicy/skipped-defer	retired-check	Historical finding from the pinned pre-retirement scanner; exitpolicy was removed with user approval in 4d3212f. Not counted as an active diagnostic.
golang/net	b13c0c165994a0042e0c4a4d01e2b998097967c9	exitpolicy	ipv6/example_test.go:74:4	exitpolicy/skipped-defer	retired-check	Historical finding from the pinned pre-retirement scanner; exitpolicy was removed with user approval in 4d3212f. Not counted as an active diagnostic.
golang/net	b13c0c165994a0042e0c4a4d01e2b998097967c9	exitpolicy	ipv6/example_test.go:82:4	exitpolicy/skipped-defer	retired-check	Historical finding from the pinned pre-retirement scanner; exitpolicy was removed with user approval in 4d3212f. Not counted as an active diagnostic.
golang/net	b13c0c165994a0042e0c4a4d01e2b998097967c9	goroutineownership	quic/endpoint_test.go:44:2	goroutineownership/unjoined	true-positive	TestStreamTransfer never receives srvdone; endpoint cleanup cancels I/O but does not wait for the separately launched worker and its testing assertions.
golang/net	b13c0c165994a0042e0c4a4d01e2b998097967c9	resourcelifetime	internal/quic/cmd/interop/main.go:267:15	resourcelifetime/missing-release	true-positive	fetchOne creates the output file and never closes it, including NewStream and copy error returns.
golang/net	b13c0c165994a0042e0c4a4d01e2b998097967c9	resourcelifetime	websocket/websocket_test.go:316:15	resourcelifetime/missing-release	true-positive	TestHTTP checks status but never closes the successful response body.
Unpackerr/unpackerr	7b0a621b5740453501e3828fa32b498a50b6884c	exitpolicy	main.go:22:3	exitpolicy/skipped-defer	retired-check	Historical finding from the pinned pre-retirement scanner; exitpolicy was removed with user approval in 4d3212f. Not counted as an active diagnostic.
Unpackerr/unpackerr	7b0a621b5740453501e3828fa32b498a50b6884c	exitpolicy	pkg/configdef/start.go:117:3	exitpolicy/skipped-defer	retired-check	Historical finding from the pinned pre-retirement scanner; exitpolicy was removed with user approval in 4d3212f. Not counted as an active diagnostic.
Unpackerr/unpackerr	7b0a621b5740453501e3828fa32b498a50b6884c	exitpolicy	pkg/configdef/start.go:121:3	exitpolicy/skipped-defer	retired-check	Historical finding from the pinned pre-retirement scanner; exitpolicy was removed with user approval in 4d3212f. Not counted as an active diagnostic.
Unpackerr/unpackerr	7b0a621b5740453501e3828fa32b498a50b6884c	processownership	pkg/ui/ui_other.go:27:9	processownership/detached	true-positive	Policy-only detached audit: StartCmd intentionally returns only Start error and discards the process handle; no Wait is installed here.
asternic/wuzapi	cba302749d3957316b0bdcaef7693193f50f0edb	exitpolicy	main.go:500:3	exitpolicy/skipped-defer	retired-check	Historical finding from the pinned pre-retirement scanner; exitpolicy was removed with user approval in 4d3212f. Not counted as an active diagnostic.
asternic/wuzapi	cba302749d3957316b0bdcaef7693193f50f0edb	exitpolicy	main.go:510:3	exitpolicy/skipped-defer	retired-check	Historical finding from the pinned pre-retirement scanner; exitpolicy was removed with user approval in 4d3212f. Not counted as an active diagnostic.
homeport/dyff	d41ebdf062869fb2e9a06872e3870e99b2b20e08	resourcelifetime	pkg/dyff/core_suite_test.go:198:15	resourcelifetime/missing-release	true-positive	Existence probe discards the successfully opened handle and reopens the path via LoadFile; the original descriptor has no closer.
mna/pigeon	579616707f537d5aa3ae531ecf0397538205faf9	exitpolicy	bootstrap/cmd/bootstrap-build/main.go:48:3	exitpolicy/skipped-defer	retired-check	Historical finding from the pinned pre-retirement scanner; exitpolicy was removed with user approval in 4d3212f. Not counted as an active diagnostic.
mna/pigeon	579616707f537d5aa3ae531ecf0397538205faf9	exitpolicy	bootstrap/cmd/bootstrap-build/main.go:61:3	exitpolicy/skipped-defer	retired-check	Historical finding from the pinned pre-retirement scanner; exitpolicy was removed with user approval in 4d3212f. Not counted as an active diagnostic.
mna/pigeon	579616707f537d5aa3ae531ecf0397538205faf9	exitpolicy	bootstrap/cmd/bootstrap-build/main.go:67:3	exitpolicy/skipped-defer	retired-check	Historical finding from the pinned pre-retirement scanner; exitpolicy was removed with user approval in 4d3212f. Not counted as an active diagnostic.
mna/pigeon	579616707f537d5aa3ae531ecf0397538205faf9	exitpolicy	bootstrap/cmd/bootstrap-build/main.go:81:4	exitpolicy/skipped-defer	retired-check	Historical finding from the pinned pre-retirement scanner; exitpolicy was removed with user approval in 4d3212f. Not counted as an active diagnostic.
mna/pigeon	579616707f537d5aa3ae531ecf0397538205faf9	exitpolicy	bootstrap/cmd/bootstrap-build/main.go:83:3	exitpolicy/skipped-defer	retired-check	Historical finding from the pinned pre-retirement scanner; exitpolicy was removed with user approval in 4d3212f. Not counted as an active diagnostic.
mna/pigeon	579616707f537d5aa3ae531ecf0397538205faf9	exitpolicy	bootstrap/cmd/bootstrap-build/main.go:87:3	exitpolicy/skipped-defer	retired-check	Historical finding from the pinned pre-retirement scanner; exitpolicy was removed with user approval in 4d3212f. Not counted as an active diagnostic.
mna/pigeon	579616707f537d5aa3ae531ecf0397538205faf9	exitpolicy	bootstrap/cmd/bootstrap-pigeon/main.go:103:4	exitpolicy/skipped-defer	retired-check	Historical finding from the pinned pre-retirement scanner; exitpolicy was removed with user approval in 4d3212f. Not counted as an active diagnostic.
mna/pigeon	579616707f537d5aa3ae531ecf0397538205faf9	exitpolicy	bootstrap/cmd/bootstrap-pigeon/main.go:54:3	exitpolicy/skipped-defer	retired-check	Historical finding from the pinned pre-retirement scanner; exitpolicy was removed with user approval in 4d3212f. Not counted as an active diagnostic.
mna/pigeon	579616707f537d5aa3ae531ecf0397538205faf9	exitpolicy	bootstrap/cmd/bootstrap-pigeon/main.go:63:5	exitpolicy/skipped-defer	retired-check	Historical finding from the pinned pre-retirement scanner; exitpolicy was removed with user approval in 4d3212f. Not counted as an active diagnostic.
mna/pigeon	579616707f537d5aa3ae531ecf0397538205faf9	exitpolicy	bootstrap/cmd/bootstrap-pigeon/main.go:80:4	exitpolicy/skipped-defer	retired-check	Historical finding from the pinned pre-retirement scanner; exitpolicy was removed with user approval in 4d3212f. Not counted as an active diagnostic.
mna/pigeon	579616707f537d5aa3ae531ecf0397538205faf9	exitpolicy	bootstrap/cmd/bootstrap-pigeon/main.go:95:5	exitpolicy/skipped-defer	retired-check	Historical finding from the pinned pre-retirement scanner; exitpolicy was removed with user approval in 4d3212f. Not counted as an active diagnostic.
mna/pigeon	579616707f537d5aa3ae531ecf0397538205faf9	exitpolicy	bootstrap/cmd/bootstrap-pigeon/main.go:98:4	exitpolicy/skipped-defer	retired-check	Historical finding from the pinned pre-retirement scanner; exitpolicy was removed with user approval in 4d3212f. Not counted as an active diagnostic.
mna/pigeon	579616707f537d5aa3ae531ecf0397538205faf9	exitpolicy	bootstrap/cmd/pegparse/main.go:45:3	exitpolicy/skipped-defer	retired-check	Historical finding from the pinned pre-retirement scanner; exitpolicy was removed with user approval in 4d3212f. Not counted as an active diagnostic.
mna/pigeon	579616707f537d5aa3ae531ecf0397538205faf9	exitpolicy	examples/indentation/indentation_ast.go:23:3	exitpolicy/skipped-defer	retired-check	Historical finding from the pinned pre-retirement scanner; exitpolicy was removed with user approval in 4d3212f. Not counted as an active diagnostic.
mna/pigeon	579616707f537d5aa3ae531ecf0397538205faf9	exitpolicy	examples/indentation/indentation_ast.go:27:3	exitpolicy/skipped-defer	retired-check	Historical finding from the pinned pre-retirement scanner; exitpolicy was removed with user approval in 4d3212f. Not counted as an active diagnostic.
mna/pigeon	579616707f537d5aa3ae531ecf0397538205faf9	exitpolicy	examples/json/cmd/json-parser/main.go:34:3	exitpolicy/skipped-defer	retired-check	Historical finding from the pinned pre-retirement scanner; exitpolicy was removed with user approval in 4d3212f. Not counted as an active diagnostic.
mna/pigeon	579616707f537d5aa3ae531ecf0397538205faf9	exitpolicy	examples/json/cmd/json-parser/main.go:40:3	exitpolicy/skipped-defer	retired-check	Historical finding from the pinned pre-retirement scanner; exitpolicy was removed with user approval in 4d3212f. Not counted as an active diagnostic.
in-toto/witness	1eaafd56616bdf6c136e80ab92a9a0944e6c0ced	resourcelifetime	cmd/sign.go:74:17	resourcelifetime/missing-release	true-positive	loadOutfile failure returns after successfully opening inFile with no close or transfer.
offen/docker-volume-backup	e15641d10cbb4eba4271d2a11730af1aa613641d	concurrentcapture	cmd/backup/stop_restart.go:264:5	concurrentcapture/shared-capture	true-positive	Concurrent service workers append to shared scaledDownServices without a lock; joining later does not serialize append.
offen/docker-volume-backup	e15641d10cbb4eba4271d2a11730af1aa613641d	concurrentcapture	cmd/backup/stop_restart.go:367:6	concurrentcapture/shared-capture	true-positive	Concurrent service workers append to shared scaledUpServices without a lock.
offen/docker-volume-backup	e15641d10cbb4eba4271d2a11730af1aa613641d	concurrentcapture	internal/storage/azure/azure.go:167:6	concurrentcapture/shared-capture	true-positive	Per-blob workers append to the same errs slice without synchronization.
offen/docker-volume-backup	e15641d10cbb4eba4271d2a11730af1aa613641d	resourcelifetime	cmd/backup/archive.go:59:15	resourcelifetime/missing-release	true-positive	Archive output is closed only after all compression/tar operations succeed; earlier errors leak the opened file.
offen/docker-volume-backup	e15641d10cbb4eba4271d2a11730af1aa613641d	resourcelifetime	cmd/backup/config_provider.go:131:12	resourcelifetime/missing-release	true-positive	Opened configuration file is scanned without Close on any path.
offen/docker-volume-backup	e15641d10cbb4eba4271d2a11730af1aa613641d	resourcelifetime	internal/storage/azure/azure.go:112:21	resourcelifetime/missing-release	true-positive	Opened upload file is never closed; UploadStream borrows io.Reader and copies chunks without closing the input.
offen/docker-volume-backup	e15641d10cbb4eba4271d2a11730af1aa613641d	resourcelifetime	internal/storage/webdav/webdav.go:74:12	resourcelifetime/missing-release	true-positive	WriteStream can fail creating the parent collection or seeking before an HTTP request owns the input; caller never closes on these paths.
thought-machine/please	edbc44487a196719090921625d35aa2cbdadafcb	deferinloop	docs/test/docs_test.go:32:3	deferinloop/cleanup-lifetime	true-positive	File remains open through subsequent loop iterations because Close is deferred to enclosing function return.
thought-machine/please	edbc44487a196719090921625d35aa2cbdadafcb	deferinloop	src/output/shell_output.go:560:3	deferinloop/cleanup-lifetime	true-positive	File remains open through subsequent loop iterations because Close is deferred to enclosing function return.
thought-machine/please	edbc44487a196719090921625d35aa2cbdadafcb	exitpolicy	docs/tools/plugin_config_tool/plugin_config_tool.go:137:3	exitpolicy/skipped-defer	retired-check	Historical finding from the pinned pre-retirement scanner; exitpolicy was removed with user approval in 4d3212f. Not counted as an active diagnostic.
thought-machine/please	edbc44487a196719090921625d35aa2cbdadafcb	exitpolicy	src/update/update_test.go:197:2	exitpolicy/skipped-defer	retired-check	Historical finding from the pinned pre-retirement scanner; exitpolicy was removed with user approval in 4d3212f. Not counted as an active diagnostic.
thought-machine/please	edbc44487a196719090921625d35aa2cbdadafcb	exitpolicy	test/cross_compile/arch_checker/main.go:26:3	exitpolicy/skipped-defer	retired-check	Historical finding from the pinned pre-retirement scanner; exitpolicy was removed with user approval in 4d3212f. Not counted as an active diagnostic.
thought-machine/please	edbc44487a196719090921625d35aa2cbdadafcb	processownership	src/run/run_step.go:195:32	processownership/detached	true-positive	Policy-only: explicitly detached command is started without Wait or Release; intentional detachment is not a missing ownership intent inference.
thought-machine/please	edbc44487a196719090921625d35aa2cbdadafcb	resourcelifetime	src/cache/dir_cache.go:113:15	resourcelifetime/missing-release	true-positive	Copy error returns before closing the successfully opened file.
thought-machine/please	edbc44487a196719090921625d35aa2cbdadafcb	resourcelifetime	src/fs/fs.go:92:19	resourcelifetime/missing-release	true-positive	Copy error returns before closing the successfully opened file.
thought-machine/please	edbc44487a196719090921625d35aa2cbdadafcb	resourcelifetime	src/fs/fs_test.go:30:12	resourcelifetime/missing-release	inconclusive	Test expects opening absent dir/file to fail, but assert.Error is nonfatal and filesystem state is harness-dependent. No successful resource is proven on the intended test path.
thought-machine/please	edbc44487a196719090921625d35aa2cbdadafcb	resourcelifetime	src/parse/asp/targets.go:672:10	resourcelifetime/missing-release	inconclusive	annotate can retain the reader in the returned error stack, but only for matching unpopulated frames; non-stack errors or unmatched frames do not retain it. Reachability of the non-transfer paths needs further proof.
thought-machine/please	edbc44487a196719090921625d35aa2cbdadafcb	resourcelifetime	tools/release_signer/signer/signer.go:71:13	resourcelifetime/missing-release	true-positive	Signing/verification borrows the input reader but no path closes the opened input file.
thought-machine/please	edbc44487a196719090921625d35aa2cbdadafcb	resourcelifetime	tools/release_signer/signer/signer_test.go:29:13	resourcelifetime/missing-release	true-positive	Signing/verification borrows the input reader but no path closes the opened input file.
open-policy-agent/conftest	636cfe39490de851bcc6956f8a7fdc3892020971	deferinloop	internal/commands/document.go:51:5	deferinloop/cleanup-lifetime	true-positive	One output file per input path remains open until the entire document-generation loop returns.
open-policy-agent/conftest	636cfe39490de851bcc6956f8a7fdc3892020971	resourcelifetime	internal/commands/fmt.go:81:21	resourcelifetime/missing-release	true-positive	Write error returns before outfile.Close.
argoproj-labs/argocd-agent	8e916bf75504e15f8e5ce850587773776281c9da	resourcelifetime	cmd/argocd-agent/agent.go:589:12	resourcelifetime/missing-release	true-positive	loadCreds scans the opened file and returns parsed credentials or an error without closing the file.
argoproj-labs/argocd-agent	8e916bf75504e15f8e5ce850587773776281c9da	resourcelifetime	principal/options.go:176:13	resourcelifetime/missing-release	true-positive	Signing-key loader reads the opened file but neither closes nor transfers it on success or parse/read errors.
devld/go-drive	91c3ac7253642bf58629d6a87cf7ab718f2d3827	exitpolicy	drive/dispatcher_test.go:26:2	exitpolicy/skipped-defer	retired-check	Historical finding from the pinned pre-retirement scanner; exitpolicy was removed with user approval in 4d3212f. Not counted as an active diagnostic.
devld/go-drive	91c3ac7253642bf58629d6a87cf7ab718f2d3827	exitpolicy	storage/db_test.go:71:2	exitpolicy/skipped-defer	retired-check	Historical finding from the pinned pre-retirement scanner; exitpolicy was removed with user approval in 4d3212f. Not counted as an active diagnostic.
devld/go-drive	91c3ac7253642bf58629d6a87cf7ab718f2d3827	lockorder	common/utils/path_tree.go:113:2	lockorder/missing-release	false-positive	Add locks and unlocks node.mu under the same unchanged nil guard; writing node.Data cannot change the mutex field.
devld/go-drive	91c3ac7253642bf58629d6a87cf7ab718f2d3827	lockorder	common/utils/path_tree.go:118:3	lockorder/missing-release	false-positive	Normal loop completion unlocks under the unchanged n.mu nil guard; the invalid-key panic is not a normal return. Separate child-map writes do not mutate n.mu.
devld/go-drive	91c3ac7253642bf58629d6a87cf7ab718f2d3827	lockorder	common/utils/path_tree.go:135:3	lockorder/missing-release	false-positive	RemoveChild locks and unlocks under the same unchanged n.mu nil guard; deleting a child-map entry does not change the lock.
devld/go-drive	91c3ac7253642bf58629d6a87cf7ab718f2d3827	lockorder	common/utils/path_tree.go:54:4	lockorder/missing-release	false-positive	Each tree traversal iteration releases node.mu on both lookup-success and lookup-failure paths before advancing node; optional-lock guards remain stable.
devld/go-drive	91c3ac7253642bf58629d6a87cf7ab718f2d3827	lockorder	common/utils/path_tree.go:61:4	lockorder/missing-release	false-positive	The lookup-failure return is preceded by RUnlock under the same unchanged node.mu nil guard as acquisition.
devld/go-drive	91c3ac7253642bf58629d6a87cf7ab718f2d3827	lockorder	common/utils/path_tree.go:89:4	lockorder/missing-release	false-positive	Create releases the current node mutex before replacing node with its child; independent child-map mutation does not invalidate the optional-lock guard.
devld/go-drive	91c3ac7253642bf58629d6a87cf7ab718f2d3827	resourcelifetime	common/driveutil/oauth_test.go:166:9	resourcelifetime/missing-release	false-positive	Request uses a context explicitly canceled before Do; OAuth transport propagates that context through token retrieval and the standard base transport, so no successful response body is acquired.
devld/go-drive	91c3ac7253642bf58629d6a87cf7ab718f2d3827	resourcelifetime	drive/fs/index.go:352:13	resourcelifetime/missing-release	true-positive	Seek error returns without closing the opened file; ownership is transferred only on other paths.
pirsch-analytics/pirsch	2cf4279f52b9729da9f9dd95abebf8dd4a6b5f0a	exitpolicy	pkg/db/main_test.go:13:2	exitpolicy/skipped-defer	retired-check	Historical finding from the pinned pre-retirement scanner; exitpolicy was removed with user approval in 4d3212f. Not counted as an active diagnostic.
pirsch-analytics/pirsch	2cf4279f52b9729da9f9dd95abebf8dd4a6b5f0a	exitpolicy	pkg/ingest/main_test.go:15:2	exitpolicy/skipped-defer	retired-check	Historical finding from the pinned pre-retirement scanner; exitpolicy was removed with user approval in 4d3212f. Not counted as an active diagnostic.
pirsch-analytics/pirsch	2cf4279f52b9729da9f9dd95abebf8dd4a6b5f0a	exitpolicy	pkg/ingest/session/main_test.go:15:2	exitpolicy/skipped-defer	retired-check	Historical finding from the pinned pre-retirement scanner; exitpolicy was removed with user approval in 4d3212f. Not counted as an active diagnostic.
pirsch-analytics/pirsch	2cf4279f52b9729da9f9dd95abebf8dd4a6b5f0a	exitpolicy	pkg/reporting/query/main_test.go:15:2	exitpolicy/skipped-defer	retired-check	Historical finding from the pinned pre-retirement scanner; exitpolicy was removed with user approval in 4d3212f. Not counted as an active diagnostic.
pirsch-analytics/pirsch	2cf4279f52b9729da9f9dd95abebf8dd4a6b5f0a	exitpolicy	scripts/update_browser_blacklist/update_browser_blacklist.go:49:3	exitpolicy/skipped-defer	retired-check	Historical finding from the pinned pre-retirement scanner; exitpolicy was removed with user approval in 4d3212f. Not counted as an active diagnostic.
pirsch-analytics/pirsch	2cf4279f52b9729da9f9dd95abebf8dd4a6b5f0a	exitpolicy	scripts/update_browser_blacklist/update_browser_blacklist.go:55:3	exitpolicy/skipped-defer	retired-check	Historical finding from the pinned pre-retirement scanner; exitpolicy was removed with user approval in 4d3212f. Not counted as an active diagnostic.
pirsch-analytics/pirsch	2cf4279f52b9729da9f9dd95abebf8dd4a6b5f0a	exitpolicy	scripts/update_referrer_blacklist/update_referrer_blacklist.go:63:3	exitpolicy/skipped-defer	retired-check	Historical finding from the pinned pre-retirement scanner; exitpolicy was removed with user approval in 4d3212f. Not counted as an active diagnostic.
pirsch-analytics/pirsch	2cf4279f52b9729da9f9dd95abebf8dd4a6b5f0a	exitpolicy	scripts/update_referrer_blacklist/update_referrer_blacklist.go:69:3	exitpolicy/skipped-defer	retired-check	Historical finding from the pinned pre-retirement scanner; exitpolicy was removed with user approval in 4d3212f. Not counted as an active diagnostic.
pirsch-analytics/pirsch	2cf4279f52b9729da9f9dd95abebf8dd4a6b5f0a	exitpolicy	scripts/update_ua_blacklist/update_ua_blacklist.go:31:3	exitpolicy/skipped-defer	retired-check	Historical finding from the pinned pre-retirement scanner; exitpolicy was removed with user approval in 4d3212f. Not counted as an active diagnostic.
pirsch-analytics/pirsch	2cf4279f52b9729da9f9dd95abebf8dd4a6b5f0a	exitpolicy	scripts/update_ua_blacklist/update_ua_blacklist.go:78:3	exitpolicy/skipped-defer	retired-check	Historical finding from the pinned pre-retirement scanner; exitpolicy was removed with user approval in 4d3212f. Not counted as an active diagnostic.
pirsch-analytics/pirsch	2cf4279f52b9729da9f9dd95abebf8dd4a6b5f0a	exitpolicy	scripts/update_ua_blacklist/update_ua_blacklist.go:84:3	exitpolicy/skipped-defer	retired-check	Historical finding from the pinned pre-retirement scanner; exitpolicy was removed with user approval in 4d3212f. Not counted as an active diagnostic.
pirsch-analytics/pirsch	2cf4279f52b9729da9f9dd95abebf8dd4a6b5f0a	goroutineownership	pkg/db/testing.go:81:3	goroutineownership/unjoined	true-positive	Worker calls Done before assert.NoError; Wait can return while a worker still accesses testing.T.
pirsch-analytics/pirsch	2cf4279f52b9729da9f9dd95abebf8dd4a6b5f0a	resourcelifetime	pkg/ingest/geo/geo.go:151:15	resourcelifetime/missing-release	true-positive	Geo download reads the HTTP response but never closes its Body.
pirsch-analytics/pirsch	2cf4279f52b9729da9f9dd95abebf8dd4a6b5f0a	resourcelifetime	pkg/ingest/ip/udger.go:119:15	resourcelifetime/missing-release	true-positive	Udger download reads the HTTP response but never closes its Body.
pirsch-analytics/pirsch	2cf4279f52b9729da9f9dd95abebf8dd4a6b5f0a	resourcelifetime	pkg/ingest/ip/udger.go:192:15	resourcelifetime/missing-release	true-positive	Scan error abandons live rows; caller DB.Close does not forcibly close an in-use row set.
pirsch-analytics/pirsch	2cf4279f52b9729da9f9dd95abebf8dd4a6b5f0a	resourcelifetime	pkg/ingest/ip/udger.go:213:15	resourcelifetime/missing-release	true-positive	Scan error abandons live rows; caller DB.Close does not forcibly close an in-use row set.
pirsch-analytics/pirsch	2cf4279f52b9729da9f9dd95abebf8dd4a6b5f0a	resourcelifetime	pkg/ingest/referrer/android.go:61:15	resourcelifetime/missing-release	true-positive	Non-200 successful HTTP response returns before Body.Close is deferred.
k1LoW/octocov	603f22919254788c10b7230f91053eca2814628d	resourcelifetime	central/central.go:91:12	resourcelifetime/missing-release	true-positive	Opened index file has no Close; renderIndex can fail during GitHub setup before writing and does not own the file.
k1LoW/octocov	603f22919254788c10b7230f91053eca2814628d	resourcelifetime	gh/gh.go:679:17	resourcelifetime/missing-release	true-positive	Artifact response Body is copied but never closed, including size/read errors; closing zip entries is not response cleanup.
safedep/pmg	78a8f2e89511d3ebeb5b2dddd67e3bc3fa4d0861	exitpolicy	main.go:221:4	exitpolicy/skipped-defer	retired-check	Historical finding from the pinned pre-retirement scanner; exitpolicy was removed with user approval in 4d3212f. Not counted as an active diagnostic.
safedep/pmg	78a8f2e89511d3ebeb5b2dddd67e3bc3fa4d0861	exitpolicy	main.go:223:3	exitpolicy/skipped-defer	retired-check	Historical finding from the pinned pre-retirement scanner; exitpolicy was removed with user approval in 4d3212f. Not counted as an active diagnostic.
safedep/pmg	78a8f2e89511d3ebeb5b2dddd67e3bc3fa4d0861	exitpolicy	sandbox/platform/landlock_helper_linux.go:279:2	exitpolicy/skipped-defer	retired-check	Historical finding from the pinned pre-retirement scanner; exitpolicy was removed with user approval in 4d3212f. Not counted as an active diagnostic.
AdguardTeam/dnsproxy	e7bd0153f199a8d75a12eae19f45b82b66697a90	exitpolicy	internal/cmd/cmd.go:78:3	exitpolicy/skipped-defer	retired-check	Historical finding from the pinned pre-retirement scanner; exitpolicy was removed with user approval in 4d3212f. Not counted as an active diagnostic.
anchore/quill	451f93a3190ba2c23e2e64f355ee774431c017d0	resourcelifetime	quill/extract/extract.go:55:12	resourcelifetime/missing-release	true-positive	Mach-O parse failure returns without closing the opened input; NewFile accepts a borrowed ReaderAt and does not close it on parse errors.
anchore/quill	451f93a3190ba2c23e2e64f355ee774431c017d0	resourcelifetime	quill/macho/file.go:132:12	resourcelifetime/missing-release	true-positive	Parse/Seek failure returns before the opened file is installed in the receiver or closed.
anchore/quill	451f93a3190ba2c23e2e64f355ee774431c017d0	resourcelifetime	quill/notary/payload.go:183:12	resourcelifetime/missing-release	true-positive	prepareBinary never closes its file; createZip only copies its io.Reader into an in-memory archive and does not own input cleanup.
google/trillian	0362d55869965067c9ffa276a78d18e95a596ca3	concurrentcapture	storage/cloudspanner/log_storage.go:278:5	concurrentcapture/shared-capture	true-positive	Per-leaf workers append to a shared writeDupes map without synchronization; the WaitGroup only joins after concurrent writes.
google/trillian	0362d55869965067c9ffa276a78d18e95a596ca3	exitpolicy	quota/crdbqm/common_test.go:42:3	exitpolicy/skipped-defer	retired-check	Historical finding from the pinned pre-retirement scanner; exitpolicy was removed with user approval in 4d3212f. Not counted as an active diagnostic.
google/trillian	0362d55869965067c9ffa276a78d18e95a596ca3	exitpolicy	quota/crdbqm/common_test.go:52:2	exitpolicy/skipped-defer	retired-check	Historical finding from the pinned pre-retirement scanner; exitpolicy was removed with user approval in 4d3212f. Not counted as an active diagnostic.
google/trillian	0362d55869965067c9ffa276a78d18e95a596ca3	exitpolicy	storage/crdb/common_test.go:82:2	exitpolicy/skipped-defer	retired-check	Historical finding from the pinned pre-retirement scanner; exitpolicy was removed with user approval in 4d3212f. Not counted as an active diagnostic.
google/trillian	0362d55869965067c9ffa276a78d18e95a596ca3	goroutineownership	testonly/integration/logenv.go:149:2	goroutineownership/unjoined	true-positive	listen failure cancels the sequencer context and returns without waiting for the worker's deferred Done; cancellation is not completion.
google/trillian	0362d55869965067c9ffa276a78d18e95a596ca3	resourcelifetime	storage/mysql/tree_storage.go:157:12	resourcelifetime/missing-release	true-positive	StorageSettings unmarshal failure returns after BeginTx without rollback or transferring the transaction.
tis24dev/proxsave	e30e1d1cac5dfe337cc995bfa14281d9b8787d8f	resourcelifetime	internal/backup/archiver_test.go:215:11	resourcelifetime/missing-release	false-positive	Gzip reader is only used to validate the header; its underlying file is independently closed. gzip.Reader.Close owns no external resource and does not close the input.
tis24dev/proxsave	e30e1d1cac5dfe337cc995bfa14281d9b8787d8f	resourcelifetime	internal/orchestrator/backup_safety_test.go:1776:12	resourcelifetime/missing-release	false-positive	Gzip reader wraps an in-memory bytes.Reader; skipping its Close leaks no external resource and does not skip checksum validation performed by reads.
tis24dev/proxsave	e30e1d1cac5dfe337cc995bfa14281d9b8787d8f	resourcelifetime	internal/orchestrator/backup_safety_test.go:1825:12	resourcelifetime/missing-release	false-positive	Gzip reader wraps an in-memory bytes.Reader; skipping its Close leaks no external resource.
tis24dev/proxsave	e30e1d1cac5dfe337cc995bfa14281d9b8787d8f	resourcelifetime	internal/orchestrator/backup_safety_test.go:2395:12	resourcelifetime/missing-release	false-positive	Gzip reader wraps an in-memory bytes.Reader; skipping its Close leaks no external resource.
nkanaev/yarr	bb427710efec1ba2c9b9b4cacde67874a347499b	exitpolicy	cmd/yarr/main.go:104:4	exitpolicy/skipped-defer	retired-check	Historical finding from the pinned pre-retirement scanner; exitpolicy was removed with user approval in 4d3212f. Not counted as an active diagnostic.
nkanaev/yarr	bb427710efec1ba2c9b9b4cacde67874a347499b	exitpolicy	cmd/yarr/main.go:109:4	exitpolicy/skipped-defer	retired-check	Historical finding from the pinned pre-retirement scanner; exitpolicy was removed with user approval in 4d3212f. Not counted as an active diagnostic.
nkanaev/yarr	bb427710efec1ba2c9b9b4cacde67874a347499b	exitpolicy	cmd/yarr/main.go:121:4	exitpolicy/skipped-defer	retired-check	Historical finding from the pinned pre-retirement scanner; exitpolicy was removed with user approval in 4d3212f. Not counted as an active diagnostic.
nkanaev/yarr	bb427710efec1ba2c9b9b4cacde67874a347499b	exitpolicy	cmd/yarr/main.go:126:4	exitpolicy/skipped-defer	retired-check	Historical finding from the pinned pre-retirement scanner; exitpolicy was removed with user approval in 4d3212f. Not counted as an active diagnostic.
nkanaev/yarr	bb427710efec1ba2c9b9b4cacde67874a347499b	exitpolicy	cmd/yarr/main.go:131:4	exitpolicy/skipped-defer	retired-check	Historical finding from the pinned pre-retirement scanner; exitpolicy was removed with user approval in 4d3212f. Not counted as an active diagnostic.
nkanaev/yarr	bb427710efec1ba2c9b9b4cacde67874a347499b	exitpolicy	cmd/yarr/main.go:136:3	exitpolicy/skipped-defer	retired-check	Historical finding from the pinned pre-retirement scanner; exitpolicy was removed with user approval in 4d3212f. Not counted as an active diagnostic.
nkanaev/yarr	bb427710efec1ba2c9b9b4cacde67874a347499b	exitpolicy	cmd/yarr/main.go:141:3	exitpolicy/skipped-defer	retired-check	Historical finding from the pinned pre-retirement scanner; exitpolicy was removed with user approval in 4d3212f. Not counted as an active diagnostic.
nkanaev/yarr	bb427710efec1ba2c9b9b4cacde67874a347499b	exitpolicy	cmd/yarr/main.go:98:3	exitpolicy/skipped-defer	retired-check	Historical finding from the pinned pre-retirement scanner; exitpolicy was removed with user approval in 4d3212f. Not counted as an active diagnostic.
nkanaev/yarr	bb427710efec1ba2c9b9b4cacde67874a347499b	resourcelifetime	src/storage/sqlite/feed.go:85:15	resourcelifetime/missing-release	true-positive	Scan error returns before rows exhaustion with no Close; normal exhaustion does not cover that branch.
nkanaev/yarr	bb427710efec1ba2c9b9b4cacde67874a347499b	resourcelifetime	src/storage/sqlite/folder.go:57:15	resourcelifetime/missing-release	true-positive	Scan error returns before rows exhaustion with no Close.
nkanaev/yarr	bb427710efec1ba2c9b9b4cacde67874a347499b	resourcelifetime	src/storage/sqlite/item.go:206:15	resourcelifetime/missing-release	true-positive	Scan error returns before rows exhaustion with no Close.
nkanaev/yarr	bb427710efec1ba2c9b9b4cacde67874a347499b	resourcelifetime	src/storage/sqlite/item.go:284:15	resourcelifetime/missing-release	false-positive	FeedStats has no early exit from its single-result-set rows.Next loop; database/sql closes rows at exhaustion. Ignoring Scan errors is a separate issue, not a missing-release proof.
nkanaev/yarr	bb427710efec1ba2c9b9b4cacde67874a347499b	resourcelifetime	src/storage/sqlite/migration.go:287:15	resourcelifetime/missing-release	false-positive	The migration callback's caller commits or rolls back its exact parent transaction on every path; sql transaction cancellation closes dependent rows, including callback errors.
grafana/dskit	86f3c54f61fe477e68ac15dfac9ed88e4ee9e457	goroutineownership	kv/memberlist/memberlist_client_test.go:1201:6	goroutineownership/unjoined	true-positive	kvsStarted.Done is a readiness notification, not completion; later runClient and testing assertions are not joined before the subtest returns after signaling stop.
grafana/dskit	86f3c54f61fe477e68ac15dfac9ed88e4ee9e457	goroutineownership	kv/memberlist/memberlist_client_test.go:1203:6	goroutineownership/unjoined	true-positive	Readiness WaitGroup reaches zero before runClient and its test assertions; closing stop requests shutdown without waiting for completion.
grafana/dskit	86f3c54f61fe477e68ac15dfac9ed88e4ee9e457	goroutineownership	ring/batch_test.go:65:2	goroutineownership/unjoined	false-positive	One worker processes exactly len(scenarios) items and calls Done after each record; Wait accounts for every substantive iteration before the result read. No work follows the final Done except loop exit.
grafana/dskit	86f3c54f61fe477e68ac15dfac9ed88e4ee9e457	resourcelifetime	server/internal/opentracingtest/server_opentracing_test.go:263:15	resourcelifetime/missing-release	true-positive	Test discards the successful HTTP response without closing Body.
grafana/dskit	86f3c54f61fe477e68ac15dfac9ed88e4ee9e457	resourcelifetime	server/internal/oteltest/server_otel_test.go:246:15	resourcelifetime/missing-release	true-positive	Test discards the successful HTTP response without closing Body.
grafana/dskit	86f3c54f61fe477e68ac15dfac9ed88e4ee9e457	resourcelifetime	server/server_test.go:134:11	resourcelifetime/missing-release	true-positive	Test discards the successful HTTP response without closing Body.
grafana/dskit	86f3c54f61fe477e68ac15dfac9ed88e4ee9e457	resourcelifetime	server/server_test.go:222:12	resourcelifetime/missing-release	true-positive	Test discards the successful HTTP response without closing Body.
grafana/dskit	86f3c54f61fe477e68ac15dfac9ed88e4ee9e457	resourcelifetime	server/server_test.go:228:12	resourcelifetime/missing-release	true-positive	Test discards the successful HTTP error-status response without closing Body.
grafana/dskit	86f3c54f61fe477e68ac15dfac9ed88e4ee9e457	resourcelifetime	server/server_test.go:234:12	resourcelifetime/missing-release	true-positive	Test discards the successful HTTP not-found response without closing Body.
grafana/dskit	86f3c54f61fe477e68ac15dfac9ed88e4ee9e457	resourcelifetime	server/server_test.go:241:13	resourcelifetime/missing-release	inconclusive	Test expects cancellation after a 50ms sleep against a 10s handler. Usually Do returns no response, but scheduling can permit success; source alone does not prove either an acquisition or its impossibility.
grafana/dskit	86f3c54f61fe477e68ac15dfac9ed88e4ee9e457	resourcelifetime	server/server_test.go:340:12	resourcelifetime/missing-release	true-positive	Test discards the successful HTTP error-status response without closing Body.
grafana/dskit	86f3c54f61fe477e68ac15dfac9ed88e4ee9e457	resourcelifetime	server/server_test.go:347:13	resourcelifetime/missing-release	inconclusive	Test expects cancellation after a 50ms sleep against a 10s handler; timing does not prove Do cannot succeed. Not promoted to a true/false regression label.
grafana/dskit	86f3c54f61fe477e68ac15dfac9ed88e4ee9e457	resourcelifetime	server/server_test.go:579:11	resourcelifetime/missing-release	true-positive	Test discards the successful HTTP error-status response without closing Body.
grafana/dskit	86f3c54f61fe477e68ac15dfac9ed88e4ee9e457	resourcelifetime	server/server_test.go:826:12	resourcelifetime/missing-release	true-positive	Test discards the successful HTTP error-status response without closing Body.
grafana/dskit	86f3c54f61fe477e68ac15dfac9ed88e4ee9e457	resourcelifetime	server/server_test.go:852:12	resourcelifetime/missing-release	true-positive	PROXY-protocol test discards the successful HTTP response without closing Body.
ovh/venom	a4adefe209b2204d02575ae2af181f9405b0fbf8	deferinloop	executors/readfile/readfile.go:122:3	deferinloop/cleanup-lifetime	true-positive	Each matched input file stays open until the entire filesPath loop completes.
ovh/venom	a4adefe209b2204d02575ae2af181f9405b0fbf8	goroutineownership	executors/exec/exec.go:166:2	goroutineownership/unjoined	true-positive	cmd.Start error returns without joining the already launched stdout reader; no completed outchan receive covers this branch.
ovh/venom	a4adefe209b2204d02575ae2af181f9405b0fbf8	goroutineownership	executors/exec/exec.go:187:2	goroutineownership/unjoined	true-positive	cmd.Start error returns without joining the already launched stderr reader.
ovh/venom	a4adefe209b2204d02575ae2af181f9405b0fbf8	resourcelifetime	executors/exec/exec.go:101:21	resourcelifetime/missing-release	true-positive	Script write failure/short write returns before temporary file Close.
ovh/venom	a4adefe209b2204d02575ae2af181f9405b0fbf8	resourcelifetime	executors/http/http_test.go:23:23	resourcelifetime/missing-release	true-positive	Temporary TLS key handle is used only for its filename and never closed.
ovh/venom	a4adefe209b2204d02575ae2af181f9405b0fbf8	resourcelifetime	executors/http/http_test.go:32:24	resourcelifetime/missing-release	true-positive	Temporary TLS certificate handle is used only for its filename and never closed.
ovh/venom	a4adefe209b2204d02575ae2af181f9405b0fbf8	resourcelifetime	executors/mongo/mongo.go:103:18	resourcelifetime/missing-release	true-positive	Fixture file is decoded without Close, including decoder errors.
ovh/venom	a4adefe209b2204d02575ae2af181f9405b0fbf8	resourcelifetime	executors/mongo/mongo.go:163:18	resourcelifetime/missing-release	true-positive	JSON input file is decoded without Close, including early decode/marshal errors.
ovh/venom	a4adefe209b2204d02575ae2af181f9405b0fbf8	resourcelifetime	executors/smtp/smtp.go:122:12	resourcelifetime/missing-release	true-positive	TLS branch creates an SMTP client without registering Close; subsequent Auth/Mail errors leave it live.
ovh/venom	a4adefe209b2204d02575ae2af181f9405b0fbf8	resourcelifetime	process_testsuite.go:20:19	resourcelifetime/missing-release	true-positive	CPU profile file is never closed; StopCPUProfile flushes but does not close its caller-owned writer, and sibling file failure also abandons it.
ovh/venom	a4adefe209b2204d02575ae2af181f9405b0fbf8	resourcelifetime	process_testsuite.go:21:19	resourcelifetime/missing-release	true-positive	Heap profile file is never closed; deferred WriteTo does not close its writer.
maxbrunsfeld/counterfeiter	fbce8493e0c309d7fdefb840d1b9be2c0c9b4c67	resourcelifetime	main.go:171:15	resourcelifetime/missing-release	true-positive	printCode creates and writes the output file without closing it on success or write error.
hashicorp/go-getter	af0c1a94a9dd877806a1369ca33326adb748a786	resourcelifetime	detect_bitbucket.go:42:15	resourcelifetime/missing-release	true-positive	Bitbucket response is never closed, including the immediate forbidden-status return.
hashicorp/go-getter	af0c1a94a9dd877806a1369ca33326adb748a786	resourcelifetime	detect_bitbucket_test.go:17:15	resourcelifetime/missing-release	true-positive	Connectivity probe discards a successful HTTP response without closing its body.
hashicorp/go-getter	af0c1a94a9dd877806a1369ca33326adb748a786	resourcelifetime	get_git.go:102:14	resourcelifetime/missing-release	true-positive	Chmod error returns before temporary key file Close; deferred Remove only unlinks the name.
helm/chart-releaser	76be46057af1c9620f738c92e392fb9ad3ffa0ce	exitpolicy	pkg/releaser/releaser.go:119:4	exitpolicy/skipped-defer	retired-check	Historical finding from the pinned pre-retirement scanner; exitpolicy was removed with user approval in 4d3212f. Not counted as an active diagnostic.
cerbos/cerbos	cd3efaf5c1eca0249adc24e36743361121693a59	resourcelifetime	cmd/cerbosctl/hub/store/replace_files.go:96:16	resourcelifetime/missing-release	true-positive	Zip validity probe discards the successful zip.ReadCloser, leaving its file open.
cerbos/cerbos	cd3efaf5c1eca0249adc24e36743361121693a59	resourcelifetime	cmd/cerbosctl/store/export/internal/exporter.go:247:12	resourcelifetime/missing-release	true-positive	Directory exporter creates and copies into a file without closing it on success or copy error.
cerbos/cerbos	cd3efaf5c1eca0249adc24e36743361121693a59	resourcelifetime	cmd/cerbosctl/store/export/internal/exporter.go:29:18	resourcelifetime/missing-release	false-positive	The same stable pure suffix predicates guard acquisition and exporter selection; every acquired file is passed into the returned owning exporter. The directory fallthrough cannot follow acquisition.
cerbos/cerbos	cd3efaf5c1eca0249adc24e36743361121693a59	resourcelifetime	internal/util/filesystem_tarfs.go:32:13	resourcelifetime/missing-release	false-positive	getFsFromTar closes every variadic closer on failure and returns them in ClosableFS on success; its Close iterates the same collection.
cerbos/cerbos	cd3efaf5c1eca0249adc24e36743361121693a59	resourcelifetime	internal/util/filesystem_tarfs.go:44:15	resourcelifetime/missing-release	false-positive	getFsFromTar closes every variadic closer on failure and returns them in ClosableFS on success; gzip reader is included in the returned cleanup collection.
jumpserver/koko	e3445777f98875501e1f4ab1a2849c32c4f33349	exitpolicy	pkg/common/client_test.go:121:2	exitpolicy/skipped-defer	retired-check	Historical finding from the pinned pre-retirement scanner; exitpolicy was removed with user approval in 4d3212f. Not counted as an active diagnostic.
jumpserver/koko	e3445777f98875501e1f4ab1a2849c32c4f33349	resourcelifetime	pkg/common/utils.go:44:12	resourcelifetime/missing-release	true-positive	Policy-only: io.Copy failure skips gzip.Writer.Close; the underlying file is closed, but the compressor is not finalized on the failed-copy path. No descriptor leak is claimed.
argoproj-labs/argocd-operator	370971de5cb8f92a90239cf92ffe099f28488909	resourcelifetime	controllers/argoutil/fips_test.go:234:15	resourcelifetime/missing-release	true-positive	Test discards the successful os.Create handle; directory removal does not close the descriptor.
bpg/terraform-provider-proxmox	076148bf2146b99bdf841e567ed61583c677c86a	resourcelifetime	proxmox/nodes/storage/upload.go:81:28	resourcelifetime/missing-release	true-positive	io.Copy failure returns before closing the temporary multipart file or registering removal.
AliyunContainerService/terway	cb571b7be5bd8a095012912e7bcd56b30da6cc25	concurrentcapture	pkg/eni/manager.go:220:6	concurrentcapture/shared-capture	true-positive	Per-request goroutines assign the same outer err without synchronization; cancellation and a later Wait do not serialize concurrent error writes.
AliyunContainerService/terway	cb571b7be5bd8a095012912e7bcd56b30da6cc25	evalorder	pkg/storage/store_test.go:528:39	evalorder/operand-mutation	true-positive	Deserializer copies the nil interface result before json.Unmarshal fills it. Latent callback defect even though these tests primarily exercise other error paths.
AliyunContainerService/terway	cb571b7be5bd8a095012912e7bcd56b30da6cc25	evalorder	pkg/storage/store_test.go:549:39	evalorder/operand-mutation	true-positive	Deserializer copies the nil interface result before json.Unmarshal fills it. Latent callback defect even though these tests primarily exercise other error paths.
AliyunContainerService/terway	cb571b7be5bd8a095012912e7bcd56b30da6cc25	evalorder	pkg/storage/store_test.go:566:39	evalorder/operand-mutation	true-positive	Deserializer copies the nil interface result before json.Unmarshal fills it. Latent callback defect even though these tests primarily exercise other error paths.
AliyunContainerService/terway	cb571b7be5bd8a095012912e7bcd56b30da6cc25	evalorder	pkg/storage/store_test.go:592:39	evalorder/operand-mutation	true-positive	Deserializer copies the nil interface result before json.Unmarshal fills it. Latent callback defect even though these tests primarily exercise other error paths.
AliyunContainerService/terway	cb571b7be5bd8a095012912e7bcd56b30da6cc25	exitpolicy	cmd/terway-controlplane/terway-controlplane.go:257:5	exitpolicy/skipped-defer	retired-check	Historical finding from the pinned pre-retirement scanner; exitpolicy was removed with user approval in 4d3212f. Not counted as an active diagnostic.
AliyunContainerService/terway	cb571b7be5bd8a095012912e7bcd56b30da6cc25	exitpolicy	cmd/terway-controlplane/terway-controlplane.go:267:3	exitpolicy/skipped-defer	retired-check	Historical finding from the pinned pre-retirement scanner; exitpolicy was removed with user approval in 4d3212f. Not counted as an active diagnostic.
AliyunContainerService/terway	cb571b7be5bd8a095012912e7bcd56b30da6cc25	exitpolicy	pkg/eni/crdv2.go:114:4	exitpolicy/skipped-defer	retired-check	Historical finding from the pinned pre-retirement scanner; exitpolicy was removed with user approval in 4d3212f. Not counted as an active diagnostic.
AliyunContainerService/terway	cb571b7be5bd8a095012912e7bcd56b30da6cc25	lockorder	pkg/eni/manager.go:266:8	lockorder/read-lock-write	true-positive	Release writes shared m.lastModified under RLock, so concurrent Release calls can both write while holding shared read locks.
AliyunContainerService/terway	cb571b7be5bd8a095012912e7bcd56b30da6cc25	resourcelifetime	cmd/terway-cli/cni_linux_test.go:123:19	resourcelifetime/missing-release	true-positive	Temporary file handle is used only for its pathname; deferred Remove or independent WriteFile does not close the original descriptor.
AliyunContainerService/terway	cb571b7be5bd8a095012912e7bcd56b30da6cc25	resourcelifetime	cmd/terway-cli/cni_linux_test.go:153:19	resourcelifetime/missing-release	true-positive	Temporary file handle is used only for its pathname; deferred Remove or independent WriteFile does not close the original descriptor.
AliyunContainerService/terway	cb571b7be5bd8a095012912e7bcd56b30da6cc25	resourcelifetime	cmd/terway-cli/cni_linux_test.go:176:19	resourcelifetime/missing-release	true-positive	Temporary file handle is used only for its pathname; deferred Remove or independent WriteFile does not close the original descriptor.
AliyunContainerService/terway	cb571b7be5bd8a095012912e7bcd56b30da6cc25	resourcelifetime	cmd/terway-cli/cni_linux_test.go:195:19	resourcelifetime/missing-release	true-positive	Temporary file handle is used only for its pathname; deferred Remove or independent WriteFile does not close the original descriptor.
AliyunContainerService/terway	cb571b7be5bd8a095012912e7bcd56b30da6cc25	resourcelifetime	cmd/terway-cli/cni_linux_test.go:214:19	resourcelifetime/missing-release	true-positive	Temporary file handle is used only for its pathname; deferred Remove or independent WriteFile does not close the original descriptor.
AliyunContainerService/terway	cb571b7be5bd8a095012912e7bcd56b30da6cc25	resourcelifetime	cmd/terway-cli/cni_linux_test.go:233:19	resourcelifetime/missing-release	true-positive	Temporary file handle is used only for its pathname; deferred Remove or independent WriteFile does not close the original descriptor.
AliyunContainerService/terway	cb571b7be5bd8a095012912e7bcd56b30da6cc25	resourcelifetime	cmd/terway-cli/cni_linux_test.go:48:19	resourcelifetime/missing-release	true-positive	Temporary file handle is used only for its pathname; deferred Remove or independent WriteFile does not close the original descriptor.
AliyunContainerService/terway	cb571b7be5bd8a095012912e7bcd56b30da6cc25	resourcelifetime	cmd/terway-cli/cni_linux_test.go:73:19	resourcelifetime/missing-release	true-positive	Temporary file handle is used only for its pathname; deferred Remove or independent WriteFile does not close the original descriptor.
AliyunContainerService/terway	cb571b7be5bd8a095012912e7bcd56b30da6cc25	resourcelifetime	cmd/terway-cli/cni_linux_test.go:98:19	resourcelifetime/missing-release	true-positive	Temporary file handle is used only for its pathname; deferred Remove or independent WriteFile does not close the original descriptor.
AliyunContainerService/terway	cb571b7be5bd8a095012912e7bcd56b30da6cc25	resourcelifetime	cmd/terway-cli/node_test.go:1010:19	resourcelifetime/missing-release	true-positive	Temporary file handle is used only for its pathname; deferred Remove or independent WriteFile does not close the original descriptor.
AliyunContainerService/terway	cb571b7be5bd8a095012912e7bcd56b30da6cc25	resourcelifetime	cmd/terway-cli/node_test.go:1029:19	resourcelifetime/missing-release	true-positive	Temporary file handle is used only for its pathname; deferred Remove or independent WriteFile does not close the original descriptor.
AliyunContainerService/terway	cb571b7be5bd8a095012912e7bcd56b30da6cc25	resourcelifetime	cmd/terway-cli/node_test.go:1123:19	resourcelifetime/missing-release	true-positive	Temporary file handle is used only for its pathname; deferred Remove or independent WriteFile does not close the original descriptor.
AliyunContainerService/terway	cb571b7be5bd8a095012912e7bcd56b30da6cc25	resourcelifetime	cmd/terway-cli/node_test.go:1152:19	resourcelifetime/missing-release	true-positive	Temporary file handle is used only for its pathname; deferred Remove or independent WriteFile does not close the original descriptor.
AliyunContainerService/terway	cb571b7be5bd8a095012912e7bcd56b30da6cc25	resourcelifetime	cmd/terway-cli/node_test.go:1188:19	resourcelifetime/missing-release	true-positive	Temporary file handle is used only for its pathname; deferred Remove or independent WriteFile does not close the original descriptor.
AliyunContainerService/terway	cb571b7be5bd8a095012912e7bcd56b30da6cc25	resourcelifetime	cmd/terway-cli/node_test.go:1193:22	resourcelifetime/missing-release	true-positive	Temporary file handle is used only for its pathname; deferred Remove or independent WriteFile does not close the original descriptor.
AliyunContainerService/terway	cb571b7be5bd8a095012912e7bcd56b30da6cc25	resourcelifetime	cmd/terway-cli/node_test.go:207:19	resourcelifetime/missing-release	true-positive	Temporary file handle is used only for its pathname; deferred Remove or independent WriteFile does not close the original descriptor.
AliyunContainerService/terway	cb571b7be5bd8a095012912e7bcd56b30da6cc25	resourcelifetime	cmd/terway-cli/node_test.go:241:19	resourcelifetime/missing-release	true-positive	Temporary file handle is used only for its pathname; deferred Remove or independent WriteFile does not close the original descriptor.
AliyunContainerService/terway	cb571b7be5bd8a095012912e7bcd56b30da6cc25	resourcelifetime	cmd/terway-cli/node_test.go:31:19	resourcelifetime/missing-release	true-positive	Temporary file handle is used only for its pathname; deferred Remove or independent WriteFile does not close the original descriptor.
AliyunContainerService/terway	cb571b7be5bd8a095012912e7bcd56b30da6cc25	resourcelifetime	cmd/terway-cli/node_test.go:47:19	resourcelifetime/missing-release	true-positive	Temporary file handle is used only for its pathname; deferred Remove or independent WriteFile does not close the original descriptor.
AliyunContainerService/terway	cb571b7be5bd8a095012912e7bcd56b30da6cc25	resourcelifetime	cmd/terway-cli/node_test.go:64:19	resourcelifetime/missing-release	true-positive	Temporary file handle is used only for its pathname; deferred Remove or independent WriteFile does not close the original descriptor.
AliyunContainerService/terway	cb571b7be5bd8a095012912e7bcd56b30da6cc25	resourcelifetime	cmd/terway-cli/node_test.go:81:19	resourcelifetime/missing-release	true-positive	Temporary file handle is used only for its pathname; deferred Remove or independent WriteFile does not close the original descriptor.
AliyunContainerService/terway	cb571b7be5bd8a095012912e7bcd56b30da6cc25	resourcelifetime	cmd/terway-cli/node_test.go:842:19	resourcelifetime/missing-release	true-positive	Temporary file handle is used only for its pathname; deferred Remove or independent WriteFile does not close the original descriptor.
AliyunContainerService/terway	cb571b7be5bd8a095012912e7bcd56b30da6cc25	resourcelifetime	cmd/terway-cli/node_test.go:993:19	resourcelifetime/missing-release	true-positive	Temporary file handle is used only for its pathname; deferred Remove or independent WriteFile does not close the original descriptor.
AliyunContainerService/terway	cb571b7be5bd8a095012912e7bcd56b30da6cc25	resourcelifetime	daemon/server_test.go:2235:18	resourcelifetime/missing-release	false-positive	File is captured by a gomonkey replacement for file-open operations; ensureCNIConfig owns and defers cleanup of those returned handles. Static analysis must treat opaque retained callback ownership as unknown.
AliyunContainerService/terway	cb571b7be5bd8a095012912e7bcd56b30da6cc25	resourcelifetime	daemon/server_test.go:2238:18	resourcelifetime/missing-release	false-positive	File is captured by a gomonkey replacement for file-open operations; ensureCNIConfig owns and defers cleanup of those returned handles. Static analysis must treat opaque retained callback ownership as unknown.
AliyunContainerService/terway	cb571b7be5bd8a095012912e7bcd56b30da6cc25	resourcelifetime	daemon/server_test.go:2261:18	resourcelifetime/missing-release	false-positive	File is captured by a gomonkey replacement for file-open operations; ensureCNIConfig owns and defers cleanup of those returned handles. Static analysis must treat opaque retained callback ownership as unknown.
AliyunContainerService/terway	cb571b7be5bd8a095012912e7bcd56b30da6cc25	resourcelifetime	pkg/utils/nodecap/node_capabilities_test.go:124:19	resourcelifetime/missing-release	true-positive	Temporary file handle is used only for its pathname; deferred Remove or independent WriteFile does not close the original descriptor.
AliyunContainerService/terway	cb571b7be5bd8a095012912e7bcd56b30da6cc25	resourcelifetime	pkg/utils/nodecap/node_capabilities_test.go:12:19	resourcelifetime/missing-release	true-positive	Temporary file handle is used only for its pathname; deferred Remove or independent WriteFile does not close the original descriptor.
AliyunContainerService/terway	cb571b7be5bd8a095012912e7bcd56b30da6cc25	resourcelifetime	pkg/utils/nodecap/node_capabilities_test.go:154:19	resourcelifetime/missing-release	true-positive	Temporary file handle is used only for its pathname; deferred Remove or independent WriteFile does not close the original descriptor.
AliyunContainerService/terway	cb571b7be5bd8a095012912e7bcd56b30da6cc25	resourcelifetime	pkg/utils/nodecap/node_capabilities_test.go:169:19	resourcelifetime/missing-release	true-positive	Temporary file handle is used only for its pathname; deferred Remove or independent WriteFile does not close the original descriptor.
AliyunContainerService/terway	cb571b7be5bd8a095012912e7bcd56b30da6cc25	resourcelifetime	pkg/utils/nodecap/node_capabilities_test.go:23:19	resourcelifetime/missing-release	true-positive	Temporary file handle is used only for its pathname; deferred Remove or independent WriteFile does not close the original descriptor.
AliyunContainerService/terway	cb571b7be5bd8a095012912e7bcd56b30da6cc25	resourcelifetime	pkg/utils/nodecap/node_capabilities_test.go:37:19	resourcelifetime/missing-release	true-positive	Temporary file handle is used only for its pathname; deferred Remove or independent WriteFile does not close the original descriptor.
AliyunContainerService/terway	cb571b7be5bd8a095012912e7bcd56b30da6cc25	resourcelifetime	pkg/utils/nodecap/node_capabilities_test.go:48:19	resourcelifetime/missing-release	true-positive	Temporary file handle is used only for its pathname; deferred Remove or independent WriteFile does not close the original descriptor.
AliyunContainerService/terway	cb571b7be5bd8a095012912e7bcd56b30da6cc25	resourcelifetime	pkg/utils/nodecap/node_capabilities_test.go:63:19	resourcelifetime/missing-release	true-positive	Temporary file handle is used only for its pathname; deferred Remove or independent WriteFile does not close the original descriptor.
AliyunContainerService/terway	cb571b7be5bd8a095012912e7bcd56b30da6cc25	resourcelifetime	pkg/utils/nodecap/node_capabilities_test.go:82:19	resourcelifetime/missing-release	true-positive	Temporary file handle is used only for its pathname; deferred Remove or independent WriteFile does not close the original descriptor.
AliyunContainerService/terway	cb571b7be5bd8a095012912e7bcd56b30da6cc25	resourcelifetime	plugin/driver/utils/utils.go:31:20	resourcelifetime/missing-release	false-positive	File is retained in io.MultiWriter inside textlogger options and the resulting global logger; process-lifetime ownership escapes through option closures, not a local leak.
AliyunContainerService/terway	cb571b7be5bd8a095012912e7bcd56b30da6cc25	resourcelifetime	types/controlplane/config_test.go:304:21	resourcelifetime/missing-release	true-positive	Temporary file handle is used only for its pathname; deferred Remove or independent WriteFile does not close the original descriptor.
AliyunContainerService/terway	cb571b7be5bd8a095012912e7bcd56b30da6cc25	resourcelifetime	types/controlplane/config_test.go:325:29	resourcelifetime/missing-release	true-positive	Temporary file handle is used only for its pathname; deferred Remove or independent WriteFile does not close the original descriptor.
AliyunContainerService/terway	cb571b7be5bd8a095012912e7bcd56b30da6cc25	resourcelifetime	types/controlplane/config_test.go:341:21	resourcelifetime/missing-release	true-positive	Temporary file handle is used only for its pathname; deferred Remove or independent WriteFile does not close the original descriptor.
AliyunContainerService/terway	cb571b7be5bd8a095012912e7bcd56b30da6cc25	resourcelifetime	types/controlplane/config_test.go:363:29	resourcelifetime/missing-release	true-positive	Temporary file handle is used only for its pathname; deferred Remove or independent WriteFile does not close the original descriptor.
laravel/zeropod	41a374cfeba8e5630b49c9485c7a1ce097eee475	goroutineownership	manager/node/service.go:631:2	goroutineownership/unjoined	true-positive	Receive/write/cancellation early returns skip joining extract; its unbuffered error send can block after the parent leaves.
laravel/zeropod	41a374cfeba8e5630b49c9485c7a1ce097eee475	goroutineownership	manager/node/service.go:947:2	goroutineownership/unjoined	true-positive	Stream send/cancellation errors return without draining errChan or joining the archive worker; pipe writes or its unbuffered error send can remain blocked.
laravel/zeropod	41a374cfeba8e5630b49c9485c7a1ce097eee475	goroutineownership	shim/io/container_io.go:134:3	goroutineownership/unjoined	true-positive	WaitGroup.Done precedes logging that still accesses c.id; receiver Wait only guarantees completion before Done, not this later receiver access.
laravel/zeropod	41a374cfeba8e5630b49c9485c7a1ce097eee475	goroutineownership	shim/io/container_io.go:147:3	goroutineownership/unjoined	true-positive	WaitGroup.Done precedes logging that still accesses c.id; receiver Wait does not join this later work.
laravel/zeropod	41a374cfeba8e5630b49c9485c7a1ce097eee475	lockorder	activator/reuse/activator.go:468:2	lockorder/missing-release	true-positive	act.register is locked before checking registeredWake, but unlocked only when the flag was false; an already-registered wake reaches return holding register. The separate deferred act.mu.Unlock does not release it.
laravel/zeropod	41a374cfeba8e5630b49c9485c7a1ce097eee475	resourcelifetime	activator/activator_test.go:194:19	resourcelifetime/missing-release	true-positive	Test worker reads response Body but never closes it.
laravel/zeropod	41a374cfeba8e5630b49c9485c7a1ce097eee475	resourcelifetime	activator/reuse/activator_test.go:222:21	resourcelifetime/missing-release	true-positive	Repeated test worker reads response Body but never closes it.
laravel/zeropod	41a374cfeba8e5630b49c9485c7a1ce097eee475	resourcelifetime	cmd/installer/main.go:423:14	resourcelifetime/missing-release	true-positive	optConfigured error returns after opening the append file without Close.
laravel/zeropod	41a374cfeba8e5630b49c9485c7a1ce097eee475	resourcelifetime	e2e/setup_test.go:951:16	resourcelifetime/missing-release	true-positive	Metrics HTTP response is parsed but never closed, including parse errors.
laravel/zeropod	41a374cfeba8e5630b49c9485c7a1ce097eee475	resourcelifetime	manager/node/service.go:572:17	resourcelifetime/missing-release	true-positive	Opened directory is not closed; CRIU stats helper only reads imgDir.Name and independently ReadFiles the stats path.
laravel/zeropod	41a374cfeba8e5630b49c9485c7a1ce097eee475	resourcelifetime	manager/redirector_attacher.go:251:12	resourcelifetime/missing-release	true-positive	Directory handle is never closed; Readdirnames error immediately abandons it.
laravel/zeropod	41a374cfeba8e5630b49c9485c7a1ce097eee475	resourcelifetime	shim/metrics.go:34:17	resourcelifetime/missing-release	true-positive	Opened directory is not closed; CRIU stats helper only reads imgDir.Name and independently ReadFiles the stats path.
laravel/zeropod	41a374cfeba8e5630b49c9485c7a1ce097eee475	resourcelifetime	shim/probe_test.go:131:16	resourcelifetime/missing-release	true-positive	HTTP probe reads only status and never closes the response Body.
ys-ll/uniterm	1037fa5df273b1c1c085b5e9d0a76f6a5f497c51	concurrentcapture	backend/session/ssh_channel_session_test.go:65:6	concurrentcapture/shared-capture	true-positive	Connection goroutines mutate shared chCount with plain increment; counter is allocated outside both loops and exposed to the test, without locking or atomic writes.
ys-ll/uniterm	1037fa5df273b1c1c085b5e9d0a76f6a5f497c51	processownership	backend/session/x11.go:164:13	processownership/missing-wait	true-positive	Successful Start followed by readiness timeout kills the process then returns nil without Wait or Release; success-path ownership transfer does not cover this branch.
syncyomi/syncyomi	9714965c265e51da710c5ad0e69dd448fb46be2b	resourcelifetime	internal/notification/discord.go:83:14	resourcelifetime/missing-release	true-positive	ReadAll error returns before response Body.Close is deferred.
syncyomi/syncyomi	9714965c265e51da710c5ad0e69dd448fb46be2b	resourcelifetime	internal/notification/notifiarr.go:70:14	resourcelifetime/missing-release	true-positive	ReadAll error returns before response Body.Close is deferred.
syncyomi/syncyomi	9714965c265e51da710c5ad0e69dd448fb46be2b	resourcelifetime	internal/notification/ntfy.go:43:14	resourcelifetime/missing-release	true-positive	ReadAll error returns before response Body.Close is deferred.
syncyomi/syncyomi	9714965c265e51da710c5ad0e69dd448fb46be2b	resourcelifetime	internal/notification/telegram.go:66:14	resourcelifetime/missing-release	true-positive	ReadAll error returns before response Body.Close is deferred.
F1bonacc1/process-compose	23b0acacc937d745279fb1551337f4031c4fc865	exitpolicy	src/cmd/root.go:105:3	exitpolicy/skipped-defer	retired-check	Historical finding from the pinned pre-retirement scanner; exitpolicy was removed with user approval in 4d3212f. Not counted as an active diagnostic.
F1bonacc1/process-compose	23b0acacc937d745279fb1551337f4031c4fc865	goroutineownership	src/app/watch_test.go:277:2	goroutineownership/unjoined	true-positive	Cleanup stops child processes then cancels the runner context, but never joins this runner.Run goroutine; the nonblocking runDone probe is not a shutdown join.
F1bonacc1/process-compose	23b0acacc937d745279fb1551337f4031c4fc865	goroutineownership	src/app/watch_test.go:334:2	goroutineownership/unjoined	true-positive	Cleanup stops child processes then cancels the runner context, but never joins this runner.Run goroutine; the nonblocking runDone probe is not a shutdown join.
F1bonacc1/process-compose	23b0acacc937d745279fb1551337f4031c4fc865	processownership	src/tui/open_browser.go:18:6	processownership/detached	true-positive	Policy-only: desktop opener is deliberately launched asynchronously but its exec.Cmd is discarded without a waiter or release.
flant/addon-operator	349c18df576e94a2062cfefbce34aa424c89dd63	deferinloop	pkg/module_manager/scheduler/extenders/static/static.go:59:3	deferinloop/cleanup-lifetime	true-positive	Each values file remains open across following loop iterations; decoding does not close it.
flux-iac/tofu-controller	8fc67730e8b5d48092060f22b89bd2e88fc0ce86	exitpolicy	cmd/runner/main.go:92:3	exitpolicy/skipped-defer	retired-check	Historical finding from the pinned pre-retirement scanner; exitpolicy was removed with user approval in 4d3212f. Not counted as an active diagnostic.
flux-iac/tofu-controller	8fc67730e8b5d48092060f22b89bd2e88fc0ce86	exitpolicy	controllers/tc000111_with_backend_s3_no_outputs_test.go:147:4	exitpolicy/skipped-defer	retired-check	Historical finding from the pinned pre-retirement scanner; exitpolicy was removed with user approval in 4d3212f. Not counted as an active diagnostic.
flux-iac/tofu-controller	8fc67730e8b5d48092060f22b89bd2e88fc0ce86	exitpolicy	controllers/tc000111_with_backend_s3_no_outputs_test.go:155:4	exitpolicy/skipped-defer	retired-check	Historical finding from the pinned pre-retirement scanner; exitpolicy was removed with user approval in 4d3212f. Not counted as an active diagnostic.
flux-iac/tofu-controller	8fc67730e8b5d48092060f22b89bd2e88fc0ce86	exitpolicy	controllers/tc000111_with_backend_s3_no_outputs_test.go:162:4	exitpolicy/skipped-defer	retired-check	Historical finding from the pinned pre-retirement scanner; exitpolicy was removed with user approval in 4d3212f. Not counted as an active diagnostic.
flux-iac/tofu-controller	8fc67730e8b5d48092060f22b89bd2e88fc0ce86	exitpolicy	controllers/tc000111_with_backend_s3_no_outputs_test.go:170:4	exitpolicy/skipped-defer	retired-check	Historical finding from the pinned pre-retirement scanner; exitpolicy was removed with user approval in 4d3212f. Not counted as an active diagnostic.
flux-iac/tofu-controller	8fc67730e8b5d48092060f22b89bd2e88fc0ce86	exitpolicy	controllers/tc000111_with_backend_s3_no_outputs_test.go:175:4	exitpolicy/skipped-defer	retired-check	Historical finding from the pinned pre-retirement scanner; exitpolicy was removed with user approval in 4d3212f. Not counted as an active diagnostic.
flux-iac/tofu-controller	8fc67730e8b5d48092060f22b89bd2e88fc0ce86	resourcelifetime	api/plan/gzip.go:28:13	resourcelifetime/missing-release	false-positive	Gzip reader wraps in-memory bytes; read-error return without Close leaks no external resource, and Close does not perform checksum validation.
flux-iac/tofu-controller	8fc67730e8b5d48092060f22b89bd2e88fc0ce86	resourcelifetime	runner/server_generate_template.go:54:16	resourcelifetime/missing-release	true-positive	Template Execute error returns before closing the generated file.
flux-iac/tofu-controller	8fc67730e8b5d48092060f22b89bd2e88fc0ce86	resourcelifetime	tfctl/main.go:80:15	resourcelifetime/missing-release	true-positive	Non-OK HTTP status returns before closing the response Body.
bjarneo/cliamp	57ae3badf75f1f370178df34c6382c069e6564aa	processownership	internal/browser/open.go:13:10	processownership/detached	true-positive	Policy-only: desktop opener is started and discarded without Wait or Release.
bjarneo/cliamp	57ae3badf75f1f370178df34c6382c069e6564aa	processownership	internal/browser/open.go:15:10	processownership/detached	true-positive	Policy-only: desktop opener is started and discarded without Wait or Release.
bjarneo/cliamp	57ae3badf75f1f370178df34c6382c069e6564aa	processownership	internal/browser/open.go:17:10	processownership/detached	true-positive	Policy-only: desktop opener is started and discarded without Wait or Release.
akvorado/akvorado	06ab6e9914ef87f1f98ced6e26f4c19450280dd4	resourcelifetime	outlet/geoip/root.go:147:18	resourcelifetime/missing-release	true-positive	watcher.Add failure returns before the owning goroutine is launched and its Close defer is registered.
engigu/baihu-panel	2c57159923f9e7b7c7020287e3215f73cc1dc414	exitpolicy	cmd/reposync/reposync.go:274:4	exitpolicy/skipped-defer	retired-check	Historical finding from the pinned pre-retirement scanner; exitpolicy was removed with user approval in 4d3212f. Not counted as an active diagnostic.
engigu/baihu-panel	2c57159923f9e7b7c7020287e3215f73cc1dc414	exitpolicy	cmd/reposync/reposync.go:440:3	exitpolicy/skipped-defer	retired-check	Historical finding from the pinned pre-retirement scanner; exitpolicy was removed with user approval in 4d3212f. Not counted as an active diagnostic.
engigu/baihu-panel	2c57159923f9e7b7c7020287e3215f73cc1dc414	exitpolicy	cmd/reposync/reposync.go:446:3	exitpolicy/skipped-defer	retired-check	Historical finding from the pinned pre-retirement scanner; exitpolicy was removed with user approval in 4d3212f. Not counted as an active diagnostic.
engigu/baihu-panel	2c57159923f9e7b7c7020287e3215f73cc1dc414	exitpolicy	cmd/reposync/reposync.go:453:3	exitpolicy/skipped-defer	retired-check	Historical finding from the pinned pre-retirement scanner; exitpolicy was removed with user approval in 4d3212f. Not counted as an active diagnostic.
engigu/baihu-panel	2c57159923f9e7b7c7020287e3215f73cc1dc414	processownership	agent/main.go:323:12	processownership/detached	true-positive	Policy-only: agent is intentionally daemonized with a new session; parent reports PID and returns without Wait or releasing the process handle.
goreleaser/nfpm	3627b6a6466c0ae3bbe17fe7b98710c36e750907	deferinloop	arch/arch.go:218:4	deferinloop/cleanup-lifetime	true-positive	Source files remain open until enclosing archive loop returns.
goreleaser/nfpm	3627b6a6466c0ae3bbe17fe7b98710c36e750907	resourcelifetime	rpm/srpm.go:124:8	resourcelifetime/missing-release	false-positive	On archive failure caller closes and removes the temporary output. Finishing the abandoned gzip stream is unnecessary; compressor owns no file descriptor.
esm-dev/esm.sh	fdf42ab72580cc883454267afeb9a7e3163e03aa	exitpolicy	cli/command_add.go:376:4	exitpolicy/skipped-defer	retired-check	Historical finding from the pinned pre-retirement scanner; exitpolicy was removed with user approval in 4d3212f. Not counted as an active diagnostic.
esm-dev/esm.sh	fdf42ab72580cc883454267afeb9a7e3163e03aa	resourcelifetime	server/git_test.go:182:13	resourcelifetime/missing-release	false-positive	Test deliberately emits a partial gzip stream then aborts its pipe on cancellation; finalizing gzip would defeat the test. Pipe is closed and compressor owns no external resource.
oasdiff/oasdiff	322d7ae815e5fb80f415bd4e8ef16d4b30cd8bdf	resourcelifetime	formatters/format_githubactions_test.go:138:19	resourcelifetime/missing-release	true-positive	Temporary GITHUB_OUTPUT handle is used for its path without Close; deferred Remove does not close it.
i-love-flamingo/flamingo	79a55d62bb7a1bffe11a4dea1444490b14785879	goroutineownership	core/requesttask/filter.go:33:3	goroutineownership/unjoined	false-positive	WaitGroup is obtained from the request registry and joined by the enclosing filter after the request chain; worker ownership belongs to that request, not TryDo's return.
i-love-flamingo/flamingo	79a55d62bb7a1bffe11a4dea1444490b14785879	lockorder	core/silentzap/context.go:48:4	lockorder/read-lock-write	true-positive	get writes willWrite under RLock while isWritingAllowed reads it under another RLock; shared locks permit overlap.
i-love-flamingo/flamingo	79a55d62bb7a1bffe11a4dea1444490b14785879	resourcelifetime	core/oauth/infrastructure/healthcheck.go:26:12	resourcelifetime/missing-release	true-positive	Health check discards the successful HTTP response without closing Body.
nao1215/gup	c0880113a76cb1e11ca6743fc80089aafef73906	resourcelifetime	cmd/man.go:194:8	resourcelifetime/missing-release	false-positive	Copy failure abandons output and deferred cleanup closes/removes the temporary file; missing compressor finalization cannot publish a truncated archive.
nao1215/gup	c0880113a76cb1e11ca6743fc80089aafef73906	resourcelifetime	cmd/remove_test.go:526:16	resourcelifetime/missing-release	true-positive	Write or Seek failure returns before transferring the file into os.Stdin; returned success cleanup also removes its pathname without closing it.
nao1215/gup	c0880113a76cb1e11ca6743fc80089aafef73906	resourcelifetime	cmd/remove_test.go:529:16	resourcelifetime/missing-release	true-positive	Write or Seek failure returns before transferring the file into os.Stdin; returned success cleanup also removes its pathname without closing it.
nao1215/gup	c0880113a76cb1e11ca6743fc80089aafef73906	resourcelifetime	internal/print/print_test.go:238:16	resourcelifetime/missing-release	true-positive	Write or Seek failure returns before transferring the file into os.Stdin; returned success cleanup also removes its pathname without closing it.
nao1215/gup	c0880113a76cb1e11ca6743fc80089aafef73906	resourcelifetime	internal/print/print_test.go:241:16	resourcelifetime/missing-release	true-positive	Write or Seek failure returns before transferring the file into os.Stdin; returned success cleanup also removes its pathname without closing it.
quic-go/webtransport-go	c2f41033be73842c34f0cc6fc638bf9128b0f248	exitpolicy	interop/client.go:132:3	exitpolicy/skipped-defer	retired-check	Historical finding from the pinned pre-retirement scanner; exitpolicy was removed with user approval in 4d3212f. Not counted as an active diagnostic.
quic-go/webtransport-go	c2f41033be73842c34f0cc6fc638bf9128b0f248	exitpolicy	interop/server.go:165:3	exitpolicy/skipped-defer	retired-check	Historical finding from the pinned pre-retirement scanner; exitpolicy was removed with user approval in 4d3212f. Not counted as an active diagnostic.
quic-go/webtransport-go	c2f41033be73842c34f0cc6fc638bf9128b0f248	exitpolicy	interop_chrome/main.go:69:3	exitpolicy/skipped-defer	retired-check	Historical finding from the pinned pre-retirement scanner; exitpolicy was removed with user approval in 4d3212f. Not counted as an active diagnostic.
golang/crypto	7a4a4d6beae2222add4437a0910bd48414e19211	deferinloop	ssh/knownhosts/knownhosts.go:433:3	deferinloop/cleanup-lifetime	true-positive	Known-hosts input files stay open until all paths finish loading.
golang/crypto	7a4a4d6beae2222add4437a0910bd48414e19211	exitpolicy	ssh/example_test.go:124:4	exitpolicy/skipped-defer	retired-check	Historical finding from the pinned pre-retirement scanner; exitpolicy was removed with user approval in 4d3212f. Not counted as an active diagnostic.
golang/crypto	7a4a4d6beae2222add4437a0910bd48414e19211	exitpolicy	ssh/example_test.go:277:5	exitpolicy/skipped-defer	retired-check	Historical finding from the pinned pre-retirement scanner; exitpolicy was removed with user approval in 4d3212f. Not counted as an active diagnostic.
golang/crypto	7a4a4d6beae2222add4437a0910bd48414e19211	exitpolicy	ssh/example_test.go:284:3	exitpolicy/skipped-defer	retired-check	Historical finding from the pinned pre-retirement scanner; exitpolicy was removed with user approval in 4d3212f. Not counted as an active diagnostic.
golang/crypto	7a4a4d6beae2222add4437a0910bd48414e19211	exitpolicy	ssh/example_test.go:320:3	exitpolicy/skipped-defer	retired-check	Historical finding from the pinned pre-retirement scanner; exitpolicy was removed with user approval in 4d3212f. Not counted as an active diagnostic.
golang/crypto	7a4a4d6beae2222add4437a0910bd48414e19211	exitpolicy	ssh/example_test.go:329:3	exitpolicy/skipped-defer	retired-check	Historical finding from the pinned pre-retirement scanner; exitpolicy was removed with user approval in 4d3212f. Not counted as an active diagnostic.
golang/crypto	7a4a4d6beae2222add4437a0910bd48414e19211	exitpolicy	ssh/example_test.go:429:3	exitpolicy/skipped-defer	retired-check	Historical finding from the pinned pre-retirement scanner; exitpolicy was removed with user approval in 4d3212f. Not counted as an active diagnostic.
golang/crypto	7a4a4d6beae2222add4437a0910bd48414e19211	exitpolicy	ssh/example_test.go:458:3	exitpolicy/skipped-defer	retired-check	Historical finding from the pinned pre-retirement scanner; exitpolicy was removed with user approval in 4d3212f. Not counted as an active diagnostic.
golang/crypto	7a4a4d6beae2222add4437a0910bd48414e19211	exitpolicy	ssh/example_test.go:469:3	exitpolicy/skipped-defer	retired-check	Historical finding from the pinned pre-retirement scanner; exitpolicy was removed with user approval in 4d3212f. Not counted as an active diagnostic.
golang/crypto	7a4a4d6beae2222add4437a0910bd48414e19211	exitpolicy	ssh/example_test.go:473:3	exitpolicy/skipped-defer	retired-check	Historical finding from the pinned pre-retirement scanner; exitpolicy was removed with user approval in 4d3212f. Not counted as an active diagnostic.
golang/crypto	7a4a4d6beae2222add4437a0910bd48414e19211	goroutineownership	ssh/handshake_test.go:460:4	goroutineownership/unjoined	true-positive	Worker signals Done before c.Close; parent Wait does not guarantee transport cleanup completed.
golang/crypto	7a4a4d6beae2222add4437a0910bd48414e19211	producerlifecycle	ssh/test/recording_server_test.go:187:6	producerlifecycle/abandoned-send	inconclusive	Code accepts multiple session channels but reads done only once; each recording normally has one exec. A second send could block, but reviewed snippet alone does not establish a multi-exec recorded fixture.
bazel-contrib/buildtools	933e9bbe17f7619afaca1dd58ce22810042f1c13	goroutineownership	buildifier/buildifier.go:245:3	goroutineownership/unjoined	false-positive	Workers partition files by stride; the consumer receives each corresponding buffered channel item in file order before normal return. Index/collection correlation is missed.
bazel-contrib/buildtools	933e9bbe17f7619afaca1dd58ce22810042f1c13	resourcelifetime	unused_deps/unused_deps.go:120:13	resourcelifetime/missing-release	true-positive	Generated dependency output file is written but never closed.
bazel-contrib/buildtools	933e9bbe17f7619afaca1dd58ce22810042f1c13	resourcelifetime	warn/docs/docs.go:186:12	resourcelifetime/missing-release	true-positive	WriteString failure returns before closing the output file.
kubernetes/release	37f2a985a8fc1baafe4060a6d7d45ab2ab4e9fb6	concurrentcapture	pkg/gcp/build/build.go:354:5	concurrentcapture/shared-capture	true-positive	Concurrent build jobs append to shared jobErrors without a lock; Wait is after concurrent appends.
kubernetes/release	37f2a985a8fc1baafe4060a6d7d45ab2ab4e9fb6	processownership	pkg/mail/gmail.go:285:10	processownership/detached	true-positive	Policy-only: desktop opener intentionally starts asynchronously without Wait or Release.
kubernetes/release	37f2a985a8fc1baafe4060a6d7d45ab2ab4e9fb6	processownership	pkg/mail/gmail.go:287:10	processownership/detached	true-positive	Policy-only: desktop opener intentionally starts asynchronously without Wait or Release.
kubernetes/release	37f2a985a8fc1baafe4060a6d7d45ab2ab4e9fb6	processownership	pkg/mail/gmail.go:289:10	processownership/detached	true-positive	Policy-only: desktop opener intentionally starts asynchronously without Wait or Release.
kubernetes/release	37f2a985a8fc1baafe4060a6d7d45ab2ab4e9fb6	resourcelifetime	cmd/release-notes/main.go:63:17	resourcelifetime/missing-release	true-positive	Read/unmarshal/truncate errors return after opening output with no Close registered.
kubernetes/release	37f2a985a8fc1baafe4060a6d7d45ab2ab4e9fb6	resourcelifetime	cmd/release-notes/main.go:68:17	resourcelifetime/missing-release	true-positive	Read/unmarshal/truncate errors return after opening output with no Close registered.
kubernetes/release	37f2a985a8fc1baafe4060a6d7d45ab2ab4e9fb6	resourcelifetime	images/build/go-runner/go-runner.go:57:19	resourcelifetime/missing-release	true-positive	Log file is never closed by this function; assigning Cmd.Stdout/Stderr does not transfer ownership of caller-provided files, including Start failure.
kubernetes/release	37f2a985a8fc1baafe4060a6d7d45ab2ab4e9fb6	resourcelifetime	pkg/binary/elf.go:193:15	resourcelifetime/missing-release	true-positive	ELF parser borrows ReaderAt; opened file is not closed on parse error or successful inspection.
kubernetes/release	37f2a985a8fc1baafe4060a6d7d45ab2ab4e9fb6	resourcelifetime	pkg/cve/impl.go:275:14	resourcelifetime/missing-release	true-positive	Header/data write errors return nil without closing the temporary file; only success transfers it.
kubernetes/release	37f2a985a8fc1baafe4060a6d7d45ab2ab4e9fb6	resourcelifetime	pkg/release/images.go:242:24	resourcelifetime/missing-release	true-positive	Manifest write error returns without closing temporary file; later consumers receive only the pathname.
kubernetes/release	37f2a985a8fc1baafe4060a6d7d45ab2ab4e9fb6	resourcelifetime	pkg/release/images.go:315:24	resourcelifetime/missing-release	true-positive	Manifest write error returns without closing temporary file; later consumers receive only the pathname.
kubernetes/release	37f2a985a8fc1baafe4060a6d7d45ab2ab4e9fb6	resourcelifetime	pkg/release/release.go:361:16	resourcelifetime/missing-release	true-positive	Checksum file is written and its pathname returned without closing the handle.
kubernetes/release	37f2a985a8fc1baafe4060a6d7d45ab2ab4e9fb6	resourcelifetime	pkg/release/release_test.go:259:16	resourcelifetime/missing-release	true-positive	Test discards a successfully created file handle.
kubernetes/release	37f2a985a8fc1baafe4060a6d7d45ab2ab4e9fb6	resourcelifetime	pkg/release/release_test.go:285:15	resourcelifetime/missing-release	true-positive	Test discards a successfully created file handle.
vbauerster/mpb	ddeb4bb7bcb86e114648760018b10700841a081a	goroutineownership	progress.go:133:2	goroutineownership/unjoined	false-positive	Worker receives p.pwg; constructor returns p and its Wait/Shutdown path joins that same group. Deferred worker Done follows cleanup.
HotRiceNoodles/CrossLink	3f0ebd38ff0de039c85cdb1d6a25805b0c2d8b46	exitpolicy	cmd/server/main.go:100:3	exitpolicy/skipped-defer	retired-check	Historical finding from the pinned pre-retirement scanner; exitpolicy was removed with user approval in 4d3212f. Not counted as an active diagnostic.
HotRiceNoodles/CrossLink	3f0ebd38ff0de039c85cdb1d6a25805b0c2d8b46	exitpolicy	cmd/server/main.go:106:3	exitpolicy/skipped-defer	retired-check	Historical finding from the pinned pre-retirement scanner; exitpolicy was removed with user approval in 4d3212f. Not counted as an active diagnostic.
HotRiceNoodles/CrossLink	3f0ebd38ff0de039c85cdb1d6a25805b0c2d8b46	exitpolicy	cmd/server/main.go:111:3	exitpolicy/skipped-defer	retired-check	Historical finding from the pinned pre-retirement scanner; exitpolicy was removed with user approval in 4d3212f. Not counted as an active diagnostic.
HotRiceNoodles/CrossLink	3f0ebd38ff0de039c85cdb1d6a25805b0c2d8b46	exitpolicy	cmd/server/main.go:120:3	exitpolicy/skipped-defer	retired-check	Historical finding from the pinned pre-retirement scanner; exitpolicy was removed with user approval in 4d3212f. Not counted as an active diagnostic.
HotRiceNoodles/CrossLink	3f0ebd38ff0de039c85cdb1d6a25805b0c2d8b46	exitpolicy	cmd/server/main.go:94:3	exitpolicy/skipped-defer	retired-check	Historical finding from the pinned pre-retirement scanner; exitpolicy was removed with user approval in 4d3212f. Not counted as an active diagnostic.
HotRiceNoodles/CrossLink	3f0ebd38ff0de039c85cdb1d6a25805b0c2d8b46	exitpolicy	internal/dialect/spike_sqlite_test.go:165:3	exitpolicy/skipped-defer	retired-check	Historical finding from the pinned pre-retirement scanner; exitpolicy was removed with user approval in 4d3212f. Not counted as an active diagnostic.
HotRiceNoodles/CrossLink	3f0ebd38ff0de039c85cdb1d6a25805b0c2d8b46	exitpolicy	internal/dialect/spike_sqlite_test.go:176:3	exitpolicy/skipped-defer	retired-check	Historical finding from the pinned pre-retirement scanner; exitpolicy was removed with user approval in 4d3212f. Not counted as an active diagnostic.
HotRiceNoodles/CrossLink	3f0ebd38ff0de039c85cdb1d6a25805b0c2d8b46	exitpolicy	internal/dialect/spike_sqlite_test.go:182:2	exitpolicy/skipped-defer	retired-check	Historical finding from the pinned pre-retirement scanner; exitpolicy was removed with user approval in 4d3212f. Not counted as an active diagnostic.
RevylAI/revyl-cli	998560970b97b541906497fdf9f414b27c141ed6	goroutineownership	internal/interactive/repl.go:241:2	goroutineownership/unjoined	true-positive	Cancellation can end the REPL while its input goroutine remains blocked in ReadString or an unbuffered send; the atomic running flag is not a join.
RevylAI/revyl-cli	998560970b97b541906497fdf9f414b27c141ed6	processownership	internal/ui/messages.go:797:9	processownership/detached	true-positive	Policy-only: desktop opener intentionally starts asynchronously but cmd is discarded without Wait or Release.
kudobuilder/kuttl	e1d2eb4d5fdad045d0c8365deee4079b1c7800d3	resourcelifetime	internal/file/tar.go:70:14	resourcelifetime/missing-release	true-positive	CopyBuffer failure returns before the extracted output file is closed.
helmfile/vals	43e1454a242b2bd7bd3350aac60ac5d601cc6722	resourcelifetime	io.go:57:14	resourcelifetime/missing-release	true-positive	Inputs never closes its opened file or directory, including Stat and recursive traversal error paths.
rancher/k3k	0e10707e31a11f82cdf0211fa3051242a619d981	concurrentcapture	tests/e2e/common_test.go:93:4	concurrentcapture/shared-capture	true-positive	Parallel workers append to the same captured clusters slice without synchronization; the final Wait does not serialize writes.
rancher/k3k	0e10707e31a11f82cdf0211fa3051242a619d981	resourcelifetime	pkg/k3s/client.go:137:15	resourcelifetime/missing-release	true-positive	Non-success HTTP status returns before Body.Close is deferred; statusError decodes but does not close the body.
j178/leetgo	c8037c4b55dabfdc5268037855274486317c5c11	resourcelifetime	config/state.go:64:12	resourcelifetime/missing-release	true-positive	SaveState passes the opened file to a JSON encoder but never closes it on either success or failure.
kube-vip/kube-vip	be536eaaf73c80fa5161e757ac18b472498f986e	lockorder	pkg/iptables/lock.go:62:3	lockorder/missing-release	false-positive	Successful tryLock returns its fileLock receiver as Unlocker; Unlock releases the same receiver mutex. Failure branches release locally. Returned ownership contract is missed.
kube-vip/kube-vip	be536eaaf73c80fa5161e757ac18b472498f986e	resourcelifetime	testing/e2e/logs.go:64:16	resourcelifetime/missing-release	true-positive	The services file is never closed: the deferred Close mistakenly targets fpods instead of fsvcs.
kube-vip/kube-vip	be536eaaf73c80fa5161e757ac18b472498f986e	resourcelifetime	testing/e2e/logs.go:84:18	resourcelifetime/missing-release	true-positive	The leases file is never closed: the deferred Close mistakenly targets fpods instead of fleases.
