# repository	revision	analyzer	position	checks	verdict	reason
8treenet/goraven	dcc3be879063add427198bd32dae0c130bf35d80	processownership	core/sandbox/local/shell.go:97:12	processownership/missing-wait	true-positive	Foreground streamCmdOutput returns on cancellation/stdout/stderr error at295/300/305 before handleCmdCompletion calls cmd.Wait380. Background helper has a reaper, but it does not cover foreground failure paths; cancellation kill is not Wait.
AdguardTeam/AdGuardDNS	2fd833d59bfccc2dd4941e1b687b7014842f3529	resourcelifetime	internal/filter/internal/refreshable/file.go:26:15	resourcelifetime/missing-release	false-positive	DataFromFile returns before defer only on errors.Is(err,os.ErrNotExist) or err!=nil; successful os.Open always installs deferred file.Close inside errors.WithDeferred. golibs/errors.Is delegates standard errors.Is, so no successful resource exists on the early missing-file return. Partial scan, source finding reviewed.
ClickHouse/clickhouse-go	c37b81ff305c5fe8ab8511fb009504aec46957e0	resourcelifetime	benchmark/v2/read/main.go:13:15	resourcelifetime/missing-release	false-positive	Sole main caller immediately log.Fatal exits process on helper error; successful reads exhaust rows and successful write commits transaction. Missing cleanup occurs only on fatal process termination, not reusable normal-return lifecycle.
ClickHouse/clickhouse-go	c37b81ff305c5fe8ab8511fb009504aec46957e0	resourcelifetime	benchmark/v2/read/main.go:39:15	resourcelifetime/missing-release	false-positive	Sole main caller immediately log.Fatal exits process on helper error; successful reads exhaust rows and successful write commits transaction. Missing cleanup occurs only on fatal process termination, not reusable normal-return lifecycle.
ClickHouse/clickhouse-go	c37b81ff305c5fe8ab8511fb009504aec46957e0	resourcelifetime	benchmark/v2/write/main.go:22:16	resourcelifetime/missing-release	false-positive	Sole main caller immediately log.Fatal exits process on helper error; successful reads exhaust rows and successful write commits transaction. Missing cleanup occurs only on fatal process termination, not reusable normal-return lifecycle.
ClickHouse/clickhouse-go	c37b81ff305c5fe8ab8511fb009504aec46957e0	resourcelifetime	examples/std/async_http.go:64:12	resourcelifetime/missing-release	true-positive	Prepared statement is executed in loop but never closed on success or Exec error; it is created directly from DB rather than a completed transaction.
ClickHouse/clickhouse-go	c37b81ff305c5fe8ab8511fb009504aec46957e0	resourcelifetime	examples/std/async_native.go:63:12	resourcelifetime/missing-release	true-positive	Prepared statement is executed in loop but never closed on success or Exec error; it is created directly from DB rather than a completed transaction.
ClickHouse/clickhouse-go	c37b81ff305c5fe8ab8511fb009504aec46957e0	resourcelifetime	examples/std/batch.go:35:16	resourcelifetime/missing-release	true-positive	Transaction begins then Prepare/Exec error returns before Commit with no deferred Rollback; drop-table cleanup or outer DB ownership does not release the active transaction on this path.
ClickHouse/clickhouse-go	c37b81ff305c5fe8ab8511fb009504aec46957e0	resourcelifetime	examples/std/bfloat16.go:34:16	resourcelifetime/missing-release	true-positive	Transaction begins then Prepare/Exec error returns before Commit with no deferred Rollback; drop-table cleanup or outer DB ownership does not release the active transaction on this path.
ClickHouse/clickhouse-go	c37b81ff305c5fe8ab8511fb009504aec46957e0	resourcelifetime	examples/std/bind.go:29:16	resourcelifetime/missing-release	true-positive	Transaction begins then Prepare/Exec error returns before Commit with no deferred Rollback; drop-table cleanup or outer DB ownership does not release the active transaction on this path.
ClickHouse/clickhouse-go	c37b81ff305c5fe8ab8511fb009504aec46957e0	resourcelifetime	examples/std/bind.go:35:17	resourcelifetime/missing-release	true-positive	Transaction begins then Prepare/Exec error returns before Commit with no deferred Rollback; drop-table cleanup or outer DB ownership does not release the active transaction on this path.
ClickHouse/clickhouse-go	c37b81ff305c5fe8ab8511fb009504aec46957e0	resourcelifetime	examples/std/compression.go:41:16	resourcelifetime/missing-release	true-positive	Transaction begins then Prepare/Exec error returns before Commit with no deferred Rollback; drop-table cleanup or outer DB ownership does not release the active transaction on this path.
ClickHouse/clickhouse-go	c37b81ff305c5fe8ab8511fb009504aec46957e0	resourcelifetime	examples/std/compression.go:82:16	resourcelifetime/missing-release	true-positive	Transaction begins then Prepare/Exec error returns before Commit with no deferred Rollback; drop-table cleanup or outer DB ownership does not release the active transaction on this path.
ClickHouse/clickhouse-go	c37b81ff305c5fe8ab8511fb009504aec46957e0	resourcelifetime	examples/std/context.go:74:15	resourcelifetime/missing-release	true-positive	Rows loop can return on Scan (or pre-iteration ColumnTypes) error before exhaustion, with no Rows.Close defer. Later normal EOF or conditional cancellation does not cover all error exits.
ClickHouse/clickhouse-go	c37b81ff305c5fe8ab8511fb009504aec46957e0	resourcelifetime	examples/std/dynamic.go:116:14	resourcelifetime/missing-release	true-positive	Rows loop can return on Scan (or pre-iteration ColumnTypes) error before exhaustion, with no Rows.Close defer. Later normal EOF or conditional cancellation does not cover all error exits.
ClickHouse/clickhouse-go	c37b81ff305c5fe8ab8511fb009504aec46957e0	resourcelifetime	examples/std/dynamic.go:50:13	resourcelifetime/missing-release	true-positive	Transaction begins then Prepare/Exec error returns before Commit with no deferred Rollback; drop-table cleanup or outer DB ownership does not release the active transaction on this path.
ClickHouse/clickhouse-go	c37b81ff305c5fe8ab8511fb009504aec46957e0	resourcelifetime	examples/std/dynamic.go:90:15	resourcelifetime/missing-release	true-positive	Rows loop can return on Scan (or pre-iteration ColumnTypes) error before exhaustion, with no Rows.Close defer. Later normal EOF or conditional cancellation does not cover all error exits.
ClickHouse/clickhouse-go	c37b81ff305c5fe8ab8511fb009504aec46957e0	resourcelifetime	examples/std/dynamic_scan_types.go:20:15	resourcelifetime/missing-release	true-positive	Rows loop can return on Scan (or pre-iteration ColumnTypes) error before exhaustion, with no Rows.Close defer. Later normal EOF or conditional cancellation does not cover all error exits.
ClickHouse/clickhouse-go	c37b81ff305c5fe8ab8511fb009504aec46957e0	resourcelifetime	examples/std/geo.go:36:16	resourcelifetime/missing-release	true-positive	Transaction begins then Prepare/Exec error returns before Commit with no deferred Rollback; drop-table cleanup or outer DB ownership does not release the active transaction on this path.
ClickHouse/clickhouse-go	c37b81ff305c5fe8ab8511fb009504aec46957e0	resourcelifetime	examples/std/json_paths.go:50:13	resourcelifetime/missing-release	true-positive	Transaction begins then Prepare/Exec error returns before Commit with no deferred Rollback; drop-table cleanup or outer DB ownership does not release the active transaction on this path.
ClickHouse/clickhouse-go	c37b81ff305c5fe8ab8511fb009504aec46957e0	resourcelifetime	examples/std/json_strings.go:51:13	resourcelifetime/missing-release	true-positive	Transaction begins then Prepare/Exec error returns before Commit with no deferred Rollback; drop-table cleanup or outer DB ownership does not release the active transaction on this path.
ClickHouse/clickhouse-go	c37b81ff305c5fe8ab8511fb009504aec46957e0	resourcelifetime	examples/std/map.go:30:16	resourcelifetime/missing-release	true-positive	Transaction begins then Prepare/Exec error returns before Commit with no deferred Rollback; drop-table cleanup or outer DB ownership does not release the active transaction on this path.
ClickHouse/clickhouse-go	c37b81ff305c5fe8ab8511fb009504aec46957e0	resourcelifetime	examples/std/open_db.go:61:16	resourcelifetime/missing-release	true-positive	Transaction begins then Prepare/Exec error returns before Commit with no deferred Rollback; drop-table cleanup or outer DB ownership does not release the active transaction on this path.
ClickHouse/clickhouse-go	c37b81ff305c5fe8ab8511fb009504aec46957e0	resourcelifetime	examples/std/qbit.go:46:16	resourcelifetime/missing-release	true-positive	Transaction begins then Prepare/Exec error returns before Commit with no deferred Rollback; drop-table cleanup or outer DB ownership does not release the active transaction on this path.
ClickHouse/clickhouse-go	c37b81ff305c5fe8ab8511fb009504aec46957e0	resourcelifetime	examples/std/qbit_subcolumns.go:46:16	resourcelifetime/missing-release	true-positive	Transaction begins then Prepare/Exec error returns before Commit with no deferred Rollback; drop-table cleanup or outer DB ownership does not release the active transaction on this path.
ClickHouse/clickhouse-go	c37b81ff305c5fe8ab8511fb009504aec46957e0	resourcelifetime	examples/std/query_row.go:35:16	resourcelifetime/missing-release	true-positive	Transaction begins then Prepare/Exec error returns before Commit with no deferred Rollback; drop-table cleanup or outer DB ownership does not release the active transaction on this path.
ClickHouse/clickhouse-go	c37b81ff305c5fe8ab8511fb009504aec46957e0	resourcelifetime	examples/std/query_rows.go:35:16	resourcelifetime/missing-release	true-positive	Transaction begins then Prepare/Exec error returns before Commit with no deferred Rollback; drop-table cleanup or outer DB ownership does not release the active transaction on this path.
ClickHouse/clickhouse-go	c37b81ff305c5fe8ab8511fb009504aec46957e0	resourcelifetime	examples/std/query_rows.go:66:15	resourcelifetime/missing-release	true-positive	Rows loop can return on Scan (or pre-iteration ColumnTypes) error before exhaustion, with no Rows.Close defer. Later normal EOF or conditional cancellation does not cover all error exits.
ClickHouse/clickhouse-go	c37b81ff305c5fe8ab8511fb009504aec46957e0	resourcelifetime	examples/std/variant.go:117:14	resourcelifetime/missing-release	true-positive	Rows loop can return on Scan (or pre-iteration ColumnTypes) error before exhaustion, with no Rows.Close defer. Later normal EOF or conditional cancellation does not cover all error exits.
ClickHouse/clickhouse-go	c37b81ff305c5fe8ab8511fb009504aec46957e0	resourcelifetime	examples/std/variant.go:51:13	resourcelifetime/missing-release	true-positive	Transaction begins then Prepare/Exec error returns before Commit with no deferred Rollback; drop-table cleanup or outer DB ownership does not release the active transaction on this path.
ClickHouse/clickhouse-go	c37b81ff305c5fe8ab8511fb009504aec46957e0	resourcelifetime	examples/std/variant.go:91:15	resourcelifetime/missing-release	true-positive	Rows loop can return on Scan (or pre-iteration ColumnTypes) error before exhaustion, with no Rows.Close defer. Later normal EOF or conditional cancellation does not cover all error exits.
ClickHouse/clickhouse-go	c37b81ff305c5fe8ab8511fb009504aec46957e0	resourcelifetime	lib/cityhash102/cityhash_test.go:25:12	resourcelifetime/missing-release	true-positive	buildData opens hash fixture for Scanner then returns without Close; global stored testdata contains parsed values, not handle.
ClickHouse/clickhouse-go	c37b81ff305c5fe8ab8511fb009504aec46957e0	resourcelifetime	tests/issues/1919_test.go:203:20	resourcelifetime/missing-release	true-positive	Transaction begins then Prepare/Exec error returns before Commit with no deferred Rollback; drop-table cleanup or outer DB ownership does not release the active transaction on this path.
ClickHouse/clickhouse-go	c37b81ff305c5fe8ab8511fb009504aec46957e0	resourcelifetime	tests/std/conn_test.go:267:17	resourcelifetime/missing-release	inconclusive	Native branch exhausts Next so rows auto-close; HTTP branch expects execution-timeout error and no rows. Unexpected HTTP success would leave rows open, but source does not establish that failure mode for configured query/server.
ClickHouse/clickhouse-go	c37b81ff305c5fe8ab8511fb009504aec46957e0	resourcelifetime	tests/std/temporary_table_test.go:48:17	resourcelifetime/missing-release	true-positive	Transaction rows return early on failed Scan assertion without Close or rollback; normal later Commit closes them but is bypassed by this branch.
ClickHouse/clickhouse-go	c37b81ff305c5fe8ab8511fb009504aec46957e0	resourcelifetime	tests/std/temporary_table_test.go:58:13	resourcelifetime/missing-release	true-positive	Discarded tx.Query rows normally close at later Commit, but intervening require.True on expected exception assertion can abort test before Commit; no deferred transaction/rows cleanup protects that path.
ConduitIO/conduit	9946a19b9fff997675f78bbc5ff437e760d39f4f	goroutineownership	pkg/lifecycle/stream/parallel.go:99:2	goroutineownership/unjoined	false-positive	Waiter only waits workerWg then closes workersDone; deferred parent cleanup independently waits same workerWg, so waiter completes without requiring channel receiver or retained join.
ConduitIO/conduit	9946a19b9fff997675f78bbc5ff437e760d39f4f	resourcelifetime	pkg/plugin/processor/builtin/internal/diff/difftest/difftest_test.go:43:16	resourcelifetime/missing-release	true-positive	getDiffOutput returns on fileA.Write error before Close; deferred os.Remove unlinks path but does not close handle.
ConduitIO/conduit	9946a19b9fff997675f78bbc5ff437e760d39f4f	resourcelifetime	pkg/plugin/processor/builtin/internal/diff/difftest/difftest_test.go:54:16	resourcelifetime/missing-release	true-positive	getDiffOutput returns on fileB.Write error before Close; deferred os.Remove does not close descriptor.
ConduitIO/conduit	9946a19b9fff997675f78bbc5ff437e760d39f4f	resourcelifetime	pkg/provisioning/service_test.go:538:11	resourcelifetime/missing-release	true-positive	Destination fixture creation discards file handle; t.Cleanup only removes pathname, never closes handle.
ConduitIO/conduit	9946a19b9fff997675f78bbc5ff437e760d39f4f	resourcelifetime	tests/chaos/child.go:390:13	resourcelifetime/missing-release	false-positive	Crash-test buildChild transfers DB through returned persister/store; both callers at451 and564 immediately os.Exit on build errors. Deliberately unclosed process-wide DB is the SIGKILL durability boundary, not leaked recurring acquisition.
ConduitIO/conduit	9946a19b9fff997675f78bbc5ff437e760d39f4f	resourcelifetime	tests/chaos/recovery_child.go:864:13	resourcelifetime/missing-release	false-positive	buildLifecycleChild retains DB through returned persister/store, and sole caller981 immediately os.Exit984 on build errors; dedicated crash child intentionally leaves DB open until process kill/exit.
ContainerSSH/ContainerSSH	73625778b9f824ed6a49b282bca4f1fc17043fcb	lockorder	agentprotocol/server.go:246:3	lockorder/missing-release	true-positive	handleClose locks connMapMu then returns on unknown incoming connection ID before Unlock; remote packet can reference absent ID.
ContainerSSH/ContainerSSH	73625778b9f824ed6a49b282bca4f1fc17043fcb	lockorder	agentprotocol/server.go:494:3	lockorder/missing-release	true-positive	NewConnection duplicate-ID error leaves connMapMu locked. uint64 counter can wrap: handleNewConnection accepts arbitrary upward remote ID gaps (only logs warning) and sets counter350, allowing subsequent local IDs to collide with retained earlier entries.
ContainerSSH/ContainerSSH	73625778b9f824ed6a49b282bca4f1fc17043fcb	lockorder	agentprotocol/server.go:99:2	lockorder/missing-release	false-positive	Close unlocks all four state cases0..3. Private state is initialized WAITINIT and assigned only STARTED/WAITCLOSE/CLOSED; sole setState caller passes STARTED. Unknown-state default return is infeasible under source transitions.
ContainerSSH/ContainerSSH	73625778b9f824ed6a49b282bca4f1fc17043fcb	lockorder	http/server_impl.go:36:3	lockorder/missing-release	true-positive	RunWithLifecycle holds s.lock then rejects already-running server without Unlock; concurrent/repeated start poisons lock needed for lifecycle cleanup.
ContainerSSH/ContainerSSH	73625778b9f824ed6a49b282bca4f1fc17043fcb	lockorder	internal/docker/docker_impl.go:524:3	lockorder/missing-release	true-positive	createExec holds d.lock then returns shutdown refusal without unlocking; shutdown can set this condition.
ContainerSSH/ContainerSSH	73625778b9f824ed6a49b282bca4f1fc17043fcb	resourcelifetime	internal/auditlog/storage/s3/queue.go:174:22	resourcelifetime/missing-release	true-positive	OpenWriter creates writeHandle then if opening readHandle fails returns before retaining entry or closing writeHandle.
ContainerSSH/ContainerSSH	73625778b9f824ed6a49b282bca4f1fc17043fcb	resourcelifetime	internal/auditlog/storage/s3/queue.go:318:21	resourcelifetime/missing-release	true-positive	recover opens readHandle then abortMultiPartUpload error returns before queue ownership transfer or Close.
ContainerSSH/ContainerSSH	73625778b9f824ed6a49b282bca4f1fc17043fcb	resourcelifetime	internal/config/compatibility_test.go:22:19	resourcelifetime/missing-release	true-positive	Test04Compatibility opens fixture for readerLoader then never closes it; readerLoader accepts io.Reader and only decodes without Close.
ContainerSSH/ContainerSSH	73625778b9f824ed6a49b282bca4f1fc17043fcb	resourcelifetime	internal/config/kubernetes_test.go:18:19	resourcelifetime/missing-release	true-positive	TestLoadIssue209 opens fixture, gives it to YAML decoder, then returns without closing file; decoder does not own Close.
ContainerSSH/ContainerSSH	73625778b9f824ed6a49b282bca4f1fc17043fcb	resourcelifetime	main.go:353:19	resourcelifetime/missing-release	true-positive	readConfigFile opens config and returns parsed data without Close on loader errors or success; readerLoader only decodes io.Reader.
FiloSottile/whoami.filippo.io	db32914efa7b0fa57ddbc7447629f603a903d6cd	concurrentcapture	server.go:318:6	concurrentcapture/shared-capture	true-positive	SSH request goroutine writes captured flag while parent reads after timer/request unlock. Worker takes no mutex; untrusted peer may send flag requests after timer expiry or after pty request, so comment about customary ordering does not establish synchronization.
FiloSottile/whoami.filippo.io	db32914efa7b0fa57ddbc7447629f603a903d6cd	concurrentcapture	server.go:320:6	concurrentcapture/shared-capture	true-positive	SSH request goroutine writes captured flag while parent reads after timer/request unlock. Worker takes no mutex; untrusted peer may send flag requests after timer expiry or after pty request, so comment about customary ordering does not establish synchronization.
FiloSottile/whoami.filippo.io	db32914efa7b0fa57ddbc7447629f603a903d6cd	lockorder	server.go:329:3	lockorder/recursive-acquire	false-positive	Mutex is used as a semaphore: AfterFunc unlocks after thirty seconds, or worker stops timer and unlocks on shell/pty request. Parent second Lock waits for explicit asynchronous unlock rather than self-deadlocking.
GoogleCloudPlatform/cloud-sql-proxy	7905bdd628cd80cfb15714a7197f5bbd4a49d844	resourcelifetime	cmd/root.go:405:17	resourcelifetime/missing-release	true-positive	runWaitCmd repeatedly polls startup endpoint but closes neither successful nor non-OK responses; failed-readiness bodies can accumulate across retry loop.
GoogleCloudPlatform/cloud-sql-proxy	7905bdd628cd80cfb15714a7197f5bbd4a49d844	resourcelifetime	tests/connection_test.go:130:16	resourcelifetime/missing-release	true-positive	testHealthCheck retries non-OK responses without Body.Close and returns on OK without close. DumpResponse after exhausted retries cannot release earlier overwritten response bodies.
Infisical/agent-vault	45452c396986b99b947872d709e863ae339c0f41	goroutineownership	internal/server/server.go:1096:3	goroutineownership/unjoined	inconclusive	Start defers worker cancellation and normally awaits syncerDone; intentional five-second join timeout skips key wipe to avoid racing refreshes. Early server errors cancel without join. Syncer.Run forwards context then drains refresh WaitGroup; actionable lingering lifetime beyond cancellation versus intentional bounded shutdown is not established.
IrineSistiana/mosdns	9cfb7ce985599c087cb7ccfb1531d0c0f4021242	lockorder	pkg/concurrent_map/map.go:167:4	lockorder/read-lock-write	true-positive	shard.flush replaces shared map field while holding only RLock; parallel len/get readers use same read lock and can race with assignment.
JasonLovesDoggo/caddy-defender	474e615dc02d4df06dcb5f5cd47be6fb054e8674	resourcelifetime	ranges/fetchers/asn.go:33:16	resourcelifetime/missing-release	true-positive	FetchIPRanges returns on non-200 response before the later body Close defer, abandoning the error response body.
JasonLovesDoggo/caddy-defender	474e615dc02d4df06dcb5f5cd47be6fb054e8674	resourcelifetime	ranges/fetchers/mistral.go:23:15	resourcelifetime/missing-release	true-positive	FetchIPRanges returns on non-200 status before installing its deferred response Body.Close.
MartialBE/one-hub	387f8bf16ed0d601fdede7ade378adb10aa1a35a	resourcelifetime	common/image/http.go:56:19	resourcelifetime/missing-release	true-positive	RequestFile returns nil/error for non-OK CF-worker response or Decode error without closing response body; only successful response branch transfers ownership.
MartialBE/one-hub	387f8bf16ed0d601fdede7ade378adb10aa1a35a	resourcelifetime	controller/lark.go:137:15	resourcelifetime/missing-release	true-positive	getLarkUserInfoByCode decodes successful HTTP body then returns user or decode error without Close; response is not returned.
Mmx233/BitSrunLoginGo	a744f312b3835f329eb98e45c8d19bc2a5b7d4c0	evalorder	pkg/srun/api.go:102:40	evalorder/operand-mutation	true-positive	request returns initially nil map r alongside json.Unmarshal into &r; returned operand may be captured before Unmarshal allocates map, so successful decoding can return nil rather than decoded response.
Mmx233/BitSrunLoginGo	a744f312b3835f329eb98e45c8d19bc2a5b7d4c0	resourcelifetime	internal/config/log.go:50:13	resourcelifetime/missing-release	false-positive	initLogFinal retains opened file in io.MultiWriter(os.Stdout,f), then installs wrapper with global Logger.SetOutput; output is intentionally kept open for later logging rather than abandoned.
Mythologyli/zju-connect	8de443f582d962554f8d86d53cdddf6a11ec82a6	resourcelifetime	client/easyconnect/request.go:257:15	resourcelifetime/missing-release	true-positive	Successful HTTP request is followed by io.Copy into buffer; copy error returns before the body Close defer is registered, abandoning that response.
Mythologyli/zju-connect	8de443f582d962554f8d86d53cdddf6a11ec82a6	resourcelifetime	client/easyconnect/request.go:300:14	resourcelifetime/missing-release	true-positive	Successful HTTP request is followed by io.Copy into buffer; copy error returns before the body Close defer is registered, abandoning that response.
Mythologyli/zju-connect	8de443f582d962554f8d86d53cdddf6a11ec82a6	resourcelifetime	client/easyconnect/request.go:362:15	resourcelifetime/missing-release	true-positive	Successful HTTP request is followed by io.Copy into buffer; copy error returns before the body Close defer is registered, abandoning that response.
Mythologyli/zju-connect	8de443f582d962554f8d86d53cdddf6a11ec82a6	resourcelifetime	client/easyconnect/request.go:398:15	resourcelifetime/missing-release	true-positive	Successful HTTP request is followed by io.Copy into buffer; copy error returns before the body Close defer is registered, abandoning that response.
Mythologyli/zju-connect	8de443f582d962554f8d86d53cdddf6a11ec82a6	resourcelifetime	client/easyconnect/request.go:435:14	resourcelifetime/missing-release	true-positive	Successful HTTP request is followed by io.Copy into buffer; copy error returns before the body Close defer is registered, abandoning that response.
Mythologyli/zju-connect	8de443f582d962554f8d86d53cdddf6a11ec82a6	resourcelifetime	client/easyconnect/request.go:483:15	resourcelifetime/missing-release	true-positive	Successful HTTP request is followed by io.Copy into buffer; copy error returns before the body Close defer is registered, abandoning that response.
Mythologyli/zju-connect	8de443f582d962554f8d86d53cdddf6a11ec82a6	resourcelifetime	client/easyconnect/request.go:568:15	resourcelifetime/missing-release	true-positive	Successful HTTP request is followed by io.Copy into buffer; copy error returns before the body Close defer is registered, abandoning that response.
NHAS/wag	ff05f657364b9bbf4c4abc5643f38efee785e48f	resourcelifetime	internal/config/config.go:155:21	resourcelifetime/missing-release	true-positive	load opens config and only gives it to safedecoder.Decoder, which wraps io.Reader in JSON decoder and does not close; no Close or ownership transfer before returning parsed Config.
Resinat/Resin	9b8ef8e5cf83071fbac4de29bd7187268b9cff7b	goroutineownership	internal/state/dirtyset_test.go:110:2	goroutineownership/unjoined	true-positive	Drainer loops until its own drained count reaches10000, but caller independently drains remaining entries after wg.Wait and can steal some of those unique writes. No further writes occur, so drainer can spin forever; drainerDone is never joined or cancellation signaled.
SignTools/SignTools	243154c0de9e8036bcd667c3264dafac3d8b0b42	resourcelifetime	main.go:606:16	resourcelifetime/missing-release	true-positive	uploadUnsignedApp receives non-2xx response before Close defer; err.Error on nil transport error panics on this status branch, abandoning body before HTTP server recovery.
SignTools/SignTools	243154c0de9e8036bcd667c3264dafac3d8b0b42	resourcelifetime	main_test.go:220:15	resourcelifetime/missing-release	true-positive	uploadSignedFile never closes response after nonfatal assertions; successful handler returns NoContent200 but storage errors from GetData/SetFile/SetString return body-bearing Echo errors that assertions do not clean up.
SignTools/SignTools	243154c0de9e8036bcd667c3264dafac3d8b0b42	resourcelifetime	main_test.go:229:15	resourcelifetime/missing-release	true-positive	takeJob reads tar stream only until id.txt then abandons first response without Close before issuing another GET.
SignTools/SignTools	243154c0de9e8036bcd667c3264dafac3d8b0b42	resourcelifetime	main_test.go:245:14	resourcelifetime/missing-release	false-positive	Second takeJob GET occurs after consuming sole queued job; TakeLastJob returns ErrNotFound before writing, and getLastJob main.go436 emits NoContent404. Default HTTP client has no Timeout wrapper and empty response has no live body cleanup.
SignTools/SignTools	243154c0de9e8036bcd667c3264dafac3d8b0b42	resourcelifetime	main_test.go:252:15	resourcelifetime/missing-release	true-positive	TestAuthenticationNone receives Echo KeyAuth missing-key400 JSON error and never closes response body; it checks only status.
SignTools/SignTools	243154c0de9e8036bcd667c3264dafac3d8b0b42	resourcelifetime	main_test.go:261:15	resourcelifetime/missing-release	true-positive	TestAuthenticationWrong receives Echo KeyAuth unauthorized401 JSON error and never closes response body.
SignTools/SignTools	243154c0de9e8036bcd667c3264dafac3d8b0b42	resourcelifetime	main_test.go:279:15	resourcelifetime/missing-release	true-positive	uploadUnsigned follows handler redirect302 to rendered index HTML using default client then checks status without closing final body.
SignTools/SignTools	243154c0de9e8036bcd667c3264dafac3d8b0b42	resourcelifetime	src/util/util.go:60:17	resourcelifetime/missing-release	true-positive	WaitForServer discards successful HTTP responses regardless of status without Close; callers probe served root HTML and unregistered workflow root with Echo JSON404 bodies.
SmilyOrg/photofield	ea0c7c9a1871cb89821a9a8763333ebed5387cf7	deferinloop	internal/collection/collection.go:73:3	deferinloop/cleanup-lifetime	true-positive	Expand defers each opened directory Close until the entire collection.Dirs loop finishes; only entry names survive each iteration, so descriptors unnecessarily accumulate across directories.
SmilyOrg/photofield	ea0c7c9a1871cb89821a9a8763333ebed5387cf7	processownership	internal/io/djpeg/djpeg.go:163:12	processownership/missing-wait	true-positive	Djpeg.run starts command then bmp.Decode failure returns before cmd.Wait; caller Get cancels its ten-second context but cancellation does not reap the started child.
TheYahya/enola	2bd8f923db674acfd8726ea9147000018dc86d1e	goroutineownership	enola.go:76:4	goroutineownership/unjoined	true-positive	Check's coordinator returns when semaphore.Acquire fails after prior workers launched, bypassing wg.Wait and executing deferred close(ch) while workers may still send on ch; cancellation can cause unjoined sends or send-on-closed panic.
YTwsy/OpenSurge-for-Mac	42590d6b747851acee10fc5414d685b14bfb6722	lockorder	internal/controlapi/actions.go:412:3	lockorder/recursive-acquire	false-positive	First lock requires config- action prefix; second requires helperGatewayLifecycleAction, whose exact switch accepts only start/stop/reload/restart-mihomo. Conditions are mutually exclusive, so same execution cannot reacquire mutex.
abhinavxd/libredesk	173c0a512445d101685ea29e1e62e67fd3ca1719	resourcelifetime	internal/inbox/channel/email/imap.go:81:17	resourcelifetime/missing-release	inconclusive	Deferred client.Logout sends asynchronous protocol termination; go-imap/v2 beta3 reader closes connection on server EOF/error via closeWithError. Normal compliant server cleans up, but no local Close or command Wait bounds a hanging remote; source does not establish immediate leak versus valid asynchronous release.
albertito/chasquid	2e8d422e1b780709bff54f29c93172a008e0bde7	resourcelifetime	test/util/minidns/minidns.go:57:20	resourcelifetime/missing-release	true-positive	Named zones file is opened then synchronously consumed by loadZones without any Close or retained owner. Server then waits indefinitely, keeping an unnecessary descriptor alive; close is needed after loading, unlike borrowed stdin branch.
alexellis/arkade	0a0a800fd7554d4eddb1856f9ef8a21214e95bab	concurrentcapture	cmd/chart/upgrade.go:153:8	concurrentcapture/shared-capture	true-positive	Concurrent workers mutate the same updatedImages map without a lock; joining afterward does not serialize writes. Corrected iteration-local classifier replay retains this finding.
alexellis/arkade	0a0a800fd7554d4eddb1856f9ef8a21214e95bab	resourcelifetime	cmd/apps/inletsoperator_app_test.go:99:19	resourcelifetime/missing-release	true-positive	createTempFile returns only the filename, leaving the original open descriptor unclosed.
alexellis/arkade	0a0a800fd7554d4eddb1856f9ef8a21214e95bab	resourcelifetime	cmd/apps/istio_app.go:147:16	resourcelifetime/missing-release	true-positive	Temporary values file has buffered Flush and path removal but no Close; error and success paths retain the descriptor.
alexellis/arkade	0a0a800fd7554d4eddb1856f9ef8a21214e95bab	resourcelifetime	cmd/apps/linkerd_app.go:85:16	resourcelifetime/missing-release	true-positive	Temporary values file is flushed and passed to kubectl by pathname; neither that handoff nor deferred Remove closes its descriptor.
alexellis/arkade	0a0a800fd7554d4eddb1856f9ef8a21214e95bab	resourcelifetime	cmd/oci/install.go:127:20	resourcelifetime/missing-release	true-positive	CreateTemp handle is never closed; a second os.Create of its name is separately closed and does not release the first descriptor.
alexellis/arkade	0a0a800fd7554d4eddb1856f9ef8a21214e95bab	resourcelifetime	pkg/get/download.go:762:22	resourcelifetime/missing-release	true-positive	decompress opens archiveFile without a Close; GetBinaryName and Stat errors return directly, and decompression reader wrappers do not transfer original descriptor ownership.
alexellis/arkade	0a0a800fd7554d4eddb1856f9ef8a21214e95bab	resourcelifetime	pkg/get/get.go:244:14	resourcelifetime/missing-release	false-positive	Exact HEAD request through unmodified http.DefaultClient/default transport has no response body payload; standard transport supplies NoBody. io.ReadAll completes, and omitted Close on this no-op body leaks no resource.
andydunstall/piko	dd4356dfd307006380794952e4a8ccf9edcfa404	resourcelifetime	agent/config/config_test.go:104:12	resourcelifetime/missing-release	true-positive	Configuration test creates tempfile and writes YAML then passes filename to Load; no file.Close/defer or transfer of this creation descriptor.
andydunstall/piko	dd4356dfd307006380794952e4a8ccf9edcfa404	resourcelifetime	pkg/config/load_test.go:22:13	resourcelifetime/missing-release	true-positive	Successful-load subtest creates and writes tempfile but never closes creation handle; Load receives only pathname.
andydunstall/piko	dd4356dfd307006380794952e4a8ccf9edcfa404	resourcelifetime	pkg/config/load_test.go:41:13	resourcelifetime/missing-release	true-positive	Environment-expansion subtest creates tempfile and writes config without Close; pathname-only Load cannot close original descriptor.
andydunstall/piko	dd4356dfd307006380794952e4a8ccf9edcfa404	resourcelifetime	pkg/config/load_test.go:63:13	resourcelifetime/missing-release	true-positive	Unknown-key subtest intentionally fails config parsing, not tempfile creation; successfully created file has no Close on test return.
andydunstall/piko	dd4356dfd307006380794952e4a8ccf9edcfa404	resourcelifetime	pkg/config/load_test.go:75:13	resourcelifetime/missing-release	true-positive	Invalid-YAML subtest successfully creates/writes file, then parser failure leaves creation descriptor unclosed.
andydunstall/piko	dd4356dfd307006380794952e4a8ccf9edcfa404	resourcelifetime	server/admin/server_test.go:354:13	resourcelifetime/missing-release	false-positive	Bad-CA subtest connects to generated local TLS certificate using default trust and explicitly expects certificate verification failure. HTTP handshake yields no response body resource; successful trusted and plaintext-neighbor responses are closed.
andydunstall/piko	dd4356dfd307006380794952e4a8ccf9edcfa404	resourcelifetime	server/config/config_test.go:137:12	resourcelifetime/missing-release	true-positive	Server-config test writes tempfile then loads config by name, with no Close/defer for creation handle.
andydunstall/piko	dd4356dfd307006380794952e4a8ccf9edcfa404	resourcelifetime	server/proxy/server_test.go:360:16	resourcelifetime/missing-release	true-positive	Successful websocket TCP proxy subtest reads/writes conn and returns without conn.Close. Closing server listeners does not close accepted websocket clients; no ownership transfer of this client handle.
andydunstall/piko	dd4356dfd307006380794952e4a8ccf9edcfa404	resourcelifetime	server/proxy/server_test.go:406:12	resourcelifetime/missing-release	false-positive	Unreachable-upstream subtest expects502 from proxy handshake; Dial returns nil,error and defers closing any failed-handshake response. No client Conn is returned to own. Fixed localhost55555 assumption is a fixture environmental limitation.
andydunstall/piko	dd4356dfd307006380794952e4a8ccf9edcfa404	resourcelifetime	server/upstream/server_test.go:220:12	resourcelifetime/missing-release	false-positive	Injected token permits only foo while URL requests my-endpoint, forcing401 endpoint-not-permitted before websocket upgrade; Dial returns nil,error and closes error response.
andydunstall/piko	dd4356dfd307006380794952e4a8ccf9edcfa404	resourcelifetime	server/upstream/server_test.go:286:12	resourcelifetime/missing-release	false-positive	Injected verifier unconditionally returns auth.ErrInvalidToken; websocket handshake rejected401 and Dial closes its response before nil,error return, leaving no Conn obligation.
andydunstall/piko	dd4356dfd307006380794952e4a8ccf9edcfa404	resourcelifetime	server/upstream/server_test.go:336:13	resourcelifetime/missing-release	false-positive	WSS bad-CA subtest omits generated certificate trust; TLS verification fails before any websocket Conn. Explicit expected-error assertion matches fixture setup.
andydunstall/piko	dd4356dfd307006380794952e4a8ccf9edcfa404	resourcelifetime	server/upstream/server_test.go:345:13	resourcelifetime/missing-release	false-positive	Plain WS request is sent to TLS-only listener, forcing bad handshake. Dial returns nil,error and closes any HTTP error response; no acquired Conn exists.
awnumar/memguard	a5d81463bf244cf7b7867ecc599028659effe072	deferinloop	core/exit.go:42:5	deferinloop/cleanup-lifetime	inconclusive	Purge retains locks only on buffers whose destruction failed, through an emergency wipe-all scope before panicking. The deferred unlocks do accumulate, but whether this safety boundary requires earlier per-iteration release is not established; this is not a proven leaked lock.
awnumar/memguard	a5d81463bf244cf7b7867ecc599028659effe072	lockorder	core/enclave.go:17:5	lockorder/contradictory-order	true-positive	getOrCreateKey holds keyMtx while Coffer.Destroyed locks the coffer; Coffer.View holds that coffer while NewBuffer can encounter an OS allocation/page-lock error and call Panic->Purge->keyMtx. This is a feasible error-path ordering hazard, not a runtime reproduction.
awnumar/memguard	a5d81463bf244cf7b7867ecc599028659effe072	lockorder	core/enclave.go:89:10	lockorder/contradictory-order	true-positive	Seal holds an existing registered buffer RLock while NewEnclave obtains keyMtx; concurrent Purge holds keyMtx while destroying registered buffers under their write locks. The same buffer can participate, so the opposing order is not just fresh-allocation aliasing.
beringresearch/macpine	d19c2beb92bd62b5b96033670e0a683c40e030f9	deferinloop	utils/utils.go:224:4	deferinloop/cleanup-lifetime	true-positive	Uncompress creates a descriptor per regular tar entry and defers every Close until entire archive completes; large archives accumulate descriptors unnecessarily across iterations.
beringresearch/macpine	d19c2beb92bd62b5b96033670e0a683c40e030f9	resourcelifetime	cmd/import.go:149:14	resourcelifetime/missing-release	true-positive	decryptArchive opens encrypted input src but only defers destination Close. Input remains open on destination-create failure, decrypt/read/write errors and normal return; age reader does not own its input closer.
beringresearch/macpine	d19c2beb92bd62b5b96033670e0a683c40e030f9	resourcelifetime	qemu/ops.go:947:12	resourcelifetime/missing-release	true-positive	GetInstancePID discards os.Open handle used only for permission check then separately ReadFiles same path; successful discarded descriptor is never closed.
beringresearch/macpine	d19c2beb92bd62b5b96033670e0a683c40e030f9	resourcelifetime	utils/utils.go:326:14	resourcelifetime/missing-release	true-positive	DownloadFile opens temp output then returns on HTTP non200 status without out.Close; other network/copy and success branches explicitly close it, so this failure branch is missing cleanup.
beringresearch/macpine	d19c2beb92bd62b5b96033670e0a683c40e030f9	resourcelifetime	utils/utils.go:331:15	resourcelifetime/missing-release	true-positive	DownloadFile rejects non200 status before defer resp.Body.Close, leaking rejected HTTP response body as well as temp output.
betterleaks/betterleaks	2a387a5bad4290a84b9a1eb679bffe70611218cc	deferinloop	report/junit_test.go:74:3	deferinloop/cleanup-lifetime	true-positive	Per-case XML output files stay open until the entire table loop ends, though each is only needed for its iteration.
betterleaks/betterleaks	2a387a5bad4290a84b9a1eb679bffe70611218cc	goroutineownership	sources/git.go:142:2	goroutineownership/unjoined	true-positive	listenForStdErr closes errCh after scanning and optionally sending an unbuffered error. gitdiff.Parse error branch abandons worker and channel instead of returning the GitCmd owner; stderr error send then has no receiver.
betterleaks/betterleaks	2a387a5bad4290a84b9a1eb679bffe70611218cc	goroutineownership	sources/git.go:250:2	goroutineownership/unjoined	true-positive	listenForStdErr closes errCh after scanning and optionally sending an unbuffered error. gitdiff.Parse error branch abandons worker and channel instead of returning the GitCmd owner; stderr error send then has no receiver.
betterleaks/betterleaks	2a387a5bad4290a84b9a1eb679bffe70611218cc	goroutineownership	sources/git_history.go:120:2	goroutineownership/unjoined	true-positive	listenForStdErr closes errCh after scanning and optionally sending an unbuffered error. gitdiff.Parse error branch abandons worker and channel instead of returning the GitCmd owner; stderr error send then has no receiver.
betterleaks/betterleaks	2a387a5bad4290a84b9a1eb679bffe70611218cc	processownership	sources/git.go:137:12	processownership/missing-wait	true-positive	Successful Start followed by gitdiff.Parse initial-read error returns without Wait or returning GitCmd owner. go-gitdiff v0.9.1 Parse can return a non-EOF p.Next read error; success owner path does not cover that return.
betterleaks/betterleaks	2a387a5bad4290a84b9a1eb679bffe70611218cc	processownership	sources/git.go:245:12	processownership/missing-wait	true-positive	Successful Start followed by gitdiff.Parse initial-read error returns without Wait or returning GitCmd owner. go-gitdiff v0.9.1 Parse can return a non-EOF p.Next read error; success owner path does not cover that return.
betterleaks/betterleaks	2a387a5bad4290a84b9a1eb679bffe70611218cc	processownership	sources/git_history.go:106:12	processownership/missing-wait	true-positive	Successful Start followed by gitdiff.Parse initial-read error returns without Wait or returning GitCmd owner. go-gitdiff v0.9.1 Parse can return a non-EOF p.Next read error; success owner path does not cover that return.
bitrise-io/bitrise	58117d1bea7455d04e74121d68b5d8b7a8a51313	goroutineownership	cli/purr/cmd.go:137:4	goroutineownership/unjoined	false-positive	CLI deliberately starts a process-lifetime terminal keypress reader while timer/context may end animation first; nearby comment explicitly documents that read may outlive runPurr until CLI exit. A completion notification is not proof this optional input watcher must be joined; joining would defeat timed command exit.
bitrise-io/bitrise	58117d1bea7455d04e74121d68b5d8b7a8a51313	resourcelifetime	cli/local/run_util.go:886:30	resourcelifetime/missing-release	true-positive	addTestMetadata creates step-info.json and encodes JSON without closing its descriptor on success or Encode failure. Encoder does not own or close its writer.
bitrise-io/bitrise	58117d1bea7455d04e74121d68b5d8b7a8a51313	resourcelifetime	cli/update.go:50:18	resourcelifetime/missing-release	true-positive	download creates tmpfile but never closes it: HTTP failure, copy failure and successful copy-by-path all abandon descriptor. Deferred response.Body.Close only covers the HTTP response, not tmpfile.
bitrise-io/bitrise	58117d1bea7455d04e74121d68b5d8b7a8a51313	resourcelifetime	configmerge/configmerge.go:27:25	resourcelifetime/missing-release	true-positive	IsModularConfig opens main config and ReadAll then unmarshals without closing on any successful-acquisition return; no owner transfer.
bitrise-io/bitrise	58117d1bea7455d04e74121d68b5d8b7a8a51313	resourcelifetime	tools/tools_test.go:22:12	resourcelifetime/missing-release	true-positive	TestMoveFile discards os.Create file handle; moving/removing its pathname does not close the descriptor and no cleanup can reach it.
bitrise-io/bitrise	58117d1bea7455d04e74121d68b5d8b7a8a51313	resourcelifetime	tools/tools_test.go:58:12	resourcelifetime/missing-release	true-positive	TestMoveFileDifferentDevices discards os.Create file handle before copy/move; later filesystem unmount/removal is not descriptor Close.
btcsuite/btcwallet	a960541f35edb32a64ae1833c53b1e6a77979cfb	lockorder	waddrmgr/scoped_manager.go:1946:9	lockorder/contradictory-order	true-positive	ImportPrivateKey holds scoped s.mtx then importPublicKey acquires rootManager.mtx at2046. Reverse direction exists in Manager.Close holding m.mtx then scoped manager.Close acquiring s.mtx. These are the same parent/child mutex pair; report is an ordering hazard, not a proven production schedule.
cacggghp/vk-turn-proxy	e8a96967dc66f3dbd631596ea6a8b9fe03f9be69	resourcelifetime	client/main.go:1233:15	resourcelifetime/missing-release	true-positive	Deferred closure reads mutable resp, which is overwritten by websocket.DialContext at1269; original conference HTTP body is not closed on that path, and defers instead close later response or dereference nil.
charmbracelet/freeze	65acb1e1daed1e6f6989496e15a803b256fdda3a	resourcelifetime	config.go:117:12	resourcelifetime/missing-release	true-positive	saveUserConfig creates user config then marshals and writes without Close/defer; success, marshal failure and write failure all abandon descriptor.
chrislusf/gleam	8b4ae277059f30322db71de5e0473a4351bf9f8d	cancellationownership	util/context.go:8:17	cancellationownership/release	false-positive	Child is canceled on execution completion; the only other return receives child Done, which can only be caused by parent cancellation here. Parent cancellation already releases this plain WithCancel child; no timer is retained.
chrislusf/gleam	8b4ae277059f30322db71de5e0473a4351bf9f8d	goroutineownership	util/exec_util.go:47:6	goroutineownership/unjoined	true-positive	Conversion worker is launched before command.Start; Start error returns without joining it. Cancellation return also bypasses completion while a worker can remain reading the supplied reader.
chrislusf/gleam	8b4ae277059f30322db71de5e0473a4351bf9f8d	goroutineownership	util/exec_util.go:50:6	goroutineownership/unjoined	true-positive	Conversion worker is launched before command.Start; Start error returns without joining it. Cancellation return also bypasses completion while a worker can remain reading the supplied reader.
chrislusf/gleam	8b4ae277059f30322db71de5e0473a4351bf9f8d	processownership	distributed/agent/agent_server_execute.go:60:11	processownership/missing-wait	true-positive	After successful Start, stdin.Write or stdin.Close error returns before command.Wait; signal goroutine does not reap the process.
chrislusf/gleam	8b4ae277059f30322db71de5e0473a4351bf9f8d	resourcelifetime	sql/parser/goyacc/main.go:309:13	resourcelifetime/missing-release	true-positive	SkeletonXErrors or buffered Flush errors return after successful OpenFile before explicit f.Close, with no defer.
container2wasm/container2wasm	ecb4caa499f19f1d5cfcddd43b80aa78f98e5102	processownership	cmd/c2w/main.go:371:12	processownership/missing-wait	true-positive	saveCmd starts then archive.Apply error returns before Wait; deferred pipe.Close and unrelated context cancellation do not reap child.
container2wasm/container2wasm	ecb4caa499f19f1d5cfcddd43b80aa78f98e5102	resourcelifetime	cmd/c2w/main.go:195:13	resourcelifetime/missing-release	true-positive	build creates temporary Dockerfile and defers only os.Remove; file is never closed after Write or build completion.
container2wasm/container2wasm	ecb4caa499f19f1d5cfcddd43b80aa78f98e5102	resourcelifetime	cmd/c2w/main.go:265:13	resourcelifetime/missing-release	true-positive	Legacy build creates temporary Dockerfile and only defers Remove, never Close on write failure or success.
container2wasm/container2wasm	ecb4caa499f19f1d5cfcddd43b80aa78f98e5102	resourcelifetime	cmd/create-spec/main.go:221:17	resourcelifetime/missing-release	true-positive	unpackDocker opens manifest.json and decodes without Close; returned image configuration is not this descriptor.
container2wasm/container2wasm	ecb4caa499f19f1d5cfcddd43b80aa78f98e5102	resourcelifetime	cmd/create-spec/main.go:90:15	resourcelifetime/missing-release	true-positive	unpack opens OCI index for JSON decoder but never closes index reader; returned unpackOCI reader is a distinct artifact.
container2wasm/container2wasm	ecb4caa499f19f1d5cfcddd43b80aa78f98e5102	resourcelifetime	cmd/init/main.go:260:13	resourcelifetime/missing-release	false-positive	doInit explicitly closes spec file after successful decode; decode error returns directly to sole main caller33 which panics, terminating init process rather than continuing with leaked live handle.
container2wasm/container2wasm	ecb4caa499f19f1d5cfcddd43b80aa78f98e5102	resourcelifetime	cmd/init/main.go:268:12	resourcelifetime/missing-release	false-positive	doInit explicitly closes image-config file after successful decode; decoder error immediately propagates to main panic35, so no normal continued lifecycle abandons handle.
container2wasm/container2wasm	ecb4caa499f19f1d5cfcddd43b80aa78f98e5102	resourcelifetime	cmd/init/main.go:327:14	resourcelifetime/missing-release	true-positive	mount returns on pre-mount file Write failure before Close; mountAll explicitly tolerates Optional errors and continues, so not necessarily process-fatal.
container2wasm/container2wasm	ecb4caa499f19f1d5cfcddd43b80aa78f98e5102	resourcelifetime	cmd/init/main.go:357:14	resourcelifetime/missing-release	true-positive	mount returns on post-mount file Write failure before Close; Optional mountAll errors are logged and ignored, leaving descriptor live.
container2wasm/container2wasm	ecb4caa499f19f1d5cfcddd43b80aa78f98e5102	resourcelifetime	tests/integration/utils/utils.go:408:17	resourcelifetime/missing-release	true-positive	StartHelloServer readiness probe discards HTTP response; tests/httphello serves literal hello body and it is never closed.
container2wasm/container2wasm	ecb4caa499f19f1d5cfcddd43b80aa78f98e5102	resourcelifetime	tests/integration/utils/utils.go:432:17	resourcelifetime/missing-release	true-positive	StartDirServer readiness probe discards response from http.FileServer root directory, including body-bearing directory/error pages, without Close.
cortesi/devd	a33e4452cf0a602a091f692ae75fd5c5cca244eb	resourcelifetime	certgen.go:56:18	resourcelifetime/missing-release	true-positive	pem.Encode failure returns before explicitly closing output file; no defer covers write error.
cortesi/devd	a33e4452cf0a602a091f692ae75fd5c5cca244eb	resourcelifetime	certgen.go:70:17	resourcelifetime/missing-release	true-positive	pem.Encode failure returns before explicitly closing output file; no defer covers write error.
cortesi/devd	a33e4452cf0a602a091f692ae75fd5c5cca244eb	resourcelifetime	reverseproxy/reverseproxy_test.go:115:14	resourcelifetime/missing-release	true-positive	Proxy test never closes body-bearing backend response; although successful ReadAll reaches EOF, assertion/error exits and ignored ReadAll failure are not covered by Close.
cortesi/devd	a33e4452cf0a602a091f692ae75fd5c5cca244eb	resourcelifetime	reverseproxy/reverseproxy_test.go:65:14	resourcelifetime/missing-release	true-positive	Proxy test never closes body-bearing backend response; although successful ReadAll reaches EOF, assertion/error exits and ignored ReadAll failure are not covered by Close.
deanxv/done-hub	6a9bc7f5700fd7b7093b08b7c144ecde872e2735	resourcelifetime	common/image/http.go:56:19	resourcelifetime/missing-release	true-positive	RequestFile wraps body in MaxBytesReader then on configured-worker non-200 returns nil after decode/error without Close; successful response transfer does not cover that branch.
deanxv/done-hub	6a9bc7f5700fd7b7093b08b7c144ecde872e2735	resourcelifetime	controller/lark.go:138:15	resourcelifetime/missing-release	true-positive	getLarkUserInfoByCode decodes remote response into LarkUser then returns parsed data without closing response body, including decode failures.
deckarep/golang-set	711c30df0fdf98710a4ca0211e12ef7210967ad3	goroutineownership	threadsafe.go:271:2	goroutineownership/unjoined	false-positive	newIterator returns an owner containing the exact item and stop channels; this function returns that iterator. Consumer can range C or call Stop, which closes stop and drains C; worker closes C on completion. Returned aggregate lifecycle transfer is missed.
deckarep/golang-set	711c30df0fdf98710a4ca0211e12ef7210967ad3	goroutineownership	threadunsafe.go:264:2	goroutineownership/unjoined	false-positive	newIterator returns an owner containing the exact item and stop channels; this function returns that iterator. Consumer can range C or call Stop, which closes stop and drains C; worker closes C on completion. Returned aggregate lifecycle transfer is missed.
deepfence/YaraHunter	8cb5a008056a407cf5a273fabb0ecf6626acd50e	resourcelifetime	utils/utils.go:60:15	resourcelifetime/missing-release	true-positive	DownloadFile creates destination then registers file Close only after HTTP GET and io.Copy succeed; either failure returns with output descriptor open.
dlorenc/multiclaude	dfad1a58343bceaf20017fe93cfad55af54550d1	resourcelifetime	internal/daemon/daemon.go:2260:18	resourcelifetime/missing-release	true-positive	RunDetached opens logfile before os.Executable and StartProcess; either failure returns without closing. Successful child inherits descriptor but parent's original remains open and no Close is installed; Process.Release is unrelated.
dnote/dnote	a07a751f9827ff0875233e05317b90de7b29fd55	processownership	pkg/cli/testutils/main.go:195:11	processownership/missing-wait	true-positive	WaitDnoteCmd starts child but callback runFunc error returns before cmd.Wait; deferred stdin.Close alone does not reap.
dnote/dnote	a07a751f9827ff0875233e05317b90de7b29fd55	resourcelifetime	pkg/cli/ui/editor_test.go:46:16	resourcelifetime/missing-release	true-positive	Test creates collision-marker file and discards returned handle; subsequent filename checks and cache cleanup do not close descriptor.
dnote/dnote	a07a751f9827ff0875233e05317b90de7b29fd55	resourcelifetime	pkg/cli/ui/editor_test.go:66:16	resourcelifetime/missing-release	true-positive	Test creates collision-marker file and discards returned handle; subsequent filename checks and cache cleanup do not close descriptor.
dnote/dnote	a07a751f9827ff0875233e05317b90de7b29fd55	resourcelifetime	pkg/cli/ui/editor_test.go:70:16	resourcelifetime/missing-release	true-positive	Test creates collision-marker file and discards returned handle; subsequent filename checks and cache cleanup do not close descriptor.
dnote/dnote	a07a751f9827ff0875233e05317b90de7b29fd55	resourcelifetime	pkg/cli/utils/files.go:128:14	resourcelifetime/missing-release	true-positive	CopyFile closes output only at successful end; Copy, Sync, source Stat, or Chmod error returns first without Close.
docker/model-runner	ca5782d0408d33e579144f7f9a6e1cd2e65cc351	resourcelifetime	pkg/distribution/tarball/target_test.go:62:13	resourcelifetime/missing-release	true-positive	TestTarget reopens archive as tf then wraps tar.Reader and checks entries without closing tf. Earlier defer f.Close applies to separate creation handle, not this reopened descriptor.
docker/model-runner	ca5782d0408d33e579144f7f9a6e1cd2e65cc351	resourcelifetime	pkg/internal/dockerhub/download.go:34:17	resourcelifetime/missing-release	true-positive	PullPlatform creates output file before MkdirTemp/NewStore/fetch; any subsequent setup/fetch failure returns without Close. Normal export writes through io.Writer and no local cleanup is installed either.
dragonflyoss/dragonfly	596c0eb06141b7150c917f5863a5a65be7fdbde7	resourcelifetime	internal/dflog/logger.go:410:20	resourcelifetime/missing-release	true-positive	Dup2 duplicates the descriptor onto stdout/stderr but does not close its original source descriptor. Neither successful duplication nor its error branch closes the opened file.
dragonflyoss/dragonfly	596c0eb06141b7150c917f5863a5a65be7fdbde7	resourcelifetime	internal/dflog/logger.go:423:20	resourcelifetime/missing-release	true-positive	Dup2 duplicates the descriptor onto stdout/stderr but does not close its original source descriptor. Neither successful duplication nor its error branch closes the opened file.
edoardottt/cariddi	de52cc0bc40accdda235b9d6796cd95a7e937a5d	resourcelifetime	pkg/output/responses.go:154:18	resourcelifetime/missing-release	true-positive	WriteHTTPResponse opens output and writes bytes but never closes descriptor on write failure or success.
eolinker/apinto	708a2ec565a0ae91d9206ca08a9858fe2729d1e3	goroutineownership	utils/clone/conn_test.go:145:3	goroutineownership/unjoined	true-positive	TestClonePipe starts readers with WaitGroup.Done but never Waits. doWrite closes input after timer, yet Clone queues buffered blocks asynchronously, so reader workers may still drain/log through testing.T after test returns. Outer TestClonePipe2 waits only nested test function, not these readers.
ericls/imgdd	7e4fa9819995604372d0837794545ed5fc5cb533	resourcelifetime	httpserver/imagechecks/safe_image_check.go:39:15	resourcelifetime/missing-release	true-positive	isImageSafe reads actual HTTP response then decodes JSON but never closes Body, including ReadAll and Unmarshal failure paths; client timeout is not body ownership transfer.
firecracker-microvm/firecracker-containerd	be68640a5d2237f5b427c37c1f5809ec154126c5	concurrentcapture	runtime/cni_integ_test.go:279:7	concurrentcapture/shared-capture	true-positive	Concurrent VM workers assign shared outer err from fcClient.CreateVM and then use it; vmGroup only joins later and does not serialize assignments.
firecracker-microvm/firecracker-containerd	be68640a5d2237f5b427c37c1f5809ec154126c5	resourcelifetime	internal/fsutil.go:67:18	resourcelifetime/missing-release	true-positive	createTestExtImg creates temp file and returns only filename after mkfs, never closes descriptor or transfers it to caller.
fortio/fortio	5c19725ff61c9f7ad944b91ec32d96a399341d87	goroutineownership	fnet/network.go:698:2	goroutineownership/unjoined	true-positive	NetCat stopOnEOF skips wg.Wait but immediately reads worker-written wb/we without synchronization; it closes socket and optional input closer only later, and arbitrary nonclosable input may leave worker blocked.
fortio/fortio	5c19725ff61c9f7ad944b91ec32d96a399341d87	lockorder	fnet/network.go:334:3	lockorder/missing-release	false-positive	checkCache deliberately returns held dnsMutex on cache miss; both ResolveByProto call sites test returned found flag and unlock on false at370/393. Cache-hit branch releases inside helper.
fortio/fortio	5c19725ff61c9f7ad944b91ec32d96a399341d87	resourcelifetime	cli/fortio_main.go:506:13	resourcelifetime/missing-release	false-positive	Created file differs from os.Stdout and is explicitly closed under f!=os.Stdout; write-error path calls fortio log.Fatalf, which panics or exits, and command path does not recover. No normally returning acquired-file path skips Close.
fortio/fortio	5c19725ff61c9f7ad944b91ec32d96a399341d87	resourcelifetime	fhttp/httprunner.go:202:13	resourcelifetime/missing-release	false-positive	CPU profile file creation and fc.Close use identical o.Profiler nonempty guard; option is unchanged during run and no normal return intervenes. StartCPUProfile error logs then still reaches Close.
fortio/fortio	5c19725ff61c9f7ad944b91ec32d96a399341d87	resourcelifetime	fhttp/httprunner_test.go:323:14	resourcelifetime/missing-release	true-positive	Test opens run-output file for bufio.Scanner and never closes it before returning; scanner has no ownership cleanup.
fortio/fortio	5c19725ff61c9f7ad944b91ec32d96a399341d87	resourcelifetime	periodic/periodic_test.go:361:14	resourcelifetime/missing-release	true-positive	Test opens output file and scans lines without ever closing the underlying file.
fwdcloudsec/granted	9339cff4a563515fe1ccbe44478c4e44281629d4	goroutineownership	pkg/assume/assume.go:186:4	goroutineownership/unjoined	inconclusive	Background UpdateFrecencyCache loads and upserts ranking cache with debug-only errors; local wg is incremented/completed but never waited. CLI exit could lose writes, but best-effort bounded work has no established strict completion requirement or indefinite goroutine leak.
fwdcloudsec/granted	9339cff4a563515fe1ccbe44478c4e44281629d4	goroutineownership	pkg/assume/assume.go:202:4	goroutineownership/unjoined	inconclusive	Post-prompt cache update is finite best-effort work, with unused local wg completion accounting. Return/CLI exit can precede persistence, but source does not establish mandatory completion or an indefinitely blocked worker.
fwdcloudsec/granted	9339cff4a563515fe1ccbe44478c4e44281629d4	processownership	pkg/git/clone.go:24:12	processownership/missing-wait	true-positive	CloneWithRef starts git clone and scans stderr but never calls Wait, including success and detected error lines.
fwdcloudsec/granted	9339cff4a563515fe1ccbe44478c4e44281629d4	processownership	pkg/git/clone.go:44:13	processownership/missing-wait	true-positive	CloneWithRef starts checkout child and scans stderr but never reaps it on success or detected error.
fwdcloudsec/granted	9339cff4a563515fe1ccbe44478c4e44281629d4	processownership	pkg/git/pull.go:41:12	processownership/missing-wait	true-positive	PullRef starts git pull then returns after stderr scan without Wait; synchronous optional checkout.Run does not reap this separate child.
fwdcloudsec/granted	9339cff4a563515fe1ccbe44478c4e44281629d4	resourcelifetime	pkg/cfaws/ssotoken.go:150:12	resourcelifetime/missing-release	true-positive	ReadPlaintextSsoCreds returns on Readdir error before installing directory Close defer.
fwdcloudsec/granted	9339cff4a563515fe1ccbe44478c4e44281629d4	resourcelifetime	pkg/cfaws/ssotoken.go:165:14	resourcelifetime/missing-release	true-positive	ReadPlaintextSsoCreds opens cache file then returns on ReadAll error before Close defer; botocore-prefixed files also bypass conditional defer.
fwdcloudsec/granted	9339cff4a563515fe1ccbe44478c4e44281629d4	resourcelifetime	pkg/console/aws.go:59:14	resourcelifetime/missing-release	true-positive	AWS.URL GETs federation token and decodes body without Close; non-200 and decoding errors also abandon body.
fwdcloudsec/granted	9339cff4a563515fe1ccbe44478c4e44281629d4	resourcelifetime	pkg/granted/doctor/doctor.go:121:13	resourcelifetime/missing-release	true-positive	CheckAllAWSCacheTokens returns on Readdir failure before installing directory Close defer.
fwdcloudsec/granted	9339cff4a563515fe1ccbe44478c4e44281629d4	resourcelifetime	pkg/granted/doctor/doctor.go:141:15	resourcelifetime/missing-release	true-positive	Cache-token file ReadAll failure precedes Close defer; botocore-prefixed file branch never installs defer either.
fwdcloudsec/granted	9339cff4a563515fe1ccbe44478c4e44281629d4	resourcelifetime	pkg/granted/registry/ini.go:27:12	resourcelifetime/missing-release	true-positive	loadAWSConfigFile discards os.Create handle; later ini loader opens path independently and cannot close original descriptor.
fwdcloudsec/granted	9339cff4a563515fe1ccbe44478c4e44281629d4	resourcelifetime	pkg/granted/registry/setup.go:90:12	resourcelifetime/missing-release	true-positive	ensureConfigDoesntExist opens existing config, discards handle, then returns refusal error without Close.
getkin/kin-openapi	e7ecca9a44a420e0687072d30916fcd6a6bfba07	resourcelifetime	openapi3filter/issue743_test.go:203:15	resourcelifetime/missing-release	false-positive	Local test handler explicitly writes204 NoContent, no body, and default client has no Timeout wrapper. Request body validation does not create a response cleanup resource.
gitlabhq/gitlab-shell	ab02ab8877fb17d22c6b55046d5422f8d01d196f	resourcelifetime	client/gitlabnet.go:225:23	resourcelifetime/missing-release	false-positive	Do returns checkResponse result: valid success response returned to caller; parseError defers Body.Close on redirects and all non-2XX/3XX statuses before error return. HTTP Do error path has no owned response (redirect failures already closed by net/http). Conditional close-or-return helper transfer is safe.
goodwithtech/dockle	35171ccb9b247592269f5c84be69331ef0ad6c19	resourcelifetime	config/config.go:60:12	resourcelifetime/missing-release	true-positive	Ignore-rule reader file is scanned then returned map has no file ownership; no Close.
goodwithtech/dockle	35171ccb9b247592269f5c84be69331ef0ad6c19	resourcelifetime	pkg/assessor/manifest/manifest_test.go:604:15	resourcelifetime/missing-release	true-positive	loadImageFromFile reads JSON bytes and returns parsed config without closing file.
goodwithtech/dockle	35171ccb9b247592269f5c84be69331ef0ad6c19	resourcelifetime	pkg/log/logger.go:35:16	resourcelifetime/missing-release	true-positive	Quiet logger creation discards os.Create(os.DevNull) handle; zap later opens its own output path, so original descriptor is not transferred.
goodwithtech/dockle	35171ccb9b247592269f5c84be69331ef0ad6c19	resourcelifetime	pkg/run.go:111:20	resourcelifetime/missing-release	true-positive	Requested output file is handed to local report writer which only writes, then Run returns without Close; normal non-abend path remains unclosed.
google/starlark-go	89a6a09411d5c7a33409dc050c2fecdf8f4eca8f	resourcelifetime	cmd/starlark/starlark.go:83:13	resourcelifetime/missing-release	true-positive	Starlark profile output is never closed: StopProfile waits writer and closes gzip stream, not underlying io.Writer file; unlike nearby CPU/heap profile paths no f.Close.
gruntwork-io/kubergrunt	9ee00463670cfb34f785d897ae2bd5f134d2a4fa	resourcelifetime	eksawshelper/ecr.go:25:15	resourcelifetime/missing-release	true-positive	TagExistsInRepo returns immediately on HTTP200/404 before installing Body.Close; only other status paths close response. Successful manifest and not-found bodies are abandoned.
gruntwork-io/kubergrunt	9ee00463670cfb34f785d897ae2bd5f134d2a4fa	resourcelifetime	tls/pem.go:80:18	resourcelifetime/missing-release	true-positive	StorePEM opens output file and returns pem.Encode directly without closing descriptor. pem.Encode takes an io.Writer and does not close it.
hashicorp/go-discover	8f14004e9a7f17e73e6908db44c42f1a724ea7ca	resourcelifetime	provider/aws/aws_discover.go:336:15	resourcelifetime/missing-release	true-positive	getECSTaskMetadata reads and unmarshals HTTP body without ever closing it; returned metadata contains no body ownership.
hashicorp/go-discover	8f14004e9a7f17e73e6908db44c42f1a724ea7ca	resourcelifetime	provider/os/os_discover.go:210:15	resourcelifetime/missing-release	true-positive	getProjectID returns on body ReadAll error before its explicit Close, with no defer.
hashicorp/terraform-ls	9dcfb755cd40910e5ad483b105bd3fa5839c94c2	resourcelifetime	internal/registry/provider.go:42:16	resourcelifetime/missing-release	true-positive	ListProviders closes only non-200 responses after successful ReadAll. Normal paginated responses and JSON decode failures never close Body, and non-200 ReadAll failure also returns before defer.
hashicorp/terraform-ls	9dcfb755cd40910e5ad483b105bd3fa5839c94c2	resourcelifetime	internal/registry/provider.go:93:15	resourcelifetime/missing-release	true-positive	GetLatestProviderVersion closes only non-200 response after ReadAll; success and decoding failure abandon response Body, as does error-body ReadAll failure.
hidu/mysql-schema-sync	730df92ef0c0fecdf2d509f6ae7fa6be5028f6af	resourcelifetime	internal/sync.go:432:15	resourcelifetime/missing-release	false-positive	Rows belong to tx.Query and every loop exit reaches tx.Commit or Rollback; database/sql Rows.awaitDone observes transaction-context cancellation and closes rows when Tx finishes. Overwriting ret does not establish missing release; possible multi-query driver constraints are a separate issue.
hypnoglow/helm-s3	4a223f47988b83cc38af4253bb081b142cf9bbc0	resourcelifetime	cmd/helm-s3/push.go:168:20	resourcelifetime/missing-release	true-positive	Chart file is opened before provenance-open/storage-exists checks; those errors and already-existing-chart returns abandon handle before any PutChart handoff. No defer Close protects early returns.
hypnoglow/helm-s3	4a223f47988b83cc38af4253bb081b142cf9bbc0	resourcelifetime	cmd/helm-s3/push.go:174:19	resourcelifetime/missing-release	true-positive	When provenance file opens successfully, later storage.Exists failure or existing-chart rejection returns without Close or transfer. Optional absent-provenance path does not release successfully opened alternative.
ibnaleem/gosearch	7967d374b68c8b51f69852e1b7420253ea879b40	resourcelifetime	tests/test.go:199:14	resourcelifetime/missing-release	true-positive	Response-body cleanup defer occurs after compression-reader construction; invalid gzip/deflate header returns before defer and leaks underlying HTTP body.
ibnaleem/gosearch	7967d374b68c8b51f69852e1b7420253ea879b40	resourcelifetime	tests/test.go:336:14	resourcelifetime/missing-release	true-positive	Response-body cleanup defer occurs after compression-reader construction; invalid gzip/deflate header returns before defer and leaks underlying HTTP body.
ibnaleem/gosearch	7967d374b68c8b51f69852e1b7420253ea879b40	resourcelifetime	tests/test.go:422:14	resourcelifetime/missing-release	true-positive	Response-body cleanup defer occurs after compression-reader construction; invalid gzip/deflate header returns before defer and leaks underlying HTTP body.
inbucket/inbucket	94472ab496822dec612edce7988a1f953a9eafbd	goroutineownership	pkg/msghub/hub_test.go:364:2	goroutineownership/unjoined	false-positive	Test drains pending hub operations via Sync then calls exact worker context cancel. Hub.Start selects ctx.Done and returns; no further operations can keep this test's idle hub busy. Explicit cancellation releases the worker.
ivaaaan/smug	8320fb4c24d10c6303d2d1254f7eee201a4e6b9f	resourcelifetime	main.go:65:18	resourcelifetime/missing-release	false-positive	newLogger returns log.New(logFile), whose standard-library constructor stores the file as output via SetOutput. Closing in this constructor would break the returned logger; ownership remains reachable through Logger.Writer.
kadeessh/kadeessh	e573bd46b851aa438794e3776cfd47e0e6da20a8	goroutineownership	internal/ssh/server_test.go:102:2	goroutineownership/unjoined	false-positive	TestServerClose intentionally uses100ms timeout as failing-test watchdog; normal shutdown branch receives clientDoneChan. Server.Close closes actual client connections then closeDoneChan releases worker; worker defers session cleanup and completion. Timeout avoids hanging the test under broken shutdown rather than proving abandoned production work.
kevwan/tproxy	817e866b1553f64d19edfbc9377e27bb51a97692	lockorder	stat_linux.go:73:4	lockorder/read-lock-write	true-positive	buildRows assigns shared p.prev under only p.lock.RLock; Start and Stop can both call print/buildRows and readers are not serialized.
kubernetes-sigs/ingress2gateway	afddc377909bc44b3f2664445839b021c1a3d971	resourcelifetime	cmd/print_test.go:231:12	resourcelifetime/missing-release	true-positive	setupKubeConfig removes pathname and returns on f.Write failure without closing successful os.Create handle. Normal f.Close occurs only after write succeeds; removal does not release descriptor.
libp2p/go-libp2p-kad-dht	10e0adf9859ef86ba08d8493d8313869a2e83d8a	resourcelifetime	dual/dual_test.go:137:13	resourcelifetime/missing-release	false-positive	TestNewErrorPathClosesWAN supplies failLAN option that unconditionally returns lan boom; New returns nil,error after closing already-created WAN on LAN initialization failure. No dual DHT owner exists for test to Close. require.ErrorContains documents forced failure; incomplete repository scan remains partial.
lightninglabs/neutrino	ac63a41c9b7b9da7502ee3a1044d5b323bb35752	goroutineownership	query/worker_test.go:111:2	goroutineownership/unjoined	true-positive	startWorker returns nil on one-second subscription timeout after launching Run but without closing quit/peer or joining done; timeout drops all owner references while worker may remain blocked subscribing or running.
lightninglabs/neutrino	ac63a41c9b7b9da7502ee3a1044d5b323bb35752	lockorder	cache/lru/lru.go:168:3	lockorder/missing-release	true-positive	Put returns on evict error while c.mtx remains locked; evict can fail when retained value.Size errors and does not unlock caller mutex.
lightninglabs/neutrino	ac63a41c9b7b9da7502ee3a1044d5b323bb35752	lockorder	neutrino.go:480:4	lockorder/read-lock-write	true-positive	OnRead holds only mtxSubscribers.RLock while deleting canceled subscription from recvSubscribers2; concurrent readers may read/write this shared map without exclusive protection.
lightninglabs/neutrino	ac63a41c9b7b9da7502ee3a1044d5b323bb35752	resourcelifetime	headerfs/store.go:222:15	resourcelifetime/missing-release	true-positive	newHeaderStore stores file in local headerFile, then returns nil when newHeaderIndex fails without Close or transferring that local owner; successful returned owner does not cover initialization failure.
liweiyi88/onedump	7d4e2bd7d316d64746814c1a9a130bf83315908e	processownership	binlog/restore.go:345:14	processownership/missing-wait	true-positive	mysqlbinlog child starts first; mysql child Start failure returns without waiting or killing already running mysqlbinlog.
liweiyi88/onedump	7d4e2bd7d316d64746814c1a9a130bf83315908e	processownership	binlog/restore.go:349:14	processownership/missing-wait	true-positive	mysql child starts successfully, but preceding mysqlBinlogCmd.Wait failure returns before mysqlCmd.Wait, leaving second child unreaped.
liweiyi88/onedump	7d4e2bd7d316d64746814c1a9a130bf83315908e	resourcelifetime	filesync/checksum_test.go:11:15	resourcelifetime/missing-release	true-positive	createTestFile returns on WriteString error before explicit Close, with no deferred cleanup.
looplab/eventhorizon	b4c7c132e519d8a73ac3bee014652977fb170c29	lockorder	mocks/mocks.go:489:4	lockorder/read-lock-write	true-positive	Repo.Find writes shared FindCalled under RLock; two concurrent readers can both write. Repo exposes RWMutex and Save uses exclusive Lock, confirming shared mock-state guard rather than local ownership.
looplab/eventhorizon	b4c7c132e519d8a73ac3bee014652977fb170c29	lockorder	mocks/mocks.go:503:4	lockorder/read-lock-write	true-positive	Repo.FindAll writes shared FindAllCalled while holding only RLock; simultaneous FindAll calls are not serialized by this reader lock.
looplab/eventhorizon	b4c7c132e519d8a73ac3bee014652977fb170c29	lockorder	namespace/outbox.go:203:4	lockorder/contradictory-order	true-positive	outbox creation holds outboxesMu exclusive then handlersMu shared; AddHandler holds handlersMu exclusive then outboxesMu shared. Opposite orders on same receiver can deadlock if registration and namespace creation overlap.
looplab/eventhorizon	b4c7c132e519d8a73ac3bee014652977fb170c29	lockorder	outbox/memory/outbox.go:211:4	lockorder/contradictory-order	true-positive	processWithWatch holds dbMu then processOutboxEvent calls handler acquiring handlersMu.RLock; HandleEvent holds handlersMu.RLock then dbMu. AddHandler is a writer of handlersMu, so queued writer can block new RLock and complete real inversion cycle; extended ordering hazard rather than unconditional two-reader deadlock.
lxc/distrobuilder	c906a32432feb851449260346a7d45957b3e5840	resourcelifetime	shared/chroot.go:149:15	resourcelifetime/missing-release	true-positive	killChrootProcesses opens proc directory, reads entries and returns without Close on read failure, kill failure, or success; no descriptor ownership transfer.
lxc/distrobuilder	c906a32432feb851449260346a7d45957b3e5840	resourcelifetime	windows/inf_test.go:20:17	resourcelifetime/missing-release	true-positive	TestMatchClassGuid opens each fixture but never closes it; MatchClassGuid accepts reader and scans content without closing or retaining its descriptor.
mbrt/gmailctl	3bb877da4a32d3726ec5614cc6330d16379a0cc0	resourcelifetime	cmd/gmailctl/localcred/local_provider.go:128:15	resourcelifetime/missing-release	true-positive	openCredentials returns NewAuthenticator(file), whose clientFromCredentials only ReadAll/parses JSON; Authenticator stores config not reader and no path closes opened file.
mcuadros/ofelia	a573727aee28af0bf049c9b3a16d79a0523d9914	resourcelifetime	middlewares/slack.go:62:12	resourcelifetime/missing-release	true-positive	pushMessage posts webhook and inspects status but never reads/closes response, including non-200 body-bearing errors.
minio/minio-go	32e1f32cb176a611dbed3b37c15fda8c2d9ccf36	resourcelifetime	api-putobject-snowball.go:123:13	resourcelifetime/missing-release	false-positive	defer once.Do closes exact temp file unless getter's prior once.Do already closed it; both once callbacks perform same f.Close.
minio/minio-go	32e1f32cb176a611dbed3b37c15fda8c2d9ccf36	resourcelifetime	api-putobject-snowball.go:138:14	resourcelifetime/missing-release	true-positive	getTmpReader opens read handle then Stat failure returns nil before Close or reader ownership transfer.
moul/assh	7dc505e79cc2564866760b53c2a247fa3a167198	resourcelifetime	pkg/config/config.go:518:17	resourcelifetime/missing-release	true-positive	LoadFile opens source, passes it to LoadConfig(io.Reader) which only ReadAll/parses, then returns without Close; recursive includes repeat acquisition without cleanup.
mutagen-io/mutagen	6ccfeaaf4dfd261e59ef9aac56e3c157b62e605b	deferinloop	pkg/agent/bundle.go:99:4	deferinloop/cleanup-lifetime	true-positive	Search loop does not break after a valid bundle, so several successful opens accumulate until extraction returns; earlier bundles are overwritten and not needed.
mutagen-io/mutagen	6ccfeaaf4dfd261e59ef9aac56e3c157b62e605b	goroutineownership	pkg/integration/protocols/netpipe/synchronization.go:69:2	goroutineownership/unjoined	false-positive	Returned waitingSynchronizationEndpoint owns the exact done receive and closes client before waiting during Shutdown. NewEndpoint failure closes the client stream, terminating paired net.Pipe server worker; opaque returned-owner lifecycle is missed.
mutagen-io/mutagen	6ccfeaaf4dfd261e59ef9aac56e3c157b62e605b	processownership	pkg/agent/dial.go:118:11	processownership/missing-wait	false-positive	Pre-Start transport.NewStream stores exact command in Stream.process. All handshake failure paths call stream.Close, whose goroutine calls process.Wait and is received; success returns the owning stream.
mutagen-io/mutagen	6ccfeaaf4dfd261e59ef9aac56e3c157b62e605b	resourcelifetime	tools/scan_bench/main.go:144:16	resourcelifetime/missing-release	false-positive	Acquisition and matching profiler.Finalize are guarded by the same unchanged enableProfile flag. Finalize stops CPU profiling and closes its owned file; intervening error paths call cmd.Fatal, which directly os.Exit(1), not a returning resource leak.
mutagen-io/mutagen	6ccfeaaf4dfd261e59ef9aac56e3c157b62e605b	resourcelifetime	tools/scan_bench/main.go:181:22	resourcelifetime/missing-release	false-positive	Acquisition and matching profiler.Finalize are guarded by the same unchanged enableProfile flag. Finalize stops CPU profiling and closes its owned file; intervening error paths call cmd.Fatal, which directly os.Exit(1), not a returning resource leak.
mutagen-io/mutagen	6ccfeaaf4dfd261e59ef9aac56e3c157b62e605b	resourcelifetime	tools/scan_bench/main.go:224:22	resourcelifetime/missing-release	false-positive	Acquisition and matching profiler.Finalize are guarded by the same unchanged enableProfile flag. Finalize stops CPU profiling and closes its owned file; intervening error paths call cmd.Fatal, which directly os.Exit(1), not a returning resource leak.
mutagen-io/mutagen	6ccfeaaf4dfd261e59ef9aac56e3c157b62e605b	resourcelifetime	tools/scan_bench/main.go:265:22	resourcelifetime/missing-release	false-positive	Acquisition and matching profiler.Finalize are guarded by the same unchanged enableProfile flag. Finalize stops CPU profiling and closes its owned file; intervening error paths call cmd.Fatal, which directly os.Exit(1), not a returning resource leak.
mutagen-io/mutagen	6ccfeaaf4dfd261e59ef9aac56e3c157b62e605b	resourcelifetime	tools/scan_bench/main.go:304:22	resourcelifetime/missing-release	false-positive	Acquisition and matching profiler.Finalize are guarded by the same unchanged enableProfile flag. Finalize stops CPU profiling and closes its owned file; intervening error paths call cmd.Fatal, which directly os.Exit(1), not a returning resource leak.
mutagen-io/mutagen	6ccfeaaf4dfd261e59ef9aac56e3c157b62e605b	resourcelifetime	tools/scan_bench/main.go:380:22	resourcelifetime/missing-release	false-positive	Acquisition and matching profiler.Finalize are guarded by the same unchanged enableProfile flag. Finalize stops CPU profiling and closes its owned file; intervening error paths call cmd.Fatal, which directly os.Exit(1), not a returning resource leak.
mutagen-io/mutagen	6ccfeaaf4dfd261e59ef9aac56e3c157b62e605b	resourcelifetime	tools/scan_bench/main.go:401:22	resourcelifetime/missing-release	false-positive	Acquisition and matching profiler.Finalize are guarded by the same unchanged enableProfile flag. Finalize stops CPU profiling and closes its owned file; intervening error paths call cmd.Fatal, which directly os.Exit(1), not a returning resource leak.
mutagen-io/mutagen	6ccfeaaf4dfd261e59ef9aac56e3c157b62e605b	resourcelifetime	tools/scan_bench/main.go:464:22	resourcelifetime/missing-release	false-positive	Acquisition and matching profiler.Finalize are guarded by the same unchanged enableProfile flag. Finalize stops CPU profiling and closes its owned file; intervening error paths call cmd.Fatal, which directly os.Exit(1), not a returning resource leak.
mutagen-io/mutagen	6ccfeaaf4dfd261e59ef9aac56e3c157b62e605b	resourcelifetime	tools/scan_bench/main.go:484:22	resourcelifetime/missing-release	false-positive	Acquisition and matching profiler.Finalize are guarded by the same unchanged enableProfile flag. Finalize stops CPU profiling and closes its owned file; intervening error paths call cmd.Fatal, which directly os.Exit(1), not a returning resource leak.
natesales/q	dce1a72e3413d5e91d0dc16f28bcf7c4d3d8ddde	resourcelifetime	transport/odoh.go:140:14	resourcelifetime/missing-release	true-positive	Second HTTP Do replaces resp but no new Body.Close is registered. Earlier defer resp.Body.Close captured first response receiver at registration, so it cannot release second response on content-type/read/decode errors or success.
netlify/gotrue	aac5b5734ea1869d72d0ef40a073b89f1681efb5	resourcelifetime	api/provider/saml.go:42:14	resourcelifetime/missing-release	true-positive	getMetadata GETs metadata, reads and parses XML, then returns parsed object without response Body.Close; non-success status also returns unclosed body.
nilbuild/slim	99d3b3dc02702ecc5eb86ba62dee847cc090c718	resourcelifetime	internal/daemon/daemon.go:100:14	resourcelifetime/missing-release	true-positive	IPC server is opened and serving before PID file write; WriteFile error returns before cleanup function/defer is installed, leaving IPC listener unreleased.
olric-data/olric	c49c44a8816b472943068b47916da9f26d15a349	concurrentcapture	cluster_client_test.go:241:7	concurrentcapture/shared-capture	true-positive	Errgroup loop launches concurrent workers that assign and return shared outer err using = rather than local declaration; final Wait does not serialize competing writes/reads.
olric-data/olric	c49c44a8816b472943068b47916da9f26d15a349	concurrentcapture	cluster_client_test.go:270:7	concurrentcapture/shared-capture	true-positive	Errgroup loop launches concurrent workers that assign and return shared outer err using = rather than local declaration; final Wait does not serialize competing writes/reads.
olric-data/olric	c49c44a8816b472943068b47916da9f26d15a349	concurrentcapture	cluster_client_test.go:302:7	concurrentcapture/shared-capture	true-positive	Errgroup loop launches concurrent workers that assign and return shared outer err using = rather than local declaration; final Wait does not serialize competing writes/reads.
olric-data/olric	c49c44a8816b472943068b47916da9f26d15a349	concurrentcapture	embedded_client_test.go:225:7	concurrentcapture/shared-capture	true-positive	Errgroup loop launches concurrent workers that assign and return shared outer err using = rather than local declaration; final Wait does not serialize competing writes/reads.
olric-data/olric	c49c44a8816b472943068b47916da9f26d15a349	concurrentcapture	embedded_client_test.go:252:7	concurrentcapture/shared-capture	true-positive	Errgroup loop launches concurrent workers that assign and return shared outer err using = rather than local declaration; final Wait does not serialize competing writes/reads.
olric-data/olric	c49c44a8816b472943068b47916da9f26d15a349	concurrentcapture	embedded_client_test.go:298:7	concurrentcapture/shared-capture	true-positive	Errgroup loop launches concurrent workers that assign and return shared outer err using = rather than local declaration; final Wait does not serialize competing writes/reads.
olric-data/olric	c49c44a8816b472943068b47916da9f26d15a349	resourcelifetime	config/load.go:263:12	resourcelifetime/missing-release	true-positive	Load opens config and reads its bytes, then parses into a returned Config without ever closing original file; byte parsing does not retain descriptor ownership.
onedr0p/exportarr	52bb6eb3b80d2a1bf5f6532567ca7f7da50bdc95	resourcelifetime	internal/arr/client/auth_test.go:109:11	resourcelifetime/missing-release	false-positive	FormAuth closes actual login response in auth.go; outer transport returns synthetic nil-Body response, which net/http replaces with empty NopCloser. No owned resource is abandoned at this call.
onedr0p/exportarr	52bb6eb3b80d2a1bf5f6532567ca7f7da50bdc95	resourcelifetime	internal/arr/client/auth_test.go:136:12	resourcelifetime/missing-release	false-positive	Server redirects with loginFailed=true; FormAuth CheckRedirect returns error and net/http closes login response before returning. Outer authentication fails, so no successful response exists; fallback fake response would also have nil Body.
onedr0p/exportarr	52bb6eb3b80d2a1bf5f6532567ca7f7da50bdc95	resourcelifetime	internal/arr/client/auth_test.go:177:13	resourcelifetime/missing-release	false-positive	Both table cases force failure: synthetic nil-Body 500 response is drained and rejected by ExportarrTransport, or transport returns nil,http.ErrNotSupported. No successful response resource exists.
onedr0p/exportarr	52bb6eb3b80d2a1bf5f6532567ca7f7da50bdc95	resourcelifetime	internal/arr/client/auth_test.go:202:13	resourcelifetime/missing-release	false-positive	Every table response is synthetic with nil Body; non-2XX responses rejected/drained by ExportarrTransport and successful bodies are empty NopClosers supplied by net/http. No real resource leaks.
onedr0p/exportarr	52bb6eb3b80d2a1bf5f6532567ca7f7da50bdc95	resourcelifetime	internal/arr/client/auth_test.go:58:13	resourcelifetime/missing-release	false-positive	Test transport returns synthetic http.Response with nil Body and no resource. net/http fills nil successful body with an empty NopCloser; discarding this fixture response leaks no resource.
onllm-dev/onWatch	4f5e3bd0cf98db0dd3984cf9f39bb3a9ab1af107	processownership	cmd/onwatch/menubar_runtime.go:153:12	processownership/missing-wait	true-positive	writeRuntimePID error after successful Start kills process then returns before later Wait goroutine is installed; Kill does not reap child.
onllm-dev/onWatch	4f5e3bd0cf98db0dd3984cf9f39bb3a9ab1af107	processownership	tools/perf-monitor/main_test.go:523:12	processownership/missing-wait	false-positive	Successful Start installs t.Cleanup that kills then helpCmd.Process.Wait at532; nil guard cannot bypass an actually started process, and no custom IO pipes require exec.Cmd.Wait cleanup.
openpcc/openpcc	911390a80afcbe6dfb48987a641ab345494b1eca	cancellationownership	cmd/mem-credithole/main.go:75:11	cancellationownership/release	true-positive	First signal.NotifyContext discards stop and passes only ctx to app.Run. App exit/failure can return without stopping signal registration; separate shutdown factory returns a different stop function and does not release this registration.
openpcc/openpcc	911390a80afcbe6dfb48987a641ab345494b1eca	cancellationownership	cmd/mem-router/main.go:154:11	cancellationownership/release	true-positive	Initial signal.NotifyContext stop is discarded before app.Run. Shutdown factory owns a new signal context, not this one; initial registration needs its own deferred stop on return.
openpcc/openpcc	911390a80afcbe6dfb48987a641ab345494b1eca	resourcelifetime	client_test.go:948:12	resourcelifetime/missing-release	false-positive	Network-failure subtest injects errTransport returning assert.AnError and expects that exact failure. No successful response resource is created; request-body closed and payment canceled are separately verified.
osrg/gobgp	71101d43a29331aaf9484194d44f987acb87a92b	resourcelifetime	cmd/gobgp/mrt.go:39:21	resourcelifetime/missing-release	true-positive	injectMrt opens source and never closes it; gzip/bzip2 readers do not close underlying file and invalid QueueSize returns before worker ownership.
ossf/allstar	0323337900ce8d6dadff5516801c17a972b50b31	cancellationownership	cmd/allstar/main.go:47:13	cancellationownership/release	true-positive	Context cancel cf is called only in continuous-job signal branch. The --once branch returns normally without releasing the created cancellation context; a dominating defer cf would cover both modes.
paralus/paralus	209be7ff8aac08e9a53e7681a68a182783bb0a7a	resourcelifetime	pkg/controller/runtime/object_test.go:16:12	resourcelifetime/missing-release	true-positive	loadStepObject opens YAML fixture and reads/converts/unmarshals into returned StepObject, but no Close occurs; returned decoded object contains no file owner.
paralus/paralus	209be7ff8aac08e9a53e7681a68a182783bb0a7a	resourcelifetime	proto/types/controller/accessor_test.go:16:12	resourcelifetime/missing-release	true-positive	Independent package loadStepObject helper opens fixture and returns decoded bytes as object without closing input descriptor on success or read/parse errors.
parnurzeal/gorequest	c915942c6890f2591cd1be9ffa92b81317ad39d1	resourcelifetime	gorequest_test.go:1716:15	resourcelifetime/missing-release	true-positive	Test opens LICENSE and passes handle repeatedly to SendFile without Close. SendFile reflects os.File, reads osfile.Name using ioutil.ReadFile, and stores bytes only; it never owns/closes original supplied descriptor.
projectdiscovery/dnsx	d261a79266e86040b7e2b371e2d802084b21ec95	resourcelifetime	internal/runner/runner.go:312:21	resourcelifetime/missing-release	true-positive	io.Copy failure returns after os.Create before explicit stdinFile.Close or deferred path removal; file handle remains open.
prometheus-community/postgres_exporter	e7e2095249dc369d943af1cef3d8c615228278ec	resourcelifetime	collector/collector_test.go:127:12	resourcelifetime/missing-release	false-positive	NewPostgresCollector newInstance closes its temporary DSN-validation DB immediately and returns nil instance.db; test replaces it with sqlmock DB separately deferred closed at114.
prometheus-community/postgres_exporter	e7e2095249dc369d943af1cef3d8c615228278ec	resourcelifetime	collector/collector_test.go:175:16	resourcelifetime/missing-release	false-positive	NewPostgresCollector calls newInstance, which opens DSN-validation DB and immediately closes it at instance.go43; returned instance.db is nil and test only inspects metadata, so no retained resource exists.
prometheus-community/postgres_exporter	e7e2095249dc369d943af1cef3d8c615228278ec	resourcelifetime	collector/collector_test.go:179:17	resourcelifetime/missing-release	false-positive	NewPostgresCollector calls newInstance, which opens DSN-validation DB and immediately closes it at instance.go43; returned instance.db is nil and test only inspects metadata, so no retained resource exists.
prometheus-community/postgres_exporter	e7e2095249dc369d943af1cef3d8c615228278ec	resourcelifetime	collector/collector_test.go:207:12	resourcelifetime/missing-release	false-positive	NewPostgresCollector calls newInstance, which opens DSN-validation DB and immediately closes it at instance.go43; returned instance.db is nil and test only inspects metadata, so no retained resource exists.
prometheus-community/postgres_exporter	e7e2095249dc369d943af1cef3d8c615228278ec	resourcelifetime	collector/collector_test.go:81:22	resourcelifetime/missing-release	false-positive	NewPostgresCollector calls newInstance, which opens DSN-validation DB and immediately closes it at instance.go43; returned instance.db is nil and test only inspects metadata, so no retained resource exists.
purpleidea/mgmt	eabde3bee2d336fbbb587bc1e179a3b43c5e05a1	lockorder	etcd/scheduler/scheduler.go:435:4	lockorder/missing-release	true-positive	schedulerMutex is held from400 when concurrency.NewSession fails at434; that branch returns without unlocking unlike subsequent normal release.
purpleidea/mgmt	eabde3bee2d336fbbb587bc1e179a3b43c5e05a1	processownership	engine/util/exec.go:59:12	processownership/missing-wait	true-positive	RunCmd starts child then returns on io.ReadAll(stderr) error before cmd.Wait; CommandContext cancellation does not reap it.
purpleidea/mgmt	eabde3bee2d336fbbb587bc1e179a3b43c5e05a1	processownership	lang/core/os/system.go:210:13	processownership/missing-wait	true-positive	SystemFunc starts shell, scans stdout/stderr in workers, and only waits worker goroutines; cmd.Wait or Process.Wait is never called, including replacement/cancellation.
purpleidea/mgmt	eabde3bee2d336fbbb587bc1e179a3b43c5e05a1	resourcelifetime	lang/funcs/funcgen/func.go:100:20	resourcelifetime/missing-release	true-positive	generateTemplate creates output file then returns template.Execute result without Close; Execute writes but does not take descriptor ownership.
purpleidea/mgmt	eabde3bee2d336fbbb587bc1e179a3b43c5e05a1	resourcelifetime	pgp/pgp.go:108:12	resourcelifetime/missing-release	true-positive	SaveKey serializes into bufio.Writer and flushes but never closes underlying opened file, on success or errors.
purpleidea/mgmt	eabde3bee2d336fbbb587bc1e179a3b43c5e05a1	resourcelifetime	pgp/pgp.go:155:12	resourcelifetime/missing-release	true-positive	createWriter wraps owned file in returned bufio.Writer, which exposes Flush but no Close; sole WriteFile caller flushes and cannot release underlying descriptor.
purpleidea/mgmt	eabde3bee2d336fbbb587bc1e179a3b43c5e05a1	resourcelifetime	util/tls.go:182:18	resourcelifetime/missing-release	true-positive	Certificate pem.Encode error returns before certOut.Close with no defer.
purpleidea/mgmt	eabde3bee2d336fbbb587bc1e179a3b43c5e05a1	resourcelifetime	util/tls.go:194:17	resourcelifetime/missing-release	true-positive	Private-key marshal or pem.Encode error returns before keyOut.Close with no defer.
rfjakob/gocryptfs	842af4463989ee6808d397433e9aba8517e49c89	deferinloop	internal/syscallcompat/getdents_test.go:72:3	deferinloop/cleanup-lifetime	true-positive	Four directory handles remain open across iterations until testGetdents returns. Bounded count lowers severity but the stated cleanup-lifetime hazard is present; no later use requires earlier descriptors.
rfjakob/gocryptfs	842af4463989ee6808d397433e9aba8517e49c89	deferinloop	tests/defaults/overlayfs_test.go:113:3	deferinloop/cleanup-lifetime	true-positive	Each of four opened directory handles is deferred until the whole test returns, though used only in its iteration.
rfjakob/gocryptfs	842af4463989ee6808d397433e9aba8517e49c89	deferinloop	tests/defaults/overlayfs_test.go:57:4	deferinloop/cleanup-lifetime	true-positive	Nested two-by-four test loops accumulate directory handles until function return; iteration-local readdir is their only use.
rfjakob/gocryptfs	842af4463989ee6808d397433e9aba8517e49c89	deferinloop	tests/reverse/one_file_system_test.go:64:3	deferinloop/cleanup-lifetime	true-positive	Directory handles accumulate for all discovered mountpoints; each is only needed for its iteration and no explicit early Close exists.
rfjakob/gocryptfs	842af4463989ee6808d397433e9aba8517e49c89	lockorder	internal/fusefrontend/file.go:429:5	lockorder/read-lock-write	false-positive	fdLock.RLock protects descriptor lifetime, not write metadata. Dominating fileTableEntry.ContentLock.Lock exclusively protects these fields and their only reads in isConsecutiveWrite; a distinct nested lock serializes access.
rfjakob/gocryptfs	842af4463989ee6808d397433e9aba8517e49c89	lockorder	internal/fusefrontend/file.go:430:5	lockorder/read-lock-write	false-positive	fdLock.RLock protects descriptor lifetime, not write metadata. Dominating fileTableEntry.ContentLock.Lock exclusively protects these fields and their only reads in isConsecutiveWrite; a distinct nested lock serializes access.
rfjakob/gocryptfs	842af4463989ee6808d397433e9aba8517e49c89	processownership	internal/readpassword/read.go:125:8	processownership/missing-wait	true-positive	After Start, readLineUnbuffered may return error, including a password exceeding 2048 bytes, before pipe.Close and cmd.Wait.
rfjakob/gocryptfs	842af4463989ee6808d397433e9aba8517e49c89	resourcelifetime	contrib/getdents-debug/readdirnames/readdirnames.go:49:12	resourcelifetime/missing-release	true-positive	Successful directory Open is read and abandoned without Close; main returning ends this utility but explicit resource obligation is unfulfilled.
rfjakob/gocryptfs	842af4463989ee6808d397433e9aba8517e49c89	resourcelifetime	fsck.go:79:12	resourcelifetime/missing-release	true-positive	Recursive directory traversal never closes successful directory Open, including Readdirnames error and abort paths; descriptors can accumulate across the tree.
rfjakob/gocryptfs	842af4463989ee6808d397433e9aba8517e49c89	resourcelifetime	internal/configfile/config_file.go:277:13	resourcelifetime/missing-release	true-positive	Write failure after successful OpenFile returns before fd.Close; no deferred cleanup covers that branch.
rfjakob/gocryptfs	842af4463989ee6808d397433e9aba8517e49c89	resourcelifetime	internal/speed/cpuinfo.go:32:12	resourcelifetime/missing-release	true-positive	Opened /proc/cpuinfo descriptor is never closed on ReadAll failure or successful model-name return.
rfjakob/gocryptfs	842af4463989ee6808d397433e9aba8517e49c89	resourcelifetime	tests/cli/cli_test.go:380:11	resourcelifetime/missing-release	false-positive	Test mounts the filesystem read-only before this deliberate os.Create failure probe; the read-only mount prevents successful descriptor acquisition.
rfjakob/gocryptfs	842af4463989ee6808d397433e9aba8517e49c89	resourcelifetime	tests/cluster/poc_test.go:178:14	resourcelifetime/missing-release	true-positive	FcntlFlock, WriteAt, and ReadAt failure paths return from writerThread before closing successfully opened file, including held advisory lock.
rfjakob/gocryptfs	842af4463989ee6808d397433e9aba8517e49c89	resourcelifetime	tests/reverse/inomap_test.go:15:13	resourcelifetime/missing-release	true-positive	Readdirnames failure returns before fd.Close after successful directory Open.
sethvargo/ratchet	a7ead07a89972fef4316ad196af18f87ac77bb97	resourcelifetime	internal/atomic/atomic.go:47:12	resourcelifetime/missing-release	true-positive	Atomic Write returns on io.Copy or f.Sync failure before f.Close; deferred os.Remove unlinks the temporary name but does not close its descriptor.
shenwei356/csvtk	b03bb06672f8b5b0b8a585fe766b3dffaf1c24a2	resourcelifetime	csvtk/cmd/helper.go:153:13	resourcelifetime/missing-release	true-positive	getFileListFromFile opens named list file then scans it without Close/defer or transferring it. Both normal return and scanner/check-file error returns abandon successful os.Open; stdin branch does not excuse named-file ownership.
shenwei356/rush	220d3bfcf665a59d990cee0fe575dd9d9e72e4f3	resourcelifetime	helper.go:44:15	resourcelifetime/missing-release	true-positive	checkVersion GETs release page and only examines final Request.URL; it never reads or closes response Body before returning.
shijuvar/gokit	4b5abbb8d4e6497a1eef211cb823c18b7977dde4	resourcelifetime	examples/bookmark-api/apputil/logger.go:60:12	resourcelifetime/missing-release	false-positive	SetLogLevel enabled branches pass file through initLog into global log.New output owners; disabled branch explicitly closes it. Current file is retained for ongoing logging.
shijuvar/gokit	4b5abbb8d4e6497a1eef211cb823c18b7977dde4	resourcelifetime	examples/testing/httptest/main_test.go:38:14	resourcelifetime/missing-release	true-positive	TestGetUsersWithServer receives body-bearing JSON user list and checks status without reading or closing Body; httptest server.Close does not release client response body.
shijuvar/gokit	4b5abbb8d4e6497a1eef211cb823c18b7977dde4	resourcelifetime	log/log.go:59:12	resourcelifetime/missing-release	false-positive	SetLogLevel transfers current file through initLog to global logger outputs in enabled cases and closes it in default case; no abandoned local descriptor.
sigstore/rekor	58b4638edf2c4f82c84a914cfbc4d0fc871035ae	cancellationownership	cmd/backfill-index/main.go:242:12	cancellationownership/release	false-positive	populate registers one command-wide signal context and is called once as main's final operation at 200; error is Fatal and success immediately ends main at 204. No repeated registration or post-command signal restoration lifecycle exists.
sigstore/rekor	58b4638edf2c4f82c84a914cfbc4d0fc871035ae	cancellationownership	cmd/cleanup-index/main.go:99:12	cancellationownership/release	false-positive	main registers its sole signal context for the remaining batchQueryAndDelete command; error exits via Fatal and success ends main. Registration deliberately lasts until unconditional process termination, not a recurring lifecycle.
sigstore/rekor	58b4638edf2c4f82c84a914cfbc4d0fc871035ae	cancellationownership	cmd/copy-index/main.go:145:12	cancellationownership/release	false-positive	doCopy creates one command-wide signal context and is invoked once as main's final operation at 105; error exits through Fatal and success ends main at 110. There is no later operation requiring signal-handler restoration.
sigstore/rekor	58b4638edf2c4f82c84a914cfbc4d0fc871035ae	concurrentcapture	cmd/backfill-index/main.go:323:7	concurrentcapture/shared-capture	true-positive	Concurrent errgroup workers increment shared runningInsertErrs and compare it to maxInsertErrors without synchronization; SetLimit permits configured parallel workers and Wait does not order their writes.
sigstore/rekor	58b4638edf2c4f82c84a914cfbc4d0fc871035ae	resourcelifetime	pkg/pki/factory_test.go:103:19	resourcelifetime/missing-release	true-positive	Test opens local fixture and feeds reader to key/signature parsing or verification without closing file; reviewed constructors copy/read data into parsed values, do not close or retain source-file ownership, and test has no deferred cleanup.
sigstore/rekor	58b4638edf2c4f82c84a914cfbc4d0fc871035ae	resourcelifetime	pkg/pki/factory_test.go:106:19	resourcelifetime/missing-release	true-positive	Test opens local fixture and feeds reader to key/signature parsing or verification without closing file; reviewed constructors copy/read data into parsed values, do not close or retain source-file ownership, and test has no deferred cleanup.
sigstore/rekor	58b4638edf2c4f82c84a914cfbc4d0fc871035ae	resourcelifetime	pkg/pki/minisign/minisign_test.go:114:17	resourcelifetime/missing-release	true-positive	Test opens local fixture and feeds reader to key/signature parsing or verification without closing file; reviewed constructors copy/read data into parsed values, do not close or retain source-file ownership, and test has no deferred cleanup.
sigstore/rekor	58b4638edf2c4f82c84a914cfbc4d0fc871035ae	resourcelifetime	pkg/pki/minisign/minisign_test.go:141:16	resourcelifetime/missing-release	true-positive	Test opens local fixture and feeds reader to key/signature parsing or verification without closing file; reviewed constructors copy/read data into parsed values, do not close or retain source-file ownership, and test has no deferred cleanup.
sigstore/rekor	58b4638edf2c4f82c84a914cfbc4d0fc871035ae	resourcelifetime	pkg/pki/minisign/minisign_test.go:213:21	resourcelifetime/missing-release	true-positive	Test opens local fixture and feeds reader to key/signature parsing or verification without closing file; reviewed constructors copy/read data into parsed values, do not close or retain source-file ownership, and test has no deferred cleanup.
sigstore/rekor	58b4638edf2c4f82c84a914cfbc4d0fc871035ae	resourcelifetime	pkg/pki/minisign/minisign_test.go:218:19	resourcelifetime/missing-release	true-positive	Test opens local fixture and feeds reader to key/signature parsing or verification without closing file; reviewed constructors copy/read data into parsed values, do not close or retain source-file ownership, and test has no deferred cleanup.
sigstore/rekor	58b4638edf2c4f82c84a914cfbc4d0fc871035ae	resourcelifetime	pkg/pki/minisign/minisign_test.go:223:19	resourcelifetime/missing-release	true-positive	Test opens local fixture and feeds reader to key/signature parsing or verification without closing file; reviewed constructors copy/read data into parsed values, do not close or retain source-file ownership, and test has no deferred cleanup.
sigstore/rekor	58b4638edf2c4f82c84a914cfbc4d0fc871035ae	resourcelifetime	pkg/pki/minisign/minisign_test.go:370:19	resourcelifetime/missing-release	true-positive	Test opens local fixture and feeds reader to key/signature parsing or verification without closing file; reviewed constructors copy/read data into parsed values, do not close or retain source-file ownership, and test has no deferred cleanup.
sigstore/rekor	58b4638edf2c4f82c84a914cfbc4d0fc871035ae	resourcelifetime	pkg/pki/minisign/minisign_test.go:379:19	resourcelifetime/missing-release	true-positive	Test opens local fixture and feeds reader to key/signature parsing or verification without closing file; reviewed constructors copy/read data into parsed values, do not close or retain source-file ownership, and test has no deferred cleanup.
sigstore/rekor	58b4638edf2c4f82c84a914cfbc4d0fc871035ae	resourcelifetime	pkg/pki/minisign/minisign_test.go:388:20	resourcelifetime/missing-release	true-positive	Test opens local fixture and feeds reader to key/signature parsing or verification without closing file; reviewed constructors copy/read data into parsed values, do not close or retain source-file ownership, and test has no deferred cleanup.
sigstore/rekor	58b4638edf2c4f82c84a914cfbc4d0fc871035ae	resourcelifetime	pkg/pki/minisign/minisign_test.go:405:16	resourcelifetime/missing-release	true-positive	Test opens local fixture and feeds reader to key/signature parsing or verification without closing file; reviewed constructors copy/read data into parsed values, do not close or retain source-file ownership, and test has no deferred cleanup.
sigstore/rekor	58b4638edf2c4f82c84a914cfbc4d0fc871035ae	resourcelifetime	pkg/pki/pgp/pgp_test.go:258:21	resourcelifetime/missing-release	true-positive	Test opens local fixture and feeds reader to key/signature parsing or verification without closing file; reviewed constructors copy/read data into parsed values, do not close or retain source-file ownership, and test has no deferred cleanup.
sigstore/rekor	58b4638edf2c4f82c84a914cfbc4d0fc871035ae	resourcelifetime	pkg/pki/pgp/pgp_test.go:263:19	resourcelifetime/missing-release	true-positive	Test opens local fixture and feeds reader to key/signature parsing or verification without closing file; reviewed constructors copy/read data into parsed values, do not close or retain source-file ownership, and test has no deferred cleanup.
sigstore/rekor	58b4638edf2c4f82c84a914cfbc4d0fc871035ae	resourcelifetime	pkg/pki/pgp/pgp_test.go:455:19	resourcelifetime/missing-release	true-positive	Test opens local fixture and feeds reader to key/signature parsing or verification without closing file; reviewed constructors copy/read data into parsed values, do not close or retain source-file ownership, and test has no deferred cleanup.
sigstore/rekor	58b4638edf2c4f82c84a914cfbc4d0fc871035ae	resourcelifetime	pkg/pki/pgp/pgp_test.go:464:20	resourcelifetime/missing-release	true-positive	Test opens local fixture and feeds reader to key/signature parsing or verification without closing file; reviewed constructors copy/read data into parsed values, do not close or retain source-file ownership, and test has no deferred cleanup.
sigstore/rekor	58b4638edf2c4f82c84a914cfbc4d0fc871035ae	resourcelifetime	pkg/pki/pgp/pgp_test.go:481:16	resourcelifetime/missing-release	true-positive	Test opens local fixture and feeds reader to key/signature parsing or verification without closing file; reviewed constructors copy/read data into parsed values, do not close or retain source-file ownership, and test has no deferred cleanup.
sigstore/rekor	58b4638edf2c4f82c84a914cfbc4d0fc871035ae	resourcelifetime	pkg/pki/pgp/pgp_test.go:87:16	resourcelifetime/missing-release	true-positive	Test opens local fixture and feeds reader to key/signature parsing or verification without closing file; reviewed constructors copy/read data into parsed values, do not close or retain source-file ownership, and test has no deferred cleanup.
sigstore/rekor	58b4638edf2c4f82c84a914cfbc4d0fc871035ae	resourcelifetime	pkg/pki/tuf/tuf_test.go:124:16	resourcelifetime/missing-release	true-positive	Test opens local fixture and feeds reader to key/signature parsing or verification without closing file; reviewed constructors copy/read data into parsed values, do not close or retain source-file ownership, and test has no deferred cleanup.
sigstore/rekor	58b4638edf2c4f82c84a914cfbc4d0fc871035ae	resourcelifetime	pkg/pki/tuf/tuf_test.go:159:20	resourcelifetime/missing-release	true-positive	Test opens local fixture and feeds reader to key/signature parsing or verification without closing file; reviewed constructors copy/read data into parsed values, do not close or retain source-file ownership, and test has no deferred cleanup.
sigstore/rekor	58b4638edf2c4f82c84a914cfbc4d0fc871035ae	resourcelifetime	pkg/pki/tuf/tuf_test.go:213:19	resourcelifetime/missing-release	true-positive	Test opens local fixture and feeds reader to key/signature parsing or verification without closing file; reviewed constructors copy/read data into parsed values, do not close or retain source-file ownership, and test has no deferred cleanup.
sigstore/rekor	58b4638edf2c4f82c84a914cfbc4d0fc871035ae	resourcelifetime	pkg/pki/tuf/tuf_test.go:222:19	resourcelifetime/missing-release	true-positive	Test opens local fixture and feeds reader to key/signature parsing or verification without closing file; reviewed constructors copy/read data into parsed values, do not close or retain source-file ownership, and test has no deferred cleanup.
sigstore/rekor	58b4638edf2c4f82c84a914cfbc4d0fc871035ae	resourcelifetime	pkg/pki/tuf/tuf_test.go:243:16	resourcelifetime/missing-release	true-positive	Test opens local fixture and feeds reader to key/signature parsing or verification without closing file; reviewed constructors copy/read data into parsed values, do not close or retain source-file ownership, and test has no deferred cleanup.
sigstore/rekor	58b4638edf2c4f82c84a914cfbc4d0fc871035ae	resourcelifetime	pkg/pki/tuf/tuf_test.go:63:16	resourcelifetime/missing-release	true-positive	Test opens local fixture and feeds reader to key/signature parsing or verification without closing file; reviewed constructors copy/read data into parsed values, do not close or retain source-file ownership, and test has no deferred cleanup.
sigstore/rekor	58b4638edf2c4f82c84a914cfbc4d0fc871035ae	resourcelifetime	pkg/types/tuf/v0.0.1/entry.go:311:26	resourcelifetime/missing-release	true-positive	CreateFromArtifactProperties opens local artifactReader and reads all bytes without ever closing reader on error or success; returned entry contains parsed data, not file owner.
sigstore/rekor	58b4638edf2c4f82c84a914cfbc4d0fc871035ae	resourcelifetime	pkg/util/fetch.go:40:16	resourcelifetime/missing-release	true-positive	FileOrURLReadCloser returns non-2xx error before transferring resp.Body to caller and without Close; successful transfer does not cover error response path.
simonwhitaker/gibo	9cafe7ef2d303757a4b68808fe1cc02987e276bc	resourcelifetime	utils/utils.go:112:12	resourcelifetime/missing-release	true-positive	Gitignore file is opened and copied to stdout, then function returns without Close; io.Copy consumes bytes but does not close input file.
smallnest/goclaw	e05c79d44dee419bdf1ac9d8d441de1a47397c80	lockorder	gateway/openclaw/broadcast.go:109:2	lockorder/mismatched-release	true-positive	BroadcastToConnIDs acquires bm.mu.RLock but defers bm.mu.Unlock rather than RUnlock; wrong RWMutex release mode. Partial scan, source finding reviewed.
smallnest/goclaw	e05c79d44dee419bdf1ac9d8d441de1a47397c80	lockorder	providers/oauth/manager.go:87:3	lockorder/read-lock-write	true-positive	GetCredentials holds m.mu.RLock then writes m.credentials map after refresh; concurrent reader calls can mutate map together. StoreCredentials correctly uses exclusive lock, confirming shared guard identity.
smartxworks/virtink	a0cbe18c496b8634163916c28d94e038df489690	resourcelifetime	pkg/daemon/vm_controller.go:136:25	resourcelifetime/missing-release	true-positive	VM reconciliation opens vm-config.json and JSON-decodes it without Close; decode failure and subsequent normal setup returns abandon descriptor. Decoded VmConfig owns data, not file.
smartxworks/virtink	a0cbe18c496b8634163916c28d94e038df489690	resourcelifetime	pkg/daemon/vm_controller.go:876:12	resourcelifetime/missing-release	true-positive	getMountInfos opens proc mountinfo and passes io.Reader to parser returning records; no Close/defer or returned file owner. Parser reader contract cannot release original descriptor.
sourcegraph/zoekt	153817f643cde8b229ee388c1dddbcf07f4798af	resourcelifetime	cmd/zoekt-indexserver/config.go:108:18	resourcelifetime/missing-release	true-positive	watchFile returns on watcher.Add failure without closing the newly created fsnotify watcher; successful goroutine ownership does not cover this pre-launch error.
sourcegraph/zoekt	153817f643cde8b229ee388c1dddbcf07f4798af	resourcelifetime	cmd/zoekt-sourcegraph-indexserver/cleanup_test.go:132:18	resourcelifetime/missing-release	true-positive	TestCleanup creates temporary marker files and discards each returned handle; later unlink and TempDir cleanup do not close descriptors.
sourcegraph/zoekt	153817f643cde8b229ee388c1dddbcf07f4798af	resourcelifetime	cmd/zoekt-sourcegraph-indexserver/cleanup_test.go:216:13	resourcelifetime/missing-release	true-positive	TestRemoveStaleShardFiles discards os.Create handles for every fixture; removing stale paths does not close the open descriptors.
sourcegraph/zoekt	153817f643cde8b229ee388c1dddbcf07f4798af	resourcelifetime	cmd/zoekt-sourcegraph-indexserver/merge_test.go:35:13	resourcelifetime/missing-release	true-positive	TestHasMultipleShards discards each created fixture handle with no Close or cleanup registration.
sourcegraph/zoekt	153817f643cde8b229ee388c1dddbcf07f4798af	resourcelifetime	cmd/zoekt-test/main.go:106:12	resourcelifetime/missing-release	true-positive	Pattern file is opened and passed to bufio.Scanner, then function returns without closing it on searcher failure, search failure, or successful scan; scanner does not own Close.
sourcegraph/zoekt	153817f643cde8b229ee388c1dddbcf07f4798af	resourcelifetime	index/merge.go:60:12	resourcelifetime/missing-release	true-positive	builderWriteAll returns on f.Chmod failure before installing its deferred f.Close, leaking the temporary file descriptor on that error path.
sourcegraph/zoekt	153817f643cde8b229ee388c1dddbcf07f4798af	resourcelifetime	internal/json/json_test.go:185:12	resourcelifetime/missing-release	true-positive	Search endpoint test posts JSON and only checks status, never closes response body; successful handler returns encoded search results, and httptest server Close does not release the client body.
sourcegraph/zoekt	153817f643cde8b229ee388c1dddbcf07f4798af	resourcelifetime	search/watcher.go:230:18	resourcelifetime/missing-release	true-positive	DirectoryWatcher.watch returns on watcher.Add error before goroutine startup; later watcher.Close under s.quit is unreachable on this error path.
sourcegraph/zoekt	153817f643cde8b229ee388c1dddbcf07f4798af	resourcelifetime	web/e2e_test.go:701:14	resourcelifetime/missing-release	true-positive	getHttpStatusCode returns status without reading or closing response body; callers include invalid ctx queries answered with http.Error text at server.go:301, so these are body-bearing responses.
stacktower-io/stacktower	69ff07430089898cc79af381f6e0c3a927a7d149	processownership	internal/cli/auth_device.go:118:12	processownership/missing-wait	false-positive	openBrowser intentionally detaches browser launcher and calls cmd.Process.Release when nonnil. Successful Cmd.Start guarantees Process is set, so apparent no-release nil branch is infeasible. Documented check accepts released intentional browser launches; no project-name exemption needed.
tensorchord/envd	c5e6fd54eb111453ced50fe6fac1c16a506d7d62	concurrentcapture	pkg/builder/build.go:257:6	concurrentcapture/shared-capture	false-positive	Go1.25.1 range uses per-iteration entry. Docker worker alone mutates that entry; logger and switch read it before launch, sibling loading worker never captures entry, and default branch helper runs only on mutually exclusive switch alternative. Loop iterations do not share this variable under declared Go version.
tensorchord/envd	c5e6fd54eb111453ced50fe6fac1c16a506d7d62	producerlifecycle	pkg/app/run.go:248:6	producerlifecycle/abandoned-send	true-positive	Forwarding worker sends error on unbuffered outputChannel, but caller receives once among multiple forwarding/attach producers or returns earlier if startSyncthing fails. A later forwarding error has no receiver.
tensorchord/envd	c5e6fd54eb111453ced50fe6fac1c16a506d7d62	producerlifecycle	pkg/app/run.go:255:6	producerlifecycle/abandoned-send	true-positive	Second forwarding worker may send after another producer supplied sole received result; caller returns without draining/canceling this send. startSyncthing failure can also abandon all workers.
tensorchord/envd	c5e6fd54eb111453ced50fe6fac1c16a506d7d62	producerlifecycle	pkg/app/run.go:262:6	producerlifecycle/abandoned-send	true-positive	RemoteForward worker sends error to channel with only one caller receive shared across several workers; competing result or early setup failure strands this send.
tensorchord/envd	c5e6fd54eb111453ced50fe6fac1c16a506d7d62	producerlifecycle	pkg/app/run.go:277:4	producerlifecycle/abandoned-send	true-positive	Attach error send may lose sole receiver to forwarding error; even if consumed, same worker then unconditionally sends nil after caller has returned.
tensorchord/envd	c5e6fd54eb111453ced50fe6fac1c16a506d7d62	producerlifecycle	pkg/app/run.go:281:3	producerlifecycle/abandoned-send	true-positive	Attach worker sends nil after its error send; on Attach failure caller consumes error and exits, guaranteeing final nil send blocks. Competing producer can also consume receiver on success.
tensorchord/envd	c5e6fd54eb111453ced50fe6fac1c16a506d7d62	producerlifecycle	pkg/envd/envdserver.go:199:5	producerlifecycle/abandoned-send	true-positive	Per-port forwarding goroutine sends to unbuffered outputChannel consumed only once; Attach or another forwarding result can make caller return before this send. Deferred SSH close does not receive blocked channel send.
tensorchord/envd	c5e6fd54eb111453ced50fe6fac1c16a506d7d62	producerlifecycle	pkg/envd/envdserver.go:206:4	producerlifecycle/abandoned-send	true-positive	Attach error producer competes with forwarding workers for one receive and then attempts a second nil send; no cancellation/drain protects either send.
tensorchord/envd	c5e6fd54eb111453ced50fe6fac1c16a506d7d62	producerlifecycle	pkg/envd/envdserver.go:208:3	producerlifecycle/abandoned-send	true-positive	Final nil send follows conditional error send from same goroutine; when Attach errors, caller consumes first result and returns, leaving this second unbuffered send blocked.
tensorchord/envd	c5e6fd54eb111453ced50fe6fac1c16a506d7d62	resourcelifetime	pkg/ssh/config/ssh_config.go:253:15	resourcelifetime/missing-release	true-positive	writeToFilepath creates tempfile but config.writeTo failure returns before temp.Close. Deferred os.Remove deletes name, not descriptor.
tensorchord/envd	c5e6fd54eb111453ced50fe6fac1c16a506d7d62	resourcelifetime	pkg/syncthing/client.go:79:15	resourcelifetime/missing-release	true-positive	Syncthing HTTP helper rejects non200 status before registering deferred Body.Close, leaking response on service-error path.
tensorchord/envd	c5e6fd54eb111453ced50fe6fac1c16a506d7d62	resourcelifetime	pkg/util/fileutil/file.go:112:11	resourcelifetime/missing-release	true-positive	CreateIfNotExist discards successful os.Create handle and returns nil without closing it.
tensorchord/envd	c5e6fd54eb111453ced50fe6fac1c16a506d7d62	resourcelifetime	pkg/util/ziputil/unzip.go:129:19	resourcelifetime/missing-release	true-positive	Unzip opens output then f.Open may fail and return before outFile.Close. Happy-path explicit closes do not cover input-entry open failure.
terraform-docs/terraform-docs	b17ec1bebe08758be2110de4894742bdae515e17	resourcelifetime	internal/reader/lines.go:34:12	resourcelifetime/missing-release	true-positive	Successful Open followed by Stat error or an empty file returns before deferred Close is installed.
testcontainers/testcontainers-go	096293a2dfd3067dae1c4921ad1f5e45e879dc91	deferinloop	docker_test.go:1550:3	deferinloop/cleanup-lifetime	true-positive	Per-file destination Close is deferred across directory loop though each io.Copy/readback finishes in same iteration.
testcontainers/testcontainers-go	096293a2dfd3067dae1c4921ad1f5e45e879dc91	deferinloop	modulegen/main_test.go:551:4	deferinloop/cleanup-lifetime	true-positive	Source reader Close deferred across nested documentation-copy loops despite being consumed wholly in current iteration.
testcontainers/testcontainers-go	096293a2dfd3067dae1c4921ad1f5e45e879dc91	deferinloop	modulegen/main_test.go:555:4	deferinloop/cleanup-lifetime	true-positive	Destination writer Close deferred across nested documentation-copy loops although current iteration finishes its copy.
testcontainers/testcontainers-go	096293a2dfd3067dae1c4921ad1f5e45e879dc91	resourcelifetime	container_file_test.go:20:12	resourcelifetime/missing-release	true-positive	Fixture file is retained only in local validation table; Validate checks fields without Close or transfer to durable owner and test never closes file.
testcontainers/testcontainers-go	096293a2dfd3067dae1c4921ad1f5e45e879dc91	resourcelifetime	docker_test.go:142:11	resourcelifetime/missing-release	true-positive	Nginx port-endpoint HTTP response is discarded without closing body.
testcontainers/testcontainers-go	096293a2dfd3067dae1c4921ad1f5e45e879dc91	resourcelifetime	docker_test.go:148:11	resourcelifetime/missing-release	true-positive	Second host:8080 Nginx HTTP response is discarded without closing body.
testcontainers/testcontainers-go	096293a2dfd3067dae1c4921ad1f5e45e879dc91	resourcelifetime	docker_test.go:83:11	resourcelifetime/missing-release	true-positive	Nginx response is discarded without Body.Close; container cleanup is not client-response cleanup.
testcontainers/testcontainers-go	096293a2dfd3067dae1c4921ad1f5e45e879dc91	resourcelifetime	docker_test.go:846:9	resourcelifetime/missing-release	true-positive	MappedPort example discards body-bearing Nginx response; deferred container termination does not close client Body.
testcontainers/testcontainers-go	096293a2dfd3067dae1c4921ad1f5e45e879dc91	resourcelifetime	file_test.go:174:14	resourcelifetime/missing-release	true-positive	Tar extraction returns on io.Copy error before explicit per-file Close.
testcontainers/testcontainers-go	096293a2dfd3067dae1c4921ad1f5e45e879dc91	resourcelifetime	logconsumer_test.go:102:11	resourcelifetime/missing-release	false-positive	Request hits testdata/echoserver.go echoHandler, which logs echo to stdout/stderr and only WriteHeader202, no response body. Default http.Get has no timeout wrapper; canonical empty response has no live body resource.
testcontainers/testcontainers-go	096293a2dfd3067dae1c4921ad1f5e45e879dc91	resourcelifetime	logconsumer_test.go:105:11	resourcelifetime/missing-release	false-positive	Request hits testdata/echoserver.go echoHandler, which logs echo to stdout/stderr and only WriteHeader202, no response body. Default http.Get has no timeout wrapper; canonical empty response has no live body resource.
testcontainers/testcontainers-go	096293a2dfd3067dae1c4921ad1f5e45e879dc91	resourcelifetime	logconsumer_test.go:158:11	resourcelifetime/missing-release	false-positive	Request hits testdata/echoserver.go echoHandler, which logs echo to stdout/stderr and only WriteHeader202, no response body. Default http.Get has no timeout wrapper; canonical empty response has no live body resource.
testcontainers/testcontainers-go	096293a2dfd3067dae1c4921ad1f5e45e879dc91	resourcelifetime	logconsumer_test.go:161:11	resourcelifetime/missing-release	false-positive	Request hits testdata/echoserver.go echoHandler, which logs echo to stdout/stderr and only WriteHeader202, no response body. Default http.Get has no timeout wrapper; canonical empty response has no live body resource.
testcontainers/testcontainers-go	096293a2dfd3067dae1c4921ad1f5e45e879dc91	resourcelifetime	logconsumer_test.go:164:11	resourcelifetime/missing-release	false-positive	Request hits testdata/echoserver.go echoHandler, which logs echo to stdout/stderr and only WriteHeader202, no response body. Default http.Get has no timeout wrapper; canonical empty response has no live body resource.
testcontainers/testcontainers-go	096293a2dfd3067dae1c4921ad1f5e45e879dc91	resourcelifetime	logconsumer_test.go:208:11	resourcelifetime/missing-release	false-positive	Request hits testdata/echoserver.go echoHandler, which logs echo to stdout/stderr and only WriteHeader202, no response body. Default http.Get has no timeout wrapper; canonical empty response has no live body resource.
testcontainers/testcontainers-go	096293a2dfd3067dae1c4921ad1f5e45e879dc91	resourcelifetime	logconsumer_test.go:211:11	resourcelifetime/missing-release	false-positive	Request hits testdata/echoserver.go echoHandler, which logs echo to stdout/stderr and only WriteHeader202, no response body. Default http.Get has no timeout wrapper; canonical empty response has no live body resource.
testcontainers/testcontainers-go	096293a2dfd3067dae1c4921ad1f5e45e879dc91	resourcelifetime	logconsumer_test.go:416:11	resourcelifetime/missing-release	false-positive	Request hits testdata/echoserver.go echoHandler, which logs echo to stdout/stderr and only WriteHeader202, no response body. Default http.Get has no timeout wrapper; canonical empty response has no live body resource.
testcontainers/testcontainers-go	096293a2dfd3067dae1c4921ad1f5e45e879dc91	resourcelifetime	logconsumer_test.go:419:11	resourcelifetime/missing-release	false-positive	Request hits testdata/echoserver.go echoHandler, which logs echo to stdout/stderr and only WriteHeader202, no response body. Default http.Get has no timeout wrapper; canonical empty response has no live body resource.
testcontainers/testcontainers-go	096293a2dfd3067dae1c4921ad1f5e45e879dc91	resourcelifetime	logconsumer_test.go:422:11	resourcelifetime/missing-release	false-positive	Request hits testdata/echoserver.go echoHandler, which logs echo to stdout/stderr and only WriteHeader202, no response body. Default http.Get has no timeout wrapper; canonical empty response has no live body resource.
testcontainers/testcontainers-go	096293a2dfd3067dae1c4921ad1f5e45e879dc91	resourcelifetime	logconsumer_test.go:558:11	resourcelifetime/missing-release	false-positive	Request hits testdata/echoserver.go echoHandler, which logs echo to stdout/stderr and only WriteHeader202, no response body. Default http.Get has no timeout wrapper; canonical empty response has no live body resource.
testcontainers/testcontainers-go	096293a2dfd3067dae1c4921ad1f5e45e879dc91	resourcelifetime	logconsumer_test.go:561:11	resourcelifetime/missing-release	false-positive	Request hits testdata/echoserver.go echoHandler, which logs echo to stdout/stderr and only WriteHeader202, no response body. Default http.Get has no timeout wrapper; canonical empty response has no live body resource.
testcontainers/testcontainers-go	096293a2dfd3067dae1c4921ad1f5e45e879dc91	resourcelifetime	logconsumer_test.go:589:11	resourcelifetime/missing-release	false-positive	Request hits testdata/echoserver.go echoHandler, which logs echo to stdout/stderr and only WriteHeader202, no response body. Default http.Get has no timeout wrapper; canonical empty response has no live body resource.
testcontainers/testcontainers-go	096293a2dfd3067dae1c4921ad1f5e45e879dc91	resourcelifetime	logconsumer_test.go:592:11	resourcelifetime/missing-release	false-positive	Request hits testdata/echoserver.go echoHandler, which logs echo to stdout/stderr and only WriteHeader202, no response body. Default http.Get has no timeout wrapper; canonical empty response has no live body resource.
testcontainers/testcontainers-go	096293a2dfd3067dae1c4921ad1f5e45e879dc91	resourcelifetime	logconsumer_test.go:99:11	resourcelifetime/missing-release	false-positive	Request hits testdata/echoserver.go echoHandler, which logs echo to stdout/stderr and only WriteHeader202, no response body. Default http.Get has no timeout wrapper; canonical empty response has no live body resource.
timescale/tigerfs	96d41a9fc6bef00739c4c93a3ce3913312f13bf5	lockorder	internal/tigerfs/nfs/ops_filesystem.go:1301:11	lockorder/read-lock-write	true-positive	memFile.Read writes shared cached.lastActivity while holding only cached.mu.RLock. Shared cached object is explicitly reused in write mode; concurrent readers are not serialized.
timescale/tigerfs	96d41a9fc6bef00739c4c93a3ce3913312f13bf5	lockorder	internal/tigerfs/nfs/ops_filesystem.go:1326:11	lockorder/read-lock-write	true-positive	memFile.ReadAt mutates cached.lastActivity under RLock, permitting concurrent shared-cache timestamp writes. Read-only private buffer branch is separate and not reported.
tsaikd/gogstash	49cf379a400b406b49da52ccbdabd427d5a88264	processownership	main_test.go:38:12	processownership/missing-wait	true-positive	TestProgramTermination starts subprocess and sends SIGINT but never Waits or Releases it. Sleeping100ms and enumerating/killing child PIDs do not reap the direct command; error exits also lack command cleanup.
tsaikd/gogstash	49cf379a400b406b49da52ccbdabd427d5a88264	resourcelifetime	filter/geoip2/filtergeoip2.go:94:17	resourcelifetime/missing-release	true-positive	InitHandler opens GeoIP reader into local conf then lru.New or fsnotify.NewWatcher failure returns nil,error without closing reader or returning owner; successful retained conf does not cover setup failures.
tsaikd/gogstash	49cf379a400b406b49da52ccbdabd427d5a88264	resourcelifetime	filter/lookuptable/lookup.go:76:19	resourcelifetime/missing-release	true-positive	InitHandler opens lookup file into conf, then invalid CacheSize can make lru.New fail and return nil,error without closing or returning conf. Success returns owner but error branch leaks.
tus/tusd	c9d174d0e20c69f24e9785d2f639df4da1c4fdc5	deferinloop	pkg/filelocker/filelocker.go:131:3	deferinloop/cleanup-lifetime	true-positive	Each ErrBusy retry creates another requestReleaseFile descriptor and defers its Close until Lock returns. Repeated contention accumulates descriptors across polling iterations; close can happen immediately after signaling file creation.
tus/tusd	c9d174d0e20c69f24e9785d2f639df4da1c4fdc5	goroutineownership	pkg/s3store/s3store_part_producer_test.go:34:2	goroutineownership/unjoined	false-positive	newS3PartProducer returns producer plus exact files channel; test ranges that channel until produce closes it. Worker also selects t.Context cancellation on send, bounding fatal-test exit. Returned aggregate/channel alias hides actual completion consumption.
tus/tusd	c9d174d0e20c69f24e9785d2f639df4da1c4fdc5	resourcelifetime	internal/e2e/e2e_test.go:108:13	resourcelifetime/missing-release	true-positive	PATCH response is never closed. Expected 204 has NoBody, but a feasible non-204 server response with an error body reaches t.Fatalf before any Close. Unlike fake transport cases this performs real HTTP and explicitly handles unexpected status.
tus/tusd	c9d174d0e20c69f24e9785d2f639df4da1c4fdc5	resourcelifetime	internal/e2e/e2e_test.go:316:11	resourcelifetime/missing-release	false-positive	TestUnexpectedNetworkClose configures upstream limit_data toxic to terminate a 50KB upload after 10KB, deliberately expecting EOF/reset rather than a successful response. Subsequent HEAD response is deferred closed; missing response at forced network-failure call is not an acquired resource.
tus/tusd	c9d174d0e20c69f24e9785d2f639df4da1c4fdc5	resourcelifetime	pkg/filestore/filestore.go:324:15	resourcelifetime/missing-release	true-positive	createFile closes only after successful Write; a content write error returns immediately without closing successful initial OpenFile. Error path can occur for disk-full or I/O failures.
tus/tusd	c9d174d0e20c69f24e9785d2f639df4da1c4fdc5	resourcelifetime	pkg/filestore/filestore.go:335:16	resourcelifetime/missing-release	true-positive	After creating missing parent directory and successfully retrying OpenFile, a content Write error returns before file.Close, leaking the retry-acquired descriptor.
vmware/govmomi	f621178aa667761021673d64430b751e8352823c	goroutineownership	property/example_test.go:142:3	goroutineownership/unjoined	true-positive	Parent can return on power/filter errors or timeout; deferred cancel makes WaitForUpdatesEx return error then worker unconditionally sends it to unbuffered chanResult with no receiver.
vmware/govmomi	f621178aa667761021673d64430b751e8352823c	goroutineownership	vim25/progress/aggregator_test.go:28:3	goroutineownership/unjoined	false-positive	Accepted upstream sink is drained by Aggregator.loop until producer closes it; parent Done waits aggregator wg after draining. Test consumes expected reports before Done, causally covering producer completion.
vmware/govmomi	f621178aa667761021673d64430b751e8352823c	goroutineownership	vim25/progress/aggregator_test.go:51:2	goroutineownership/unjoined	false-positive	Accepted upstream sink is drained by Aggregator.loop until producer closes it; parent Done waits aggregator wg after draining. Test consumes expected reports before Done, causally covering producer completion.
vmware/govmomi	f621178aa667761021673d64430b751e8352823c	goroutineownership	vim25/progress/prefix.go:37:3	goroutineownership/unjoined	false-positive	Returns upstream input channel to caller; caller owns sending/closing it, which terminates forwarding worker and closes downstream sink. This is transferred stream lifecycle, not abandoned local worker.
vmware/govmomi	f621178aa667761021673d64430b751e8352823c	goroutineownership	vim25/progress/scale.go:27:2	goroutineownership/unjoined	false-positive	Returns upstream input channel to caller; caller owns sending/closing it, which terminates forwarding worker and closes downstream sink. This is transferred stream lifecycle, not abandoned local worker.
vmware/govmomi	f621178aa667761021673d64430b751e8352823c	goroutineownership	vim25/progress/scale_test.go:18:4	goroutineownership/unjoined	false-positive	Accepted upstream sink is drained by Aggregator.loop until producer closes it; parent Done waits aggregator wg after draining. Test consumes expected reports before Done, causally covering producer completion.
vmware/govmomi	f621178aa667761021673d64430b751e8352823c	goroutineownership	vim25/progress/tee.go:14:3	goroutineownership/unjoined	false-positive	Returns upstream input channel to caller; caller owns sending/closing it, which terminates forwarding worker and closes downstream sink. This is transferred stream lifecycle, not abandoned local worker.
vmware/govmomi	f621178aa667761021673d64430b751e8352823c	processownership	simulator/container.go:176:11	processownership/missing-wait	true-positive	copyFromGuest starts docker exec then returns on tar.Next error before cmd.Wait, leaving started child unreaped.
vmware/govmomi	f621178aa667761021673d64430b751e8352823c	producerlifecycle	simulator/property_collector_test.go:598:6	producerlifecycle/abandoned-send	false-positive	Filter contains one VM runtime.powerState; fixture produces initial enter then one caller-commanded state change. Caller receives enter and modify separately and worker returns on modify; generic repeated-send loop heuristic ignores bounded event protocol.
vmware/govmomi	f621178aa667761021673d64430b751e8352823c	resourcelifetime	ovf/importer/archive.go:129:12	resourcelifetime/missing-release	true-positive	OpenLocal returns nil on f.Stat error before closing opened file; successful returned-reader transfer does not cover Stat failure.
vmware/govmomi	f621178aa667761021673d64430b751e8352823c	resourcelifetime	simulator/datastore_test.go:484:14	resourcelifetime/missing-release	true-positive	Loop never closes GET bodies. dcName=nope is not findDatastore's dcPath parameter, so it falls through to FileServer on missing dst path and gets body-bearing404, unlike dsName failure's empty404.
vmware/govmomi	f621178aa667761021673d64430b751e8352823c	resourcelifetime	simulator/simulator_test.go:455:14	resourcelifetime/missing-release	false-positive	Exact fixture ServeSDK path writes only405 for GET or400 for injected readAll error; no body is written, and default client has no timeout wrapper.
vmware/govmomi	f621178aa667761021673d64430b751e8352823c	resourcelifetime	simulator/simulator_test.go:468:13	resourcelifetime/missing-release	false-positive	Exact fixture ServeSDK path writes only405 for GET or400 for injected readAll error; no body is written, and default client has no timeout wrapper.
vmware/govmomi	f621178aa667761021673d64430b751e8352823c	resourcelifetime	vmdk/import.go:310:12	resourcelifetime/missing-release	true-positive	Import returns on lease.Upload error before f.Close; upload wraps file in non-closing progress reader, so HTTP request closure does not release underlying file.
vmware/govmomi	f621178aa667761021673d64430b751e8352823c	resourcelifetime	vmdk/import.go:73:12	resourcelifetime/missing-release	true-positive	Stat returns on Seek or f.Stat error before explicit f.Close, without deferred close.
vmware/govmomi	f621178aa667761021673d64430b751e8352823c	resourcelifetime	vmdk/writer_test.go:270:19	resourcelifetime/missing-release	false-positive	Both literal table entries have wantErr=false; test always reaches require.NoError then writer.Close. Hypothetical wantErr=true branch is absent from executed table.
vouch/vouch-proxy	2f720ec2cce3a825b6261d941b4149b77f2a5592	resourcelifetime	pkg/cfg/cfg.go:631:12	resourcelifetime/missing-release	true-positive	Key loader opens PEM file then ReadAll and parsing return key/error without closing file; returned cryptographic key does not retain file ownership.
vouch/vouch-proxy	2f720ec2cce3a825b6261d941b4149b77f2a5592	resourcelifetime	pkg/cfg/cfg.go:664:12	resourcelifetime/missing-release	true-positive	Key loader opens PEM file then ReadAll and parsing return key/error without closing file; returned cryptographic key does not retain file ownership.
vulcand/oxy	f591234524745d095279d47c4169ddd13c2e60c3	resourcelifetime	forward/example_test.go:137:15	resourcelifetime/missing-release	true-positive	Successful client response has no Body.Close on this path. Closing the httptest server does not discharge client-body ownership; nearby loop responses close different response instances.
vulcand/oxy	f591234524745d095279d47c4169ddd13c2e60c3	resourcelifetime	forward/example_test.go:25:15	resourcelifetime/missing-release	true-positive	Successful client response has no Body.Close on this path. Closing the httptest server does not discharge client-body ownership; nearby loop responses close different response instances.
vulcand/oxy	f591234524745d095279d47c4169ddd13c2e60c3	resourcelifetime	forward/example_test.go:63:15	resourcelifetime/missing-release	true-positive	Successful client response has no Body.Close on this path. Closing the httptest server does not discharge client-body ownership; nearby loop responses close different response instances.
vulcand/oxy	f591234524745d095279d47c4169ddd13c2e60c3	resourcelifetime	forward/example_test.go:95:15	resourcelifetime/missing-release	true-positive	Successful client response has no Body.Close on this path. Closing the httptest server does not discharge client-body ownership; nearby loop responses close different response instances.
vulcand/oxy	f591234524745d095279d47c4169ddd13c2e60c3	resourcelifetime	forward/fwd_test.go:23:15	resourcelifetime/missing-release	true-positive	Successful client response has no Body.Close on this path. Closing the httptest server does not discharge client-body ownership; nearby loop responses close different response instances.
vulcand/oxy	f591234524745d095279d47c4169ddd13c2e60c3	resourcelifetime	roundrobin/stickysessions_test.go:188:15	resourcelifetime/missing-release	true-positive	Successful client response has no Body.Close on this path. Closing the httptest server does not discharge client-body ownership; nearby loop responses close different response instances.
vulcand/oxy	f591234524745d095279d47c4169ddd13c2e60c3	resourcelifetime	roundrobin/stickysessions_test.go:391:15	resourcelifetime/missing-release	true-positive	Successful client response has no Body.Close on this path. Closing the httptest server does not discharge client-body ownership; nearby loop responses close different response instances.
vulcand/oxy	f591234524745d095279d47c4169ddd13c2e60c3	resourcelifetime	roundrobin/stickysessions_test.go:460:15	resourcelifetime/missing-release	true-positive	Successful client response has no Body.Close on this path. Closing the httptest server does not discharge client-body ownership; nearby loop responses close different response instances.
wallarm/api-firewall	8ed75e4ca7dc66998265a0cac3d32acd2f167211	deferinloop	cmd/api-firewall/tests/main_api_mode_test.go:633:4	deferinloop/cleanup-lifetime	true-positive	createForm defers each file Close across entire form loop although io.Copy consumes its contents within current iteration; handles accumulate unnecessarily.
wallarm/api-firewall	8ed75e4ca7dc66998265a0cac3d32acd2f167211	resourcelifetime	cmd/api-firewall/internal/handlers/graphql/run.go:69:12	resourcelifetime/missing-release	false-positive	GraphQL Run explicitly closes schema file after validation; every earlier parser/validator error invokes zerolog.Fatal().Msgf, terminating process before nominal return. No normal live error path abandons descriptor.
wallarm/api-firewall	8ed75e4ca7dc66998265a0cac3d32acd2f167211	resourcelifetime	internal/platform/allowiplist/allowiplist.go:61:12	resourcelifetime/missing-release	true-positive	Allowlist New closes file only at successful end; scanner error or cache construction error returns first without Close.
wallarm/api-firewall	8ed75e4ca7dc66998265a0cac3d32acd2f167211	resourcelifetime	internal/platform/denylist/denylist.go:35:12	resourcelifetime/missing-release	true-positive	Denylist New closes file only at successful end; either scanner error, Seek error, or cache construction error returns without Close.
weave-os/router	4d6eae13407a5aaf533d4f62517e14332ecc055c	resourcelifetime	cmd/router-gateway/main_test.go:52:22	resourcelifetime/missing-release	false-positive	Synctest table early return only for60s request deadline versus121s server delay, guaranteeing timeout/no response;600s success branch defers Body.Close. Transport closes idle connections and worker is joined on both branches; runtime deadline correlation is outside simple guard model.
yandex-cloud/geesefs	dd847771b29b26f3246edaf3227acbc430f4548d	concurrentcapture	core/backend_azblob.go:675:6	concurrentcapture/shared-capture	true-positive	DeleteBlobs workers concurrently assign shared deleteError while launching caller also reads it before deferred wg.Wait; SmallActionsGate capacity100 does not serialize access.
yandex-cloud/geesefs	dd847771b29b26f3246edaf3227acbc430f4548d	concurrentcapture	core/backend_gcs3.go:138:5	concurrentcapture/shared-capture	true-positive	DeleteBlobs launches a worker per key and each failure writes overallErr without synchronization; final wg.Wait orders caller only, not competing writes.
yandex-cloud/geesefs	dd847771b29b26f3246edaf3227acbc430f4548d	concurrentcapture	core/goofys_common_test.go:143:5	concurrentcapture/shared-capture	true-positive	deleteBlobsParallelly permits ten workers and shares err assignments with other workers and loop reads; semaphore bounds concurrency but does not serialize error access.
yandex-cloud/geesefs	dd847771b29b26f3246edaf3227acbc430f4548d	concurrentcapture	core/goofys_common_test.go:402:5	concurrentcapture/shared-capture	true-positive	setupBlobs permits ten concurrent uploads, each writes shared globalErr on failure; final semaphore drain does not order competing worker writes.
yandex-cloud/geesefs	dd847771b29b26f3246edaf3227acbc430f4548d	lockorder	core/file.go:1972:2	lockorder/missing-release	false-positive	SetAttributes locks iff any of five pointer parameters is nonnil at1901, and unlocks under identical condition at1968; parameters are unchanged and all intervening error returns explicitly unlock.
yandex-cloud/geesefs	dd847771b29b26f3246edaf3227acbc430f4548d	resourcelifetime	core/backend_azblob.go:90:15	resourcelifetime/missing-release	false-positive	Policy returns pipeline.NewHTTPResponse(r); azure-pipeline-go v0.2.3 pipeline/response.go:28 stores exact response in returned wrapper, transferring Body ownership to pipeline caller.
yandex-cloud/geesefs	dd847771b29b26f3246edaf3227acbc430f4548d	resourcelifetime	core/backend_s3.go:148:15	resourcelifetime/missing-release	false-positive	TryIAM assigns outer resp in GCP/AWS branches, then rejects error or nil and defers resp.Body.Close whenever nonnil at160; merged branch assignment is covered.
yandex-cloud/geesefs	dd847771b29b26f3246edaf3227acbc430f4548d	resourcelifetime	core/cfg/logger.go:37:16	resourcelifetime/missing-release	false-positive	initFileLoggers stores file in every retained global loggers entry Out; map is already nonempty because package var log calls GetLogger(main), which inserts it. Stream is retained for ongoing logging.
yandex-cloud/geesefs	dd847771b29b26f3246edaf3227acbc430f4548d	resourcelifetime	core/goofys_fs_test.go:501:12	resourcelifetime/missing-release	false-positive	Test closes previous fh then reassigns it; deferred closure at483 intentionally reads fh at return and closes the newly opened descriptor.
yandex-cloud/geesefs	dd847771b29b26f3246edaf3227acbc430f4548d	resourcelifetime	core/goofys_unix_test.go:579:11	resourcelifetime/missing-release	inconclusive	Negative filesystem test expects os.IsNotExist after remote deletion, invalidation and500ms sleep. Intended path opens no handle, but asynchronous refresh timing could still allow success; source does not establish a definite leak or deterministic failure.
yandex-cloud/k8s-csi-s3	cd2d29f0e655e30812c75fa5fb4c212cc04631b4	goroutineownership	pkg/s3/client.go:147:2	goroutineownership/unjoined	false-positive	objectsCh is passed to minio v7.0.100 RemoveObjects and caller drains its result channel; dependency ranges input before closing result. Client context is Background. Early listErr return occurs only after worker assigned error and is itself returning; invalid bucket also makes ListObjects return an error without object sends. Separate listErr data race is not evidence of unjoined-worker lifecycle bug.
yandex-cloud/k8s-csi-s3	cd2d29f0e655e30812c75fa5fb4c212cc04631b4	resourcelifetime	pkg/mounter/s3fs.go:52:17	resourcelifetime/missing-release	true-positive	writes3fsPass closes pwFile only after successful WriteString. Write error returns immediately after successful OpenFile without closing descriptor.
zmap/zgrab2	a1231792c51576f1818825fae51db042b4dcd41e	deferinloop	lib/http/fs_test.go:1153:4	deferinloop/cleanup-lifetime	true-positive	Each test-table file stays open until the enclosing function returns, beyond both GET/HEAD uses of its own iteration.
zmap/zgrab2	a1231792c51576f1818825fae51db042b4dcd41e	deferinloop	lib/ssh/knownhosts/knownhosts.go:425:3	deferinloop/cleanup-lifetime	true-positive	All known-hosts input files remain open until New finishes; each db.Read finishes consuming its file within its iteration.
zmap/zgrab2	a1231792c51576f1818825fae51db042b4dcd41e	goroutineownership	lib/http/serve_test.go:4031:3	goroutineownership/unjoined	true-positive	Request-body io.Copy error returns from handler before closing pw or receiving done; launched io.Copy can remain blocked reading pr.
zmap/zgrab2	a1231792c51576f1818825fae51db042b4dcd41e	goroutineownership	lib/http2/transport_test.go:5914:2	goroutineownership/unjoined	false-positive	Worker performs one io.Pipe write then closes pipe and completion channel. RoundTrip consumes request body, or cleanupWriteRequest closes that exact reader on unsupported-connect/error; either releases writer. Supported case reads full echoed body. Unused explicit done channel is not a leaking worker.
zmap/zgrab2	a1231792c51576f1818825fae51db042b4dcd41e	goroutineownership	lib/http2/transport_test.go:5950:2	goroutineownership/unjoined	false-positive	Worker performs one io.Pipe write then closes pipe and completion channel. RoundTrip consumes request body, or cleanupWriteRequest closes that exact reader on unsupported-connect/error; either releases writer. Supported case reads full echoed body. Unused explicit done channel is not a leaking worker.
zmap/zgrab2	a1231792c51576f1818825fae51db042b4dcd41e	producerlifecycle	conn_timeout_test.go:265:3	producerlifecycle/abandoned-send	true-positive	Two goroutines send on one unbuffered done but parent receives at most once; on normal client completion the delayed timeout sender blocks forever.
zmap/zgrab2	a1231792c51576f1818825fae51db042b4dcd41e	resourcelifetime	lib/http/response_test.go:673:9	resourcelifetime/missing-release	false-positive	gzip.Writer is acquired exactly when test.compressed and explicitly type-asserted/closed under the same unchanged guard after writes; alternative is a plain buffer/chunk writer. Conditional cleanup correlation is missed.
zmap/zgrab2	a1231792c51576f1818825fae51db042b4dcd41e	resourcelifetime	lib/http/transfer_test.go:120:13	resourcelifetime/missing-release	true-positive	CreateTemp succeeds before io.CopyN/Seek; either error returns nil cleanup before the returned done closure is created, leaking the descriptor.
zmap/zgrab2	a1231792c51576f1818825fae51db042b4dcd41e	resourcelifetime	lib/http/transport_test.go:6189:13	resourcelifetime/missing-release	true-positive	CreateTemp succeeds before io.CopyN/Seek; either error returns nil cleanup before the returned done closure is created, leaking the descriptor.
zuoyebang/bitalostored	6150692f5a7991115c461b7f54e60fa8b8c2b5ed	concurrentcapture	butils/math2/math_test.go:31:5	concurrentcapture/shared-capture	true-positive	Million launched workers increment same trueCount without atomic/mutex; fixed sleep neither synchronizes increments with each other nor establishes completion before read.
zuoyebang/bitalostored	6150692f5a7991115c461b7f54e60fa8b8c2b5ed	resourcelifetime	butils/mmap/mmap.go:60:16	resourcelifetime/missing-release	true-positive	MMap.Open stores opened file in local owner, but Truncate or Map failure returns nil/error without closing it; owner transfers only on success.
zuoyebang/bitalostored	6150692f5a7991115c461b7f54e60fa8b8c2b5ed	resourcelifetime	dashboard/internal/utils/ding.go:34:14	resourcelifetime/missing-release	true-positive	SendDingding ReadAll ignores read error and returns parse/API result without Close; partial response read error leaves body obligation unfulfilled.
zuoyebang/bitalostored	6150692f5a7991115c461b7f54e60fa8b8c2b5ed	resourcelifetime	proxy/internal/dashboard/api_client.go:102:19	resourcelifetime/missing-release	true-positive	Second PUT response is neither read nor closed on non-200 or successful return; existing defer closes different login response.
zuoyebang/bitalostored	6150692f5a7991115c461b7f54e60fa8b8c2b5ed	resourcelifetime	proxy/internal/dashboard/api_client.go:62:14	resourcelifetime/missing-release	true-positive	ModelFE returns on non-200 or decode failure and success without closing response body; model return does not transfer response.
zuoyebang/bitalostored	6150692f5a7991115c461b7f54e60fa8b8c2b5ed	resourcelifetime	proxy/internal/dashboard/api_client.go:93:15	resourcelifetime/missing-release	true-positive	OnlineProxyFE returns for non-200 login response before deferred resp.Body.Close is installed.
