# repository	revision	analyzer	position	checks	verdict	reason
89luca89/lilipod	872755a7cef33c238ea2d11b2310b3116944eb48	processownership	cmd/rootless_helper.go:79:9	processownership/missing-wait	true-positive	parent starts its child and returns without cmd.Wait when setupUIDGIDMap fails, leaving the child unreaped on that path (cmd/rootless_helper.go:79-98).
89luca89/lilipod	872755a7cef33c238ea2d11b2310b3116944eb48	resourcelifetime	cmd/logs.go:68:11	resourcelifetime/missing-release	true-positive	The os.Create result for current-logs is discarded; a second Open gets a different descriptor that is closed, so the created descriptor is never closed (cmd/logs.go:68-79).
89luca89/lilipod	872755a7cef33c238ea2d11b2310b3116944eb48	resourcelifetime	pkg/containerutils/rootfs_utils.go:92:15	resourcelifetime/missing-release	true-positive	The cgroup.procs file is created and written with fmt.Fprint but setupCgroups returns without closing it (rootfs_utils.go:92-99).
89luca89/lilipod	872755a7cef33c238ea2d11b2310b3116944eb48	resourcelifetime	pkg/fileutils/file_utils.go:153:12	resourcelifetime/missing-release	true-positive	CopyFileContainer creates a destination file and discards its handle before Stat and WriteFile; no Close is possible for that descriptor (file_utils.go:153-165).
89luca89/lilipod	872755a7cef33c238ea2d11b2310b3116944eb48	resourcelifetime	pkg/procutils/proc_utils.go:379:12	resourcelifetime/missing-release	true-positive	RunDetached creates or truncates logfile and discards the returned file descriptor before setting up pipes; the descriptor is never closed (proc_utils.go:379-391).
89luca89/lilipod	872755a7cef33c238ea2d11b2310b3116944eb48	resourcelifetime	ptyagent/pty.go:135:24	resourcelifetime/missing-release	false-positive	termios.Pty returns master/slave files, both stored in the returned *pty aggregate (pty.go:135-145); pty.Terminate closes both (pty.go:60-72), and callers receive this owner (ptyagent/main.go:24-85).
C-Loftus/QuickPiperAudiobook	9b18ae019c6ec38cbc2c1dc51be92764b234e842	resourcelifetime	internal/binarymanagers/ebookConvert/client.go:36:24	resourcelifetime/missing-release	true-positive	ConvertToText creates tmpOutputFile and eventually opens a second handle to return, but never closes the original temp-file descriptor on success or error (client.go:36-75).
C-Loftus/QuickPiperAudiobook	9b18ae019c6ec38cbc2c1dc51be92764b234e842	resourcelifetime	internal/binarymanagers/ffmpeg/concat.go:31:21	resourcelifetime/missing-release	true-positive	ConcatMp3s opens concatFile and closes it only after looping over sections; an Abs, duration, or write error returns with the descriptor open (concat.go:31-66).
C-Loftus/QuickPiperAudiobook	9b18ae019c6ec38cbc2c1dc51be92764b234e842	resourcelifetime	internal/binarymanagers/ffmpeg/concat.go:37:23	resourcelifetime/missing-release	true-positive	ConcatMp3s opens metadataFile, but it closes only when generateMetadataFile succeeds; earlier section errors and metadata writes leave it open (concat.go:37-71, 90-126).
C-Loftus/QuickPiperAudiobook	9b18ae019c6ec38cbc2c1dc51be92764b234e842	resourcelifetime	internal/binarymanagers/ffmpeg/fromPiper_test.go:26:15	resourcelifetime/missing-release	true-positive	Integration test creates MP3 temp file, defers only Remove of its pathname, and never closes the original descriptor (fromPiper_test.go:26-35).
C-Loftus/QuickPiperAudiobook	9b18ae019c6ec38cbc2c1dc51be92764b234e842	resourcelifetime	internal/root.go:212:18	resourcelifetime/missing-release	true-positive	processWithoutChapters opens rawFile and passes it to ConvertToText, which copies from its input without closing it; no later Close occurs on success or error (root.go:211-232; ebookConvert/client.go:27-75).
DataDog/kafka-kit	e8eb36fb0312c0314905797da296cf63ad37eafc	cancellationownership	cluster/zookeeper/locking_test.go:15:13	cancellationownership/release	true-positive	Policy-only: TestLock explicitly discards its WithTimeout cancel function (`_ = cf`), retaining timer resources until the one-second deadline (locking_test.go:13-26). Repository scan is incomplete.
DataDog/kafka-kit	e8eb36fb0312c0314905797da296cf63ad37eafc	cancellationownership	cluster/zookeeper/locking_test.go:29:13	cancellationownership/release	true-positive	Policy-only: TestLockSameOwner explicitly discards its WithTimeout cancel function, retaining timer resources until the three-second deadline (locking_test.go:27-41). Repository scan is incomplete.
DataDog/kafka-kit	e8eb36fb0312c0314905797da296cf63ad37eafc	cancellationownership	cluster/zookeeper/locking_test.go:45:13	cancellationownership/release	true-positive	Policy-only: TestUnlock explicitly discards its WithTimeout cancel function, retaining timer resources until the three-second deadline (locking_test.go:43-59). Repository scan is incomplete.
DataDog/kafka-kit	e8eb36fb0312c0314905797da296cf63ad37eafc	cancellationownership	cluster/zookeeper/locking_test.go:63:13	cancellationownership/release	true-positive	Policy-only: TestExpireLockAhead explicitly discards its WithTimeout cancel function, retaining timer resources until the sixty-second deadline (locking_test.go:61-76). Repository scan is incomplete.
Edgio/vflow	811977722a7ce0671f798f734fc0fb36714ac2ec	resourcelifetime	vflow/options.go:229:12	resourcelifetime/missing-release	true-positive	vFlowPIDWrite opens PID file, writes process ID, and returns without ever closing f (vflow/options.go:228-239).
GoogleContainerTools/container-structure-test	875db30c6e599f4bc4e6345998b194b56335b385	resourcelifetime	internal/pkgutil/tar_utils.go:105:21	resourcelifetime/missing-release	true-positive	Tar extraction creates currFile, but Chmod or io.Copy error returns before currFile.Close at line119 (internal/pkgutil/tar_utils.go:104-120).
Kamva/mgm	34dcf71d6d4301671871fd4a467b45e5897aeb49	cancellationownership	connection.go:28:17	cancellationownership/release	true-positive	NewCtx intentionally discards context.WithTimeout cancel and returns only ctx, preventing caller from releasing timer resources promptly; the timeout duration is configurable and the check contract flags lost cancel on normal return (connection.go:23-30).
Shopify/go-lua	1e37f32ad7d05bbd4bb74254669bfe6f1f916b4c	resourcelifetime	auxiliary.go:499:15	resourcelifetime/missing-release	true-positive	loadFile opens f but skipComment error returns at lines504-506 before the explicit Close at lines512-514 (auxiliary.go:499-514).
Shopify/go-lua	1e37f32ad7d05bbd4bb74254669bfe6f1f916b4c	resourcelifetime	dump_test.go:23:15	resourcelifetime/missing-release	true-positive	TestUndumpThenDumpReturnsTheSameFunction opens the binary test file and passes it to undump without any file.Close in the test (dump_test.go:23-45).
Shopify/go-lua	1e37f32ad7d05bbd4bb74254669bfe6f1f916b4c	resourcelifetime	io.go:54:14	resourcelifetime/missing-release	false-positive	forceOpen assigns opened file to a Lua userdata stream; newFile installs its close callback calling s.f.Close and ioFileHelper stores the stream in the Lua registry, transferring ownership to Lua file-handle API (io.go:30-39,50-74).
Shopify/go-lua	1e37f32ad7d05bbd4bb74254669bfe6f1f916b4c	resourcelifetime	undump_test.go:55:15	resourcelifetime/missing-release	true-positive	TestUndump opens the binary test file and passes it to undump without any file.Close in the test (undump_test.go:55-83).
Shopify/themekit	15f87c238b1fd65c55868a23f2d7014b22e0c528	deferinloop	src/file/filter.go:86:3	deferinloop/cleanup-lifetime	true-positive	filesToPatterns opens each input file and defers Close inside an unbounded loop, retaining every opened descriptor until the function returns (src/file/filter.go:79-99).
Shopify/themekit	15f87c238b1fd65c55868a23f2d7014b22e0c528	resourcelifetime	cmd/theme/main.go:21:13	resourcelifetime/missing-release	true-positive	CPU profile file is created and passed to pprof.StartCPUProfile; only StopCPUProfile is deferred, with no Close on f before main returns (cmd/theme/main.go:19-44).
Shopify/themekit	15f87c238b1fd65c55868a23f2d7014b22e0c528	resourcelifetime	src/ratelimiter/rate_limiter.go:52:15	resourcelifetime/missing-release	true-positive	On HTTP 429, GateReq recursively retries instead of returning resp, but never closes the discarded response body (src/ratelimiter/rate_limiter.go:52-60).
Shopify/themekit	15f87c238b1fd65c55868a23f2d7014b22e0c528	resourcelifetime	src/release/platform.go:20:12	resourcelifetime/missing-release	true-positive	buildPlatform closes f only after ReadAll and u.File both succeed; either earlier error returns with the opened descriptor still live (src/release/platform.go:20-40).
Skyscanner/turbolift	d4af02aacd9a9a016e1389ec71f8a3cc7057b10c	resourcelifetime	cmd/foreach/foreach_test.go:349:11	resourcelifetime/missing-release	true-positive	Test setUpSymlink creates mock_output/successful/repos.txt and discards the opened *os.File, never closing that descriptor (foreach_test.go:349-358).
Skyscanner/turbolift	d4af02aacd9a9a016e1389ec71f8a3cc7057b10c	resourcelifetime	cmd/foreach/foreach_test.go:353:11	resourcelifetime/missing-release	true-positive	Test setUpSymlink creates mock_output/failed/repos.txt and discards the opened *os.File, never closing that descriptor (foreach_test.go:349-358).
Skyscanner/turbolift	d4af02aacd9a9a016e1389ec71f8a3cc7057b10c	resourcelifetime	cmd/init/init.go:105:17	resourcelifetime/missing-release	true-positive	applyTemplate creates output readme then returns from Parse or Execute errors, or success, without closing that file (init.go:104-121).
SunBK201/UA3F	7a3869714df6b46af7b1a52287e6560d4bfbd6ba	lockorder	internal/statistics/conn.go:127:5	lockorder/read-lock-write	true-positive	Dump appends into receiver-owned dumpRecords while holding only RLock; concurrent Dump calls can run together and mutate that slice and dumpWriter (conn.go:112-141).
SunBK201/UA3F	7a3869714df6b46af7b1a52287e6560d4bfbd6ba	lockorder	internal/statistics/pass.go:124:5	lockorder/read-lock-write	true-positive	Dump appends into receiver-owned dumpRecords under RLock, which permits another Dump to mutate the same slice concurrently (pass.go:109-138).
SunBK201/UA3F	7a3869714df6b46af7b1a52287e6560d4bfbd6ba	lockorder	internal/statistics/rewrite.go:115:5	lockorder/read-lock-write	true-positive	Dump appends into receiver-owned dumpRecords under RLock, which permits another Dump to mutate the same slice concurrently (rewrite.go:100-129).
Threadfin/Threadfin	6b9c0ccf16164eb362af0a44660228267734c5aa	deferinloop	src/internal/imgcache/cache.go:127:4	deferinloop/cleanup-lifetime	true-positive	Image cache loops over arbitrary Queue and defers each created file Close inside the loop, retaining descriptors until Caching returns; response bodies are similarly deferred per iteration (cache.go:100-141).
Threadfin/Threadfin	6b9c0ccf16164eb362af0a44660228267734c5aa	resourcelifetime	src/internal/up2date/client/client.go:101:15	resourcelifetime/missing-release	true-positive	Second updater client.Do response is closed only after StatusCode==200; non-OK status returns at lines107-110 before the deferred Body.Close at line114 (client.go:101-114).
Threadfin/Threadfin	6b9c0ccf16164eb362af0a44660228267734c5aa	resourcelifetime	src/internal/up2date/client/client.go:85:16	resourcelifetime/missing-release	true-positive	First redirect-probe client.Do response is never closed before resp is overwritten by the second client.Do; even redirect-error path with nonnil resp only reads its header (client.go:85-101).
Threadfin/Threadfin	6b9c0ccf16164eb362af0a44660228267734c5aa	resourcelifetime	src/update.go:50:16	resourcelifetime/missing-release	true-positive	GitHub release http.Get response Body is read but never closed before JSON-error return or later processing (src/update.go:50-65).
XiaoMengXinX/Music163bot-Go	964495135114103f8fb3522d6cbb4205cc4598b5	concurrentcapture	bot/bot.go:232:6	concurrentcapture/shared-capture	true-positive	Inline help goroutine assigns enclosing err while the updates loop can launch other inline workers and read/write the same err without synchronization (bot/bot.go:94-97,227-259).
XiaoMengXinX/Music163bot-Go	964495135114103f8fb3522d6cbb4205cc4598b5	concurrentcapture	bot/bot.go:239:6	concurrentcapture/shared-capture	true-positive	Inline search goroutine assigns enclosing err while the updates loop can launch other inline workers and read/write the same err without synchronization (bot/bot.go:94-97,227-259).
XiaoMengXinX/Music163bot-Go	964495135114103f8fb3522d6cbb4205cc4598b5	concurrentcapture	bot/bot.go:248:7	concurrentcapture/shared-capture	true-positive	Inline music goroutine assigns enclosing err while the updates loop can launch other inline workers and read/write the same err without synchronization (bot/bot.go:94-97,227-259).
XiaoMengXinX/Music163bot-Go	964495135114103f8fb3522d6cbb4205cc4598b5	resourcelifetime	bot/musicRecognize.go:43:14	resourcelifetime/missing-release	true-positive	Downloaded voice HTTP response Body is copied to local file but never closed, including on copy error (musicRecognize.go:43-58).
XiaoMengXinX/Music163bot-Go	964495135114103f8fb3522d6cbb4205cc4598b5	resourcelifetime	bot/musicRecognize.go:49:15	resourcelifetime/missing-release	true-positive	Voice cache output file is closed only after io.Copy succeeds; copy error returns at lines54-56 with file still open (musicRecognize.go:49-58).
XiaoMengXinX/Music163bot-Go	964495135114103f8fb3522d6cbb4205cc4598b5	resourcelifetime	bot/musicRecognize.go:71:18	resourcelifetime/missing-release	true-positive	Recognized MP3 file is opened, read into newBuf, and never closed before function return (musicRecognize.go:71-85).
XiaoMengXinX/Music163bot-Go	964495135114103f8fb3522d6cbb4205cc4598b5	resourcelifetime	bot/pic.go:20:15	resourcelifetime/missing-release	true-positive	resizeImg closes file only after ReadAll and image decode succeed; either earlier error path returns with the opened descriptor (bot/pic.go:20-41).
adhocteam/pushup	c66ad90b854029a305b0e99f21d5ad9389fda9ce	resourcelifetime	compiler.go:101:12	resourcelifetime/missing-release	true-positive	The generated support file is closed only after t.Execute succeeds; the Execute error return leaves the successfully created os.File open (compiler.go:101-109).
adhocteam/pushup	c66ad90b854029a305b0e99f21d5ad9389fda9ce	resourcelifetime	main.go:789:12	resourcelifetime/missing-release	true-positive	The generated main file is closed only after t.Execute succeeds; the Execute error return leaves the successfully created os.File open (main.go:789-797).
ajayd-san/gomanagedocker	16e5c1252cf110a7dcf797c99cde57106a20cdda	resourcelifetime	config/config_test.go:52:18	resourcelifetime/missing-release	true-positive	Config test creates a temp file on each loop iteration and defers only Remove of its pathname; it writes to the descriptor but never closes it (config/config_test.go:51-64). Repository scan was incomplete due dependency download failure, but this reported finding has direct source evidence.
alcideio/rbac-tool	a0b8c036b90b8ed31de9ff1fcef854312f52c418	resourcelifetime	pkg/audit/event_reader.go:64:17	resourcelifetime/missing-release	false-positive	openStreams closes non-200 response bodies, but appends successful resp.Body to returned []io.ReadCloser; ReadAuditEvents passes that slice to readStreams, whose per-source worker defers r.Close (event_reader.go:33-46,64-72,122,140-150). Exact resource is transferred to reader ownership.
alecthomas/go_serialization_benchmarks	833ed64040c12f8c50981530e047bb789ea9d3d5	resourcelifetime	benchmark.go:99:12	resourcelifetime/missing-release	true-positive	Report writer closes f only after all Write calls; any earlier Write error returns with the file open (benchmark.go:99-115).
andybalholm/brotli	eede31285845c44ddf1e333dfd896bc7d44696ac	goroutineownership	brotli_test.go:268:2	goroutineownership/unjoined	true-positive	readerWithTimeout launches a reader worker that sends on an unbuffered channel; timeout return at lines275-276 leaves a late worker blocked forever on that send (brotli_test.go:262-277).
anthdm/hollywood	b57d10b09004d546dc59310be8bb39e547b06846	goroutineownership	actor/engine_test.go:326:2	goroutineownership/unjoined	inconclusive	The test already completed wg.Wait then launches a second goroutine that waits on the now-zero group and closes done; a 20ms timeout can return before that short waiter is scheduled, but whether this test-only timeout violates the intended completion policy is unclear (engine_test.go:314-337).
anthdm/superkit	e7f8e0aad3e935ac5fb9824aee79ad4f377eee2a	lockorder	event/event.go:104:3	lockorder/read-lock-write	true-positive	subscribe initializes e.subs[topic] while holding only e.mu.RLock, allowing concurrent readers/writers of the same map (event/event.go:93-108). Repository scan was incomplete due dependency errors.
anthdm/superkit	e7f8e0aad3e935ac5fb9824aee79ad4f377eee2a	lockorder	event/event.go:107:2	lockorder/read-lock-write	true-positive	subscribe appends to e.subs[topic] while holding only e.mu.RLock, allowing concurrent readers/writers of the same map (event/event.go:93-108). Repository scan was incomplete due dependency errors.
anthdm/superkit	e7f8e0aad3e935ac5fb9824aee79ad4f377eee2a	lockorder	event/event.go:117:3	lockorder/read-lock-write	true-positive	unsubscribe assigns e.subs[sub.Topic] while holding only e.mu.RLock, allowing concurrent readers/writers of the same map (event/event.go:112-123). Repository scan was incomplete due dependency errors.
anthdm/superkit	e7f8e0aad3e935ac5fb9824aee79ad4f377eee2a	lockorder	event/event.go:122:3	lockorder/read-lock-write	true-positive	unsubscribe deletes e.subs[sub.Topic] while holding only e.mu.RLock, allowing concurrent readers/writers of the same map (event/event.go:112-123). Repository scan was incomplete due dependency errors.
arminc/clair-scanner	6fed6b5c363cd178c991eaf5604c1b179a9ed586	deferinloop	utils.go:83:3	deferinloop/cleanup-lifetime	true-positive	untar defers each extracted output file Close inside an unbounded tar-entry loop, retaining handles until the entire archive completes (utils.go:53-88).
arminc/clair-scanner	6fed6b5c363cd178c991eaf5604c1b179a9ed586	resourcelifetime	main.go:133:16	resourcelifetime/missing-release	inconclusive	logo.Open file is wrapped in logo.NewReceiver and returned inside a long-lived logger; local source does not establish whether that external logger owns or later closes the file (main.go:128-142).
arminc/clair-scanner	6fed6b5c363cd178c991eaf5604c1b179a9ed586	resourcelifetime	server.go:47:17	resourcelifetime/missing-release	true-positive	Polling loop http.Get response is never closed, whether status is OK and function returns or status is not OK and next iteration starts (server.go:38-59).
azimjohn/jprq	3c10e2520411495814ac99411a4dbef57aeeffa8	resourcelifetime	cli/config.go:37:19	resourcelifetime/missing-release	true-positive	Load returns on a non-200 HTTP response at line38-40 before registering response.Body.Close at line41 (cli/config.go:37-46).
azimjohn/jprq	3c10e2520411495814ac99411a4dbef57aeeffa8	resourcelifetime	cli/config.go:63:15	resourcelifetime/missing-release	true-positive	Write opens config file, writes contents, and returns without ever closing file, including after a successful write (cli/config.go:63-70).
bazelbuild/bazel-watcher	ed00d96be0ce5b01aa2c43abbcd29172d4573091	lockorder	internal/ibazel/profiler/profiler.go:295:3	lockorder/missing-release	true-positive	remoteEvent acquires i.lock and returns immediately if iterationReloadTriggered is false, skipping the later Unlock (profiler.go:292-306).
bazelbuild/bazel-watcher	ed00d96be0ce5b01aa2c43abbcd29172d4573091	nilargument	internal/e2e/example_client/example_client.go:96:2	nilargument/dereferenced-nil	false-positive	SetUp constructs IBazelTester with nonnil t, then Run initializes stdoutBuffer in runUnverified before DetectServerParameters accesses both fields (example_client.go:82-96; ibazel.go:38-50, 440-471).
bazelbuild/bazel-watcher	ed00d96be0ce5b01aa2c43abbcd29172d4573091	resourcelifetime	cmd/ibazel/main.go:178:19	resourcelifetime/missing-release	false-positive	main gives the opened log file to NewWriterLogger, which stores the writer, then SetLogger installs that wrapper in a package global for process-lifetime logging (main.go:172-182; internal/ibazel/log/log.go:20-22, 160-162).
bazelbuild/bazel-watcher	ed00d96be0ce5b01aa2c43abbcd29172d4573091	resourcelifetime	internal/bazel/bazel.go:57:18	resourcelifetime/missing-release	true-positive	bazelNpmPath opens a candidate directory and calls Readdirnames but never closes the directory handle before returning or continuing (bazel.go:57-64).
bazelbuild/bazel-watcher	ed00d96be0ce5b01aa2c43abbcd29172d4573091	resourcelifetime	internal/bazel/bazel_test.go:128:15	resourcelifetime/missing-release	true-positive	Test creates bazel-linux_x64 fixture file and discards the returned os.File, never closing its descriptor (bazel_test.go:128-141).
bazelbuild/bazel-watcher	ed00d96be0ce5b01aa2c43abbcd29172d4573091	resourcelifetime	internal/bazel/bazel_test.go:131:15	resourcelifetime/missing-release	true-positive	Test creates bazel-linux_arm64 fixture file and discards the returned os.File, never closing its descriptor (bazel_test.go:128-141).
bazelbuild/bazel-watcher	ed00d96be0ce5b01aa2c43abbcd29172d4573091	resourcelifetime	internal/bazel/bazel_test.go:134:15	resourcelifetime/missing-release	true-positive	Test creates bazel-windows_x64 fixture file and discards the returned os.File, never closing its descriptor (bazel_test.go:128-141).
bazelbuild/bazel-watcher	ed00d96be0ce5b01aa2c43abbcd29172d4573091	resourcelifetime	internal/bazel/bazel_test.go:137:15	resourcelifetime/missing-release	true-positive	Test creates bazel-darwin_x64 fixture file and discards the returned os.File, never closing its descriptor (bazel_test.go:128-141).
bazelbuild/bazel-watcher	ed00d96be0ce5b01aa2c43abbcd29172d4573091	resourcelifetime	internal/bazel/bazel_test.go:140:15	resourcelifetime/missing-release	true-positive	Test creates bazel-darwin_arm64 fixture file and discards the returned os.File, never closing its descriptor (bazel_test.go:128-141).
bazelbuild/bazel-watcher	ed00d96be0ce5b01aa2c43abbcd29172d4573091	resourcelifetime	internal/bazel/bazel_test.go:176:15	resourcelifetime/missing-release	true-positive	Test creates bazelisk-linux_amd64 fixture file and discards the returned os.File, never closing its descriptor (bazel_test.go:176-189).
bazelbuild/bazel-watcher	ed00d96be0ce5b01aa2c43abbcd29172d4573091	resourcelifetime	internal/bazel/bazel_test.go:179:15	resourcelifetime/missing-release	true-positive	Test creates bazelisk-linux_arm64 fixture file and discards the returned os.File, never closing its descriptor (bazel_test.go:176-189).
bazelbuild/bazel-watcher	ed00d96be0ce5b01aa2c43abbcd29172d4573091	resourcelifetime	internal/bazel/bazel_test.go:182:15	resourcelifetime/missing-release	true-positive	Test creates bazelisk-windows_amd64 fixture file and discards the returned os.File, never closing its descriptor (bazel_test.go:176-189).
bazelbuild/bazel-watcher	ed00d96be0ce5b01aa2c43abbcd29172d4573091	resourcelifetime	internal/bazel/bazel_test.go:185:15	resourcelifetime/missing-release	true-positive	Test creates bazelisk-darwin_amd64 fixture file and discards the returned os.File, never closing its descriptor (bazel_test.go:176-189).
bazelbuild/bazel-watcher	ed00d96be0ce5b01aa2c43abbcd29172d4573091	resourcelifetime	internal/bazel/bazel_test.go:188:15	resourcelifetime/missing-release	true-positive	Test creates bazelisk-darwin_arm64 fixture file and discards the returned os.File, never closing its descriptor (bazel_test.go:176-189).
bjesus/pipet	684bbbffdca7080323a46bf9811d2426eb2058da	resourcelifetime	utils/utils_test.go:22:10	resourcelifetime/missing-release	true-positive	TestFileExists creates a temp file and defers only Remove of its pathname; the open descriptor f is never closed (utils/utils_test.go:20-26).
bleenco/abstruse	39de5c2b0e8d93d8b402d8df504fc327a37ec4ba	processownership	tests/e2e/e2e.go:79:12	processownership/missing-wait	false-positive	startAbstruse saves Process globally; main always kills saved children via killProcesses then immediately os.Exit, so no long-lived parent persists to accumulate unreaped children (e2e.go:30-51,77-84,120-125). Repository scan incomplete due dependencies.
bleenco/abstruse	39de5c2b0e8d93d8b402d8df504fc327a37ec4ba	resourcelifetime	pkg/tlsutil/certgen.go:104:17	resourcelifetime/missing-release	true-positive	Key file is opened, then pem.Encode failure returns before keyOut.Close at line115, losing the descriptor (certgen.go:104-117). Repository scan incomplete due dependencies.
bleenco/abstruse	39de5c2b0e8d93d8b402d8df504fc327a37ec4ba	resourcelifetime	pkg/tlsutil/certgen.go:93:18	resourcelifetime/missing-release	true-positive	Certificate file is created, then pem.Encode failure returns before certOut.Close at line100, losing the descriptor (certgen.go:93-102). Repository scan incomplete due dependencies.
bleenco/abstruse	39de5c2b0e8d93d8b402d8df504fc327a37ec4ba	resourcelifetime	worker/http/client.go:121:14	resourcelifetime/missing-release	false-positive	Req wraps exact http.Response.Body in returned Response.Body via newResponse, transferring ownership to caller; Do immediately defers res.Body.Close before decoding (client.go:71-88,120-135). Repository scan incomplete due dependencies.
bricks-cloud/BricksLLM	c7d80a62c2de95733c1e6c95a4eaedc50afaad75	lockorder	internal/storage/memdb/custom_provider.go:85:2	lockorder/read-lock-write	true-positive	SetProvider writes the shared nameToProviders map while holding only mdb.lock.RLock; other callers can enter the same read lock concurrently (custom_provider.go:81-86).
bricks-cloud/BricksLLM	c7d80a62c2de95733c1e6c95a4eaedc50afaad75	lockorder	internal/storage/memdb/route.go:113:2	lockorder/read-lock-write	true-positive	SetRoute writes shared pathToRoute while holding only mdb.lock.RLock, which permits concurrent readers and other writers (route.go:109-114).
bricks-cloud/BricksLLM	c7d80a62c2de95733c1e6c95a4eaedc50afaad75	lockorder	internal/storage/memdb/route.go:120:2	lockorder/read-lock-write	true-positive	SetPolicy writes shared idToPolicy while holding only mdb.lock.RLock, which permits concurrent readers and other writers (route.go:116-121).
bricks-cloud/BricksLLM	c7d80a62c2de95733c1e6c95a4eaedc50afaad75	resourcelifetime	internal/encryptor/encryptor.go:123:14	resourcelifetime/missing-release	true-positive	Decrypt reads e.client.Do response body but never closes res.Body on the success or error path (encryptor.go:123-139).
bricks-cloud/BricksLLM	c7d80a62c2de95733c1e6c95a4eaedc50afaad75	resourcelifetime	internal/encryptor/encryptor.go:81:14	resourcelifetime/missing-release	true-positive	Encrypt reads e.client.Do response body but never closes res.Body on the success or error path (encryptor.go:81-97).
brokercap/Bifrost	e071fadda73dc813884657065cf18d4ca2b8e888	cancellationownership	input/mongo/batch.go:26:13	cancellationownership/release	true-positive	Deferred disconnect helper derives a 10-second context and discards its cancel; Disconnect does not call that missing cancel function (batch.go:25-28).
brokercap/Bifrost	e071fadda73dc813884657065cf18d4ca2b8e888	cancellationownership	input/mongo/connection.go:40:19	cancellationownership/release	true-positive	CreateMongoClient derives a 15-second context, discards cancel, then returns after mongo.Connect without prompt timer cancellation on either success or error (connection.go:26-46).
brokercap/Bifrost	e071fadda73dc813884657065cf18d4ca2b8e888	cancellationownership	input/mongo/input_test.go:245:13	cancellationownership/release	true-positive	Test derives a four-second context and discards cancel; a separate eight-second timeout does not invoke the exact cancel function (input_test.go:238-255).
brokercap/Bifrost	e071fadda73dc813884657065cf18d4ca2b8e888	cancellationownership	input/mongo/schema.go:137:12	cancellationownership/release	true-positive	CheckUri derives a 10-second context for Ping, discards cancel, then returns without promptly releasing the timer (schema.go:130-140).
brokercap/Bifrost	e071fadda73dc813884657065cf18d4ca2b8e888	cancellationownership	input/mongo/schema.go:37:12	cancellationownership/release	true-positive	GetSchemaList derives a 10-second context for ListDatabaseNames, discards cancel, then returns without promptly releasing the timer (schema.go:31-39).
brokercap/Bifrost	e071fadda73dc813884657065cf18d4ca2b8e888	lockorder	Bristol/mysql/binlog.go:273:7	lockorder/read-lock-write	true-positive	Binlog routine assigns shared This.Status while holding only This.RLock from line272; RUnlock at 282 permits another reader to overlap the write (binlog.go:270-282).
brokercap/Bifrost	e071fadda73dc813884657065cf18d4ca2b8e888	lockorder	server/history/init.go:351:3	lockorder/missing-release	true-positive	History.Start takes This.Lock at line345 and returns on HISTORY_STATUS_SELECT_STOPING without Unlock, unlike the adjacent RUNNING branch (init.go:344-357).
brokercap/Bifrost	e071fadda73dc813884657065cf18d4ca2b8e888	lockorder	server/input_min_position.go:46:3	lockorder/missing-release	true-positive	CalcMinPosition takes db.RLock at line43 and returns for empty tableMap without db.RUnlock; nonempty branch unlocks at line48 (input_min_position.go:42-48).
brokercap/Bifrost	e071fadda73dc813884657065cf18d4ca2b8e888	nilargument	input/mongo/batch_test.go:23:10	nilargument/dereferenced-nil	false-positive	Test monkey-patches GetBatchTableList to return an error before BatchStart can use nil embedded replicateFitler; static callee proof ignores gomonkey.ApplyMethod (batch_test.go:16-25).
brokercap/Bifrost	e071fadda73dc813884657065cf18d4ca2b8e888	nilargument	input/mongo/batch_test.go:39:10	nilargument/dereferenced-nil	false-positive	Test monkey-patches GetBatchTableList and CreateMongoClient, avoiding real GetBatchTableList dereference of nil embedded replicateFitler (batch_test.go:27-41).
brokercap/Bifrost	e071fadda73dc813884657065cf18d4ca2b8e888	nilargument	input/mongo/batch_test.go:58:10	nilargument/dereferenced-nil	false-positive	Test monkey-patches GetBatchTableList and downstream methods, avoiding real GetBatchTableList dereference of nil embedded replicateFitler (batch_test.go:43-60).
brokercap/Bifrost	e071fadda73dc813884657065cf18d4ca2b8e888	nilargument	input/mongo/batch_test.go:77:10	nilargument/dereferenced-nil	false-positive	Test monkey-patches GetBatchTableList and downstream methods, avoiding real GetBatchTableList dereference of nil embedded replicateFitler (batch_test.go:62-79).
brokercap/Bifrost	e071fadda73dc813884657065cf18d4ca2b8e888	nilargument	input/mongo/input_test.go:223:10	nilargument/dereferenced-nil	false-positive	Test monkey-patches BatchStart itself before invoking StartOnlyBatch, so the real callee's nil replicateFitler dereference is bypassed (input_test.go:216-225).
brokercap/Bifrost	e071fadda73dc813884657065cf18d4ca2b8e888	nilargument	input/mongo/input_test.go:233:10	nilargument/dereferenced-nil	false-positive	Test monkey-patches BatchStart itself before invoking StartOnlyBatch, so the real callee's nil replicateFitler dereference is bypassed (input_test.go:227-235).
brokercap/Bifrost	e071fadda73dc813884657065cf18d4ca2b8e888	resourcelifetime	server/warning/feishu.go:60:15	resourcelifetime/missing-release	true-positive	sendFeishuMsg decodes HTTP response JSON but never closes resp.Body after successful http.Post (feishu.go:59-67).
caddyserver/forwardproxy	0aab84dad4fc2830789f34e27b4d7bc22a40889e	goroutineownership	httpclient_test.go:107:3	goroutineownership/unjoined	true-positive	Test creates a WaitGroup and adds retries+1 but launches 20 asynchronous _test workers and returns after sleeps without ever calling wg.Wait (httpclient_test.go:81-109).
camptocamp/terraboard	6f6b6b60f5f05defcf1792aca5278824305ca76e	nilargument	db/db_test.go:1081:2	nilargument/dereferenced-nil	false-positive	TestClose wraps gormDB returned by successful gorm.Open using sqlmock connection; Gorm initializes nonnil DB.Config, so db.Close does not receive nil Config (db_test.go:1061-1084). Repository scan incomplete due dependencies.
camptocamp/terraboard	6f6b6b60f5f05defcf1792aca5278824305ca76e	resourcelifetime	internal/terraform/httpclient/client_test.go:46:15	resourcelifetime/missing-release	false-positive	Request hits local httptest handler that writes no body; default 200 zero-length response has http.NoBody. New uses go-cleanhttp v0.5.2 DefaultPooledClient with no timeout wrapper, so no owned body is retained (client_test.go:12-16,36-48). Repository scan incomplete due dependencies.
camptocamp/terraboard	6f6b6b60f5f05defcf1792aca5278824305ca76e	resourcelifetime	internal/terraform/httpclient/client_test.go:60:15	resourcelifetime/missing-release	false-positive	Request hits local httptest handler that writes no body; default 200 zero-length response has http.NoBody. New uses go-cleanhttp v0.5.2 DefaultPooledClient with no timeout wrapper, so no owned body is retained (client_test.go:12-16,50-62). Repository scan incomplete due dependencies.
camptocamp/terraboard	6f6b6b60f5f05defcf1792aca5278824305ca76e	resourcelifetime	internal/terraform/modsdir/manifest.go:126:12	resourcelifetime/missing-release	true-positive	ReadManifestSnapshotForDir opens manifest file, passes reader into parser, and returns result without closing file on parse error or success (manifest.go:124-133). Repository scan incomplete due dependencies.
camptocamp/terraboard	6f6b6b60f5f05defcf1792aca5278824305ca76e	resourcelifetime	internal/terraform/modsdir/manifest.go:166:12	resourcelifetime/missing-release	true-positive	WriteSnapshotToDir creates manifest file then returns m.WriteSnapshot(w) without closing file on write error or success (manifest.go:163-170). Repository scan incomplete due dependencies.
camptocamp/terraboard	6f6b6b60f5f05defcf1792aca5278824305ca76e	resourcelifetime	internal/terraform/replacefile/writefile.go:36:12	resourcelifetime/missing-release	true-positive	AtomicWriteFile creates temp file but os.Chmod failure at line52 returns before f.Close at line62; deferred cleanup removes path but does not close descriptor (writefile.go:36-65). Repository scan incomplete due dependencies.
camptocamp/terraboard	6f6b6b60f5f05defcf1792aca5278824305ca76e	resourcelifetime	pkg/client/gitlab/gitlab.go:252:14	resourcelifetime/missing-release	true-positive	GetState reads successful GitLab HTTP response body but never closes it before returning bytes/error (gitlab.go:242-258). Repository scan incomplete due dependencies.
cinar/indicator	18a0b934a565dc5cbfcf5966f599882be80f6d40	resourcelifetime	asset/sql_repository.go:53:21	resourcelifetime/missing-release	false-positive	Successful assetQuery statement is stored in returned repository; every later Prepare failure closes db via helper, and DB.Close closes idle driver connections and their prepared statements (sql_repository.go:53-89; helper/database.go:14-27; Go1.27 database/sql/sql.go:931-960,682-705).
cinar/indicator	18a0b934a565dc5cbfcf5966f599882be80f6d40	resourcelifetime	asset/sql_repository.go:58:24	resourcelifetime/missing-release	false-positive	Successful getSinceQuery statement is stored in returned repository; a later Prepare failure closes db via helper, and DB.Close closes its idle driver connection and tracked statements (sql_repository.go:58-89; helper/database.go:14-27; Go1.27 database/sql/sql.go:931-960,682-705).
cinar/indicator	18a0b934a565dc5cbfcf5966f599882be80f6d40	resourcelifetime	asset/sql_repository.go:63:24	resourcelifetime/missing-release	false-positive	Successful lastDateQuery statement is stored in returned repository; a later Prepare failure closes db via helper, and DB.Close closes its idle driver connection and tracked statements (sql_repository.go:63-89; helper/database.go:14-27; Go1.27 database/sql/sql.go:931-960,682-705).
cinar/indicator	18a0b934a565dc5cbfcf5966f599882be80f6d40	resourcelifetime	asset/tiingo_repository.go:154:14	resourcelifetime/missing-release	false-positive	Non-200 response closes Body via helper at lines159-161; successful response transfers Body to the decoder goroutine, which defers the same helper Close before signaling channel completion (tiingo_repository.go:154-203; helper/closer.go:13-25).
cinar/indicator	18a0b934a565dc5cbfcf5966f599882be80f6d40	resourcelifetime	backtest/html_report.go:222:15	resourcelifetime/missing-release	false-positive	writeAssetReport immediately defers helper.CloseAndLogError(file), which calls file.Close; the defer covers template execution and all later returns (html_report.go:222-236; helper/closer.go:13-25).
cinar/indicator	18a0b934a565dc5cbfcf5966f599882be80f6d40	resourcelifetime	backtest/html_report.go:251:15	resourcelifetime/missing-release	false-positive	writeReport immediately defers helper.CloseAndLogError(file), which calls file.Close on success or template error (html_report.go:251-265; helper/closer.go:13-25).
cinar/indicator	18a0b934a565dc5cbfcf5966f599882be80f6d40	resourcelifetime	helper/closer_test.go:15:15	resourcelifetime/missing-release	false-positive	TestCloseAndLogError passes the exact created file to helper.CloseAndLogError at line20; that helper calls closer.Close, and line21 repeats the call to test idempotent handling (closer_test.go:14-22; helper/closer.go:13-25).
cinar/indicator	18a0b934a565dc5cbfcf5966f599882be80f6d40	resourcelifetime	helper/report.go:115:15	resourcelifetime/missing-release	true-positive	WriteToFile closes file only after WriteToWriter succeeds; a template-write error at lines120-123 returns while file remains open (helper/report.go:111-126).
cmars/onionpipe	cbae9e7f0074e23f742db324b744056f17898690	deferinloop	tor/tor.go:101:3	deferinloop/cleanup-lifetime	true-positive	ClientAuths loop creates one file per entry but defers each Close until function return, retaining all handles throughout the loop (tor/tor.go:96-109).
cmars/onionpipe	cbae9e7f0074e23f742db324b744056f17898690	goroutineownership	forwarding/service_test.go:78:3	goroutineownership/unjoined	true-positive	Cleanup launches torSvc.Close worker then selects done or closeTimeout; timeout branch returns from cleanup without joining potentially blocked worker (service_test.go:73-88).
containerd/cgroups	360fd8b6c2ce402eddcbe6291e2393b0f202e253	processownership	cgroup2/manager_test.go:260:9	processownership/missing-wait	true-positive	TestKill starts each sleep process and only appends it for later Kill/Wait after manager.AddProc and require.NoError; if AddProc fails, require.NoError exits the test goroutine without reaping that started child (manager_test.go:253-266,276-292). Pdeathsig only fires on parent-process death.
crewjam/saml	346540312f721498fc75e69637d9250dd89f230b	nilargument	identity_provider_test.go:1081:8	nilargument/dereferenced-nil	false-positive	NewIdentityProviderTest initializes test.IDP.Certificate from a parsed certificate before req takes &test.IDP, making the definite-nil claim false (identity_provider_test.go:67-76,100-123,1068-1081).
crewjam/saml	346540312f721498fc75e69637d9250dd89f230b	nilargument	identity_provider_test.go:1084:8	nilargument/dereferenced-nil	false-positive	MakeResponse uses the same req.IDP.Certificate initialized by NewIdentityProviderTest and retained through MakeAssertionEl, so definite-nil claim is false (identity_provider_test.go:67-76,100-123,1068-1085).
crewjam/saml	346540312f721498fc75e69637d9250dd89f230b	nilargument	identity_provider_test.go:708:8	nilargument/dereferenced-nil	false-positive	Test helper NewIdentityProviderTest sets test.IDP.Certificate from mustParseCertificate before the request takes &test.IDP; mustParseCertificate either panics or returns a parsed certificate, so definite-nil claim is false (identity_provider_test.go:67-76,100-123,700-708).
crewjam/saml	346540312f721498fc75e69637d9250dd89f230b	nilargument	identity_provider_test.go:757:8	nilargument/dereferenced-nil	false-positive	Test helper NewIdentityProviderTest sets test.IDP.Certificate from mustParseCertificate before the request takes &test.IDP; mustParseCertificate either panics or returns a parsed certificate, so definite-nil claim is false (identity_provider_test.go:67-76,100-123,743-757).
crewjam/saml	346540312f721498fc75e69637d9250dd89f230b	nilargument	identity_provider_test.go:761:8	nilargument/dereferenced-nil	false-positive	Same initialized req.IDP.Certificate is present when MakeResponse follows MakeAssertionEl; this helper-returned nested field is not nil (identity_provider_test.go:67-76,100-123,743-761).
crewjam/saml	346540312f721498fc75e69637d9250dd89f230b	nilargument	identity_provider_test.go:893:8	nilargument/dereferenced-nil	false-positive	NewIdentityProviderTest initializes test.IDP.Certificate from a parsed certificate before req takes &test.IDP, making the definite-nil claim false (identity_provider_test.go:67-76,100-123,880-893).
crewjam/saml	346540312f721498fc75e69637d9250dd89f230b	nilargument	identity_provider_test.go:896:8	nilargument/dereferenced-nil	false-positive	MakeResponse uses the same req.IDP.Certificate initialized by NewIdentityProviderTest and retained through MakeAssertionEl, so definite-nil claim is false (identity_provider_test.go:67-76,100-123,880-896).
cristianoliveira/ergo	a328420674b17854534799f4fddc5d9f20ed8ed9	resourcelifetime	main_test.go:363:19	resourcelifetime/missing-release	true-positive	TestAddCommand creates tmpfile then passes only its Name to a config; no tmpfile.Close appears on the success or error path (main_test.go:363-441).
cristianoliveira/ergo	a328420674b17854534799f4fddc5d9f20ed8ed9	resourcelifetime	main_test.go:451:19	resourcelifetime/missing-release	true-positive	TestRemoveCommand creates tmpfile then passes only its Name to a config; no tmpfile.Close appears on the success or error path (main_test.go:451-510).
cycloidio/inframap	f02f224cb0d0d8f369f001405fa646c206614b21	resourcelifetime	printer/dot/printer.go:72:15	resourcelifetime/missing-release	true-positive	After creating cached icon file f, an error opening iconFile or copying to f returns before the explicit f.Close at line86 (printer/dot/printer.go:72-87).
d3witt/viking	62792b1efca49848acff18846a511d991d923fdb	deferinloop	archive/tar.go:137:4	deferinloop/cleanup-lifetime	true-positive	Untar defers each regular output file Close inside the archive-entry loop, keeping descriptors open until all entries are processed (archive/tar.go:112-146).
d3witt/viking	62792b1efca49848acff18846a511d991d923fdb	resourcelifetime	cli/command/machine/copy.go:85:18	resourcelifetime/missing-release	true-positive	copyToRemote closes tmpFile only after io.Copy succeeds; an io.Copy error returns at lines 92-95 while defer removes the pathname but leaves the open descriptor (copy.go:85-99).
danicat/pacgo	1a96ba270fb47d32eba9ec67aa28abb0a3451dcf	lockorder	step10/main.go:366:5	lockorder/missing-release,lockorder/recursive-acquire	true-positive	When a normal ghost collision reduces lives to zero, the branch skips ghostsStatusMx.RUnlock and exits the game loop with RLock held; another colliding ghost in the same sweep can reenter RLock while a writer is queued (main.go:366-404). Both checks share the same omission.
davidhampgonsalves/Life-Dashboard	e4e179d16d8f74a5eea3b07a8bbfa17c92fc2ffc	resourcelifetime	pkg/fetchers/emeraOval.go:32:15	resourcelifetime/missing-release	true-positive	OvalSkating returns on a non-200 successful http.Get before deferred Body.Close at line35 (emeraOval.go:32-38). Repository scan was incomplete due dependency downloads.
davidhampgonsalves/Life-Dashboard	e4e179d16d8f74a5eea3b07a8bbfa17c92fc2ffc	resourcelifetime	pkg/fetchers/schoolclosures.go:15:15	resourcelifetime/missing-release	true-positive	SchoolClosures returns on a non-200 successful http.Get before deferred Body.Close at line19 (schoolclosures.go:14-21). Repository scan was incomplete due dependency downloads.
davidhampgonsalves/Life-Dashboard	e4e179d16d8f74a5eea3b07a8bbfa17c92fc2ffc	resourcelifetime	pkg/fetchers/surf.go:15:15	resourcelifetime/missing-release	true-positive	Surf returns on a non-200 successful http.Get before deferred Body.Close at line19 (surf.go:14-22). Repository scan was incomplete due dependency downloads.
davidhampgonsalves/Life-Dashboard	e4e179d16d8f74a5eea3b07a8bbfa17c92fc2ffc	resourcelifetime	pkg/fetchers/surfcaptain.go:31:15	resourcelifetime/missing-release	true-positive	SurfCaptain returns on a non-200 successful http.Get before deferred Body.Close at line36 (surfcaptain.go:30-38). Repository scan was incomplete due dependency downloads.
davidhampgonsalves/Life-Dashboard	e4e179d16d8f74a5eea3b07a8bbfa17c92fc2ffc	resourcelifetime	pkg/fetchers/surfline.go:39:15	resourcelifetime/missing-release	true-positive	Surfline returns on a non-200 successful client.Do before deferred Body.Close at line44 (surfline.go:38-47). Repository scan was incomplete due dependency downloads.
davidhampgonsalves/Life-Dashboard	e4e179d16d8f74a5eea3b07a8bbfa17c92fc2ffc	resourcelifetime	pkg/fetchers/tide.go:15:15	resourcelifetime/missing-release	true-positive	Tide returns on a non-200 successful http.Get before deferred Body.Close at line20 (tide.go:14-22). Repository scan was incomplete due dependency downloads.
davidhampgonsalves/Life-Dashboard	e4e179d16d8f74a5eea3b07a8bbfa17c92fc2ffc	resourcelifetime	pkg/fetchers/todo.go:22:15	resourcelifetime/missing-release	true-positive	Todos returns on a non-200 successful client.Do before deferred Body.Close at line25 (todo.go:21-27). Repository scan was incomplete due dependency downloads.
davidhampgonsalves/Life-Dashboard	e4e179d16d8f74a5eea3b07a8bbfa17c92fc2ffc	resourcelifetime	pkg/fetchers/weather.go:39:15	resourcelifetime/missing-release	true-positive	Weather returns on non-200 first http.Get or io.ReadAll error before deferred Body.Close at line47 (weather.go:39-47). Repository scan was incomplete due dependency downloads.
davidhampgonsalves/Life-Dashboard	e4e179d16d8f74a5eea3b07a8bbfa17c92fc2ffc	resourcelifetime	pkg/fetchers/weather.go:58:14	resourcelifetime/missing-release	true-positive	Weather returns on non-200 second client.Do response before deferred Body.Close at line68; earlier defer covers only the first response (weather.go:47-70). Repository scan was incomplete due dependency downloads.
devops-kung-fu/bomber	6a7f05aad6e6aca3e359f87f3155936484a6dae0	concurrentcapture	providers/snyk/snyk.go:75:4	concurrentcapture/shared-capture	true-positive	Each goroutine appends to captured packages slice without synchronization; wg.Wait occurs only after all writes and does not serialize concurrent appends (snyk.go:62-86).
digitalocean/do-agent	5812c497286a2c0d487acd8bca4a273f33c91730	resourcelifetime	pkg/clients/tsclient/client.go:437:15	resourcelifetime/missing-release	true-positive	On successful HTTP response with content type other than jsonContentType, the only deferred handler/Close is skipped, and both status-error and accepted returns leave resp.Body open (client.go:437-460); handleSonarResponse closes only JSON bodies at lines463-465.
digitalocean/terraform-provider-digitalocean	14e548fa83a402326e6c1918956be4f37b0a7d4c	goroutineownership	internal/mutexkv/mutexkv_test.go:15:2	goroutineownership/unjoined	true-positive	Policy-only: TestMutexKVLock deliberately keeps foo locked while a launched goroutine attempts the second Lock and signals doneCh; the test only waits 50ms and never unlocks, so that goroutine remains blocked (mutexkv_test.go:9-25).
digitalocean/terraform-provider-digitalocean	14e548fa83a402326e6c1918956be4f37b0a7d4c	resourcelifetime	digitalocean/registry/resource_container_registry_docker_credentials.go:187:15	resourcelifetime/missing-release	true-positive	RevokeOAuthToken calls client.Do then reads resp.StatusCode and returns without closing resp.Body on successful responses; an error response may additionally have nil resp (resource_container_registry_docker_credentials.go:187-194).
drand/tlock	7ceb44a598293f10c43d2291df9e669c4251fe24	deferinloop	tlock_test.go:56:4	deferinloop/cleanup-lifetime	true-positive	Policy-only: each test iteration opens data.txt and defers Close until the test function returns (tlock_test.go:45-60); the fixed small host/hash set limits practical descriptor growth.
eoscanada/eos-go	014453830df85899a4db052772f68fc6e142aa40	resourcelifetime	blockslog/blockslog.go:15:13	resourcelifetime/missing-release	true-positive	Process opens fl, reads/seeks/decodes blocks, and returns on errors or EOF without any fl.Close (blockslog/blockslog.go:14 through function end).
eoscanada/eos-go	014453830df85899a4db052772f68fc6e142aa40	resourcelifetime	snapshot/reader.go:63:14	resourcelifetime/missing-release	true-positive	NewReader opens r.fl and returns nil on readHeader or Seek failure without closing it; success returns a Reader with Close method, but those error paths lose the file (snapshot/reader.go:58-80,165-167).
esimov/pigo	b4f89e29eef3acd95c115c67e4a62fd5b99e1b0d	processownership	examples/web/main.go:80:2	processownership/missing-wait	true-positive	webcam starts capture.py and waits only after reaching EOF; an error from multipart.NextPart returns at lines 102-104 without Wait, so the child can remain unreaped (examples/web/main.go:74-80,95-160). Repository scan was incomplete due dependency recovery and a static-analyzer goroutine-stack overflow.
esimov/pigo	b4f89e29eef3acd95c115c67e4a62fd5b99e1b0d	resourcelifetime	cmd/pigo/main.go:249:15	resourcelifetime/missing-release	true-positive	URL-source branch opens a second img descriptor and assigns it to srcFile but defers Close only for the earlier downloaded src; no Close for img appears before detectFaces returns (cmd/pigo/main.go:239-270). Repository scan was incomplete due dependency recovery and a static-analyzer goroutine-stack overflow.
facundoolano/ngtop	2f529bee69aa3fc257a0e5fea34339bc57c65427	resourcelifetime	main_test.go:287:18	resourcelifetime/missing-release	true-positive	TestUpdatedLog creates access.log temp file and defers only Remove of its pathname; no Close of logFile occurs (main_test.go:287-315).
facundoolano/ngtop	2f529bee69aa3fc257a0e5fea34339bc57c65427	resourcelifetime	main_test.go:351:18	resourcelifetime/missing-release	true-positive	Test helper runCommand creates access.log temp file and defers only Remove of its pathname; no Close of logFile occurs (main_test.go:351-363).
finbarr/yolobox	3a650d0d213c5f18d32151d1b741fd1830509e34	goroutineownership	cmd/yolobox/version.go:53:2	goroutineownership/unjoined	true-positive	Policy-only: checkForUpdates returns through time.After(5s) without joining the launched doVersionCheck; bounded HTTP timeout reduces but does not prove task completion before caller returns (version.go:51-61, 64-97).
firecracker-microvm/firectl	df2fb87a83a215876535b5d9a6471bbd9e57f023	processownership	main_test.go:82:12	processownership/missing-wait	true-positive	The integration test starts CommandContext and later signals SIGQUIT/removes the socket, but never calls Wait; signal/cancel does not reap the child (main_test.go:82-95).
furiko-io/furiko	927154ab64f3b25d7fd4c665474648ab32261989	concurrentcapture	pkg/execution/stores/activejobstore/store_test.go:180:4	concurrentcapture/shared-capture	true-positive	A hundred test goroutines assign captured rj and then other goroutines read rj.DeepCopy without synchronization; wg.Wait comes after the concurrent accesses (store_test.go:171-190).
furiko-io/furiko	927154ab64f3b25d7fd4c665474648ab32261989	goroutineownership	pkg/cli/prompt/prompt_test.go:522:2	goroutineownership/unjoined	true-positive	Run can choose its 50ms context timeout arm and return after tty shutdown; the prompt goroutine then sends its result to unbuffered respChan with no receiver and blocks (prompt_test.go:514-546).
furiko-io/furiko	927154ab64f3b25d7fd4c665474648ab32261989	resourcelifetime	pkg/core/tzutils/tzutils.go:50:16	resourcelifetime/missing-release	true-positive	listTimezonesFromZoneTab opens zone.tab, scans it, and returns the timezone list without closing the file (tzutils.go:49-74).
go-kratos/gateway	a553bef5c1a8cc03ae3d114e5e578c51b8ac06a0	goroutineownership	router/mux/mux.go:125:2	goroutineownership/unjoined	true-positive	The helper launches a goroutine that blocks in wg.Wait and returns through ctx.Done without joining it; if the request group does not settle the waiter remains blocked after the timeout (router/mux/mux.go:123-134).
go-kratos/gateway	a553bef5c1a8cc03ae3d114e5e578c51b8ac06a0	nilargument	proxy/condition/condition.go:101:14	nilargument/dereferenced-nil	false-positive	The diagnostic asserts that Condition_ByHeader.ByHeader is definitely nil, but the type-switch value v comes from caller-provided rawCond.Condition and may have a nonnil ByHeader; a malformed typed-nil value could panic, but source does not prove this definite-nil claim (proxy/condition/condition.go:98-102).
goccy/go-graphviz	76e04975df88d41930377420c9a3170ef0031379	resourcelifetime	compatible_test.go:38:20	resourcelifetime/missing-release	true-positive	CreateTemp opens a descriptor; the callback only defers Remove of its pathname and never closes the file after decode, including on later errors (compatible_test.go:38-59). Repository scan itself is incomplete.
goccy/go-graphviz	76e04975df88d41930377420c9a3170ef0031379	resourcelifetime	gvc/gvc.go:91:16	resourcelifetime/missing-release	true-positive	RenderFilename creates a file solely for its pathname and discards the returned *os.File without Close (gvc/gvc.go:87-95). Repository scan itself is incomplete.
gocopper/copper	a7dc15523e2f4cda55f0a6c67793386b8adc4146	goroutineownership	clifecycle/lifecycle.go:94:2	goroutineownership/unjoined	true-positive	Stop starts a goroutine blocked in lc.wg.Wait, but its select can take the shutdown timeout branch and return without joining it (lifecycle.go:92-115).
gocopper/copper	a7dc15523e2f4cda55f0a6c67793386b8adc4146	resourcelifetime	chttp/server_test.go:44:11	resourcelifetime/missing-release	false-positive	Test stops the server, waits briefly, then performs this request specifically to assert connection refused; successful response is not the intended accepted path (server_test.go:40-45). Static scan has no server-stop proof.
gocopper/copper	a7dc15523e2f4cda55f0a6c67793386b8adc4146	resourcelifetime	clogger/logger.go:48:18	resourcelifetime/missing-release	true-positive	When Out file opens but a distinct Err file fails to open, NewCore returns nil at line61 without closing the successful Out handle; successful path transfers it into LoggerImpl at lines75-83.
gocopper/copper	a7dc15523e2f4cda55f0a6c67793386b8adc4146	resourcelifetime	clogger/logger.go:96:18	resourcelifetime/missing-release	true-positive	When Out file opens but a distinct Err file fails to open, New returns nil at line109 without closing the successful Out handle; successful path transfers it into LoggerImpl at lines123-131.
gocopper/copper	a7dc15523e2f4cda55f0a6c67793386b8adc4146	resourcelifetime	csql/migrator_test.go:41:14	resourcelifetime/missing-release	true-positive	Successful db.Query returns rows and test reads res.Err/Next but never closes res before migrating down or returning (migrator_test.go:41-66).
gocopper/copper	a7dc15523e2f4cda55f0a6c67793386b8adc4146	resourcelifetime	csql/migrator_test.go:65:11	resourcelifetime/missing-release	false-positive	After successful down migration removes people table, test deliberately queries that table and asserts the exact no-such-table error; no successful rows object is expected (migrator_test.go:62-66).
gocopper/copper	a7dc15523e2f4cda55f0a6c67793386b8adc4146	resourcelifetime	csql/tx_middleware_test.go:41:15	resourcelifetime/missing-release	true-positive	Successful db.Query rows are inspected with Err/Next but never closed before TestTxMiddleware_Handle_Commit returns (tx_middleware_test.go:41-46).
gocopper/copper	a7dc15523e2f4cda55f0a6c67793386b8adc4146	resourcelifetime	csql/tx_middleware_test.go:75:15	resourcelifetime/missing-release	true-positive	Successful db.Query rows are inspected with Err/Next but never closed before TestTxMiddleware_Handle_Rollback returns (tx_middleware_test.go:75-80).
google/mtail	4c7e0e1174ac1ead032efe28d86428bbbe0ae145	deferinloop	internal/mtail/log_glob_integration_test.go:139:3	deferinloop/cleanup-lifetime	false-positive	TestGlobIgnoreFolder loops over a literal three-entry table with one directory, retaining at most two test file handles until test return (log_glob_integration_test.go:105-142).
google/mtail	4c7e0e1174ac1ead032efe28d86428bbbe0ae145	deferinloop	internal/mtail/log_glob_integration_test.go:178:3	deferinloop/cleanup-lifetime	false-positive	TestFilenameRegexIgnore loops over a literal three-entry test table and retains at most three test file handles until test return; no unbounded cleanup accumulation (log_glob_integration_test.go:152-183).
google/mtail	4c7e0e1174ac1ead032efe28d86428bbbe0ae145	deferinloop	internal/mtail/log_glob_integration_test.go:92:3	deferinloop/cleanup-lifetime	false-positive	TestGlobAfterStart loops over a literal three-entry test table and retains at most three test file handles until test return; no unbounded cleanup accumulation (log_glob_integration_test.go:57-95).
google/mtail	4c7e0e1174ac1ead032efe28d86428bbbe0ae145	lockorder	internal/metrics/store.go:75:6	lockorder/missing-release	true-positive	Metric merge takes s.searchMu.RLock then returns on GetDatum error without RUnlock; only non-error path unlocks at line87 (store.go:60-87).
google/mtail	4c7e0e1174ac1ead032efe28d86428bbbe0ae145	lockorder	internal/metrics/store.go:78:6	lockorder/missing-release	true-positive	Metric merge takes s.searchMu.RLock then returns on RemoveDatum error without RUnlock; only non-error path unlocks at line87 (store.go:60-87).
google/mtail	4c7e0e1174ac1ead032efe28d86428bbbe0ae145	lockorder	internal/metrics/store.go:82:6	lockorder/missing-release	true-positive	Metric merge takes s.searchMu.RLock then returns on AppendLabelValue error without RUnlock; only non-error path unlocks at line87 (store.go:60-87).
google/mtail	4c7e0e1174ac1ead032efe28d86428bbbe0ae145	processownership	cmd/mdot/main.go:178:10	processownership/missing-wait	true-positive	HTTP handler starts dot then returns on makeDot or pipe-Close errors before its dot.Wait at line198, leaving the child un-reaped on those paths (main.go:178-198).
google/mtail	4c7e0e1174ac1ead032efe28d86428bbbe0ae145	resourcelifetime	internal/mtail/examples_integration_test.go:174:15	resourcelifetime/missing-release	true-positive	Benchmark loop opens bm.logfile each iteration, copies into log, but never closes l before next iteration or benchmark return (examples_integration_test.go:171-180).
google/mtail	4c7e0e1174ac1ead032efe28d86428bbbe0ae145	resourcelifetime	internal/tailer/logstream/fifostream_unix_test.go:78:13	resourcelifetime/missing-release	true-positive	Test opens FIFO as f, writes a line, cancels stream and waits, but never closes its own f handle (fifostream_unix_test.go:75-99).
google/mtail	4c7e0e1174ac1ead032efe28d86428bbbe0ae145	resourcelifetime	internal/tailer/tail_unix_test.go:30:15	resourcelifetime/missing-release	true-positive	Permission test creates logfile via os.OpenFile and immediately discards successful handle; subsequent tail checks do not close it (tail_unix_test.go:24-37).
hellofresh/health-go	b15d5892b5b66e6c02b9b22b86be313edc3dbf11	goroutineownership	checks/rabbitmq/check.go:102:3	goroutineownership/unjoined	false-positive	The worker only receives from ch.Consume's delivery channel then closes done; the enclosing check defers ch.Close and conn.Close on every exit (check.go:61-77, 96-132). Pinned rabbitmq/amqp091-go v1.9.0 Channel.shutdown closes all consumer delivery channels, so early return settles the receive.
henomis/lingoose	96c51c0f184da0bd5a0a15d0d6ab9ba76cbb79c4	processownership	loader/whispercpp.go:134:9	processownership/missing-wait	true-positive	After ffmpeg.Start succeeds, whispercpp.Start failure returns before ffmpeg.Wait at line144; active ffmpeg child remains un-reaped (whispercpp.go:134-147).
henomis/lingoose	96c51c0f184da0bd5a0a15d0d6ab9ba76cbb79c4	processownership	loader/whispercpp.go:139:8	processownership/missing-wait	true-positive	After whispercpp.Start succeeds, ffmpeg.Wait or pipeWriter.Close failure returns before whispercpp.Wait at line154, leaving its child un-reaped (whispercpp.go:139-157).
henomis/lingoose	96c51c0f184da0bd5a0a15d0d6ab9ba76cbb79c4	resourcelifetime	legacy/pipeline/sql/mysql.go:23:15	resourcelifetime/missing-release	true-positive	Successful table-name Query rows.Err failure returns before defer rows.Close is installed at line31 (mysql.go:23-31).
henomis/lingoose	96c51c0f184da0bd5a0a15d0d6ab9ba76cbb79c4	resourcelifetime	legacy/pipeline/sql/mysql.go:41:21	resourcelifetime/missing-release	true-positive	Successful column Query cols.Err failure returns before defer cols.Close is installed at line48 (mysql.go:41-48).
henomis/lingoose	96c51c0f184da0bd5a0a15d0d6ab9ba76cbb79c4	resourcelifetime	legacy/pipeline/sql/mysql.go:93:20	resourcelifetime/missing-release	true-positive	Successful foreign-key Query fks.Err failure returns before defer fks.Close is installed at line100 (mysql.go:93-100).
henomis/lingoose	96c51c0f184da0bd5a0a15d0d6ab9ba76cbb79c4	resourcelifetime	legacy/pipeline/sql/sql.go:240:15	resourcelifetime/missing-release	true-positive	Successful Query rows.Err failure returns before defer rows.Close is installed at line247 (sql.go:239-247).
henomis/lingoose	96c51c0f184da0bd5a0a15d0d6ab9ba76cbb79c4	resourcelifetime	legacy/pipeline/sql/sqlite.go:22:15	resourcelifetime/missing-release	true-positive	Successful table-name Query rows.Err failure returns before defer rows.Close is installed at line30 (sqlite.go:22-30).
henomis/lingoose	96c51c0f184da0bd5a0a15d0d6ab9ba76cbb79c4	resourcelifetime	legacy/pipeline/sql/sqlite.go:40:21	resourcelifetime/missing-release	true-positive	Successful column Query cols.Err failure returns before defer cols.Close is installed at line47 (sqlite.go:40-47).
henomis/lingoose	96c51c0f184da0bd5a0a15d0d6ab9ba76cbb79c4	resourcelifetime	legacy/pipeline/sql/sqlite.go:83:20	resourcelifetime/missing-release	true-positive	Successful foreign-key Query fks.Err failure returns before defer fks.Close is installed at line90 (sqlite.go:83-90).
henomis/lingoose	96c51c0f184da0bd5a0a15d0d6ab9ba76cbb79c4	resourcelifetime	linglet/sql/sql.go:240:15	resourcelifetime/missing-release	true-positive	Successful Query rows.Err failure returns before defer rows.Close is installed at line247 (linglet/sql/sql.go:239-247).
hertg/egpu-switcher	d89ec5a9721c73508cb9ef4d7644d4006c5a95a2	resourcelifetime	internal/xorg/conf.go:36:12	resourcelifetime/missing-release	true-positive	CreateEgpuFile opens the X.Org config for writing but returns after Write without closing it on either success or write-error paths (conf.go:35-48).
hertg/egpu-switcher	d89ec5a9721c73508cb9ef4d7644d4006c5a95a2	resourcelifetime	internal/xorg/conf.go:82:23	resourcelifetime/missing-release	true-positive	When templatePath opens successfully, templateString copies it into a buffer and returns the text without closing templateFile (conf.go:82-101).
immortal/immortal	35afc96faa1d6682c09ec0cab16fb7edf3fd138e	resourcelifetime	daemon.go:140:18	resourcelifetime/missing-release	true-positive	Daemon constructor creates lock file and acquires flock, but never closes or stores the file in returned Daemon; flock failure also returns with descriptor open (daemon.go:140-156).
immortal/immortal	35afc96faa1d6682c09ec0cab16fb7edf3fd138e	resourcelifetime	parser_test.go:300:18	resourcelifetime/missing-release	true-positive	Parser test creates tmpfile at this line, defers only os.Remove(tmpfile.Name()), and never calls tmpfile.Close, so the file descriptor remains open after the test (parser_test.go:300-748).
immortal/immortal	35afc96faa1d6682c09ec0cab16fb7edf3fd138e	resourcelifetime	parser_test.go:345:18	resourcelifetime/missing-release	true-positive	Parser test creates tmpfile at this line, defers only os.Remove(tmpfile.Name()), and never calls tmpfile.Close, so the file descriptor remains open after the test (parser_test.go:300-748).
immortal/immortal	35afc96faa1d6682c09ec0cab16fb7edf3fd138e	resourcelifetime	parser_test.go:391:18	resourcelifetime/missing-release	true-positive	Parser test creates tmpfile at this line, defers only os.Remove(tmpfile.Name()), and never calls tmpfile.Close, so the file descriptor remains open after the test (parser_test.go:300-748).
immortal/immortal	35afc96faa1d6682c09ec0cab16fb7edf3fd138e	resourcelifetime	parser_test.go:436:18	resourcelifetime/missing-release	true-positive	Parser test creates tmpfile at this line, defers only os.Remove(tmpfile.Name()), and never calls tmpfile.Close, so the file descriptor remains open after the test (parser_test.go:300-748).
immortal/immortal	35afc96faa1d6682c09ec0cab16fb7edf3fd138e	resourcelifetime	parser_test.go:476:18	resourcelifetime/missing-release	true-positive	Parser test creates tmpfile at this line, defers only os.Remove(tmpfile.Name()), and never calls tmpfile.Close, so the file descriptor remains open after the test (parser_test.go:300-748).
immortal/immortal	35afc96faa1d6682c09ec0cab16fb7edf3fd138e	resourcelifetime	parser_test.go:513:18	resourcelifetime/missing-release	true-positive	Parser test creates tmpfile at this line, defers only os.Remove(tmpfile.Name()), and never calls tmpfile.Close, so the file descriptor remains open after the test (parser_test.go:300-748).
immortal/immortal	35afc96faa1d6682c09ec0cab16fb7edf3fd138e	resourcelifetime	parser_test.go:545:18	resourcelifetime/missing-release	true-positive	Parser test creates tmpfile at this line, defers only os.Remove(tmpfile.Name()), and never calls tmpfile.Close, so the file descriptor remains open after the test (parser_test.go:300-748).
immortal/immortal	35afc96faa1d6682c09ec0cab16fb7edf3fd138e	resourcelifetime	parser_test.go:577:18	resourcelifetime/missing-release	true-positive	Parser test creates tmpfile at this line, defers only os.Remove(tmpfile.Name()), and never calls tmpfile.Close, so the file descriptor remains open after the test (parser_test.go:300-748).
immortal/immortal	35afc96faa1d6682c09ec0cab16fb7edf3fd138e	resourcelifetime	parser_test.go:607:18	resourcelifetime/missing-release	true-positive	Parser test creates tmpfile at this line, defers only os.Remove(tmpfile.Name()), and never calls tmpfile.Close, so the file descriptor remains open after the test (parser_test.go:300-748).
immortal/immortal	35afc96faa1d6682c09ec0cab16fb7edf3fd138e	resourcelifetime	parser_test.go:636:18	resourcelifetime/missing-release	true-positive	Parser test creates tmpfile at this line, defers only os.Remove(tmpfile.Name()), and never calls tmpfile.Close, so the file descriptor remains open after the test (parser_test.go:300-748).
immortal/immortal	35afc96faa1d6682c09ec0cab16fb7edf3fd138e	resourcelifetime	parser_test.go:666:18	resourcelifetime/missing-release	true-positive	Parser test creates tmpfile at this line, defers only os.Remove(tmpfile.Name()), and never calls tmpfile.Close, so the file descriptor remains open after the test (parser_test.go:300-748).
immortal/immortal	35afc96faa1d6682c09ec0cab16fb7edf3fd138e	resourcelifetime	parser_test.go:696:18	resourcelifetime/missing-release	true-positive	Parser test creates tmpfile at this line, defers only os.Remove(tmpfile.Name()), and never calls tmpfile.Close, so the file descriptor remains open after the test (parser_test.go:300-748).
immortal/immortal	35afc96faa1d6682c09ec0cab16fb7edf3fd138e	resourcelifetime	parser_test.go:715:18	resourcelifetime/missing-release	true-positive	Parser test creates tmpfile at this line, defers only os.Remove(tmpfile.Name()), and never calls tmpfile.Close, so the file descriptor remains open after the test (parser_test.go:300-748).
immortal/immortal	35afc96faa1d6682c09ec0cab16fb7edf3fd138e	resourcelifetime	parser_test.go:744:18	resourcelifetime/missing-release	true-positive	Parser test creates tmpfile at this line, defers only os.Remove(tmpfile.Name()), and never calls tmpfile.Close, so the file descriptor remains open after the test (parser_test.go:300-748).
immortal/immortal	35afc96faa1d6682c09ec0cab16fb7edf3fd138e	resourcelifetime	signals_test.go:74:15	resourcelifetime/missing-release	true-positive	Signals test opens fifo through OpenFifo and uses it during signal subtests, but never closes fifo before test return (signals_test.go:74-125).
innobead/kubefire	eb5d63859271984650896a1aa6e90e93dd76de28	resourcelifetime	pkg/bootstrap/rke.go:76:18	resourcelifetime/missing-release	true-positive	DownloadKubeConfig opens srcFile then may return if destFile creation or io.Copy fails, and never closes srcFile on success either (rke.go:73-95).
innobead/kubefire	eb5d63859271984650896a1aa6e90e93dd76de28	resourcelifetime	pkg/bootstrap/rke.go:85:19	resourcelifetime/missing-release	true-positive	DownloadKubeConfig creates destFile then copies source, but never closes destFile on success or copy failure (rke.go:85-95).
innobead/kubefire	eb5d63859271984650896a1aa6e90e93dd76de28	resourcelifetime	pkg/bootstrap/versionfinder/k3s_test.go:71:12	resourcelifetime/missing-release	true-positive	getK3sLatestVersionByRedirectUrl calls http.Get and uses response.Request URL, then returns without closing the successfully acquired response body (k3s_test.go:70-73).
j178/chatgpt	a6f3b38ce24a4d4663a1511f3eea4a7675ca91c7	resourcelifetime	conversation.go:43:12	resourcelifetime/missing-release	true-positive	Dump opens the history file and returns json.Encode's result without closing the file on success or error (conversation.go:43-50).
jacobsa/fuse	a124548f6da78ddcc3681b4e61868e1e4dadd728	resourcelifetime	fsutil/fsutil.go:36:12	resourcelifetime/missing-release	true-positive	AnonymousFile opens a temp file and returns on os.Remove failure without closing f; the success path returns f to the caller as owner (fsutil.go:35-46).
jacobsa/fuse	a124548f6da78ddcc3681b4e61868e1e4dadd728	resourcelifetime	samples/hellofs/hello_fs_test.go:267:12	resourcelifetime/missing-release	false-positive	Open_NonExistent expects os.Open to fail and immediately calls fatal ogletest.AssertNe(nil,err); every normal path past that assertion has err nonnil and no acquired file (hello_fs_test.go:266-270; ogletest AssertNe/AssertThat contract). The HelloFS fixture exposes only dir and hello.
jaksi/sshesame	062795684a859d36a06979e39498c476dcd66970	goroutineownership	replay_test.go:265:2	goroutineownership/unjoined	true-positive	Execute uses an unbuffered data channel; on 100ms timeout it returns while writer goroutine may later block forever sending its result (replay_test.go:263-280).
jaksi/sshesame	062795684a859d36a06979e39498c476dcd66970	goroutineownership	replay_test.go:286:2	goroutineownership/unjoined	true-positive	Wait uses an unbuffered data channel; on 100ms timeout it returns while reader goroutine may later block forever sending result (replay_test.go:283-312).
jaksi/sshesame	062795684a859d36a06979e39498c476dcd66970	goroutineownership	replay_test.go:386:2	goroutineownership/unjoined	true-positive	Connection Wait result is sent on an unbuffered channel; timeout branch returns without receiving, leaving worker blocked if Wait completes later (replay_test.go:384-396).
jaksi/sshesame	062795684a859d36a06979e39498c476dcd66970	goroutineownership	replay_test.go:462:2	goroutineownership/unjoined	true-positive	Stderr reader sends result on unbuffered data channel; timeout branch returns without receiving, leaving worker blocked if Read completes later (replay_test.go:459-480).
jaksi/sshesame	062795684a859d36a06979e39498c476dcd66970	goroutineownership	tcpip.go:82:2	goroutineownership/unjoined	true-positive	Direct TCP/IP handler normally waits for inputChan closure, but request.Reply error returns at tcpip.go:121-124 before the worker closes inputChan; the worker can remain reading or sending on that channel (tcpip.go:82-129).
jaswdr/faker	d4d4793d385419927c852915a6623184f8ca9371	resourcelifetime	utils_test.go:29:15	resourcelifetime/missing-release	true-positive	Successful client.Get to google.com leaves resp.Body unclosed after asserting status and returning from test (utils_test.go:27-32).
jaswdr/faker	d4d4793d385419927c852915a6623184f8ca9371	resourcelifetime	utils_test.go:36:12	resourcelifetime/missing-release	false-positive	TestHTTPClientImplReturnsErrorWhenRequestFails deliberately requests invalid host and asserts a nonnil error; no successful response is expected for this acquisition (utils_test.go:34-38).
jimeh/build-emacs-for-macos	55330c60aa29390f0790a0780eab6bf99a6aa64a	deferinloop	pkg/release/publish.go:183:3	deferinloop/cleanup-lifetime	true-positive	A release asset file is opened in each fileNames iteration and Close is deferred until uploadReleaseAssets returns; descriptors accumulate across assets (publish.go:173-190).
juicity/juicity	412dbe43e091788c5464eb2d6e9c169bdf39f19c	deferinloop	server/udp_endpoint.go:103:3	deferinloop/cleanup-lifetime	true-positive	GetOrCreate defers createMu.Unlock then can goto begin when another goroutine has populated p.pool; the jump reaches createMu.Lock again before deferred Unlock executes, so the same non-reentrant mutex can self-deadlock (udp_endpoint.go:97-108).
klothoplatform/klotho	c50c3a05237639830a0991ee6b26ea32ff7ed631	lockorder	pkg/graph_addons/memory.go:135:4	lockorder/read-lock-write	true-positive	RemoveVertex deletes from shared inEdges map while holding only s.lock.RLock, which permits concurrent readers/writers (memory.go:122-136). Repository scan was incomplete due dependency/compiler errors.
klothoplatform/klotho	c50c3a05237639830a0991ee6b26ea32ff7ed631	lockorder	pkg/graph_addons/memory.go:143:4	lockorder/read-lock-write	true-positive	RemoveVertex deletes from shared outEdges map while holding only s.lock.RLock, which permits concurrent readers/writers (memory.go:122-144). Repository scan was incomplete due dependency/compiler errors.
klothoplatform/klotho	c50c3a05237639830a0991ee6b26ea32ff7ed631	lockorder	pkg/graph_addons/memory.go:151:2	lockorder/read-lock-write	true-positive	RemoveVertex deletes from shared vertices map while holding only s.lock.RLock, which permits concurrent readers/writers (memory.go:122-154). Repository scan was incomplete due dependency/compiler errors.
klothoplatform/klotho	c50c3a05237639830a0991ee6b26ea32ff7ed631	lockorder	pkg/graph_addons/memory.go:152:2	lockorder/read-lock-write	true-positive	RemoveVertex deletes from shared vertexProperties map while holding only s.lock.RLock, which permits concurrent readers/writers (memory.go:122-154). Repository scan was incomplete due dependency/compiler errors.
klothoplatform/klotho	c50c3a05237639830a0991ee6b26ea32ff7ed631	nilargument	pkg/k2/constructs/construct_evaluator.go:60:25	nilargument/dereferenced-nil	false-positive	Evaluate's receiver ce has no proven-nil Constructs field; ordinary NewConstructEvaluator initializes Constructs to a nonnil ConcurrentMap before returning ce, so definite-nil claim for marshaller.Marshal is unsound (construct_evaluator.go:41-60). Repository scan was incomplete due dependency/compiler errors.
klothoplatform/klotho	c50c3a05237639830a0991ee6b26ea32ff7ed631	resourcelifetime	pkg/logging/category_writer.go:66:13	resourcelifetime/missing-release	false-positive	Write hands f to c.files.LoadOrStore as canonical cached category writer, and closes f if another goroutine wins; CategoryWriter is installed into zap core for long-lived logging (category_writer.go:58-90; logging/setup.go:79-93). No per-call release obligation is proven; owner cleanup is a separate concern. Repository scan was incomplete due dependency/compiler errors.
leukipp/cortile	96a0eddbaf37706a7ed64ffdf93cfc675e144730	nilargument	layout/fullscreen.go:21:2	nilargument/dereferenced-nil	false-positive	CreateFullscreenLayout sets embedded Manager from store.CreateManager; constructor returns nonnil Manager and Location fields, so Reset dereference of l.Location is safe (fullscreen.go:16-29; store/manager.go:50-72).
leukipp/cortile	96a0eddbaf37706a7ed64ffdf93cfc675e144730	nilargument	layout/horizontal.go:22:2	nilargument/dereferenced-nil	false-positive	CreateHorizontalTopLayout sets embedded Manager from store.CreateManager, which returns nonnil Manager and Location/Clients fields used by Reset (horizontal.go:17-43; store/manager.go:50-72).
leukipp/cortile	96a0eddbaf37706a7ed64ffdf93cfc675e144730	nilargument	layout/horizontal.go:31:2	nilargument/dereferenced-nil	false-positive	CreateHorizontalBottomLayout sets embedded Manager from store.CreateManager, which returns nonnil Manager and Location/Clients fields used by Reset (horizontal.go:26-43; store/manager.go:50-72).
leukipp/cortile	96a0eddbaf37706a7ed64ffdf93cfc675e144730	nilargument	layout/maximized.go:22:2	nilargument/dereferenced-nil	false-positive	CreateMaximizedLayout sets embedded Manager from store.CreateManager; constructor returns nonnil Manager and Location fields, so Reset dereference of l.Location is safe (maximized.go:17-30; store/manager.go:50-72).
leukipp/cortile	96a0eddbaf37706a7ed64ffdf93cfc675e144730	nilargument	layout/vertical.go:22:2	nilargument/dereferenced-nil	false-positive	CreateVerticalLeftLayout sets embedded Manager from store.CreateManager, which returns nonnil Manager and Location/Clients fields used by Reset (vertical.go:17-43; store/manager.go:50-72).
leukipp/cortile	96a0eddbaf37706a7ed64ffdf93cfc675e144730	nilargument	layout/vertical.go:31:2	nilargument/dereferenced-nil	false-positive	CreateVerticalRightLayout sets embedded Manager from store.CreateManager, which returns nonnil Manager and Location/Clients fields used by Reset (vertical.go:26-43; store/manager.go:50-72).
leukipp/cortile	96a0eddbaf37706a7ed64ffdf93cfc675e144730	resourcelifetime	common/info.go:119:19	resourcelifetime/missing-release	true-positive	FetchReleases successfully obtains HTTP response, reads body, and returns on read or parse failures or completion without ever closing response.Body (common/info.go:119-154).
leukipp/cortile	96a0eddbaf37706a7ed64ffdf93cfc675e144730	resourcelifetime	common/info.go:205:19	resourcelifetime/missing-release	true-positive	FetchIssues successfully obtains HTTP response, reads body, and returns on read or parse failures or completion without ever closing response.Body (common/info.go:205-239).
lindb/lindb	612070e1dc6043d2ea47d5b3bc6dccd51eefaee4	concurrentcapture	internal/client/request.go:76:4	concurrentcapture/shared-capture	true-positive	FetchRequestsByNodes launches one worker per node and each worker writes the shared result map at request.go:76 without a mutex; wait.Wait only joins after the racing writes (request.go:58-79). Repository scan was incomplete due dependency downloads.
lindb/lindb	612070e1dc6043d2ea47d5b3bc6dccd51eefaee4	concurrentcapture	internal/client/state_machine.go:86:4	concurrentcapture/shared-capture	true-positive	FetchStateByNodes launches one worker per node and each worker writes the shared result map at state_machine.go:86 without a mutex; wait.Wait only joins after the racing writes (state_machine.go:70-90). Repository scan was incomplete due dependency downloads.
lindb/lindb	612070e1dc6043d2ea47d5b3bc6dccd51eefaee4	nilargument	pkg/encoding/delta_bit_packing.go:135:2	nilargument/dereferenced-nil	false-positive	NewDeltaBitPackingDecoder initializes d.sr with stream.NewReader(nil) before calling d.Reset; stream.NewReader returns &Reader, so the diagnostic's definite-nil receiver claim is false (delta_bit_packing.go:127-136; stream/reader.go:39-43). Repository scan was incomplete due dependency downloads, but this package/source was analyzed.
lindb/lindb	612070e1dc6043d2ea47d5b3bc6dccd51eefaee4	nilargument	series/metric/row_broker_test.go:162:9	nilargument/dereferenced-nil	false-positive	NewShardGroupIterator sets shardGroupIterator.batch = br immediately before Reset and returns its address, so the diagnostic's definite-nil batch-field claim is false (row_broker.go:133-139; row_broker_test.go:162,199). Repository scan was incomplete due dependency downloads, but this package/source was analyzed.
lindb/lindb	612070e1dc6043d2ea47d5b3bc6dccd51eefaee4	nilargument	series/metric/row_broker_test.go:199:9	nilargument/dereferenced-nil	false-positive	NewShardGroupIterator sets shardGroupIterator.batch = br immediately before Reset and returns its address, so the diagnostic's definite-nil batch-field claim is false (row_broker.go:133-139; row_broker_test.go:162,199). Repository scan was incomplete due dependency downloads, but this package/source was analyzed.
lindb/lindb	612070e1dc6043d2ea47d5b3bc6dccd51eefaee4	nilargument	series/metric/row_storage_test.go:152:22	nilargument/dereferenced-nil	false-positive	NewKeyValueIterator returns &mr.keyValueIterator, never nil; this test receives that pointer at row_storage_test.go:151, so subsequent method-call nil diagnostics are false (row_readonly.go:64-69). Repository scan was incomplete due dependency downloads, but this package/source was analyzed.
lindb/lindb	612070e1dc6043d2ea47d5b3bc6dccd51eefaee4	nilargument	series/metric/row_storage_test.go:155:3	nilargument/dereferenced-nil	false-positive	NewKeyValueIterator returns &mr.keyValueIterator, never nil; this test receives that pointer at row_storage_test.go:151, so subsequent method-call nil diagnostics are false (row_readonly.go:64-69). Repository scan was incomplete due dependency downloads, but this package/source was analyzed.
lindb/lindb	612070e1dc6043d2ea47d5b3bc6dccd51eefaee4	nilargument	series/metric/row_storage_test.go:157:7	nilargument/dereferenced-nil	false-positive	NewKeyValueIterator returns &mr.keyValueIterator, never nil; this test receives that pointer at row_storage_test.go:151, so subsequent method-call nil diagnostics are false (row_readonly.go:64-69). Repository scan was incomplete due dependency downloads, but this package/source was analyzed.
lindb/lindb	612070e1dc6043d2ea47d5b3bc6dccd51eefaee4	nilargument	series/metric/row_storage_test.go:158:54	nilargument/dereferenced-nil	false-positive	NewKeyValueIterator returns &mr.keyValueIterator, never nil; this test receives that pointer at row_storage_test.go:151, so subsequent method-call nil diagnostics are false (row_readonly.go:64-69). Repository scan was incomplete due dependency downloads, but this package/source was analyzed.
lindb/lindb	612070e1dc6043d2ea47d5b3bc6dccd51eefaee4	nilargument	series/metric/row_storage_test.go:159:56	nilargument/dereferenced-nil	false-positive	NewKeyValueIterator returns &mr.keyValueIterator, never nil; this test receives that pointer at row_storage_test.go:151, so subsequent method-call nil diagnostics are false (row_readonly.go:64-69). Repository scan was incomplete due dependency downloads, but this package/source was analyzed.
lindb/lindb	612070e1dc6043d2ea47d5b3bc6dccd51eefaee4	nilargument	series/metric/row_storage_test.go:166:22	nilargument/dereferenced-nil	false-positive	NewSimpleFieldIterator returns &mr.simpleFieldIterator, never nil; this test receives that pointer at row_storage_test.go:165, so subsequent method-call nil diagnostics are false (row_readonly.go:71-75). Repository scan was incomplete due dependency downloads, but this package/source was analyzed.
lindb/lindb	612070e1dc6043d2ea47d5b3bc6dccd51eefaee4	nilargument	series/metric/row_storage_test.go:168:3	nilargument/dereferenced-nil	false-positive	NewSimpleFieldIterator returns &mr.simpleFieldIterator, never nil; this test receives that pointer at row_storage_test.go:165, so subsequent method-call nil diagnostics are false (row_readonly.go:71-75). Repository scan was incomplete due dependency downloads, but this package/source was analyzed.
lindb/lindb	612070e1dc6043d2ea47d5b3bc6dccd51eefaee4	nilargument	series/metric/row_storage_test.go:170:7	nilargument/dereferenced-nil	false-positive	NewSimpleFieldIterator returns &mr.simpleFieldIterator, never nil; this test receives that pointer at row_storage_test.go:165, so subsequent method-call nil diagnostics are false (row_readonly.go:71-75). Repository scan was incomplete due dependency downloads, but this package/source was analyzed.
lindb/lindb	612070e1dc6043d2ea47d5b3bc6dccd51eefaee4	nilargument	series/metric/row_storage_test.go:171:60	nilargument/dereferenced-nil	false-positive	NewSimpleFieldIterator returns &mr.simpleFieldIterator, never nil; this test receives that pointer at row_storage_test.go:165, so subsequent method-call nil diagnostics are false (row_readonly.go:71-75). Repository scan was incomplete due dependency downloads, but this package/source was analyzed.
lindb/lindb	612070e1dc6043d2ea47d5b3bc6dccd51eefaee4	nilargument	series/metric/row_storage_test.go:172:60	nilargument/dereferenced-nil	false-positive	NewSimpleFieldIterator returns &mr.simpleFieldIterator, never nil; this test receives that pointer at row_storage_test.go:165, so subsequent method-call nil diagnostics are false (row_readonly.go:71-75). Repository scan was incomplete due dependency downloads, but this package/source was analyzed.
lindb/lindb	612070e1dc6043d2ea47d5b3bc6dccd51eefaee4	nilargument	series/metric/row_storage_test.go:175:38	nilargument/dereferenced-nil	false-positive	NewSimpleFieldIterator returns &mr.simpleFieldIterator, never nil; this test receives that pointer at row_storage_test.go:165, so subsequent method-call nil diagnostics are false (row_readonly.go:71-75). Repository scan was incomplete due dependency downloads, but this package/source was analyzed.
lindb/lindb	612070e1dc6043d2ea47d5b3bc6dccd51eefaee4	nilargument	series/metric/row_storage_test.go:176:56	nilargument/dereferenced-nil	false-positive	NewSimpleFieldIterator returns &mr.simpleFieldIterator, never nil; this test receives that pointer at row_storage_test.go:165, so subsequent method-call nil diagnostics are false (row_readonly.go:71-75). Repository scan was incomplete due dependency downloads, but this package/source was analyzed.
lindb/lindb	612070e1dc6043d2ea47d5b3bc6dccd51eefaee4	nilargument	series/metric/row_storage_test.go:178:39	nilargument/dereferenced-nil	false-positive	NewSimpleFieldIterator returns &mr.simpleFieldIterator, never nil; this test receives that pointer at row_storage_test.go:165, so subsequent method-call nil diagnostics are false (row_readonly.go:71-75). Repository scan was incomplete due dependency downloads, but this package/source was analyzed.
lindb/lindb	612070e1dc6043d2ea47d5b3bc6dccd51eefaee4	nilargument	series/metric/row_storage_test.go:179:57	nilargument/dereferenced-nil	false-positive	NewSimpleFieldIterator returns &mr.simpleFieldIterator, never nil; this test receives that pointer at row_storage_test.go:165, so subsequent method-call nil diagnostics are false (row_readonly.go:71-75). Repository scan was incomplete due dependency downloads, but this package/source was analyzed.
lindb/lindb	612070e1dc6043d2ea47d5b3bc6dccd51eefaee4	nilargument	series/metric/row_storage_test.go:181:37	nilargument/dereferenced-nil	false-positive	NewSimpleFieldIterator returns &mr.simpleFieldIterator, never nil; this test receives that pointer at row_storage_test.go:165, so subsequent method-call nil diagnostics are false (row_readonly.go:71-75). Repository scan was incomplete due dependency downloads, but this package/source was analyzed.
lindb/lindb	612070e1dc6043d2ea47d5b3bc6dccd51eefaee4	nilargument	series/metric/row_storage_test.go:182:55	nilargument/dereferenced-nil	false-positive	NewSimpleFieldIterator returns &mr.simpleFieldIterator, never nil; this test receives that pointer at row_storage_test.go:165, so subsequent method-call nil diagnostics are false (row_readonly.go:71-75). Repository scan was incomplete due dependency downloads, but this package/source was analyzed.
lindb/lindb	612070e1dc6043d2ea47d5b3bc6dccd51eefaee4	nilargument	series/metric/row_storage_test.go:184:37	nilargument/dereferenced-nil	false-positive	NewSimpleFieldIterator returns &mr.simpleFieldIterator, never nil; this test receives that pointer at row_storage_test.go:165, so subsequent method-call nil diagnostics are false (row_readonly.go:71-75). Repository scan was incomplete due dependency downloads, but this package/source was analyzed.
lindb/lindb	612070e1dc6043d2ea47d5b3bc6dccd51eefaee4	nilargument	series/metric/row_storage_test.go:185:55	nilargument/dereferenced-nil	false-positive	NewSimpleFieldIterator returns &mr.simpleFieldIterator, never nil; this test receives that pointer at row_storage_test.go:165, so subsequent method-call nil diagnostics are false (row_readonly.go:71-75). Repository scan was incomplete due dependency downloads, but this package/source was analyzed.
lindb/lindb	612070e1dc6043d2ea47d5b3bc6dccd51eefaee4	nilargument	series/metric/row_storage_test.go:187:36	nilargument/dereferenced-nil	false-positive	NewSimpleFieldIterator returns &mr.simpleFieldIterator, never nil; this test receives that pointer at row_storage_test.go:165, so subsequent method-call nil diagnostics are false (row_readonly.go:71-75). Repository scan was incomplete due dependency downloads, but this package/source was analyzed.
lindb/lindb	612070e1dc6043d2ea47d5b3bc6dccd51eefaee4	nilargument	series/metric/row_storage_test.go:188:63	nilargument/dereferenced-nil	false-positive	NewSimpleFieldIterator returns &mr.simpleFieldIterator, never nil; this test receives that pointer at row_storage_test.go:165, so subsequent method-call nil diagnostics are false (row_readonly.go:71-75). Repository scan was incomplete due dependency downloads, but this package/source was analyzed.
lindb/lindb	612070e1dc6043d2ea47d5b3bc6dccd51eefaee4	nilargument	series/metric/row_storage_test.go:190:37	nilargument/dereferenced-nil	false-positive	NewSimpleFieldIterator returns &mr.simpleFieldIterator, never nil; this test receives that pointer at row_storage_test.go:165, so subsequent method-call nil diagnostics are false (row_readonly.go:71-75). Repository scan was incomplete due dependency downloads, but this package/source was analyzed.
lindb/lindb	612070e1dc6043d2ea47d5b3bc6dccd51eefaee4	nilargument	series/metric/row_storage_test.go:191:60	nilargument/dereferenced-nil	false-positive	NewSimpleFieldIterator returns &mr.simpleFieldIterator, never nil; this test receives that pointer at row_storage_test.go:165, so subsequent method-call nil diagnostics are false (row_readonly.go:71-75). Repository scan was incomplete due dependency downloads, but this package/source was analyzed.
lindb/lindb	612070e1dc6043d2ea47d5b3bc6dccd51eefaee4	nilargument	series/metric/row_storage_test.go:193:38	nilargument/dereferenced-nil	false-positive	NewSimpleFieldIterator returns &mr.simpleFieldIterator, never nil; this test receives that pointer at row_storage_test.go:165, so subsequent method-call nil diagnostics are false (row_readonly.go:71-75). Repository scan was incomplete due dependency downloads, but this package/source was analyzed.
lindb/lindb	612070e1dc6043d2ea47d5b3bc6dccd51eefaee4	nilargument	series/metric/row_storage_test.go:212:22	nilargument/dereferenced-nil	false-positive	NewCompoundFieldIterator returns either nil/false or &mr.compoundFieldIterator/true; the test constructs a compound flat metric and uses itr after checking ok, so a definite-nil claim is unsupported (row_readonly.go:78-89; row_storage_test.go:95-130,200-230). Repository scan was incomplete due dependency downloads, but this package/source was analyzed.
lindb/lindb	612070e1dc6043d2ea47d5b3bc6dccd51eefaee4	nilargument	series/metric/row_storage_test.go:213:24	nilargument/dereferenced-nil	false-positive	NewCompoundFieldIterator returns either nil/false or &mr.compoundFieldIterator/true; the test constructs a compound flat metric and uses itr after checking ok, so a definite-nil claim is unsupported (row_readonly.go:78-89; row_storage_test.go:95-130,200-230). Repository scan was incomplete due dependency downloads, but this package/source was analyzed.
lindb/lindb	612070e1dc6043d2ea47d5b3bc6dccd51eefaee4	nilargument	series/metric/row_storage_test.go:214:26	nilargument/dereferenced-nil	false-positive	NewCompoundFieldIterator returns either nil/false or &mr.compoundFieldIterator/true; the test constructs a compound flat metric and uses itr after checking ok, so a definite-nil claim is unsupported (row_readonly.go:78-89; row_storage_test.go:95-130,200-230). Repository scan was incomplete due dependency downloads, but this package/source was analyzed.
lindb/lindb	612070e1dc6043d2ea47d5b3bc6dccd51eefaee4	nilargument	series/metric/row_storage_test.go:215:26	nilargument/dereferenced-nil	false-positive	NewCompoundFieldIterator returns either nil/false or &mr.compoundFieldIterator/true; the test constructs a compound flat metric and uses itr after checking ok, so a definite-nil claim is unsupported (row_readonly.go:78-89; row_storage_test.go:95-130,200-230). Repository scan was incomplete due dependency downloads, but this package/source was analyzed.
lindb/lindb	612070e1dc6043d2ea47d5b3bc6dccd51eefaee4	nilargument	series/metric/row_storage_test.go:216:31	nilargument/dereferenced-nil	false-positive	NewCompoundFieldIterator returns either nil/false or &mr.compoundFieldIterator/true; the test constructs a compound flat metric and uses itr after checking ok, so a definite-nil claim is unsupported (row_readonly.go:78-89; row_storage_test.go:95-130,200-230). Repository scan was incomplete due dependency downloads, but this package/source was analyzed.
lindb/lindb	612070e1dc6043d2ea47d5b3bc6dccd51eefaee4	nilargument	series/metric/row_storage_test.go:224:3	nilargument/dereferenced-nil	false-positive	NewCompoundFieldIterator returns either nil/false or &mr.compoundFieldIterator/true; the test constructs a compound flat metric and uses itr after checking ok, so a definite-nil claim is unsupported (row_readonly.go:78-89; row_storage_test.go:95-130,200-230). Repository scan was incomplete due dependency downloads, but this package/source was analyzed.
lindb/lindb	612070e1dc6043d2ea47d5b3bc6dccd51eefaee4	nilargument	series/metric/row_storage_test.go:226:7	nilargument/dereferenced-nil	false-positive	NewCompoundFieldIterator returns either nil/false or &mr.compoundFieldIterator/true; the test constructs a compound flat metric and uses itr after checking ok, so a definite-nil claim is unsupported (row_readonly.go:78-89; row_storage_test.go:95-130,200-230). Repository scan was incomplete due dependency downloads, but this package/source was analyzed.
lindb/lindb	612070e1dc6043d2ea47d5b3bc6dccd51eefaee4	nilargument	series/metric/row_storage_test.go:227:38	nilargument/dereferenced-nil	false-positive	NewCompoundFieldIterator returns either nil/false or &mr.compoundFieldIterator/true; the test constructs a compound flat metric and uses itr after checking ok, so a definite-nil claim is unsupported (row_readonly.go:78-89; row_storage_test.go:95-130,200-230). Repository scan was incomplete due dependency downloads, but this package/source was analyzed.
lindb/lindb	612070e1dc6043d2ea47d5b3bc6dccd51eefaee4	nilargument	series/metric/row_storage_test.go:228:38	nilargument/dereferenced-nil	false-positive	NewCompoundFieldIterator returns either nil/false or &mr.compoundFieldIterator/true; the test constructs a compound flat metric and uses itr after checking ok, so a definite-nil claim is unsupported (row_readonly.go:78-89; row_storage_test.go:95-130,200-230). Repository scan was incomplete due dependency downloads, but this package/source was analyzed.
lindb/lindb	612070e1dc6043d2ea47d5b3bc6dccd51eefaee4	nilargument	series/metric/row_storage_test.go:229:8	nilargument/dereferenced-nil	false-positive	NewCompoundFieldIterator returns either nil/false or &mr.compoundFieldIterator/true; the test constructs a compound flat metric and uses itr after checking ok, so a definite-nil claim is unsupported (row_readonly.go:78-89; row_storage_test.go:95-130,200-230). Repository scan was incomplete due dependency downloads, but this package/source was analyzed.
lindb/lindb	612070e1dc6043d2ea47d5b3bc6dccd51eefaee4	resourcelifetime	pkg/bufioutil/bufio_writer.go:102:15	resourcelifetime/missing-release	true-positive	Reset creates newF, then returns if closing the old writer fails without closing the newly opened file (bufio_writer.go:100-113). Repository scan was incomplete due dependency downloads.
lindb/lindb	612070e1dc6043d2ea47d5b3bc6dccd51eefaee4	resourcelifetime	pkg/fileutil/mmap_test.go:38:14	resourcelifetime/missing-release	true-positive	TestRead reopens filename and only calls Unmap; Unmap releases the mapping but never closes the os.File descriptor (mmap_test.go:38-44; mmap.go:73-79). Repository scan was incomplete due dependency downloads.
lindb/lindb	612070e1dc6043d2ea47d5b3bc6dccd51eefaee4	resourcelifetime	pkg/fileutil/mmap_test.go:50:12	resourcelifetime/missing-release	true-positive	TestRWMap opens f and calls Unmap on its mapping but never calls f.Close on the file descriptor (mmap_test.go:50-77; mmap.go:73-79). Repository scan was incomplete due dependency downloads.
looCiprian/GC2-sheet	cc8bdb2a722b4b8862a3bd2dd8bacfdd06ffc205	resourcelifetime	internal/C2/GoogleCommandExecutor.go:133:11	resourcelifetime/missing-release	true-positive	GoogleCommandExecutor discards the successful client.Do response after its PUT request without closing its Body (GoogleCommandExecutor.go:129-137).
looCiprian/GC2-sheet	cc8bdb2a722b4b8862a3bd2dd8bacfdd06ffc205	resourcelifetime	internal/C2/GoogleCommandExecutor.go:160:15	resourcelifetime/missing-release	true-positive	pullCommandAndTicker decodes resp.Body after client.Do but never closes it before any return (GoogleCommandExecutor.go:160-190).
looCiprian/GC2-sheet	cc8bdb2a722b4b8862a3bd2dd8bacfdd06ffc205	resourcelifetime	internal/C2/GoogleCommandExecutor.go:235:11	resourcelifetime/missing-release	true-positive	pushOutput discards the successful client.Do response after its PUT request without closing its Body (GoogleCommandExecutor.go:229-240).
looCiprian/GC2-sheet	cc8bdb2a722b4b8862a3bd2dd8bacfdd06ffc205	resourcelifetime	internal/C2/GoogleFileSystem.go:110:11	resourcelifetime/missing-release	true-positive	GoogleFileSystem upload discards successful client.Do response from its POST request without closing Body (GoogleFileSystem.go:104-115).
looCiprian/GC2-sheet	cc8bdb2a722b4b8862a3bd2dd8bacfdd06ffc205	resourcelifetime	internal/C2/MicrosoftConnector.go:45:15	resourcelifetime/missing-release	true-positive	Microsoft token request decodes resp.Body or returns on non-OK status without closing the response body (MicrosoftConnector.go:45-63).
looCiprian/GC2-sheet	cc8bdb2a722b4b8862a3bd2dd8bacfdd06ffc205	resourcelifetime	internal/C2/fileOperation.go:9:12	resourcelifetime/missing-release	true-positive	saveFile creates f and writes bytes but returns without closing f on success or Write error (fileOperation.go:7-18).
mafredri/cdp	715c982e8fafa3792ddfa061cef2bcac064cfa15	resourcelifetime	example_test.go:109:12	resourcelifetime/missing-release	true-positive	The example opens the PDF file before PrintToPDF; that call or WriteTo can return an error before f.Close, leaking the file (example_test.go:109-136).
mailgun/groupcache	90b5ebf376fe71aa1886fd48bce61c065dcf2a80	resourcelifetime	http_test.go:238:16	resourcelifetime/missing-release	true-positive	Getter callback issues http.Get, discards successful response while checking only err, and then stores data; no response body Close occurs (http_test.go:225-244).
marmotedu/iam	16c723d3c1f75fe437e501ef7f22a816c48a6add	resourcelifetime	internal/iamctl/cmd/profiling.go:36:13	resourcelifetime/missing-release	true-positive	CPU profile branch creates output file and passes it to pprof.StartCPUProfile; flushProfiling stops profiler but never closes the file, and StartCPUProfile error also leaves it open (profiling.go:31-41,63-69).
marmotedu/iam	16c723d3c1f75fe437e501ef7f22a816c48a6add	resourcelifetime	internal/pkg/server/genericapiserver.go:226:16	resourcelifetime/missing-release	true-positive	Health-poll loop closes successful OK response at line230 but non-OK successful responses skip Close and proceed to sleep/next iteration (genericapiserver.go:218-242).
maxlerebourg/crowdsec-bouncer-traefik-plugin	710e88808baccb320d7b2b3560397e1474e3e98b	resourcelifetime	bouncer.go:846:14	resourcelifetime/missing-release	true-positive	If Do returns a non-nil response with reverse-proxy error status, appsecQuery returns before registering its Body drain/Close defer (bouncer.go:846-863); a separate err path may have nil res.
maxlerebourg/crowdsec-bouncer-traefik-plugin	710e88808baccb320d7b2b3560397e1474e3e98b	resourcelifetime	pkg/configuration/configuration.go:359:12	resourcelifetime/missing-release	true-positive	Config validation opens LogFilePath for writability but discards the returned *os.File on success, leaving the descriptor open (configuration.go:358-364).
maxlerebourg/crowdsec-bouncer-traefik-plugin	710e88808baccb320d7b2b3560397e1474e3e98b	resourcelifetime	pkg/logger/logger.go:45:19	resourcelifetime/missing-release	false-positive	Logger.New retains the opened file in output, hands it to slog.NewJSONHandler/NewTextHandler, and returns the resulting *slog.Logger; callers retain that logger for component lifetime (logger.go:42-91; bouncer.go:125).
mitranim/gow	3b8e4d082711cd6f5ce5139450fcb3d01613c546	processownership	gow_test.go:237:9	processownership/missing-wait	true-positive	The test calls cmd.Start and only registers context cancellation and pipe Close; cancel may kill but does not reap the child, and no Wait is called (gow_test.go:221-251).
mnt-ltd/moredoc	fda5d51a3c66e9c8e0d7eb19b611e78bc99b8451	resourcelifetime	util/filetil/filetil.go:66:15	resourcelifetime/missing-release	true-positive	GetFileMD5 opens filePath, copies bytes into md5 hash, and returns without closing the file, including io.Copy errors (filetil.go:65-71).
mojocn/felix	9e5c6c4794497fcd799fb7d86989cb8263609175	resourcelifetime	util/cf_ip.go:36:15	resourcelifetime/missing-release	true-positive	On successful http.Get with a non-OK status, NewCfIP returns before deferring resp.Body.Close at line43 (cf_ip.go:36-43).
mumax/3	f284051153d1513523043fe42654e283c6e21464	concurrentcapture	mag/demagkernel.go:174:7	concurrentcapture/shared-capture	false-positive	Exactly three workers have distinct s=0,1,2; only the s==2 arm mutates captured progmax, and parent initializes it before spawning then waits for all three done signals (demagkernel.go:151-176, 275-284). Repository scan is incomplete.
mumax/3	f284051153d1513523043fe42654e283c6e21464	concurrentcapture	mag/demagkernel.go:193:7	concurrentcapture/shared-capture	false-positive	Exactly three workers have distinct s=0,1,2; only the s==2 arm mutates captured progress, and parent initializes it before spawning then waits for all three done signals (demagkernel.go:151-194, 275-284). Repository scan is incomplete.
mumax/3	f284051153d1513523043fe42654e283c6e21464	resourcelifetime	cmd/mumax3-script/main.go:35:15	resourcelifetime/missing-release	true-positive	main opens its input script and passes it to interpret without closing the file before process exit (main.go:34-44). Repository scan is incomplete.
mumax/3	f284051153d1513523043fe42654e283c6e21464	resourcelifetime	cmd/mumax3-server/que.go:73:14	resourcelifetime/missing-release	true-positive	LoadJobs opens current directory, reads its entries, and returns without closing the directory handle (que.go:72-82). Repository scan is incomplete.
mumax/3	f284051153d1513523043fe42654e283c6e21464	resourcelifetime	mag/demagkernel.go:103:12	resourcelifetime/missing-release	true-positive	SaveKernel opens output file, defers only buffered writer Flush, and returns without closing the underlying file (demagkernel.go:102-110). Repository scan is incomplete.
mumax/3	f284051153d1513523043fe42654e283c6e21464	resourcelifetime	mag/mfmkernel.go:73:12	resourcelifetime/missing-release	true-positive	SaveMFMKernel opens output file, defers only buffered writer Flush, and returns without closing the underlying file (mfmkernel.go:72-80). Repository scan is incomplete.
nanomsg/mangos	c144032cd9c5d316a53124ee6e3aff70c60aea18	goroutineownership	test/transport.go:221:2	goroutineownership/unjoined	true-positive	The request/reply test calls wg.Wait only at the end; its server Accept/Recv/error and timeout returns can leave client goroutine running after test returns (test/transport.go:221-333).
nanomsg/mangos	c144032cd9c5d316a53124ee6e3aff70c60aea18	goroutineownership	test/transport.go:78:2	goroutineownership/unjoined	true-positive	TestListenAndAccept calls wg.Wait only after l.Accept succeeds; its Accept error branch returns early while dialer goroutine may still be running (test/transport.go:78-124).
nanomsg/mangos	c144032cd9c5d316a53124ee6e3aff70c60aea18	lockorder	transport/tlstcp/tlstcp.go:154:3	lockorder/missing-release	true-positive	After l.lock.Lock at line151, nil TLS config returns ErrTLSNoConfig without Unlock; neighboring error branches explicitly unlock (tlstcp.go:151-163).
nanomsg/mangos	c144032cd9c5d316a53124ee6e3aff70c60aea18	resourcelifetime	transport/ws/ws_specific_test.go:109:15	resourcelifetime/missing-release	true-positive	Successful http.Get response body is read but never closed, including early status/read error returns (ws_specific_test.go:109-129).
nanomsg/mangos	c144032cd9c5d316a53124ee6e3aff70c60aea18	resourcelifetime	transport/ws/ws_specific_test.go:184:15	resourcelifetime/missing-release	true-positive	Successful http.Get response body is read but never closed, including early status/read error returns (ws_specific_test.go:184-204).
nanomsg/mangos	c144032cd9c5d316a53124ee6e3aff70c60aea18	resourcelifetime	transport/ws/ws_test.go:177:12	resourcelifetime/missing-release	true-positive	Successful client.Do response status is checked but res.Body is never closed before test returns (ws_test.go:176-180).
noneback/go-taskflow	9d56ba3ab8e25197a985fe54f430efbd130e7964	concurrentcapture	utils/copool_test.go:69:4	concurrentcapture/shared-capture	false-positive	TestPoolSequentialExec creates NewCopool(1), which caps active workers at one; queued task closures run serially, so append to captured q cannot overlap with another task (copool_test.go:59-73; copool.go:48-85).
noneback/go-taskflow	9d56ba3ab8e25197a985fe54f430efbd130e7964	concurrentcapture	utils/copool_test.go:70:4	concurrentcapture/shared-capture	false-positive	TestPoolSequentialExec creates NewCopool(1), which caps active workers at one; queued task closures run serially, so increment of captured idx cannot overlap with another task (copool_test.go:59-73; copool.go:48-85).
noneback/go-taskflow	9d56ba3ab8e25197a985fe54f430efbd130e7964	deferinloop	examples/word_count/word_count.go:128:3	deferinloop/cleanup-lifetime	true-positive	Map worker opens one output file per reducer but defers Close inside the reducer loop, retaining all prior files until the function returns (word_count.go:121-137).
openimsdk/openim-sdk-core	061ac673ffa31f4d863651fdffee7882609a5f62	goroutineownership	internal/conversation_msg/notification.go:450:4	goroutineownership/unjoined	false-positive	The reported asyncNoWait arm passes nil as executeSyncFunction's WaitGroup argument; its conditional `if wg != nil { defer wg.Done() }` establishes no completion obligation for this worker (notification.go:449-463). The distinct asyncWait launch on line 448 is joined by Wait on line 457 and was not reported.
ory/fosite	a5f0b09bf31c17297b25637bb3fec2ff7a55b159	resourcelifetime	integration/authorize_code_grant_public_client_pkce_test.go:82:17	resourcelifetime/missing-release	true-positive	First http.Get response body is never closed; the later PostForm overwrites resp and defers Close only for the replacement response (authorize_code_grant_public_client_pkce_test.go:82-103).
ory/fosite	a5f0b09bf31c17297b25637bb3fec2ff7a55b159	resourcelifetime	integration/authorize_code_grant_public_client_test.go:93:17	resourcelifetime/missing-release	true-positive	Auth-code http.Get response is never closed; success branch later overwrites resp with info response, which also has no Close (authorize_code_grant_public_client_test.go:93-110).
ory/fosite	a5f0b09bf31c17297b25637bb3fec2ff7a55b159	resourcelifetime	integration/authorize_code_grant_test.go:128:17	resourcelifetime/missing-release	true-positive	Auth-code http.Get response is never closed; success branch later overwrites resp with info response, which also has no Close (authorize_code_grant_test.go:128-146).
ory/fosite	a5f0b09bf31c17297b25637bb3fec2ff7a55b159	resourcelifetime	integration/authorize_code_grant_test.go:161:15	resourcelifetime/missing-release	true-positive	Dupe-code test obtains http.Get response and later overwrites resp with DefaultClient.Do without closing the first body (authorize_code_grant_test.go:161-175).
ory/fosite	a5f0b09bf31c17297b25637bb3fec2ff7a55b159	resourcelifetime	integration/authorize_code_grant_test.go:173:14	resourcelifetime/missing-release	true-positive	Dupe-code test obtains DefaultClient.Do response and later overwrites resp with another Get without closing this body's descriptor (authorize_code_grant_test.go:173-182).
ory/fosite	a5f0b09bf31c17297b25637bb3fec2ff7a55b159	resourcelifetime	integration/pushed_authorize_code_grant_test.go:153:16	resourcelifetime/missing-release	true-positive	Auth response from DefaultClient.Do is not closed before resp is overwritten by info Get; checkStatusAndGetBody only closed an earlier PAR response (pushed_authorize_code_grant_test.go:118-179).
ory/fosite	a5f0b09bf31c17297b25637bb3fec2ff7a55b159	resourcelifetime	integration/refresh_token_grant_test.go:221:15	resourcelifetime/missing-release	true-positive	Introspection closure decodes the HTTP response body but never closes it before returning (refresh_token_grant_test.go:216-228).
ory/fosite	a5f0b09bf31c17297b25637bb3fec2ff7a55b159	resourcelifetime	integration/refresh_token_grant_test.go:230:17	resourcelifetime/missing-release	true-positive	Refresh-token test obtains auth-code http.Get response and never closes its Body before branch return or later exchange/introspection (refresh_token_grant_test.go:230-243).
ostafen/clover	de2a323975a64ae2e9f5a1b569d87a21c41e6a77	resourcelifetime	json.go:42:15	resourcelifetime/missing-release	true-positive	ImportCollection opens importPath and returns after CreateCollection, Decode, or Insert without ever closing file, on success or failure (json.go:42-59).
phuslu/log	2c7f9d6448aabfa3eb1e5410e20e5f9552a98091	resourcelifetime	console_test.go:14:13	resourcelifetime/missing-release	true-positive	TestIsTerminal opens os.DevNull to inspect its Fd and never closes file before its early platform return or test completion (console_test.go:13-30).
poundifdef/smoothmq	a6094b12b2f13f3a0f6349ac12cccc2f4715a47b	concurrentcapture	cmd/smoothmq/tester/tester.go:52:5	concurrentcapture/shared-capture	true-positive	Multiple sender goroutines increment captured sentMessages without synchronization while the progress goroutine reads it; wg.Wait after launches does not order those accesses (tester.go:45-74).
poundifdef/smoothmq	a6094b12b2f13f3a0f6349ac12cccc2f4715a47b	concurrentcapture	cmd/smoothmq/tester/tester.go:61:5	concurrentcapture/shared-capture	true-positive	Multiple receiver goroutines increment captured receivedMessages without synchronization while the progress goroutine reads it; receivers have no join or atomic guard (tester.go:57-74).
quasilyte/go-ruleguard	53ee6ef0c75c144ddf76c8a9be430ac32e206d3a	nilargument	ruleguard/quasigo/quasigo_test.go:98:9	nilargument/dereferenced-nil	false-positive	compileTestFunc passes ctx.Env from its env parameter; observed callers use quasigo.NewEnv, whose newEnv initializes debug (quasigo/env.go:20-25; eval_test.go:182,261; eval_bench_test.go:156; compile_test.go:394). A nil field is not established at this call. Repository scan incomplete due dependency download.
quexten/goldwarden	7727d3ac291d6f38473d8861a187c56efb449acb	lockorder	cli/agent/config/config.go:208:4	lockorder/missing-release	true-positive	After c.mu.Lock, encryptString error returns before c.mu.Unlock at line246; this first token error branch strands the mutex (config.go:185-246). Repository scan incomplete due dependency errors.
quexten/goldwarden	7727d3ac291d6f38473d8861a187c56efb449acb	lockorder	cli/agent/config/config.go:215:4	lockorder/missing-release	true-positive	After c.mu.Lock, user symmetric key encryption error returns before c.mu.Unlock at line246 (config.go:185-246). Repository scan incomplete due dependency errors.
quexten/goldwarden	7727d3ac291d6f38473d8861a187c56efb449acb	lockorder	cli/agent/config/config.go:222:4	lockorder/missing-release	true-positive	After c.mu.Lock, master password hash encryption error returns before c.mu.Unlock at line246 (config.go:185-246). Repository scan incomplete due dependency errors.
quexten/goldwarden	7727d3ac291d6f38473d8861a187c56efb449acb	lockorder	cli/agent/config/config.go:229:4	lockorder/missing-release	true-positive	After c.mu.Lock, master key encryption error returns before c.mu.Unlock at line246 (config.go:185-246). Repository scan incomplete due dependency errors.
quexten/goldwarden	7727d3ac291d6f38473d8861a187c56efb449acb	lockorder	cli/agent/config/config.go:236:4	lockorder/missing-release	true-positive	After c.mu.Lock, client ID encryption error returns before c.mu.Unlock at line246 (config.go:185-246). Repository scan incomplete due dependency errors.
quexten/goldwarden	7727d3ac291d6f38473d8861a187c56efb449acb	lockorder	cli/agent/config/config.go:243:4	lockorder/missing-release	true-positive	After c.mu.Lock, client secret encryption error returns before c.mu.Unlock at line246 (config.go:185-246). Repository scan incomplete due dependency errors.
reconquest/orgalorg	17aad3570a15099fc52949ac4359b350f045ca84	resourcelifetime	archive_write_unix.go:87:24	resourcelifetime/missing-release	true-positive	The archive source file is opened and copied but never closed on the success or io.Copy error paths (archive_write_unix.go:87-105).
reconquest/orgalorg	17aad3570a15099fc52949ac4359b350f045ca84	resourcelifetime	key.go:151:14	resourcelifetime/missing-release	true-positive	readPassword opens /dev/tty and reads from its FD without a Close on either the error or success path (key.go:151-171).
reconquest/orgalorg	17aad3570a15099fc52949ac4359b350f045ca84	resourcelifetime	main.go:766:22	resourcelifetime/missing-release	true-positive	parseAddresses opens each host file for Scanner input but never closes hostsFile, including the parse-error return (main.go:766-790).
remotemobprogramming/mob	6efd2d0d667bd70e46e0a9878d34da075675618d	resourcelifetime	configuration/configuration.go:222:15	resourcelifetime/missing-release	true-positive	parseUserConfiguration opens file and scans it but never closes the descriptor before returning (configuration.go:221-309).
remotemobprogramming/mob	6efd2d0d667bd70e46e0a9878d34da075675618d	resourcelifetime	configuration/configuration.go:313:15	resourcelifetime/missing-release	true-positive	parseProjectConfiguration opens file and scans it but never closes the descriptor before returning (configuration.go:312-399).
remotemobprogramming/mob	6efd2d0d667bd70e46e0a9878d34da075675618d	resourcelifetime	httpclient/httpclient.go:50:27	resourcelifetime/missing-release	true-positive	SendRequest returns on HTTP status >=300 before registering response.Body.Close at line71, leaving the successful Do response body open (httpclient.go:50-72).
rethinkdb/rethinkdb-go	ec4cd14d7e44745e2e20d5216080d44625d8d5ae	cancellationownership	connection_helper.go:28:12	cancellationownership/release	true-positive	contextFromConnectionOpts discards the cancel returned by WithTimeout and returns only ctx; no caller can release the timeout timer early (connection_helper.go:19-30).
rethinkdb/rethinkdb-go	ec4cd14d7e44745e2e20d5216080d44625d8d5ae	cancellationownership	connection_test.go:194:12	cancellationownership/release	true-positive	TimeoutRead test discards the cancel function from WithTimeout and never calls it after Query completes, leaving the timer until its short deadline (connection_test.go:193-210).
ribbybibby/ssl_exporter	6037c98a779180a6b73be79df535c18e80969722	resourcelifetime	prober/file_test.go:145:18	resourcelifetime/missing-release	true-positive	createTestFile closes temp file only after writing; a Write error returns at line150 with successfully acquired tmpFile still open (file_test.go:145-156).
ribbybibby/ssl_exporter	6037c98a779180a6b73be79df535c18e80969722	resourcelifetime	test/test.go:93:18	resourcelifetime/missing-release	true-positive	WriteFile closes temp file only after writing; a Write error returns at line98 with successfully acquired tmpFile still open (test/test.go:93-104).
robaho/go-trader	23bac0628caec8fca40d14d7757949174366066c	resourcelifetime	cmd/marketmaker/main.go:87:13	resourcelifetime/missing-release	true-positive	Profiling branch creates output file and defers pprof.StopCPUProfile but never closes the underlying f descriptor before main continues/exits (main.go:86-93).
sevtin/lark	015f0cf1391275329791a2fe023ae0be5c8bd4d8	cancellationownership	pkg/common/xetcd/resolver.go:135:12	cancellationownership/release	true-positive	Build discards the WithTimeout cancel function, then returns after cli.Get or an error without releasing the timeout context (resolver.go:130-149). Repository scan was incomplete due dependency downloads; this package finding is source-confirmed.
sevtin/lark	015f0cf1391275329791a2fe023ae0be5c8bd4d8	cancellationownership	pkg/common/xetcd/resolver.go:89:11	cancellationownership/release	true-positive	newGrpcClientConn discards the WithTimeout cancel function and returns after DialContext without calling it; timeout-context timer survives until deadline (resolver.go:69-98). Repository scan was incomplete due dependency downloads; this package finding is source-confirmed.
sevtin/lark	015f0cf1391275329791a2fe023ae0be5c8bd4d8	concurrentcapture	apps/dist/internal/service/svc_dist_message_operation.go:33:4	concurrentcapture/shared-capture	true-positive	Each loop worker writes the same captured serverMembers map variable at line 33 before using it; multiple workers run concurrently and wg.Wait only joins them after the racing writes (svc_dist_message_operation.go:29-38). Repository scan was incomplete due dependency downloads.
sevtin/lark	015f0cf1391275329791a2fe023ae0be5c8bd4d8	resourcelifetime	pkg/common/xopenai/image.go:19:14	resourcelifetime/missing-release	true-positive	pictureMultipart opens the input image and copies from it but never closes file on success or any later error (image.go:19-39). Repository scan was incomplete due dependency downloads.
sevtin/lark	015f0cf1391275329791a2fe023ae0be5c8bd4d8	resourcelifetime	pkg/common/xopenai/image.go:56:15	resourcelifetime/missing-release	true-positive	VerifyPngs opens each path in a loop and never closes f, including early validation returns (image.go:55-84). Repository scan was incomplete due dependency downloads.
sevtin/lark	015f0cf1391275329791a2fe023ae0be5c8bd4d8	resourcelifetime	pkg/common/xresize/crop.go:97:19	resourcelifetime/missing-release	false-positive	After a successful os.Create, cropPhoto defers a closure that calls file.Close at lines 101-103; it executes after CropPhoto on success or error. This is a deferred-closure cleanup miss, not a leak. Repository scan was incomplete due dependency downloads, but source is pinned.
slok/kubewebhook	71858ec3d9e23d22ba3da0ef29e05b17a8ef3d96	producerlifecycle	examples/multiwebhook/cmd/multiwebhook/main.go:102:3	producerlifecycle/abandoned-send	true-positive	The metrics server goroutine sends its terminal result to unbuffered errC; Run receives only one result or a signal and returns, so this send can block after another server or signal wins (main.go:80-120).
slok/kubewebhook	71858ec3d9e23d22ba3da0ef29e05b17a8ef3d96	producerlifecycle	examples/multiwebhook/cmd/multiwebhook/main.go:90:3	producerlifecycle/abandoned-send	true-positive	The webhook server goroutine sends its terminal result to unbuffered errC; Run receives only one result or a signal and returns, so this send can block after another server or signal wins (main.go:80-120).
strongdm/leash	fd8e0c1deb978d1871e080cd09a7f9e9c394c406	resourcelifetime	internal/runner/runner.go:2455:14	resourcelifetime/missing-release	true-positive	precheckInteractive creates a temp log file and defers removal of its pathname but never closes the open descriptor, including after docker exec or ReadFile (runner.go:2454-2474).
teslamotors/vehicle-command	f61e29e8e622f1f831daff60bcc24976201ff81d	goroutineownership	pkg/vehicle/vehicle_test.go:107:2	goroutineownership/unjoined	inconclusive	Start may return through ctx.Done without joining Listen, which can still set listening=true afterward; Listen is finite and the test harness may tolerate that race. Intended ownership and impact are unclear from source (vehicle_test.go:104-123).
teslamotors/vehicle-command	f61e29e8e622f1f831daff60bcc24976201ff81d	lockorder	internal/dispatcher/session.go:83:6	lockorder/missing-release	true-positive	The unrecognized AuthMethod branch returns from authorize while s.lock is held, before the explicit Unlock after the switch (session.go:71-86).
tiagorlampert/CHAOS	55d14b203bc1444498ee0c2b96a1ab3304d99d77	resourcelifetime	client/app/services/upload/upload_service.go:28:15	resourcelifetime/missing-release	true-positive	UploadFile opens path and reads/stat's it before an explicit Close; either ReadAll or Stat error returns with the file open (upload_service.go:28-40).
timescale/timescaledb-tune	c7a642bd4e16d48a51c060a43dc6dff864cb42d7	nilargument	cmd/timescaledb-tune/main.go:65:3	nilargument/dereferenced-nil	false-positive	Run assigns nonnil flags via verifyTunerFlags (including nil input) and initializes handler before dereferencing either; zero Tuner at this call is its intended initialization state (tuner.go:223-257).
timescale/timescaledb-tune	c7a642bd4e16d48a51c060a43dc6dff864cb42d7	nilargument	pkg/tstune/config_file_test.go:26:2	nilargument/dereferenced-nil	false-positive	The processor's regex is constructed by keyToRegexQuoted with regexp.MustCompile before Process calls regex.FindStringSubmatch; its private prog field is initialized by regexp, not nil (config_file_test.go:25-26; tune_settings.go:71-73).
tmaxmax/go-sse	e3ddbdfdcf69aacfe83cbeafcc20e169f55fccb2	nilargument	client_test.go:71:3	nilargument/dereferenced-nil	false-positive	TestClient_NewConnection passes nil to sse.NewConnection only inside tests.Panics and explicitly expects this constructor to panic without a request (client_test.go:69-72).
tokopedia/gripmock	e8429fba39a898043a3b3622d5b63a83f8aebcc7	deferinloop	stub/storage_test.go:500:6	deferinloop/cleanup-lifetime	true-positive	Policy-only: the test mock creates one temp file per data element and defers each Close until the mock closure returns, so descriptors accumulate across iterations (stub/storage_test.go:497-514). The finite test input limits practical impact; repository scan is incomplete.
uber-go/gopatch	02f5015dfbb8efbcbd4a255a55ef8b9988720cbd	nilargument	internal/goast/imports_test.go:33:4	nilargument/dereferenced-nil	false-positive	ImportPath(nil) is deliberately called inside assert.Panics to test its expected panic; reporting that nil dereference as a defect is unactionable (imports_test.go:30-35).
uber-go/gopatch	02f5015dfbb8efbcbd4a255a55ef8b9988720cbd	nilargument	internal/goast/imports_test.go:39:4	nilargument/dereferenced-nil	false-positive	ImportPath with empty ImportSpec is deliberately called inside assert.Panics to test expected nil Path panic (imports_test.go:37-41).
uber-go/gopatch	02f5015dfbb8efbcbd4a255a55ef8b9988720cbd	nilargument	internal/goast/imports_test.go:60:4	nilargument/dereferenced-nil	false-positive	ImportName(nil) is deliberately called inside assert.Panics to test its expected panic (imports_test.go:57-62).
uber-go/gopatch	02f5015dfbb8efbcbd4a255a55ef8b9988720cbd	nilargument	internal/goast/imports_test.go:83:4	nilargument/dereferenced-nil	false-positive	FindImportSpec(nil) is deliberately called inside assert.Panics to test its expected panic (imports_test.go:80-85).
werf/kubedog	ad1e8a13460783f0940dd0ed25392ec0bb7b1074	cancellationownership	pkg/tracker/pod/tracker.go:435:11	cancellationownership/release	true-positive	followContainerLogs discards the cancel returned by a three-hour WithTimeoutCause; when streaming ends earlier, the timer/context resources persist until the deadline (tracker.go:433-451).
werf/kubedog	ad1e8a13460783f0940dd0ed25392ec0bb7b1074	goroutineownership	pkg/tracker/canary/feed.go:72:2	goroutineownership/unjoined	true-positive	Track can return early from an event callback with ErrStopTrack or another error, leaving its child to publish on unbuffered errorChan/doneChan with no receiver (canary/feed.go:59-77, 85-148).
werf/kubedog	ad1e8a13460783f0940dd0ed25392ec0bb7b1074	goroutineownership	pkg/tracker/daemonset/feed.go:53:2	goroutineownership/unjoined	true-positive	Track's callback return paths abandon the child while it eventually sends to unbuffered errorChan/doneChan; deferred context cancel does not unblock those sends (daemonset/feed.go:40-58, 66-168).
werf/kubedog	ad1e8a13460783f0940dd0ed25392ec0bb7b1074	goroutineownership	pkg/tracker/deployment/feed.go:55:2	goroutineownership/unjoined	true-positive	Track's callback return paths abandon the child while it eventually sends to unbuffered errorChan/doneChan; deferred context cancel does not unblock those sends (deployment/feed.go:42-60, 68-189).
werf/kubedog	ad1e8a13460783f0940dd0ed25392ec0bb7b1074	goroutineownership	pkg/tracker/job/feed.go:93:2	goroutineownership/unjoined	true-positive	Track's callback return paths abandon the child while it eventually sends to unbuffered errorChan/doneChan; deferred context cancel does not unblock those sends (job/feed.go:80-98, 106-211).
werf/kubedog	ad1e8a13460783f0940dd0ed25392ec0bb7b1074	goroutineownership	pkg/tracker/pod/feed.go:96:2	goroutineownership/unjoined	true-positive	Track's callback return paths abandon the child while it eventually sends to unbuffered errorChan/doneChan; deferred context cancel does not unblock those sends (pod/feed.go:80-101, 107-214).
werf/kubedog	ad1e8a13460783f0940dd0ed25392ec0bb7b1074	goroutineownership	pkg/tracker/statefulset/feed.go:53:2	goroutineownership/unjoined	true-positive	Track's callback return paths abandon the child while it eventually sends to unbuffered errorChan/doneChan; deferred context cancel does not unblock those sends (statefulset/feed.go:40-58, 66-167).
werf/kubedog	ad1e8a13460783f0940dd0ed25392ec0bb7b1074	goroutineownership	pkg/trackers/dyntracker/dynamic_readiness_tracker.go:746:2	goroutineownership/unjoined	true-positive	trackPod can return on abort from tracker status handling before consuming doneChan; its launched tracker.Start worker can then block forever sending success to that unbuffered channel (dynamic_readiness_tracker.go:741-797).
wgpsec/lc	6b0eafd5eb0d22245a3fc954ba5a037be14fb5d2	concurrentcapture	pkg/providers/aliyun/ecs.go:39:4	concurrentcapture/shared-capture	true-positive	GetResource launches configurable multiple workers (default threads=3) that all assign the same captured err at line 39; wg.Wait only joins after the writes (ecs.go:35-50; cmd/options.go:38).
wgpsec/lc	6b0eafd5eb0d22245a3fc954ba5a037be14fb5d2	concurrentcapture	pkg/providers/aliyun/fc.go:71:4	concurrentcapture/shared-capture	true-positive	First function-service worker loop launches configurable multiple goroutines that all assign captured err at line 71 before wg.Wait (fc.go:66-81; cmd/options.go:38).
wgpsec/lc	6b0eafd5eb0d22245a3fc954ba5a037be14fb5d2	concurrentcapture	pkg/providers/aliyun/fc.go:87:4	concurrentcapture/shared-capture	true-positive	Second custom-domain worker loop launches configurable multiple goroutines that all assign captured err at line 87 before wg.Wait (fc.go:83-99; cmd/options.go:38).
wgpsec/lc	6b0eafd5eb0d22245a3fc954ba5a037be14fb5d2	concurrentcapture	pkg/providers/aliyun/fc3.go:43:4	concurrentcapture/shared-capture	true-positive	GetResource launches configurable multiple custom-domain workers that all assign captured err at line 43 before wg.Wait (fc3.go:38-55; cmd/options.go:38).
wgpsec/lc	6b0eafd5eb0d22245a3fc954ba5a037be14fb5d2	concurrentcapture	pkg/providers/aliyun/rds.go:47:4	concurrentcapture/shared-capture	true-positive	GetResource launches configurable multiple RDS workers that all assign captured err at line 47 before wg.Wait (rds.go:43-57; cmd/options.go:38).
wgpsec/lc	6b0eafd5eb0d22245a3fc954ba5a037be14fb5d2	concurrentcapture	pkg/providers/baidu/bcc.go:43:4	concurrentcapture/shared-capture	true-positive	GetResource launches configurable multiple BCC workers that all assign captured err at line 43 before wg.Wait (bcc.go:39-54; cmd/options.go:38).
wgpsec/lc	6b0eafd5eb0d22245a3fc954ba5a037be14fb5d2	concurrentcapture	pkg/providers/liantong/oss.go:56:4	concurrentcapture/shared-capture	true-positive	GetResource launches configurable multiple bucket workers that all assign captured err at line 56 before wg.Wait (oss.go:52-67; cmd/options.go:38).
wgpsec/lc	6b0eafd5eb0d22245a3fc954ba5a037be14fb5d2	concurrentcapture	pkg/providers/tencent/lh.go:30:4	concurrentcapture/shared-capture	true-positive	GetResource launches configurable multiple Lighthouse workers that all assign captured err at line 30 before wg.Wait (lh.go:26-41; cmd/options.go:38).
wgpsec/lc	6b0eafd5eb0d22245a3fc954ba5a037be14fb5d2	concurrentcapture	pkg/providers/yidong/eos.go:129:4	concurrentcapture/shared-capture	true-positive	GetResource launches configurable multiple EOS workers that all assign captured err at line 129 before wg.Wait (eos.go:123-140; cmd/options.go:38).
wgpsec/lc	6b0eafd5eb0d22245a3fc954ba5a037be14fb5d2	nilargument	pkg/providers/baidu/baidu.go:114:20	nilargument/dereferenced-nil	false-positive	Diagnostic claims bosClient.BosContext is nil, but Resources enters bos only after New constructed bosClient for the same cloudServices entry (baidu.go:53-97); pinned bce-sdk-go v0.9.173 NewClientWithConfig initializes BosContext (services/bos/client.go:111-145). Opaque constructor field was incorrectly treated as zero.
wgpsec/lc	6b0eafd5eb0d22245a3fc954ba5a037be14fb5d2	nilargument	pkg/providers/tencent/tencent.go:136:20	nilargument/dereferenced-nil	false-positive	Diagnostic claims cosClient.Service and its client are nil, but Resources enters cos only after New constructed cosClient for that service (tencent.go:60-104); pinned cos-go-sdk-v5 v0.7.47 NewClient sets Service and common.client (cos.go:131-171). Opaque constructor fields were treated as zero.
wgpsec/lc	6b0eafd5eb0d22245a3fc954ba5a037be14fb5d2	resourcelifetime	cmd/runner.go:62:22	resourcelifetime/missing-release	true-positive	When output path is configured, runner creates outputFile and stores it locally but never calls Close before returning from the command (runner.go:60-112).
zaquestion/lab	93bf0ca5c9ddab1145ec493638b151f44bcd7c2f	resourcelifetime	internal/config/config_test.go:215:17	resourcelifetime/missing-release	true-positive	TestConvertHCLtoTOML creates oldCnf and writes HCL without closing the file before conversion or test return (config_test.go:211-247). Repository scan was incomplete due dependency downloads.
zaquestion/lab	93bf0ca5c9ddab1145ec493638b151f44bcd7c2f	resourcelifetime	internal/config/config_test.go:252:17	resourcelifetime/missing-release	true-positive	TestTokenTest creates config file and writes content without closing it before reading or test return (config_test.go:249-269). Repository scan was incomplete due dependency downloads.
zaquestion/lab	93bf0ca5c9ddab1145ec493638b151f44bcd7c2f	resourcelifetime	internal/config/config_test.go:274:17	resourcelifetime/missing-release	true-positive	TestLoadTokenTest creates config file and writes content without closing it before reading or test return (config_test.go:271-290). Repository scan was incomplete due dependency downloads.
