# repository	revision	analyzer	position	checks	verdict	reason
1Panel-dev/KubePi	e183085da6e5b74dd17a44a3a6812cbe6dacc652	cancellationownership	thirdparty/gotty/main.go:93:20	cancellationownership/release	true-positive	The ctx cancel function is delegated to waitSignals, which invokes it on forced/default signal shutdown but returns directly on errs or graceful completion without invoking it. No deferred fallback cancellation covers those paths.
1Panel-dev/KubePi	e183085da6e5b74dd17a44a3a6812cbe6dacc652	concurrentcapture	internal/api/v1/proxy/proxy.go:391:5	concurrentcapture/shared-capture	true-positive	fetchMultiNamespaceResource launches one goroutine per namespace and appends request errors to the same outer es slice without synchronization. Waiting afterward does not serialize concurrent append operations.
1Panel-dev/KubePi	e183085da6e5b74dd17a44a3a6812cbe6dacc652	concurrentcapture	internal/api/v1/proxy/proxy.go:395:4	concurrentcapture/shared-capture	true-positive	The same namespace workers append successful responses into the shared responses slice concurrently; wg.Wait orders later reads only and does not protect worker-to-worker writes.
1Panel-dev/KubePi	e183085da6e5b74dd17a44a3a6812cbe6dacc652	goroutineownership	internal/api/v1/proxy/proxy.go:386:3	goroutineownership/unjoined	false-positive	Every namespace worker calls the exact shared wg.Done on both request-error and success paths, then returns; the caller unconditionally wg.Wait after launching. The promised completion is explicitly joined despite alternative terminal Done sites.
1Panel-dev/KubePi	e183085da6e5b74dd17a44a3a6812cbe6dacc652	resourcelifetime	internal/api/v1/proxy/proxy.go:168:16	resourcelifetime/missing-release	true-positive	Proxy handler reads the successful HTTP response body into rawResp but never closes it before returning either formatted errors or successful output. The response itself is not transferred to the client.
1Panel-dev/KubePi	e183085da6e5b74dd17a44a3a6812cbe6dacc652	resourcelifetime	internal/server/server.go:361:12	resourcelifetime/missing-release	true-positive	setUpTtyEntrypoint opens init-kube.sh and writes it without closing it on either WriteString failure or successful return.
1Panel-dev/KubePi	e183085da6e5b74dd17a44a3a6812cbe6dacc652	resourcelifetime	pkg/util/podtool/copyfrompod.go:24:15	resourcelifetime/missing-release	true-positive	CopyFileFromPod opens the destination and wraps it in bufio.Writer; read/write/flush failures and success omit file.Close. Flushing the buffer does not release the file descriptor.
1Panel-dev/KubePi	e183085da6e5b74dd17a44a3a6812cbe6dacc652	resourcelifetime	pkg/util/podtool/copyfrompod.go:71:15	resourcelifetime/missing-release	true-positive	CopyFolderFromPod likewise opens the destination archive and only flushes its buffer; no normal or error path closes the underlying file.
9seconds/mtg	d095108334deb1512f4b7aece588f6e00f5ec428	resourcelifetime	ipblocklist/files/http.go:22:19	resourcelifetime/missing-release	true-positive	httpFile.Open transfers successful acceptable responses, but the HTTP status>=400 path returns nil,error without closing the successful response body. The err!=nil branch's cleanup does not cover status errors.
9seconds/mtg	d095108334deb1512f4b7aece588f6e00f5ec428	resourcelifetime	mtglib/internal/dc/public_config_updater.go:29:16	resourcelifetime/missing-release	true-positive	PublicConfigUpdater callback only closes responses inside the Do-error branch; status-error, scanner-error and successful update paths omit Body.Close, and bufio.Scanner does not close its reader.
ArtalkJS/Artalk	d25beede911d59a571382c6821cb8e7a7c27850a	processownership	internal/email/sender_cmd.go:39:12	processownership/missing-wait	true-positive	After sendmail.Start succeeds, either stdin.Write or stdin.Close failing returns false before sendmail.Wait. The subprocess is neither transferred nor reaped on those error paths.
ArtalkJS/Artalk	d25beede911d59a571382c6821cb8e7a7c27850a	resourcelifetime	internal/utils/fs_test.go:31:18	resourcelifetime/missing-release	true-positive	TestCheckFileExist discards the file handle returned by os.Create and only removes its pathname later. Remove does not close the descriptor, and no cleanup retains the discarded handle.
BurntSushi/wingo	33b154361587e65ec35d4499f1cc487835d0ab48	goroutineownership	event/ipc.go:132:2	goroutineownership/unjoined	false-positive	manageSubscriptions returns script containing all worker control channels; worker services ongoing subscriptions and lifecycle operations through that returned owner, not a local completion obligation.
BurntSushi/wingo	33b154361587e65ec35d4499f1cc487835d0ab48	resourcelifetime	write_config.go:56:15	resourcelifetime/missing-release	true-positive	copyFile opens source but never closes it on destination creation failure, copy error, or success.
BurntSushi/wingo	33b154361587e65ec35d4499f1cc487835d0ab48	resourcelifetime	write_config.go:60:15	resourcelifetime/missing-release	true-positive	copyFile opens destination but never closes it on copy failure or success.
DrmagicE/gmqtt	92ed7d60915519f60c3d3cdb6420b1e11eb824e2	lockorder	server/server.go:340:2	lockorder/missing-release	false-positive	lockDuplicatedID deliberately returns with srv.mu held on success and unlocked on lookup error. Its sole registerClient caller checks that error and registers a defer ending in srv.mu.Unlock. The loop-shaped held-on-success contract transfers the obligation rather than leaking it.
Forceu/Gokapi	0142d4c318ca67e076dc44ba35ff49e05c84790e	resourcelifetime	cmd/cli-uploader/cliapi/cliapi.go:440:15	resourcelifetime/missing-release	true-positive	Chunk upload obtains response and reads its Body but never closes it on read error, status error, content error, or success; the returned error/result does not transfer the response.
Gitlawb/zero	99721c762f37cd43ac511007a5f51d1846df959e	resourcelifetime	internal/cli/mcp_oauth_test.go:161:12	resourcelifetime/missing-release	true-positive	OAuth callback driver discards the successful http.Get response without reading or closing Body; shutting down the loopback server does not transfer client response cleanup ownership.
Gitlawb/zero	99721c762f37cd43ac511007a5f51d1846df959e	resourcelifetime	internal/cli/mcp_oauth_test.go:475:12	resourcelifetime/missing-release	true-positive	OAuth callback driver discards the successful http.Get response without reading or closing Body; shutting down the loopback server does not transfer client response cleanup ownership.
Gitlawb/zero	99721c762f37cd43ac511007a5f51d1846df959e	resourcelifetime	internal/oauth/loopback_test.go:119:10	resourcelifetime/missing-release	true-positive	OAuth callback driver discards the successful http.Get response without reading or closing Body; shutting down the loopback server does not transfer client response cleanup ownership.
Gitlawb/zero	99721c762f37cd43ac511007a5f51d1846df959e	resourcelifetime	internal/oauth/loopback_test.go:25:10	resourcelifetime/missing-release	true-positive	OAuth callback driver discards the successful http.Get response without reading or closing Body; shutting down the loopback server does not transfer client response cleanup ownership.
Gitlawb/zero	99721c762f37cd43ac511007a5f51d1846df959e	resourcelifetime	internal/oauth/loopback_test.go:69:10	resourcelifetime/missing-release	true-positive	OAuth callback driver discards the successful http.Get response without reading or closing Body; shutting down the loopback server does not transfer client response cleanup ownership.
Gitlawb/zero	99721c762f37cd43ac511007a5f51d1846df959e	resourcelifetime	internal/oauth/loopback_test.go:89:10	resourcelifetime/missing-release	true-positive	OAuth callback driver discards the successful http.Get response without reading or closing Body; shutting down the loopback server does not transfer client response cleanup ownership.
Gitlawb/zero	99721c762f37cd43ac511007a5f51d1846df959e	resourcelifetime	internal/oauth/manager_test.go:95:12	resourcelifetime/missing-release	true-positive	OAuth callback driver discards the successful http.Get response without reading or closing Body; shutting down the loopback server does not transfer client response cleanup ownership.
Gitlawb/zero	99721c762f37cd43ac511007a5f51d1846df959e	resourcelifetime	internal/providerhealth/proxy_dial_test.go:118:11	resourcelifetime/missing-release	false-positive	Direct request resolves through countingResolver to fixed 10.0.0.5; safeDialContext rejects this private address before dialing, so acquisition cannot succeed.
Gitlawb/zero	99721c762f37cd43ac511007a5f51d1846df959e	resourcelifetime	internal/providerhealth/proxy_dial_test.go:148:11	resourcelifetime/missing-release	inconclusive	Unicode proxy .example hostname is intended to fail DNS and creates no body in ordinary setup, but actual proxied dial uses net.Dialer and depends on host resolver/environment; source alone does not establish successful acquisition or universal failure.
Gitlawb/zero	99721c762f37cd43ac511007a5f51d1846df959e	resourcelifetime	internal/providerhealth/proxy_dial_test.go:194:11	resourcelifetime/missing-release	false-positive	Direct request targets literal 127.0.0.1 and safeDialContext rejects loopback before dialing; there is no successful response body acquisition.
Gitlawb/zero	99721c762f37cd43ac511007a5f51d1846df959e	resourcelifetime	internal/providerhealth/proxy_dial_test.go:78:11	resourcelifetime/missing-release	false-positive	recordingProxy accepts CONNECT, records request bytes, and closes without writing any HTTP response; client.Do necessarily fails and returns no body to close.
Gitlawb/zero	99721c762f37cd43ac511007a5f51d1846df959e	resourcelifetime	internal/proxydial/proxydial_test.go:207:12	resourcelifetime/missing-release	false-positive	Transport DialContext always returns nil,errDialed after recording route; all concurrent client.Do requests necessarily fail before receiving a body.
Gitlawb/zero	99721c762f37cd43ac511007a5f51d1846df959e	resourcelifetime	internal/proxydial/proxydial_test.go:38:15	resourcelifetime/missing-release	false-positive	driveRequest installs DialContext that unconditionally returns nil,errDialed; client.Do cannot acquire a response body, and test asserts that exact dial error.
GoogleCloudPlatform/berglas	5b3a8358ed6a1e31fabc52751a90331a47921db1	resourcelifetime	pkg/berglas/resolver.go:78:13	resourcelifetime/missing-release	true-positive	Resolve opens output secret file then returns on Chmod, Write, or Sync failure before explicit Close; no deferred Close covers those error paths.
NHAS/reverse_ssh	e3713b9b66a9eb21f49937af5df64d4c5c12ca16	resourcelifetime	internal/server/commands/watch.go:33:13	resourcelifetime/missing-release	true-positive	The watch -a branch opens watch.log, scans it, then returns sc.Err without closing f. The neighboring -l branch has a defer, but that does not cover the distinct -a acquisition.
ProtonMail/proton-bridge	87b5832e4fdaf30638c91a3b19f84c96e3f6a466	resourcelifetime	internal/logging/crash.go:36:13	resourcelifetime/missing-release	true-positive	DumpStackTrace opens a crash log and returns after writing without closing f. Both the normal recovery return and write failures lose the descriptor.
ProtonMail/proton-bridge	87b5832e4fdaf30638c91a3b19f84c96e3f6a466	resourcelifetime	pkg/sum/sum.go:70:13	resourcelifetime/missing-release	true-positive	RecursiveSum opens each source file inside Walk but returns on io.Copy failure before f.Close, leaking that file on a read-error path.
ProtonMail/proton-bridge	87b5832e4fdaf30638c91a3b19f84c96e3f6a466	resourcelifetime	pkg/tar/tar.go:87:14	resourcelifetime/missing-release	true-positive	UntarToDir creates an output file then returns on io.Copy or Chmod failure before closing it; normal-path Close cannot cover either earlier error.
ProtonMail/proton-bridge	87b5832e4fdaf30638c91a3b19f84c96e3f6a466	resourcelifetime	utils/hasher/main.go:85:12	resourcelifetime/missing-release	true-positive	computeSum creates the output checksum file and returns directly when f.Write fails, bypassing its subsequent f.Close.
Shopify/ghostferry	317547432f785fb77a0d10fbca12d8af40e39fd3	cancellationownership	ferry.go:725:47	cancellationownership/release	false-positive	The optional verifier's child context derives from the local ctx. Run always calls the exact parent's shutdown before normal return, releasing the child even when inlineVerifier is nil and stopInlineVerifier is not called. The enabled branch also explicitly stops it.
Shopify/ghostferry	317547432f785fb77a0d10fbca12d8af40e39fd3	goroutineownership	data_iterator.go:67:3	goroutineownership/unjoined	true-positive	Run launches workers blocked on tablesQueue before sorter.Sort. A sort error invokes the configurable Fatal handler then returns without closing tablesQueue or waiting; Fatal is not a guaranteed nonreturning contract and the provided handler can return on repeated errors.
Shopify/ghostferry	317547432f785fb77a0d10fbca12d8af40e39fd3	goroutineownership	ferry.go:728:3	goroutineownership/unjoined	false-positive	The same private inlineVerifier!=nil condition guards both the worker launch and the later stopInlineVerifier plus inlineVerifierWg.Wait. The field is initialized before Run and never assigned within it; every launched verifier is joined before cutover.
Shopify/ghostferry	317547432f785fb77a0d10fbca12d8af40e39fd3	goroutineownership	test/lib/go/integrationferry/ferry.go:139:2	goroutineownership/unjoined	true-positive	IntegrationFerry.Main returns if the StatusRowCopyCompleted coordination fails after launching f.Run. This bypasses FlushBinlogAndStopStreaming and wg.Wait; the deferred StopTargetVerifier only stops a separate target verifier, not the launched ferry.
Shopify/ghostferry	317547432f785fb77a0d10fbca12d8af40e39fd3	goroutineownership	test/lib/go/integrationferry/ferry.go:305:2	goroutineownership/unjoined	true-positive	The callback-enabled integration run likewise returns on StatusRowCopyCompleted failure after launching f.Run, skipping its binlog-stop handshake and WaitGroup join. Its target-verifier defer does not settle the ferry worker.
Shopify/ghostferry	317547432f785fb77a0d10fbca12d8af40e39fd3	resourcelifetime	inline_verifier.go:551:15	resourcelifetime/missing-release	true-positive	getFingerprintDataFromDb returns on Rows.Columns, ScanByteRow, numeric-key parsing, or decompression failure without closing rows. verifyBinlogBatch calls it with tx=nil, so no caller transaction rollback can close these rows on early error; full iteration only covers success.
Telmate/terraform-provider-proxmox	c0d11566fd9027267862add89af0e6948ff0dfb0	resourcelifetime	proxmox/resource_storage_iso.go:74:15	resourcelifetime/missing-release	true-positive	resourceStorageIsoCreate returns on _downloadFile error before registering deferred file.Close; _downloadFile closes only its HTTP response and does not close destination file.
Telmate/terraform-provider-proxmox	c0d11566fd9027267862add89af0e6948ff0dfb0	resourcelifetime	proxmox/util.go:95:12	resourcelifetime/missing-release	false-positive	ConfigureLogger retains f through global rootLogger at 131, long-lived io.MultiWriter copy goroutines at 159-173, and optional log.SetOutput; this is ownership escape beyond the configuring function, not a missing local release. Shutdown TODO does not make local Close safe.
TimothyYe/godns	a49236de30db848ab625258468c60effe6e5e721	resourcelifetime	internal/provider/digitalocean/digitalocean_provider.go:144:15	resourcelifetime/missing-release	true-positive	getDNSRecords reads response.Body and returns parsed records or decode error without ever closing it.
TimothyYe/godns	a49236de30db848ab625258468c60effe6e5e721	resourcelifetime	internal/provider/ionos/ionos_handler.go:103:15	resourcelifetime/missing-release	true-positive	putData returns on non-200 status before deferred Body.Close is registered; error response remains unclosed.
TimothyYe/godns	a49236de30db848ab625258468c60effe6e5e721	resourcelifetime	internal/provider/ionos/ionos_handler.go:71:15	resourcelifetime/missing-release	true-positive	getData returns on non-200 status before deferred Body.Close is registered; error response remains unclosed.
TimothyYe/godns	a49236de30db848ab625258468c60effe6e5e721	resourcelifetime	internal/provider/scaleway/scaleway_handler.go:114:15	resourcelifetime/missing-release	true-positive	Record update reads Body but never closes it on success or status error; io.ReadAll is not a body ownership transfer.
TimothyYe/godns	a49236de30db848ab625258468c60effe6e5e721	resourcelifetime	pkg/notification/bark.go:121:15	resourcelifetime/missing-release	true-positive	sendJSON reads and logs response.Body but returns without Close or transfer.
Xpl0itU/WiiUDownloader	fc423e543f01e896743372845f5096530ae565b6	resourcelifetime	decryption_content.go:92:14	resourcelifetime/missing-release	true-positive	extractFileHash creates dst then returns on src.Seek failure before registering deferred dst.Close; malformed offset or input seek error leaves the newly created destination file open.
abh/geodns	ed37e52b329a37fc5f7fa1ff3a28adf32b3b42be	cancellationownership	geodns.go:143:12	cancellationownership/release	true-positive	Main discards signal.NotifyContext's stop callback and never unregisters its signal channel during graceful shutdown. The errgroup-derived context does not release that independent signal registration.
abh/geodns	ed37e52b329a37fc5f7fa1ff3a28adf32b3b42be	resourcelifetime	appconfig/appconfig.go:70:18	resourcelifetime/missing-release	true-positive	ConfigWatcher creates an fsnotify watcher and returns on Add failure or ctx.Done without calling watcher.Close. Ending its select loop does not close the watcher descriptor.
abh/geodns	ed37e52b329a37fc5f7fa1ff3a28adf32b3b42be	resourcelifetime	http_test.go:37:14	resourcelifetime/missing-release	true-positive	TestHTTP fetches the real test server's version endpoint and reads resp.Body but never closes it before returning.
abh/geodns	ed37e52b329a37fc5f7fa1ff3a28adf32b3b42be	resourcelifetime	querylog/avro_test.go:24:17	resourcelifetime/missing-release	true-positive	TestAvro opens the fixture queries.log and feeds it to a json.Decoder without closing dataFh; closing the separately created logger does not close this input.
abh/geodns	ed37e52b329a37fc5f7fa1ff3a28adf32b3b42be	resourcelifetime	zones/reader.go:36:13	resourcelifetime/missing-release	true-positive	ReadZoneFile opens the zone JSON file, decodes and processes it, but contains no fh.Close on success or decode-error returns. Recovered parse panics likewise have no deferred close.
anyproto/any-sync	cb940c50bc987066b998d05cca16c9c9715cf4a2	goroutineownership	app/ocache/ocache_test.go:1144:4	goroutineownership/unjoined	false-positive	The worker only closes release. newLoadingCache load callback receives release at967 before Get worker sends getDone at976; test receives getDone at1151, causally ensuring close completed before continuing.
anyproto/any-sync	cb940c50bc987066b998d05cca16c9c9715cf4a2	lockorder	app/app.go:429:6	lockorder/read-lock-write	true-positive	SetDeviceState holds only app.mu.RLock while assigning app.deviceState; concurrent SetDeviceState callers share read-lock access and race on the same field.
authorizerdev/authorizer	891f58fdd82b235aafe69bfed2ce085b0a3df25b	cancellationownership	cmd/root.go:850:18	cancellationownership/release	true-positive	The signal.NotifyContext stop callback is called only in the sigCtx.Done select arm. The errgroup ctx.Done arm reaches g.Wait and normal shutdown without unregistering the signal handler; cancelling the parent context does not call signal.Stop on the registered channel.
awalterschulze/goderive	e80f08252f19466b4348366b638aa8c4b20c00f1	resourcelifetime	example/plugin/mem/mem.go:14:15	resourcelifetime/missing-release	false-positive	The request URL is always localhost:8080/user/... without http:// or https://. The ordinary default HTTP transport rejects that unsupported scheme, so the function returns on its request-error branch without acquiring a response body. The example has a malformed URL, not a feasible missing-body-close path as written.
aws/aws-lambda-go	94b293d025d43f70a10a4ec57c19967a8b80b007	processownership	lambdaurl/http_handler_test.go:247:21	processownership/missing-wait	true-positive	TestStartViaEmulator successfully starts cmd, registers only Process.Kill and later kills it again; receiving done joins the stdout reader, not the subprocess. Neither the normal test path nor cleanup calls cmd.Wait or Process.Wait, so the started process is not reaped.
blampe/rreading-glasses	a2939b625d91389d3f0a3e58cbc3bfa7ebb8390a	resourcelifetime	internal/cloudflare.go:120:16	resourcelifetime/missing-release	true-positive	The Cloudflare request worker never closes the successful resp.Body before returning. The normal OK path does not even read it; deferred request-pipe cleanup and context cancellation do not release the response body.
bluesky-social/indigo	41278964ec8e3253e70d4e919dfb8e34211c543d	concurrentcapture	events/dbpersist/dbpersist_test.go:103:5	concurrentcapture/shared-capture	true-positive	Five wg.Go workers write the same outer err variable while adding events. Waiting afterwards does not serialize the writes; each iteration needs its own error binding.
bluesky-social/indigo	41278964ec8e3253e70d4e919dfb8e34211c543d	concurrentcapture	events/dbpersist/dbpersist_test.go:221:5	concurrentcapture/shared-capture	true-positive	Five parallel workers assign AddEvent results to shared outer err and read that shared value; the later wg.Wait does not synchronize workers with each other.
bluesky-social/indigo	41278964ec8e3253e70d4e919dfb8e34211c543d	concurrentcapture	events/diskpersist/diskpersist_test.go:263:5	concurrentcapture/shared-capture	true-positive	Four concurrent wg.Go workers overwrite and read the same captured err variable without mutual exclusion; completion waiting only orders later parent work.
bluesky-social/indigo	41278964ec8e3253e70d4e919dfb8e34211c543d	deferinloop	atproto/identity/diddoc_test.go:23:3	deferinloop/cleanup-lifetime	true-positive	Each file is fully read in its iteration but deferred Close retains it until the whole test returns. This is a bounded two-file cleanup-lifetime policy finding, not evidence of unbounded descriptor exhaustion.
bluesky-social/indigo	41278964ec8e3253e70d4e919dfb8e34211c543d	goroutineownership	cmd/collectiondir/serve.go:535:4	goroutineownership/unjoined	true-positive	Timeout path abandons the freshCache receive. If waiter has passed obsolete check it holds statsCacheLock while sending on this unbuffered channel; parent then waits for that lock before marking obsolete, so neither can progress. The completion path is not joined on timeout.
bluesky-social/indigo	41278964ec8e3253e70d4e919dfb8e34211c543d	lockorder	backfill/memstore.go:175:2	lockorder/read-lock-write	true-positive	PurgeRepo deletes from the shared s.jobs map while holding only s.lk.RLock, allowing overlap with other readers or another PurgeRepo call.
bluesky-social/indigo	41278964ec8e3253e70d4e919dfb8e34211c543d	resourcelifetime	atproto/auth/oauth/session.go:337:15	resourcelifetime/missing-release	true-positive	DoWithAuth retries unauthorized responses without closing the previous body; nonce/token refresh failures also return nil,error without closing it. Returning the final successful response does not cover intermediate acquisitions.
bluesky-social/indigo	41278964ec8e3253e70d4e919dfb8e34211c543d	resourcelifetime	atproto/identity/did.go:108:15	resourcelifetime/missing-release	false-positive	Early NXDOMAIN return requires errors.As of this exact acquisition error to succeed, which implies non-nil error. Every successful HTTP acquisition passes the subsequent error check and defers Body.Close; the errors.As implication is missed.
bluesky-social/indigo	41278964ec8e3253e70d4e919dfb8e34211c543d	resourcelifetime	atproto/lexicon/cmd/lextool/net.go:54:15	resourcelifetime/missing-release	true-positive	The successful HTTP response is read and decoded without any Body.Close; status rejection and later decode/validation errors also omit cleanup.
bluesky-social/indigo	41278964ec8e3253e70d4e919dfb8e34211c543d	resourcelifetime	carstore/sqlite_store.go:181:15	resourcelifetime/missing-release	false-positive	Rows are acquired through a statement prepared on exact local tx. Deferred tx.Rollback cancels that transaction context, closes active rows, and releases the transaction on all exits; database/sql Stmt.QueryContext propagates its transaction context to Rows.
bluesky-social/indigo	41278964ec8e3253e70d4e919dfb8e34211c543d	resourcelifetime	carstore/sqlite_store.go:346:15	resourcelifetime/missing-release	false-positive	ReadUserCar prepares its statement on local tx and defers tx.Rollback before querying. Rollback cancellation closes rows even on Scan/header/write early returns; the statement-to-transaction owner chain is missed.
bluesky-social/indigo	41278964ec8e3253e70d4e919dfb8e34211c543d	resourcelifetime	carstore/sqlite_store.go:425:15	resourcelifetime/missing-release	false-positive	HasUidCid query uses a statement prepared by the exact local transaction. Deferred tx.Rollback covers the single-row success and Scan-error exits and closes transaction-owned active rows.
bluesky-social/indigo	41278964ec8e3253e70d4e919dfb8e34211c543d	resourcelifetime	carstore/sqlite_store.go:462:15	resourcelifetime/missing-release	false-positive	getBlock defers rollback of the same transaction that prepares the querying statement; this cancels and closes its rows on Scan/decoding errors and success despite no explicit rows.Close.
bluesky-social/indigo	41278964ec8e3253e70d4e919dfb8e34211c543d	resourcelifetime	carstore/sqlite_store.go:496:15	resourcelifetime/missing-release	false-positive	getBlockSize query rows belong to the statement's exact local transaction; unconditional deferred tx.Rollback closes those active rows on all returns. A standalone DB statement would not establish this ownership.
bluesky-social/indigo	41278964ec8e3253e70d4e919dfb8e34211c543d	resourcelifetime	cmd/collectiondir/serve.go:1006:14	resourcelifetime/missing-release	true-positive	loadBadwords opens a JSON file and returns either compiled regex or an error without closing the file; returned BadwordsRE contains only the compiled expression, not the file.
bluesky-social/indigo	41278964ec8e3253e70d4e919dfb8e34211c543d	resourcelifetime	cmd/netsync/main.go:204:20	resourcelifetime/missing-release	true-positive	Resume reads and unmarshals its state file without closing it on any outcome. The sibling Save method defers cleanup but Resume does not.
bluesky-social/indigo	41278964ec8e3253e70d4e919dfb8e34211c543d	resourcelifetime	cmd/netsync/main.go:320:24	resourcelifetime/missing-release	true-positive	Fallback repo-list file is consumed by a bufio.Scanner and discarded without Close before the command starts its long-lived worker lifecycle. Scanner EOF does not release the descriptor.
bluesky-social/indigo	41278964ec8e3253e70d4e919dfb8e34211c543d	resourcelifetime	cmd/netsync/main.go:497:15	resourcelifetime/missing-release	true-positive	cloneRepo returns on a non-200 response before wrapping and deferring closure of resp.Body; successful error-status responses retain an unclosed body.
bluesky-social/indigo	41278964ec8e3253e70d4e919dfb8e34211c543d	resourcelifetime	cmd/relay/stream/persist/diskpersist/diskpersist.go:193:13	resourcelifetime/missing-release	true-positive	resumeLog returns on scanForLastSeq failure before storing fi in dp.logfi; that helper only reads/seeks and does not close, so this error path abandons the opened log.
bluesky-social/indigo	41278964ec8e3253e70d4e919dfb8e34211c543d	resourcelifetime	cmd/relay/stream/persist/diskpersist/diskpersist.go:235:13	resourcelifetime/missing-release	true-positive	initLogFile creates fi then returns directly on metadata Create failure before transferring it to dp.logfi; no fallback Close covers that database-error path.
bluesky-social/indigo	41278964ec8e3253e70d4e919dfb8e34211c543d	resourcelifetime	cmd/relay/stream/persist/diskpersist/diskpersist.go:263:13	resourcelifetime/missing-release	true-positive	swapLog creates the replacement file but metadata insertion can fail before assigning dp.logfi; the newly created handle is not closed on that return.
bluesky-social/indigo	41278964ec8e3253e70d4e919dfb8e34211c543d	resourcelifetime	cmd/relay/stream/persist/diskpersist/diskpersist.go:759:13	resourcelifetime/missing-release	true-positive	readEventsFrom opens a log and wraps it in bufio.Reader, then returns on EOF, parse, seek, or callback errors without closing fi anywhere. The buffer owns no cleanup.
bluesky-social/indigo	41278964ec8e3253e70d4e919dfb8e34211c543d	resourcelifetime	events/diskpersist/diskpersist.go:192:13	resourcelifetime/missing-release	true-positive	initLogFile returns after a failed metadata Create without closing its freshly created fi; ownership transfer to dp.logfi happens only after that fallible call.
bluesky-social/indigo	41278964ec8e3253e70d4e919dfb8e34211c543d	resourcelifetime	events/diskpersist/diskpersist.go:219:13	resourcelifetime/missing-release	true-positive	swapLog omits Close on the new file if recording the log metadata fails. Closing the old dp.logfi before acquisition does not release this replacement.
bluesky-social/indigo	41278964ec8e3253e70d4e919dfb8e34211c543d	resourcelifetime	events/diskpersist/diskpersist.go:685:13	resourcelifetime/missing-release	true-positive	readEventsFrom never closes the opened fi across EOF, callback, or parse-error exits; its bufio.Reader does not close the underlying descriptor.
bluesky-social/indigo	41278964ec8e3253e70d4e919dfb8e34211c543d	resourcelifetime	splitter/splitter.go:317:13	resourcelifetime/missing-release	true-positive	getLastCursor opens the cursor file, reads and parses it, and returns an integer or error without closing or transferring the file.
botlabs-gg/yagpdb	cb146850581190fe8a9ca8c8c394f846b65ff2f4	deferinloop	lib/template/examplefiles_test.go:33:3	deferinloop/cleanup-lifetime	true-positive	createTestDir finishes each file write within loop but defers all descriptor closes until function return; no later use requires accumulating handles.
botlabs-gg/yagpdb	cb146850581190fe8a9ca8c8c394f846b65ff2f4	lockorder	lib/jdshardmanager/dshardmanager.go:139:4	lockorder/missing-release	true-positive	Manager.Init holds m.Lock and returns on GetRecommendedCount error without Unlock; later initSession failure explicitly unlocks but this earlier path does not.
botlabs-gg/yagpdb	cb146850581190fe8a9ca8c8c394f846b65ff2f4	resourcelifetime	admin/web.go:138:16	resourcelifetime/missing-release	true-positive	ProxyGetInternalAPI copies response body to writer without ever closing it.
botlabs-gg/yagpdb	cb146850581190fe8a9ca8c8c394f846b65ff2f4	resourcelifetime	admin/web.go:351:15	resourcelifetime/missing-release	true-positive	handleReconnectShard copies response body to writer without ever closing it.
botlabs-gg/yagpdb	cb146850581190fe8a9ca8c8c394f846b65ff2f4	resourcelifetime	antiphishing/antiphishing.go:187:15	resourcelifetime/missing-release	true-positive	Phishing lookup returns on 404 or other non-200 status before deferred Body.Close; request Body.Close is unrelated to response cleanup.
botlabs-gg/yagpdb	cb146850581190fe8a9ca8c8c394f846b65ff2f4	resourcelifetime	lib/go-reddit/award.go:29:15	resourcelifetime/missing-release	true-positive	GetMyTrophies returns on status >=400 before registering deferred Body.Close.
botlabs-gg/yagpdb	cb146850581190fe8a9ca8c8c394f846b65ff2f4	resourcelifetime	lib/go-reddit/link.go:137:15	resourcelifetime/missing-release	true-positive	HideLink returns on status >=400 before registering deferred Body.Close.
botlabs-gg/yagpdb	cb146850581190fe8a9ca8c8c394f846b65ff2f4	resourcelifetime	lib/go-reddit/preferences.go:108:15	resourcelifetime/missing-release	true-positive	UpdateMyPreferences returns on status >=400 before registering deferred Body.Close.
botlabs-gg/yagpdb	cb146850581190fe8a9ca8c8c394f846b65ff2f4	resourcelifetime	lib/go-reddit/preferences.go:78:15	resourcelifetime/missing-release	true-positive	GetMyPreferences returns on status >=400 before registering deferred Body.Close.
botlabs-gg/yagpdb	cb146850581190fe8a9ca8c8c394f846b65ff2f4	resourcelifetime	lib/go-reddit/reddit.go:44:15	resourcelifetime/missing-release	true-positive	commentOnThing returns on status >=400 before registering deferred Body.Close.
botlabs-gg/yagpdb	cb146850581190fe8a9ca8c8c394f846b65ff2f4	resourcelifetime	lib/go-reddit/reddit.go:69:15	resourcelifetime/missing-release	true-positive	deleteThing returns on status >=400 before registering deferred Body.Close.
botlabs-gg/yagpdb	cb146850581190fe8a9ca8c8c394f846b65ff2f4	resourcelifetime	lib/go-reddit/reddit.go:96:15	resourcelifetime/missing-release	true-positive	editThingText returns on status >=400 before registering deferred Body.Close.
botlabs-gg/yagpdb	cb146850581190fe8a9ca8c8c394f846b65ff2f4	resourcelifetime	serverstats/bgworker.go:289:15	resourcelifetime/missing-release	true-positive	compressGuildMessageStats returns on rows.Scan error before Rows exhaustion without rows.Close.
botlabs-gg/yagpdb	cb146850581190fe8a9ca8c8c394f846b65ff2f4	resourcelifetime	serverstats/bgworker.go:334:15	resourcelifetime/missing-release	true-positive	compressGuildMiscStats returns on rows.Scan error before Rows exhaustion without rows.Close.
botlabs-gg/yagpdb	cb146850581190fe8a9ca8c8c394f846b65ff2f4	resourcelifetime	stdcommands/inspire/inspire.go:88:15	resourcelifetime/missing-release	true-positive	inspireFromAPI returns on non-200 status before registering deferred Body.Close.
botlabs-gg/yagpdb	cb146850581190fe8a9ca8c8c394f846b65ff2f4	resourcelifetime	stdcommands/xkcd/xkcd.go:112:15	resourcelifetime/missing-release	true-positive	getComic reads and parses response Body but never closes it on any success or error path.
botlabs-gg/yagpdb	cb146850581190fe8a9ca8c8c394f846b65ff2f4	resourcelifetime	tickets/tickets_commands.go:571:17	resourcelifetime/missing-release	true-positive	Single attachment branch continues on non-2xx status without Body.Close; even transfer of successful body to upload cannot cover this error path.
botlabs-gg/yagpdb	cb146850581190fe8a9ca8c8c394f846b65ff2f4	resourcelifetime	tickets/tickets_commands.go:590:17	resourcelifetime/missing-release	true-positive	Archive loop never closes attachment response bodies on bad status, zip-entry error, copy error, or successful copy.
byJoey/yx-tools	b75ed15eb7680e58c40f109f60e663cc93bca766	resourcelifetime	internal/app/export.go:60:16	resourcelifetime/missing-release	false-positive	ReadCSV tries a fallback Open only when the first Open failed. A successful fallback assigns f=alt and err=nil; after the shared err check it defers f.Close, covering either successful acquisition. Failure branches have no acquired file. The error-correlated reassignment is missed.
c9s/bbgo	4a4a18a08897579d157c8fd3b412309cd4954852	evalorder	pkg/exchange/bybit/stream.go:256:63	evalorder/operand-mutation	true-positive	The wallet branch returns the slice value beside json.Unmarshal mutating that same slice variable. Operand evaluation can copy the old nil slice header before decoding; the return should follow a separate decode statement.
c9s/bbgo	4a4a18a08897579d157c8fd3b412309cd4954852	evalorder	pkg/exchange/bybit/stream.go:260:62	evalorder/operand-mutation	true-positive	The order branch returns orders beside json.Unmarshal updating orders. The return operand can capture the pre-decode nil slice header; decoding first avoids this evaluation-order dependency.
c9s/bbgo	4a4a18a08897579d157c8fd3b412309cd4954852	evalorder	pkg/exchange/bybit/stream.go:264:62	evalorder/operand-mutation	true-positive	The trade branch returns trades beside json.Unmarshal mutating its slice header. Copying the earlier operand before the call can return the old value instead of the decoded events.
c9s/bbgo	4a4a18a08897579d157c8fd3b412309cd4954852	goroutineownership	pkg/cmd/exchangetest.go:238:2	goroutineownership/unjoined	false-positive	The worker observes the exact fresh marketDataCtx.Done and immediately returns, closing its completion channel; its timer arm only cancels that same context then returns. The parent registers a dominating defer cancelMarketData, covering the outer-context and connection-failure return paths. This is a structurally cancellation-bound lifecycle, not an arbitrary missing join; the analyzer misses derived-local-context provenance.
c9s/bbgo	4a4a18a08897579d157c8fd3b412309cd4954852	goroutineownership	pkg/optimizer/hpoptimizer.go:254:2	goroutineownership/unjoined	true-positive	Run launches a consumer ranging trialFinishChan, then returns early if buildStudy fails or eg.Wait reports a non-cancellation error. Those paths neither close trialFinishChan nor join allTrailFinishChan, leaving the consumer blocked indefinitely.
c9s/bbgo	4a4a18a08897579d157c8fd3b412309cd4954852	resourcelifetime	pkg/optimizer/local.go:190:13	resourcelifetime/missing-release	true-positive	jsonToYamlConfig creates a temporary file and returns nil,error immediately if tf.Write fails, bypassing the later Close and losing the file handle. Returning the file on success does not cover that write-error path.
c9s/bbgo	4a4a18a08897579d157c8fd3b412309cd4954852	resourcelifetime	pkg/service/backtest_csv.go:39:15	resourcelifetime/missing-release	true-positive	Verify opens the CSV path only to test accessibility, discards the successful file handle, and returns nil without closing it.
c9s/bbgo	4a4a18a08897579d157c8fd3b412309cd4954852	resourcelifetime	pkg/strategy/elliottwave/draw.go:115:11	resourcelifetime/missing-release	true-positive	Draw opens GraphPNLPath then returns when canvas.Render fails before its subsequent f.Close. The first and last graph paths close their files, but the middle render-error path leaks its file.
checkmake/checkmake	a413df2724416bbeebdc0132e589b10005840fd8	resourcelifetime	parser/parser.go:92:17	resourcelifetime/missing-release	true-positive	Parse acquires a MakefileScanner and returns after parsing without calling Close. Scan merely marks Finished on EOF; it never closes the underlying FileHandle.
checkmake/checkmake	a413df2724416bbeebdc0132e589b10005840fd8	resourcelifetime	parser/scanner_test.go:15:12	resourcelifetime/missing-release	false-positive	The negative constructor test opens fixtures/idontexist.make, absent from the pinned fixture tree, and expects an error. NewMakefileScanner returns a partial wrapper with nil FileHandle when Open fails; this expected-failure path acquires no resource to close.
checkmake/checkmake	a413df2724416bbeebdc0132e589b10005840fd8	resourcelifetime	parser/scanner_test.go:8:12	resourcelifetime/missing-release	true-positive	TestCreateMakefileScanner discards the successful scanner and never closes its FileHandle. The fixture exists and the constructor opens it normally.
clawkwork/clawk	a67d04f102152a67df4228d52da9812aa82ffe50	goroutineownership	internal/cli/reverse_forward.go:174:2	goroutineownership/unjoined	false-positive	serveControl read worker consumes bufio.Reader wrapping exact conn (revfwd.NewReader); caller handle defers conn.Close and installs context-triggered Close, so every return/shutdown unblocks the read and permits gone closure.
clawkwork/clawk	a67d04f102152a67df4228d52da9812aa82ffe50	goroutineownership	internal/cli/serial_proxy.go:182:2	goroutineownership/unjoined	false-positive	serveControl read worker consumes bufio.Reader wrapping exact conn (serialfwd.NewReader); caller handle defers conn.Close and installs context-triggered Close, so every return/shutdown unblocks the read and permits gone closure.
cloudflare/ebpf_exporter	8dc696fdf81338ef95bf1325e601b7c4a12be3ac	resourcelifetime	cgroup/fanotify.go:34:16	resourcelifetime/missing-release	true-positive	newFanotifyMonitor opens mount but capability-query failure, absent DAC_READ_SEARCH, or walk failure returns before storing mount in the returned monitor and without Close.
cloudflare/ebpf_exporter	8dc696fdf81338ef95bf1325e601b7c4a12be3ac	resourcelifetime	scripts/mksyscalls/main.go:91:15	resourcelifetime/missing-release	true-positive	generate creates the architecture output file, writes it repeatedly, then returns nil or a write error without closing the file; no owner retains its descriptor.
containerd/stargz-snapshotter	624678b4e421947534cbf0618f9609853cccee0f	goroutineownership	store/manager.go:193:2	goroutineownership/unjoined	true-positive	getLayer launches waiter closing allDone but returns on first result or timeout; multiple workers can send same requested cached layer to unbuffered resultChan after the single receive, blocking workers and wg.Wait forever with no drain/cancellation.
containerd/stargz-snapshotter	624678b4e421947534cbf0618f9609853cccee0f	resourcelifetime	util/decompressutil/gzip_test.go:111:20	resourcelifetime/missing-release	true-positive	Gzip helper subtest creates an otherwise unused temporary file and defers only Remove of pathname; no path closes tmpfile, including expected-helper-error early return.
containernetworking/plugins	257ef09a103e8b8fe91a0fefe8680c01f84b520b	resourcelifetime	plugins/meta/tuning/tuning_test.go:84:12	resourcelifetime/missing-release	true-positive	createSysctlAllowFile creates the allow-list file and writes each line without closing it on either write error or normal return; returning an error transfers no descriptor.
cooperspencer/gickup	611f638070b2e06eeaa01d9b89f4b4b8d1ba4ecd	evalorder	opengist/opengist.go:90:33	evalorder/operand-mutation	true-positive	getUser returns u alongside json.Unmarshal(body,&u) in the same return expression, combining a value read with mutation through an aliased pointer without explicit sequencing; decode should precede returning the populated value.
crazy-max/diun	269cb27295944aeacfe549d24ab7ac483e600aa9	cancellationownership	internal/notif/apprise/client.go:92:19	cancellationownership/release	false-positive	The discarded WithTimeoutCause cancel belongs to a child of exact fresh WithCancelCause parent at 91; deferred wrapper at 93 cancels that parent on every return and therefore stops child timeout resources.
crazy-max/diun	269cb27295944aeacfe549d24ab7ac483e600aa9	cancellationownership	internal/notif/discord/client.go:148:20	cancellationownership/release	false-positive	Each attempt creates a fresh cancelable parent at 147; request failure at 152, transport failure at 161, and response completion at 169 all cancel that parent, stopping child timeout before return or retry despite discarding child cancel.
crazy-max/diun	269cb27295944aeacfe549d24ab7ac483e600aa9	cancellationownership	internal/notif/elasticsearch/client.go:96:19	cancellationownership/release	false-positive	The timeout is a child of fresh WithCancelCause parent at 95; deferred wrapper at 97 cancels the parent on every return, stopping the child timer despite discarded child cancel.
crazy-max/diun	269cb27295944aeacfe549d24ab7ac483e600aa9	cancellationownership	internal/notif/gotify/client.go:93:19	cancellationownership/release	false-positive	The timeout is a child of fresh WithCancelCause parent at 92; deferred wrapper at 94 cancels the parent on every return, stopping the child timer despite discarded child cancel.
crazy-max/diun	269cb27295944aeacfe549d24ab7ac483e600aa9	cancellationownership	internal/notif/ntfy/client.go:104:19	cancellationownership/release	false-positive	The timeout is a child of fresh WithCancelCause parent at 103; deferred wrapper at 105 cancels the parent on every return, stopping the child timer despite discarded child cancel.
crazy-max/diun	269cb27295944aeacfe549d24ab7ac483e600aa9	cancellationownership	internal/notif/pushover/client.go:77:19	cancellationownership/release	false-positive	The timeout is a child of fresh WithCancelCause parent at 76; deferred wrapper at 78 cancels the parent on every return, stopping the child timer despite discarded child cancel.
crazy-max/diun	269cb27295944aeacfe549d24ab7ac483e600aa9	cancellationownership	internal/notif/rocketchat/client.go:127:19	cancellationownership/release	false-positive	The timeout is a child of fresh WithCancelCause parent at 126; deferred wrapper at 128 cancels the parent on every return, stopping the child timer despite discarded child cancel.
crazy-max/diun	269cb27295944aeacfe549d24ab7ac483e600aa9	cancellationownership	internal/notif/signalrest/client.go:70:19	cancellationownership/release	false-positive	The timeout is a child of fresh WithCancelCause parent at 69; deferred wrapper at 71 cancels the parent on every return, stopping the child timer despite discarded child cancel.
crazy-max/diun	269cb27295944aeacfe549d24ab7ac483e600aa9	cancellationownership	internal/notif/teams/client.go:137:20	cancellationownership/release	false-positive	Each attempt creates a fresh cancelable parent at 136; request failure at 141, transport failure at 150, and response completion at 158 all cancel that parent, stopping child timeout before return or retry despite discarding child cancel.
crazy-max/diun	269cb27295944aeacfe549d24ab7ac483e600aa9	cancellationownership	internal/notif/webhook/client.go:54:19	cancellationownership/release	false-positive	The timeout is a child of fresh WithCancelCause parent at 53; deferred wrapper at 55 cancels the parent on every return, stopping the child timer despite discarded child cancel.
crazy-max/diun	269cb27295944aeacfe549d24ab7ac483e600aa9	cancellationownership	pkg/registry/registry.go:50:12	cancellationownership/release	false-positive	timeoutContext returns child context with a closure canceling its exact parent at 51-53; both Manifest at manifest.go:30-31 and Tags at tags.go:38-39 defer this returned cancel, so timeout cancellation ownership is transferred and honored.
cshum/imagor	1e0698bae238971652641d5e3197b80ebe6a0dfe	resourcelifetime	imagor_test.go:1854:16	resourcelifetime/missing-release	true-positive	TestWithTimeout loader reads the successful response body but never closes it; both ReadAll error and successful Blob return omit cleanup. Returning copied bytes does not transfer the response body.
cshum/imagor	1e0698bae238971652641d5e3197b80ebe6a0dfe	resourcelifetime	loader/httploader/httploader.go:217:16	resourcelifetime/missing-release	true-positive	HTTPLoader.Get blob callback leaks the acquired HTTP body if gzip.NewReader fails and returns nil,0,err. On gzip success it returns only the gzip reader, whose Close does not close the underlying HTTP body; ordinary uncompressed body transfer does not cover these paths.
cshum/imagor	1e0698bae238971652641d5e3197b80ebe6a0dfe	resourcelifetime	server/server_test.go:251:12	resourcelifetime/missing-release	true-positive	The HTTP panic-response test obtains w from http.Get and reads its body without Close on either read outcome; deferring ts.Close owns the server, not the client response body.
danvergara/dblab	3f586e739236d440fa091a2ddcfc5300490260b8	resourcelifetime	pkg/bubbletui/bubbletui.go:168:15	resourcelifetime/missing-release	true-positive	NewModel opens the debug dump before NewSidebarViewport; if viewport initialization fails it returns nil,error without closing or transferring that file. Later Model retention only covers successful construction.
danvergara/dblab	3f586e739236d440fa091a2ddcfc5300490260b8	resourcelifetime	pkg/bubbletui/sidebar.go:71:15	resourcelifetime/missing-release	true-positive	NewSidebarViewport opens the debug dump and places it in local svp, but c.Catalog failure returns SidebarViewport{},err instead of that owner. The acquired file is lost on this partial-construction path.
dghubble/gologin	0645530e98dff3a4d40ba450a480af5a6fc65299	resourcelifetime	twitter/token_test.go:96:15	resourcelifetime/missing-release	true-positive	TestTokenHandler_NonPost gets an HTTP response and only inspects StatusCode before returning. It neither closes resp.Body nor hands it to a cleanup owner, even when the request succeeds.
dunglas/vulcain	b9c5377a02a2975b9c17fc5873f246ac1ef3929f	resourcelifetime	server_test.go:112:13	resourcelifetime/missing-release	true-positive	TestMultipleValues obtains an HTTP response at 112 and never closes its Body or transfers it; io.ReadAll does not discharge the documented Body.Close obligation, and server shutdown is not client response ownership transfer.
dunglas/vulcain	b9c5377a02a2975b9c17fc5873f246ac1ef3929f	resourcelifetime	server_test.go:188:13	resourcelifetime/missing-release	true-positive	TestNotModified obtains an HTTP response at 188 and never closes its Body or transfers it; io.ReadAll does not discharge the documented Body.Close obligation, and server shutdown is not client response ownership transfer.
dunglas/vulcain	b9c5377a02a2975b9c17fc5873f246ac1ef3929f	resourcelifetime	server_test.go:199:13	resourcelifetime/missing-release	true-positive	TestFieldsQuery obtains an HTTP response at 199 and never closes its Body or transfers it; io.ReadAll does not discharge the documented Body.Close obligation, and server shutdown is not client response ownership transfer.
dunglas/vulcain	b9c5377a02a2975b9c17fc5873f246ac1ef3929f	resourcelifetime	server_test.go:210:13	resourcelifetime/missing-release	true-positive	TestFieldsQueryDoesNotEncodePlainValues obtains an HTTP response at 210 and never closes its Body or transfers it; io.ReadAll does not discharge the documented Body.Close obligation, and server shutdown is not client response ownership transfer.
dunglas/vulcain	b9c5377a02a2975b9c17fc5873f246ac1ef3929f	resourcelifetime	server_test.go:221:13	resourcelifetime/missing-release	true-positive	TestFieldsQueryPreservesNumberType obtains an HTTP response at 221 and never closes its Body or transfers it; io.ReadAll does not discharge the documented Body.Close obligation, and server shutdown is not client response ownership transfer.
dunglas/vulcain	b9c5377a02a2975b9c17fc5873f246ac1ef3929f	resourcelifetime	server_test.go:236:13	resourcelifetime/missing-release	true-positive	TestFieldsHeader obtains an HTTP response at 236 and never closes its Body or transfers it; io.ReadAll does not discharge the documented Body.Close obligation, and server shutdown is not client response ownership transfer.
dunglas/vulcain	b9c5377a02a2975b9c17fc5873f246ac1ef3929f	resourcelifetime	server_test.go:248:13	resourcelifetime/missing-release	true-positive	TestPreloadQuery obtains an HTTP response at 248 and never closes its Body or transfers it; io.ReadAll does not discharge the documented Body.Close obligation, and server shutdown is not client response ownership transfer.
dunglas/vulcain	b9c5377a02a2975b9c17fc5873f246ac1ef3929f	resourcelifetime	server_test.go:265:13	resourcelifetime/missing-release	true-positive	TestPreloadHeader obtains an HTTP response at 265 and never closes its Body or transfers it; io.ReadAll does not discharge the documented Body.Close obligation, and server shutdown is not client response ownership transfer.
dunglas/vulcain	b9c5377a02a2975b9c17fc5873f246ac1ef3929f	resourcelifetime	server_test.go:285:13	resourcelifetime/missing-release	true-positive	TestPreloadHeaderNoPush obtains an HTTP response at 285 and never closes its Body or transfers it; it only inspects response headers/status, and server shutdown is not client response ownership transfer.
dunglas/vulcain	b9c5377a02a2975b9c17fc5873f246ac1ef3929f	resourcelifetime	server_test.go:317:13	resourcelifetime/missing-release	true-positive	TestEarlyHints obtains an HTTP response at 317 and never closes its Body or transfers it; io.ReadAll does not discharge the documented Body.Close obligation, and server shutdown is not client response ownership transfer.
dunglas/vulcain	b9c5377a02a2975b9c17fc5873f246ac1ef3929f	resourcelifetime	server_test.go:338:13	resourcelifetime/missing-release	true-positive	TestUpstreamError obtains an HTTP response at 338 and never closes its Body or transfers it; it only inspects response headers/status, and server shutdown is not client response ownership transfer.
enetx/surf	7da0502899af06f8318f95e632797cb2ac0c6c20	lockorder	pkg/connectproxy/connectproxy.go:291:3	lockorder/missing-release	false-positive	DialContext records unlocked=true immediately after releasing the original h2Mu in its cached-connection branch. A failed reuse reacquires and releases the mutex before falling through; the non-reuse branch releases it under !unlocked. Every initProxyConn error return is therefore unlocked; the local Boolean correlation is missed.
enetx/surf	7da0502899af06f8318f95e632797cb2ac0c6c20	lockorder	pkg/connectproxy/connectproxy.go:294:2	lockorder/missing-release	false-positive	The final connect return follows either the cached branch's explicit Unlock or the !unlocked guarded Unlock of the initial acquisition. The intermediate retry acquisition is also explicitly released. Tracking the local unlocked flag establishes balanced releases on both paths.
enetx/surf	7da0502899af06f8318f95e632797cb2ac0c6c20	resourcelifetime	examples/post/post_stream/post_stream.go:55:18	resourcelifetime/missing-release	inconclusive	The file is transferred into Request.Body and normally closed by Request.Do via drainbody.DrainBody. DrainBody does omit Close if ReadFrom fails, but this concrete main immediately Unwrap-panics on that request error. A normal-path missing cleanup is false; whether to diagnose the exceptional read-error/panic path requires policy judgment, not an assumption that Body never owns the file.
envoyproxy/ratelimit	8fe6ea421048bdb2a8873d5f676b3f6eac76a997	goroutineownership	test/service/ratelimit_test.go:813:2	goroutineownership/unjoined	false-positive	Worker only sends configUpdateEvent once. NewService is called with forceStart=false and synchronously receives that exact channel at src/service/ratelimit.go:511; GetConfig callback signals barrier and caller waits, so the worker send is consumed before test proceeds.
envoyproxy/ratelimit	8fe6ea421048bdb2a8873d5f676b3f6eac76a997	processownership	test/common/common.go:157:9	processownership/missing-wait	true-positive	startCacheProcess starts child, then if WaitForTcpPort fails it cancels the command context and returns an error without cmd.Wait; cancellation kills but does not reap, while the returned wait closure exists only on success.
exercism/cli	e0f013dd19b3a3675de347e15799a80961254571	deferinloop	cmd/download.go:118:3	deferinloop/cleanup-lifetime	true-positive	Download loop opens each destination and completes io.Copy in that iteration, yet defers Close until every file downloads; no later consumer requires earlier handles alive.
exercism/cli	e0f013dd19b3a3675de347e15799a80961254571	deferinloop	cmd/submit.go:264:3	deferinloop/cleanup-lifetime	true-positive	Submit loop copies each source file into memory-backed multipart body but retains all descriptors via deferred Close through later HTTP submission; source lifetime ends after each copy.
flant/shell-operator	56b8fe2aab15716cdf9c05205071395b9e53c401	goroutineownership	pkg/kube_events_manager/factory.go:194:3	goroutineownership/unjoined	false-positive	FactoryStore.add/get retains factory in c.data before Start launches its worker; done is stored on that retained factory. Stop cancels the exact owner and receives saved done at 249-255, so Start is not the lifetime boundary.
flant/shell-operator	56b8fe2aab15716cdf9c05205071395b9e53c401	resourcelifetime	pkg/executor/executor_test.go:64:13	resourcelifetime/missing-release	true-positive	The long JSON file subtest creates and writes a temporary file, only defers RemoveAll of its name, and never closes its descriptor; the executor consumes the pathname, not file ownership.
flant/shell-operator	56b8fe2aab15716cdf9c05205071395b9e53c401	resourcelifetime	pkg/executor/executor_test.go:84:13	resourcelifetime/missing-release	true-positive	The non-JSON file subtest creates and writes a temporary file, only defers RemoveAll of its name, and never closes its descriptor; the executor consumes the pathname, not file ownership.
flant/shell-operator	56b8fe2aab15716cdf9c05205071395b9e53c401	resourcelifetime	pkg/utils/file/file_test.go:51:15	resourcelifetime/missing-release	true-positive	createExecutableFile discards the os.Create handle on successful creation, then only chmods the path; no descriptor is available to close or transfer.
fsouza/fake-gcs-server	3c29d20789f6475f65d2554ad6898c4afd7124bb	resourcelifetime	examples/go/main.go:98:11	resourcelifetime/missing-release	true-positive	updateConfig uses an ordinary HTTP client to send the configuration update and discards the successful response, leaving its body unclosed.
fsouza/fake-gcs-server	3c29d20789f6475f65d2554ad6898c4afd7124bb	resourcelifetime	fakestorage/upload_test.go:1302:17	resourcelifetime/missing-release	false-positive	The test's Server.HTTPClient always uses local muxTransport, whose RoundTrip invokes the handler through httptest.NewRecorder and returns its in-memory Result. This body has no external transport/resource obligation; listener-enabled scenarios still use that same synthetic client.
fsouza/go-dockerclient	51bf50b89486b9ba1b21c3f8951c04e39520a9d5	resourcelifetime	auth.go:100:12	resourcelifetime/missing-release	true-positive	NewAuthConfigurationsFromFile opens a file and returns parsed credentials from NewAuthConfigurations without closing the file. The reader-taking helper only reads and parses JSON; neither it nor the returned configuration owns or closes the descriptor.
gabrie30/ghorg	fc2278f60fba9983441cfd7290549627a69da2b7	resourcelifetime	cmd/clone.go:1032:16	resourcelifetime/missing-release	true-positive	writeGhorgStats opens new-header file and returns on WriteString error before registering the shared deferred Close after the branch.
gabrie30/ghorg	fc2278f60fba9983441cfd7290549627a69da2b7	resourcelifetime	cmd/clone.go:1051:15	resourcelifetime/missing-release	true-positive	writeGhorgStats creates stats file and returns on WriteString error before registering the shared deferred Close after the branch.
gabrie30/ghorg	fc2278f60fba9983441cfd7290549627a69da2b7	resourcelifetime	cmd/clone_test.go:564:18	resourcelifetime/missing-release	true-positive	createTempFileWithContent returns nil on tmpfile.Write failure before its explicit Close; success returns a closed handle but the error path leaks it.
gabrie30/ghorg	fc2278f60fba9983441cfd7290549627a69da2b7	resourcelifetime	cmd/clone_test.go:689:15	resourcelifetime/missing-release	true-positive	TestRelativePathRepositoriesWithGitSubmodule discards successful os.Create handle; deferred RemoveAll removes paths, not this descriptor.
getgauge/gauge	1c5e06ac8ba4de9b4563f0415089a7767a48e06c	lockorder	api/infoGatherer/specDetails.go:362:2	lockorder/contradictory-order	false-positive	Reverse order is initParamsCache (params then concepts) versus OnConceptFileModify (concepts then params). The former only runs in Init before watchForFileChanges is launched; API entrypoints initialize fresh gatherers before starting handlers. No overlapping acquisition paths are established in this initialization/publication lifecycle.
getgauge/gauge	1c5e06ac8ba4de9b4563f0415089a7767a48e06c	producerlifecycle	runner/grpcRunner.go:328:3	producerlifecycle/abandoned-send	true-positive	StartGrpcRunner's waiter sends an error and then nil on the same unbuffered errChan, but the select receives at most once and never drains again. Port/timeout paths receive zero; a child exit can strand the sender even on successful startup.
getgauge/gauge	1c5e06ac8ba4de9b4563f0415089a7767a48e06c	resourcelifetime	api/api.go:56:33	resourcelifetime/missing-release	true-positive	NewGaugeConnectionHandler owns a fresh TCP listener. If port is zero and SetEnvVariable fails, startAPIServiceWithoutRunner returns before launching the serving goroutine and without releasing that listener.
getgauge/gauge	1c5e06ac8ba4de9b4563f0415089a7767a48e06c	resourcelifetime	conceptExtractor/conceptExtractor.go:84:12	resourcelifetime/missing-release	true-positive	writeConceptToFile discards the successful os.Create handle, then reads and saves the path through separate operations; no reference remains to close the created descriptor.
getgauge/gauge	1c5e06ac8ba4de9b4563f0415089a7767a48e06c	resourcelifetime	config/properties.go:191:12	resourcelifetime/missing-release	false-positive	Write assigns f from either os.Create or os.OpenFile, returns immediately on acquisition errors, and defers a closure receiving exactly the merged f and calling Close before writing. The merged selection has cleanup on all successful paths.
getgauge/gauge	1c5e06ac8ba4de9b4563f0415089a7767a48e06c	resourcelifetime	config/properties.go:196:12	resourcelifetime/missing-release	false-positive	The os.OpenFile branch joins the same f used as the explicit argument to the deferred f.Close closure. Both acquisition alternatives are released; the analyzer fails to credit the branch-merged resource cleanup.
getgauge/gauge	1c5e06ac8ba4de9b4563f0415089a7767a48e06c	resourcelifetime	runner/runner.go:192:18	resourcelifetime/missing-release	true-positive	Start creates a GaugeConnectionHandler with a fresh TCP listener, but StartLegacyRunner failure returns without cleanup or transfer. connect also never closes that listener on timeout/error.
golang/sys	01b91195d9aeaba1dab70b882a12f741f568a510	resourcelifetime	unix/internal/mkmerge/mkmerge.go:467:12	resourcelifetime/missing-release	true-positive	Merge output returns on buf.Flush error before f.Close; no deferred close covers buffered write failure.
golang/sys	01b91195d9aeaba1dab70b882a12f741f568a510	resourcelifetime	unix/sendfile_test.go:55:14	resourcelifetime/missing-release	true-positive	Test opens source file src and never closes it; explicit file.Close later applies to duplicated TCP socket file, not src.
golang/sys	01b91195d9aeaba1dab70b882a12f741f568a510	resourcelifetime	unix/syscall_unix_test.go:298:12	resourcelifetime/missing-release	false-positive	Dedicated child-process helper unconditionally defers os.Exit(0) before creating this file; it sends descriptor rights to parent and intentionally ends process after the operation, so handle lifetime is bounded by immediate process exit.
golang/sys	01b91195d9aeaba1dab70b882a12f741f568a510	resourcelifetime	unix/syscall_unix_test.go:471:19	resourcelifetime/missing-release	true-positive	TestDup opens nullFile but Dup2 targets int(file.Fd()), not nullFile.Fd(); KeepAlive only delays finalization and no nullFile.Close occurs, so the comment claiming automatic close does not match actual descriptor.
gomuks/gomuks	b11eedca121a7081d3ee48165ba363e722d18d87	resourcelifetime	cmd/chromagen/main.go:21:25	resourcelifetime/missing-release	true-positive	main opens a CSS output for each style and only passes it to WriteCSS as an io.Writer; no Close or transfer follows, so descriptors accumulate across styles.
gomuks/gomuks	b11eedca121a7081d3ee48165ba363e722d18d87	resourcelifetime	web/src/util/emoji/generate.go:163:24	resourcelifetime/missing-release	true-positive	getEmojibaseNames obtains response and JSON-decodes its Body, then returns only a string map without closing the body.
gomuks/gomuks	b11eedca121a7081d3ee48165ba363e722d18d87	resourcelifetime	web/src/util/emoji/generate.go:231:24	resourcelifetime/missing-release	true-positive	main obtains emoji-data response and JSON-decodes Body, but later overwrites resp at298 without any Body.Close.
gomuks/gomuks	b11eedca121a7081d3ee48165ba363e722d18d87	resourcelifetime	web/src/util/emoji/generate.go:298:23	resourcelifetime/missing-release	true-positive	main obtains shortcode response and JSON-decodes Body but never closes it; final file.Close applies to data.json output, not HTTP body.
goproxy/goproxy	32c6b6e21e7b7609ff6246777ad0d18fec49c2f6	evalorder	fetcher.go:276:57	evalorder/operand-mutation	true-positive	directQuery returns info.Version and info.Time beside json.Unmarshal updating info. The field operands can capture zero values before decoding; decode must precede the return to avoid unspecified operand-order dependence.
goproxy/goproxy	32c6b6e21e7b7609ff6246777ad0d18fec49c2f6	evalorder	fetcher.go:340:47	evalorder/operand-mutation	true-positive	directList returns list.Versions beside json.Unmarshal mutating list. The slice header can be copied before the decode rather than returning the decoded versions.
goproxy/goproxy	32c6b6e21e7b7609ff6246777ad0d18fec49c2f6	evalorder	fetcher.go:515:77	evalorder/operand-mutation	true-positive	directDownload returns three download fields in the same operand list as json.Unmarshal into download. Their values can be read before mutation; decode and return need separate statements.
gowebly/gowebly	08d7f8dc1c260eb8f0679b8e90e9fc9512f72380	resourcelifetime	internal/helpers/embed_file_system.go:72:20	resourcelifetime/missing-release	true-positive	Template generation returns on Execute, Seek, output creation, or copy error before tempFile.Close; no deferred close covers these paths.
gowebly/gowebly	08d7f8dc1c260eb8f0679b8e90e9fc9512f72380	resourcelifetime	internal/helpers/embed_file_system.go:85:22	resourcelifetime/missing-release	true-positive	Template generation returns on io.Copy or tempFile.Close error before outputFile.Close; no deferred output cleanup exists.
grpc-ecosystem/grpc-health-probe	82e04432a7344c01c56406a6ddf5c8b6841d5a65	cancellationownership	main.go:280:19	cancellationownership/release	true-positive	The SPIFFE branch discards the WithTimeout cancel callback. The context remains active until its timeout or root cancellation even if initialization or probing finishes sooner; this is a bounded CLI cleanup-contract violation, not a demonstrated long-running service leak.
grpc-ecosystem/grpc-health-probe	82e04432a7344c01c56406a6ddf5c8b6841d5a65	resourcelifetime	main.go:281:18	resourcelifetime/missing-release	true-positive	The SPIFFE X509Source supplies dynamic TLS credentials but is never explicitly closed on subsequent connection/probe returns. Closing the gRPC connection does not call the source's Close. Main exits afterward, bounding the lifetime; the finding is the omitted cleanup contract rather than an unbounded process leak.
h44z/wg-portal	eb44c8c4ff120f34c26b2415c47560f4fba0603c	resourcelifetime	internal/lowlevel/mikrotik.go:320:53	resourcelifetime/missing-release	false-positive	The exact client.Do response/error tuple is consumed by parseHttpResponse[T]. That helper returns early only on the paired request error and otherwise defers draining and closing resp.Body before every decode/status return. No successful HTTP acquisition bypasses that cleanup; the generic helper/error correlation is missed.
h44z/wg-portal	eb44c8c4ff120f34c26b2415c47560f4fba0603c	resourcelifetime	internal/lowlevel/mikrotik.go:343:51	resourcelifetime/missing-release	false-positive	The exact client.Do response/error tuple is consumed by parseHttpResponse[T]. That helper returns early only on the paired request error and otherwise defers draining and closing resp.Body before every decode/status return. No successful HTTP acquisition bypasses that cleanup; the generic helper/error correlation is missed.
h44z/wg-portal	eb44c8c4ff120f34c26b2415c47560f4fba0603c	resourcelifetime	internal/lowlevel/mikrotik.go:366:51	resourcelifetime/missing-release	false-positive	The exact client.Do response/error tuple is consumed by parseHttpResponse[T]. That helper returns early only on the paired request error and otherwise defers draining and closing resp.Body before every decode/status return. No successful HTTP acquisition bypasses that cleanup; the generic helper/error correlation is missed.
h44z/wg-portal	eb44c8c4ff120f34c26b2415c47560f4fba0603c	resourcelifetime	internal/lowlevel/mikrotik.go:389:51	resourcelifetime/missing-release	false-positive	The exact client.Do response/error tuple is consumed by parseHttpResponse[T]. That helper returns early only on the paired request error and otherwise defers draining and closing resp.Body before every decode/status return. No successful HTTP acquisition bypasses that cleanup; the generic helper/error correlation is missed.
h44z/wg-portal	eb44c8c4ff120f34c26b2415c47560f4fba0603c	resourcelifetime	internal/lowlevel/mikrotik.go:411:47	resourcelifetime/missing-release	false-positive	The exact client.Do response/error tuple is consumed by parseHttpResponse[T]. That helper returns early only on the paired request error and otherwise defers draining and closing resp.Body before every decode/status return. No successful HTTP acquisition bypasses that cleanup; the generic helper/error correlation is missed.
h44z/wg-portal	eb44c8c4ff120f34c26b2415c47560f4fba0603c	resourcelifetime	internal/lowlevel/mikrotik.go:434:53	resourcelifetime/missing-release	false-positive	The exact client.Do response/error tuple is consumed by parseHttpResponse[T]. That helper returns early only on the paired request error and otherwise defers draining and closing resp.Body before every decode/status return. No successful HTTP acquisition bypasses that cleanup; the generic helper/error correlation is missed.
h44z/wg-portal	eb44c8c4ff120f34c26b2415c47560f4fba0603c	resourcelifetime	internal/lowlevel/opnsense.go:496:43	resourcelifetime/missing-release	false-positive	The exact client.Do response/error tuple passes to parseOpnsenseHttpResponse[T], which returns on a request error and otherwise immediately defers resp.Body.Close before ReadAll, decoding, and status checks. Every successful response is closed; generic helper/error correlation is missed.
h44z/wg-portal	eb44c8c4ff120f34c26b2415c47560f4fba0603c	resourcelifetime	internal/lowlevel/pfsense.go:332:60	resourcelifetime/missing-release	true-positive	The response passes to parsePfsenseHttpResponse[T], which calls io.ReadAll(resp.Body) before registering its Close defer. A read error returns immediately with the successful response body still open; normal and decode-error cleanup do not cover this earlier path.
h44z/wg-portal	eb44c8c4ff120f34c26b2415c47560f4fba0603c	resourcelifetime	internal/lowlevel/pfsense.go:355:58	resourcelifetime/missing-release	true-positive	The response passes to parsePfsenseHttpResponse[T], which calls io.ReadAll(resp.Body) before registering its Close defer. A read error returns immediately with the successful response body still open; normal and decode-error cleanup do not cover this earlier path.
h44z/wg-portal	eb44c8c4ff120f34c26b2415c47560f4fba0603c	resourcelifetime	internal/lowlevel/pfsense.go:378:58	resourcelifetime/missing-release	true-positive	The response passes to parsePfsenseHttpResponse[T], which calls io.ReadAll(resp.Body) before registering its Close defer. A read error returns immediately with the successful response body still open; normal and decode-error cleanup do not cover this earlier path.
h44z/wg-portal	eb44c8c4ff120f34c26b2415c47560f4fba0603c	resourcelifetime	internal/lowlevel/pfsense.go:401:58	resourcelifetime/missing-release	true-positive	The response passes to parsePfsenseHttpResponse[T], which calls io.ReadAll(resp.Body) before registering its Close defer. A read error returns immediately with the successful response body still open; normal and decode-error cleanup do not cover this earlier path.
h44z/wg-portal	eb44c8c4ff120f34c26b2415c47560f4fba0603c	resourcelifetime	internal/lowlevel/pfsense.go:424:54	resourcelifetime/missing-release	true-positive	The response passes to parsePfsenseHttpResponse[T], which calls io.ReadAll(resp.Body) before registering its Close defer. A read error returns immediately with the successful response body still open; normal and decode-error cleanup do not cover this earlier path.
helm/chart-testing	b10d235ba25a2e95adaf746d704f586409432e4c	processownership	pkg/exec/exec.go:140:8	processownership/missing-wait	true-positive	RunWithProxy starts kubectl proxy and later sends os.Kill after invoking the callback, but never calls Wait or transfers a waiter. Killing a child does not reap it on either the callback-success or callback-error return.
helm/chartmuseum	c73df59064c8ca07944e2ca558f07cd28c2f0a76	deferinloop	pkg/chartmuseum/server/multitenant/server_test.go:1351:3	deferinloop/cleanup-lifetime	true-positive	getBodyWithMultipartFormFiles opens a file per input element and defers Close in the enclosing helper, retaining all descriptors until every file has been copied. The bytes are copied synchronously and each input could be closed at that iteration; this is the reported accumulation hazard, not an eventual leak.
helm/chartmuseum	c73df59064c8ca07944e2ca558f07cd28c2f0a76	resourcelifetime	pkg/chartmuseum/router/prometheus.go:244:14	resourcelifetime/missing-release	true-positive	sendMetricsToPushGateway discards the response from client.Do and only inspects err; a successful HTTP response body is neither closed nor transferred.
helm/chartmuseum	c73df59064c8ca07944e2ca558f07cd28c2f0a76	resourcelifetime	pkg/chartmuseum/server/multitenant/server.go:215:28	resourcelifetime/missing-release	true-positive	CheckTemplateFilesExist opens a directory and calls Readdir, but both read-error returns and true/false returns omit directory Close; returning a boolean transfers no resource.
helmwave/helmwave	7b88f36ae00112f0877ce5bb6a5485402838932b	processownership	pkg/hooks/run.go:57:12	processownership/missing-wait	true-positive	The hook subprocess starts successfully, but a stdout Scanner error returns before cmd.Wait. A too-long output line can trigger this path; context cancellation does not replace reaping the child.
idursun/jjui	cd1da156b1d4d4cae6bedd7fd1f1f23ca42f8f0e	resourcelifetime	internal/config/config.go:311:14	resourcelifetime/missing-release	true-positive	Edit creates the missing configuration file but discards the returned file handle. Starting and waiting for the editor does not close that descriptor; no cleanup or ownership transfer covers successful creation.
idursun/jjui	cd1da156b1d4d4cae6bedd7fd1f1f23ca42f8f0e	resourcelifetime	internal/ui/oplog/oplog_parser_test.go:30:17	resourcelifetime/missing-release	true-positive	Each TestParse subtest opens a fixture file and passes it to parseRows, which only scans an io.Reader and never closes it. Neither the subtest nor a registered cleanup closes the acquired file.
influxdata/kapacitor	732d0f06a862762529eda2d2743986d6fff5e940	deferinloop	tick/cmd/tickdoc/main.go:152:3	deferinloop/cleanup-lifetime	true-positive	Documentation generation opens one file per ordered node and writes all content within that iteration; deferred Close retains every descriptor until main returns despite no subsequent use or transfer.
inguardians/peirates	054aee1453b3e3d2779d2ebe0fd888fef8a4e224	goroutineownership	internal/modules/dockersocket/dockersocket_linux_test.go:218:3	goroutineownership/unjoined	false-positive	Input worker copies only from net.Conn; parent defers connection.Close on all paths, including either timeout, unblocking the read and letting worker close inputDone. Missing explicit receive on timeout is not abandoned work.
inguardians/peirates	054aee1453b3e3d2779d2ebe0fd888fef8a4e224	resourcelifetime	internal/app/attack_create_hostfs_pod.go:153:26	resourcelifetime/missing-release	true-positive	Temporary manifest Write error returns before explicit Close; no deferred Close covers the error path.
inguardians/peirates	054aee1453b3e3d2779d2ebe0fd888fef8a4e224	resourcelifetime	internal/app/config.go:641:16	resourcelifetime/missing-release	true-positive	getPodName opens hosts file and scans it but never closes it on match, EOF, or scanner error; Scanner does not own closing.
inguardians/peirates	054aee1453b3e3d2779d2ebe0fd888fef8a4e224	resourcelifetime	internal/app/http_utils.go:109:23	resourcelifetime/missing-release	true-positive	DoHTTPRequestAndGetBody reads and returns response bytes without ever closing responseHTTP.Body, including read and status error paths.
inguardians/peirates	054aee1453b3e3d2779d2ebe0fd888fef8a4e224	resourcelifetime	internal/app/kubectl_wrappers.go:158:23	resourcelifetime/missing-release	true-positive	Certificate temporary file is written and synced but never closed, and only its pathname is passed to kubectl; write/key-creation errors also leak it.
inguardians/peirates	054aee1453b3e3d2779d2ebe0fd888fef8a4e224	resourcelifetime	internal/app/kubectl_wrappers.go:179:22	resourcelifetime/missing-release	true-positive	Private-key temporary file is written and synced but never closed, and only its pathname is passed to kubectl; write errors also leak it.
ipfs-cluster/ipfs-cluster	60b35f27490486e750870171d7cef9f14f205835	resourcelifetime	api/common/api_test.go:340:16	resourcelifetime/missing-release	true-positive	getTestFunction obtains response and invokes status-only checker (httpStatusCodeChecker and wrappers), none close Body; error responses can contain content and no body ownership is transferred.
ipfs-cluster/ipfs-cluster	60b35f27490486e750870171d7cef9f14f205835	resourcelifetime	api/ipfsproxy/ipfsproxy_test.go:1028:13	resourcelifetime/missing-release	true-positive	Header TTL test overwrites this second response after inspecting header without closing Body; subsequent res.Body.Close covers only the third response.
k1LoW/deck	61880c787d8f26de68e308e084c58f14254b80dd	goroutineownership	preload.go:297:4	goroutineownership/unjoined	inconclusive	The cancellation and semaphore-acquisition-error exits skip wg.Wait, but each deletion worker passes the same ctx into every Drive HTTP request and then only logs and runs Release/Done. Normal completion is joined. The code suggests a cancellation-bound lifecycle; proving an orphan requires external request termination semantics rather than merely observing the skipped join.
krakend/krakend-ce	dc4321e9b4278fc28519565906d413e2b392ca0d	resourcelifetime	tests/integration.go:295:15	resourcelifetime/missing-release	true-positive	waitForReady obtains a response and never closes its Body; non-200 retries overwrite it and successful readiness returns with the body still owned locally.
krakend/krakend-ce	dc4321e9b4278fc28519565906d413e2b392ca0d	resourcelifetime	tests/integration.go:299:15	resourcelifetime/missing-release	true-positive	waitForReady retry obtains a response and never closes its Body before another retry or any return; the body is neither consumed nor transferred.
krakend/krakend-ce	dc4321e9b4278fc28519565906d413e2b392ca0d	resourcelifetime	tests/integration.go:343:15	resourcelifetime/missing-release	true-positive	Check passes response to assertResponse, which closes Body only after successful io.ReadAll; a read failure returns at 401 before Close at 403, and Check has no fallback cleanup.
linki/chaoskube	58fc0b1d964a71d8bb9b9dd2e2e565c9dcde18c6	resourcelifetime	notifier/slack.go:100:14	resourcelifetime/missing-release	true-positive	The Slack notifier calls the HTTP client and returns without closing the successful response body. Inspecting its status does not release the transport-owned body.
liquidmetal-dev/flintlock	3f478b1650a8282ee71afd65eeb3e486255f3635	producerlifecycle	pkg/process/process.go:85:3	producerlifecycle/abandoned-send	true-positive	WaitWithContext worker sends nil unconditionally after possibly sending an error, while caller receives at most once; process-wait error guarantees second send blocks, and cancellation can abandon even the first result.
lotusirous/go-concurrency-patterns	791337ff11e69cd9d1a8587e53474a8469b3510f	goroutineownership	17-ring-buffer-channel/main.go:53:2	goroutineownership/unjoined	false-positive	main closes inCh then ranges outCh until the exact worker closes it after draining input. NewRingBuffer merely stores both channels; the returned receiver's output field aliases the ranged channel, so worker completion is consumed.
lovoo/goka	60275b53d9d91a1feb79e60df5f59f703a33b5f7	lockorder	processor.go:964:3	lockorder/missing-release	true-positive	VisitAllWithStats acquires mTables.RLock then returns immediately when isStateless is true, bypassing the later RUnlock. This leaves the read lock held on a reachable error path.
lovoo/goka	60275b53d9d91a1feb79e60df5f59f703a33b5f7	resourcelifetime	examples/5-multiple/main.go:71:19	resourcelifetime/missing-release	true-positive	runEmitter acquires emitterA, then returns on NewEmitter for B failing before registering the defer that Finishes both. The first emitter is not released on that error path.
lqqyt2423/go-mitmproxy	3f5b4f8ee19d58784c6332ec946f46d3c2b2e73b	goroutineownership	web/conn.go:124:4	goroutineownership/unjoined	false-positive	initWaitChan retains channel in connection.waitChans; waitIntercept retrieves same per-flow channel and receives edit at184-185. Readloop dispatches to another owned protocol participant rather than locally joining each sender; malformed duplicate edits require separate protocol evidence.
marcopiovanello/yt-dlp-web-ui	c7ad3bd79c7c520a7d17e7f2ba19d962be8e7897	lockorder	server/logging/file_logger.go:51:3	lockorder/missing-release	true-positive	Rotate holds w.mu from line47 and returns on gzip destination creation failure at51 before Unlock at78; no deferred unlock exists.
marcopiovanello/yt-dlp-web-ui	c7ad3bd79c7c520a7d17e7f2ba19d962be8e7897	lockorder	server/logging/file_logger.go:63:3	lockorder/missing-release	true-positive	Rotate returns on os.Stat failure at63 while holding w.mu; deferred gzip/file cleanup does not unlock and normal Unlock is later.
marcopiovanello/yt-dlp-web-ui	c7ad3bd79c7c520a7d17e7f2ba19d962be8e7897	lockorder	server/logging/file_logger.go:73:3	lockorder/missing-release	true-positive	Rotate returns on os.Remove failure at73 while holding w.mu; deferred file cleanup does not unlock and normal Unlock is later.
marcopiovanello/yt-dlp-web-ui	c7ad3bd79c7c520a7d17e7f2ba19d962be8e7897	processownership	server/internal/metadata/fetchers.go:36:12	processownership/missing-wait	true-positive	DefaultFetcher starts downloader then returns on stdout JSON decode failure before cmd.Wait; the stderr copy worker does not reap the process.
marcopiovanello/yt-dlp-web-ui	c7ad3bd79c7c520a7d17e7f2ba19d962be8e7897	processownership	server/internal/pipes/Transcoder.go:61:12	processownership/missing-wait	true-positive	Connect starts ffmpeg and returns only stdout reader, not cmd or a wait-capable owner; neither input/output goroutine invokes Wait, so process is never reaped.
marcopiovanello/yt-dlp-web-ui	c7ad3bd79c7c520a7d17e7f2ba19d962be8e7897	processownership	server/playlist/playlist.go:36:12	processownership/missing-wait	true-positive	PlaylistDetect starts downloader then returns on JSON decode failure before cmd.Wait; no deferred wait covers that path.
marcopiovanello/yt-dlp-web-ui	c7ad3bd79c7c520a7d17e7f2ba19d962be8e7897	resourcelifetime	server/archive/repository/repository.go:112:15	resourcelifetime/missing-release	true-positive	List exits rows loop early on rows.Scan failure without rows.Close; deferred sql.Conn.Close does not close outstanding Rows and can wait for its active query, so early scan failure leaks rows.
marcopiovanello/yt-dlp-web-ui	c7ad3bd79c7c520a7d17e7f2ba19d962be8e7897	resourcelifetime	server/filebrowser/handlers.go:198:14	resourcelifetime/missing-release	true-positive	DownloadFile opens fd and calls io.Copy then returns without closing it; io.Copy does not close its input file and response writer does not receive ownership.
marcopiovanello/yt-dlp-web-ui	c7ad3bd79c7c520a7d17e7f2ba19d962be8e7897	resourcelifetime	server/filebrowser/handlers.go:236:15	resourcelifetime/missing-release	true-positive	BulkDownload opens each input fd inside loop and never closes it on successful copy or copy error; zip writer only owns archive output, not input files.
marcosnils/bin	456471492631d1b7aa2fcc6cb4aa184a2b848dcc	resourcelifetime	cmd/ensure.go:54:16	resourcelifetime/missing-release	true-positive	The ensure loop opens each installed executable for hashing but never closes f, including the matching-hash continue path and copy-error return.
marcosnils/bin	456471492631d1b7aa2fcc6cb4aa184a2b848dcc	resourcelifetime	pkg/assets/assets.go:425:14	resourcelifetime/missing-release	true-positive	ProcessURL claims its caller closes the body, but copies it into an independent bytes.Buffer and returns a processed in-memory file. The original res.Body is neither returned nor closed, including status and copy-error paths.
matlab/matlab-mcp-server	2eb5c82e0574164fa50e0aea27be871944a5a8cd	resourcelifetime	internal/adaptors/matlabmanager/matlabservices/services/localmatlabsession/processlauncher/processlauncher.go:108:17	resourcelifetime/missing-release	false-positive	The stdout file is stored in local stdIO immediately. Subsequent stderr/pipe acquisition failures call stdIO.cleanup, whose nil-checked file slice closes each acquired field; success returns both stdIO and its cleanup closure. The aggregate cleanup is missed, not absent.
matlab/matlab-mcp-server	2eb5c82e0574164fa50e0aea27be871944a5a8cd	resourcelifetime	internal/adaptors/matlabmanager/matlabservices/services/localmatlabsession/processlauncher/processlauncher.go:115:17	resourcelifetime/missing-release	false-positive	The stderr file is stored in stdIO; pipe-creation failure invokes its cleanup method and success returns the owner and cleanup callback. cleanup ranges the exact stdout/stderr/stdin fields and closes nonnil files, covering this acquisition.
matlab/matlab-mcp-server	2eb5c82e0574164fa50e0aea27be871944a5a8cd	resourcelifetime	tests/functional/matlab/mock_matlab_base_suite_test.go:56:18	resourcelifetime/missing-release	false-positive	The created MCP session is embedded in the LoggedSession returned by sessionFactory.New. Its only failure checks are nil logReader/logFS: SetupSuite constructs a checked nonnil reader and RealFileSystem.DirFS returns os.DirFS, so those failure paths are infeasible for this suite. The returned wrapper preserves Close ownership.
mautrix/telegram	24b2def0ba80cb4bb49e4fde4977327566a694d7	resourcelifetime	pkg/gotd/cmd/dltl/main.go:104:15	resourcelifetime/missing-release	true-positive	The optional layer-version fetch shadows the outer res with a second HTTP response and never closes its Body. The function-level defer captures the outer schema response, not this inner Version.h response.
mkubaczyk/helmsman	f67e5b95581f426492a20f54dda2a9f6e2d707e0	resourcelifetime	internal/app/kube_helpers.go:220:21	resourcelifetime/missing-release	true-positive	apply creates a temporary manifest, defers only Remove, and never closes targetFile on success or write/command errors.
mkubaczyk/helmsman	f67e5b95581f426492a20f54dda2a9f6e2d707e0	resourcelifetime	internal/app/kube_helpers.go:89:21	resourcelifetime/missing-release	true-positive	tempBuildNamespaceDefinition returns nil on targetFile.Write error without closing it; successful return transfers ownership, but write failure does not.
mr-karan/doggo	7f6b105f240e562a5c7659976b1c16b683c25385	resourcelifetime	pkg/resolvers/doh.go:143:16	resourcelifetime/missing-release	false-positive	DOHResolver.query closes the POST body via drainAndClose before replacing resp for a GET retry; without retry, non-OK responses are drained/closed and successful responses are closed on both ReadAll outcomes. Cleanup of a branch-selected response is not credited.
mr-karan/doggo	7f6b105f240e562a5c7659976b1c16b683c25385	resourcelifetime	pkg/resolvers/doh.go:161:16	resourcelifetime/missing-release	false-positive	The successful fallback GET response joins resp's merge; non-OK status uses drainAndClose, ReadAll error explicitly closes, and ReadAll success explicitly closes before unpacking. All successful acquisition paths release this body.
mtlynch/picoshare	37af447f9828a985bce9d2709c36a25958ef9404	resourcelifetime	store/sqlite/downloads.go:34:15	resourcelifetime/missing-release	true-positive	GetEntryDownloads returns immediately on rows.Scan or parseDatetime failure before rows exhaustion, with no rows.Close registered. Parsed download values do not transfer the cursor.
mtlynch/picoshare	37af447f9828a985bce9d2709c36a25958ef9404	resourcelifetime	store/sqlite/entries.go:16:15	resourcelifetime/missing-release	true-positive	GetEntriesMetadata has several returns inside rows.Next for scan, entry ID, date and size parsing errors; none closes the owned rows. Automatic close at exhausted iteration does not cover these returns.
mtlynch/picoshare	37af447f9828a985bce9d2709c36a25958ef9404	resourcelifetime	store/sqlite/guest_links.go:37:15	resourcelifetime/missing-release	true-positive	GetGuestLinks returns early when guestLinkFromRow fails before exhausting rows. That helper only scans and parses timestamps/lifetimes; neither helper nor caller closes the cursor on failure.
muety/wakapi	be6aeb483e576dadd50c8e9d404efbe4ed8df700	resourcelifetime	middlewares/custom/wakatime.go:129:19	resourcelifetime/missing-release	true-positive	WakatimeRelayMiddleware.send only inspects the successful response status and updates failure counters; it never drains, closes or transfers response.Body before return.
muety/wakapi	be6aeb483e576dadd50c8e9d404efbe4ed8df700	resourcelifetime	services/imports/wakatime_heartbeats.go:156:14	resourcelifetime/missing-release	true-positive	fetchHeartbeats returns immediately for status402 and other status>=400 before registering defer res.Body.Close. Successful HTTP error responses still own their body.
muety/wakapi	be6aeb483e576dadd50c8e9d404efbe4ed8df700	resourcelifetime	services/imports/wakatime_heartbeats.go:184:14	resourcelifetime/missing-release	true-positive	fetchRange never closes res.Body. ParseJsonDropKeys only decodes its io.Reader into maps and an in-memory buffer; it does not release it. Decode/date-parse failures and success all omit cleanup.
muety/wakapi	be6aeb483e576dadd50c8e9d404efbe4ed8df700	resourcelifetime	services/imports/wakatime_test.go:154:17	resourcelifetime/missing-release	false-positive	TestRedirectValidation closes the successful allowed response. All wantErr cases redirect to URLs rejected by both clients' CheckRedirect via ValidateWakatimeUrl (own host, loopback or raw IP); net/http closes the prior response body on those callback errors. The missing-cleanup path conflates table expectation with feasible successful acquisition.
mysteriumnetwork/node	c45527af1ea80300ae3d9c92bd37255335b6140d	goroutineownership	session/pingpong/hermes_promise_handler.go:132:3	goroutineownership/unjoined	false-positive	RequestPromise's error worker sends on er.errChan and the function immediately returns that exact channel to its caller. This transfers the receive/completion obligation through a local struct field; it is not an abandoned worker.
mysteriumnetwork/node	c45527af1ea80300ae3d9c92bd37255335b6140d	goroutineownership	session/pingpong/hermes_promise_handler.go:192:3	goroutineownership/unjoined	false-positive	PayAndSettle returns the exact er.errChan used by its error-reporting goroutine. The caller receives the completion/error channel; local struct projection loses that ownership transfer in the analyzer.
mysteriumnetwork/node	c45527af1ea80300ae3d9c92bd37255335b6140d	lockorder	core/discovery/discovery.go:96:4	lockorder/read-lock-write	true-positive	Discovery.Start writes receiver state while holding only mu.RLock. Other methods read that shared receiver under the same read lock, which does not exclude this write. This is a static synchronization hazard, not a runtime-reproduced race.
mysteriumnetwork/node	c45527af1ea80300ae3d9c92bd37255335b6140d	lockorder	core/discovery/discovery.go:97:4	lockorder/read-lock-write	true-positive	Discovery.Start writes receiver state while holding only mu.RLock. Other methods read that shared receiver under the same read lock, which does not exclude this write. This is a static synchronization hazard, not a runtime-reproduced race.
mysteriumnetwork/node	c45527af1ea80300ae3d9c92bd37255335b6140d	lockorder	core/discovery/discovery.go:98:4	lockorder/read-lock-write	true-positive	Discovery.Start writes receiver state while holding only mu.RLock. Other methods read that shared receiver under the same read lock, which does not exclude this write. This is a static synchronization hazard, not a runtime-reproduced race.
mysteriumnetwork/node	c45527af1ea80300ae3d9c92bd37255335b6140d	lockorder	services/wireguard/service/service.go:257:3	lockorder/missing-release	true-positive	Manager.Serve acquires startStopMu then returns on GetOutboundIP failure before Unlock, leaving Stop and subsequent lifecycle operations blocked on the held mutex.
mysteriumnetwork/node	c45527af1ea80300ae3d9c92bd37255335b6140d	lockorder	services/wireguard/service/service.go:263:3	lockorder/missing-release	true-positive	Manager.Serve returns on dnsProxy.Run failure while startStopMu is still held. Its normal-path Unlock is after this error branch and no defer releases the lock.
mysteriumnetwork/node	c45527af1ea80300ae3d9c92bd37255335b6140d	lockorder	session/pingpong/hermes_promise_settler.go:1285:3	lockorder/read-lock-write	true-positive	isSettling holds aps.lock.RLock but initializes a missing map and writes the updated value into aps.currentState. Concurrent readers can enter the same path; a read lock does not protect a map write.
mysteriumnetwork/node	c45527af1ea80300ae3d9c92bd37255335b6140d	producerlifecycle	core/port/reachability.go:88:5	producerlifecycle/abandoned-send	false-positive	The aggregator sends exactly once: its first successful probe sets success=true and emits nil; the final lastErr send executes only if success remains false. The caller unconditionally receives one aggregated result before returning. Mutually exclusive guarded sends are incorrectly counted as excess production.
mysteriumnetwork/node	c45527af1ea80300ae3d9c92bd37255335b6140d	producerlifecycle	core/port/reachability.go:92:4	producerlifecycle/abandoned-send	false-positive	The aggregator sends exactly once: its first successful probe sets success=true and emits nil; the final lastErr send executes only if success remains false. The caller unconditionally receives one aggregated result before returning. Mutually exclusive guarded sends are incorrectly counted as excess production.
mysteriumnetwork/node	c45527af1ea80300ae3d9c92bd37255335b6140d	producerlifecycle	tequilapi/endpoints/sse_handler_test.go:130:5	producerlifecycle/abandoned-send	false-positive	This isolated SSE handler produces exactly the initial state and two explicit ConsumeStateEvent messages, each matched by a results receive. It has no periodic messages; after the third receive the test cancels the HTTP context and the reader exits on ReadBytes error. Ignoring blank lines leaves no fourth send obligation.
mysteriumnetwork/node	c45527af1ea80300ae3d9c92bd37255335b6140d	resourcelifetime	ci/deb/tempate.go:43:15	resourcelifetime/missing-release	true-positive	TermsTemplateFile returns on non-OK HTTP status before registering resp.Body.Close, leaking that response on the status-error path.
mysteriumnetwork/node	c45527af1ea80300ae3d9c92bd37255335b6140d	resourcelifetime	config/config_test.go:89:15	resourcelifetime/missing-release	true-positive	NewTempFileName returns only the pathname from os.CreateTemp without closing the acquired file or retaining a cleanup handle.
mysteriumnetwork/node	c45527af1ea80300ae3d9c92bd37255335b6140d	resourcelifetime	config/urfavecli/clicontext/user.go:77:13	resourcelifetime/missing-release	true-positive	createFileIfNotExists discards the successful os.Create handle and returns without closing the configuration file.
mysteriumnetwork/node	c45527af1ea80300ae3d9c92bd37255335b6140d	resourcelifetime	core/location/generator/generator.go:68:18	resourcelifetime/missing-release	true-positive	The generator creates one db_part file per loop iteration and writes its template but never closes any of those files, including on successful generation.
mysteriumnetwork/node	c45527af1ea80300ae3d9c92bd37255335b6140d	resourcelifetime	core/location/generator/generator.go:76:18	resourcelifetime/missing-release	true-positive	The generated db_index.go file is created and written through the template but never closed before main returns.
mysteriumnetwork/node	c45527af1ea80300ae3d9c92bd37255335b6140d	resourcelifetime	core/storage/boltdb/boltdbtest/db.go:49:15	resourcelifetime/missing-release	true-positive	CreateTempFile returns only the temporary pathname and discards its open file handle. CleanupTempFile removes the pathname and CleanupDB closes a separate database handle, neither closes this original descriptor.
mysteriumnetwork/node	c45527af1ea80300ae3d9c92bd37255335b6140d	resourcelifetime	e2e/runner.go:264:12	resourcelifetime/missing-release	true-positive	seedHTTPMock discards the response returned by each successful HTTP PUT, so no body Close can run before the next iteration or function return.
mysteriumnetwork/node	c45527af1ea80300ae3d9c92bd37255335b6140d	resourcelifetime	e2e/ui_test.go:37:17	resourcelifetime/missing-release	true-positive	TestLANDiscoverySSDP fetches the discovered URL, checks status and returns without closing resp.Body.
mysteriumnetwork/node	c45527af1ea80300ae3d9c92bd37255335b6140d	resourcelifetime	e2e/ui_test.go:70:15	resourcelifetime/missing-release	true-positive	TestBuiltinUIAccessible executes the authenticated HTTP request and checks status but never closes the response body.
mysteriumnetwork/node	c45527af1ea80300ae3d9c92bd37255335b6140d	resourcelifetime	identity/resident_country_test.go:63:15	resourcelifetime/missing-release	true-positive	NewTempFileName returns file.Name from a successful CreateTemp without closing file or registering cleanup.
mysteriumnetwork/node	c45527af1ea80300ae3d9c92bd37255335b6140d	resourcelifetime	logconfig/collector_test.go:75:13	resourcelifetime/missing-release	true-positive	TestCollector_Archive creates the log file and only defers os.Remove of its pathname. Archive opens its own inputs; neither pathname removal nor archiving closes the original f1 descriptor.
mysteriumnetwork/node	c45527af1ea80300ae3d9c92bd37255335b6140d	resourcelifetime	logconfig/collector_test.go:98:15	resourcelifetime/missing-release	true-positive	NewTempFileName returns only the CreateTemp pathname, losing the open descriptor without Close.
mysteriumnetwork/node	c45527af1ea80300ae3d9c92bd37255335b6140d	resourcelifetime	metadata/terms_test.go:43:18	resourcelifetime/missing-release	true-positive	moduleVersion opens go.mod then scans it and returns either the matching version or not-found, with no Close on any successful acquisition path.
mysteriumnetwork/node	c45527af1ea80300ae3d9c92bd37255335b6140d	resourcelifetime	mobile/mysterium/config.go:59:13	resourcelifetime/missing-release	true-positive	The mobile createFileIfNotExists helper discards the os.Create file handle; successful configuration-file creation returns without closing it.
mysteriumnetwork/node	c45527af1ea80300ae3d9c92bd37255335b6140d	resourcelifetime	tequilapi/endpoints/validation_test.go:82:15	resourcelifetime/missing-release	true-positive	NewTempFileName creates a file and returns only its name; no close or registered cleanup releases the descriptor.
mysteriumnetwork/node	c45527af1ea80300ae3d9c92bd37255335b6140d	resourcelifetime	ui/versionmanager/version_downloader.go:129:18	resourcelifetime/missing-release	true-positive	Downloader.download creates outFile then passes it to a progress worker that only calls Stat. HTTP/copy failures and successful completion never close the output file; the worker does not own cleanup.
mysteriumnetwork/node	c45527af1ea80300ae3d9c92bd37255335b6140d	resourcelifetime	ui/versionmanager/version_manager.go:286:14	resourcelifetime/missing-release	true-positive	Archive extraction opens a regular file and returns on io.Copy failure before f.Close, leaking the output descriptor on that path.
nadoo/glider	38b34030bc0664b958f9226a51d9400258e5d852	goroutineownership	dns/server.go:45:2	goroutineownership/unjoined	false-positive	Server.Start gives both listeners the same local WaitGroup initialized to2, then unconditionally waits. TCP listener calls Done after binding: this is an explicitly documented readiness signal, and its promised signal is consumed; the listener remains the server's long-lived work, not abandoned completion.
nadoo/glider	38b34030bc0664b958f9226a51d9400258e5d852	goroutineownership	dns/server.go:46:2	goroutineownership/unjoined	false-positive	Server.Start waits the exact two-listener WaitGroup; UDP calls Done after ListenPacket before serving indefinitely. The local group is a joined startup barrier, not an unfulfilled worker completion obligation.
nanovms/ops	c7148e4d8bfbc441043fb7bd40bfc42b8c336037	deferinloop	crossbuild/env.go:90:3	deferinloop/cleanup-lifetime	true-positive	Install defers each targetFile.Close inside the archive-entry loop, retaining all extracted file descriptors until the entire archive completes instead of releasing each file after copying.
nanovms/ops	c7148e4d8bfbc441043fb7bd40bfc42b8c336037	deferinloop	provider/onprem/onprem_instance.go:537:3	deferinloop/cleanup-lifetime	true-positive	The instance enumeration loop opens each metadata file and defers Close until the outer function returns. Descriptor retention grows with the number of instances although each file is only needed for Fstat.
nanovms/ops	c7148e4d8bfbc441043fb7bd40bfc42b8c336037	goroutineownership	provider/aws/aws_image.go:301:3	goroutineownership/unjoined	true-positive	Snapshot block workers settle a WaitGroup that is normally waited after the file loop, but a non-EOF f.Read error returns before wg.Wait and channel shutdown. Already launched uploads can continue against shared result state while the result consumer also remains blocked.
nanovms/ops	c7148e4d8bfbc441043fb7bd40bfc42b8c336037	processownership	lepton/ldd_linux.go:104:9	processownership/missing-wait	true-positive	After cmd.Start succeeds, an io.ReadAll error or a missing-library result returns before cmd.Wait. Closing stdout does not reap the child on either error path.
nanovms/ops	c7148e4d8bfbc441043fb7bd40bfc42b8c336037	resourcelifetime	fs/reader.go:102:20	resourcelifetime/missing-release	true-positive	NewReader opens imageFile then returns nil,error on Stat or initial MBR Read failure without closing it. The Reader returned on later paths cannot own the file on those earlier construction failures.
nanovms/ops	c7148e4d8bfbc441043fb7bd40bfc42b8c336037	resourcelifetime	fs/reader.go:150:20	resourcelifetime/missing-release	true-positive	NewReaderBootFS returns nil,error on MBR Read failure, bad boot signature, or empty boot partition after opening imageFile, without closing it. Only the later successful Reader construction transfers the file.
nanovms/ops	c7148e4d8bfbc441043fb7bd40bfc42b8c336037	resourcelifetime	lepton/image.go:674:14	resourcelifetime/missing-release	true-positive	DownloadFile creates its temporary output before request construction and HTTP execution; errors in either stage return without closing out. The non-200 response path removes the pathname but also omits closing its descriptor.
nanovms/ops	c7148e4d8bfbc441043fb7bd40bfc42b8c336037	resourcelifetime	lepton/ldd_linux.go:18:13	resourcelifetime/missing-release	true-positive	GetElfFileInfo returns nil,error when elf.NewFile rejects the already opened fd and never closes that descriptor. Returning an elf.File on success does not cover the failed-parse path.
nanovms/ops	c7148e4d8bfbc441043fb7bd40bfc42b8c336037	resourcelifetime	lepton/login.go:41:15	resourcelifetime/missing-release	true-positive	ValidateAPIKey receives an HTTP response and returns decoded success, a forbidden error, or another error without ever closing resp.Body. Decoder and ReadAll calls do not themselves close it.
nanovms/ops	c7148e4d8bfbc441043fb7bd40bfc42b8c336037	resourcelifetime	lepton/metadata.go:60:15	resourcelifetime/missing-release	true-positive	The metadata request returns early for non-OK statuses or decoding errors and also returns success without closing resp.Body. The decoded Package contains no response owner.
nanovms/ops	c7148e4d8bfbc441043fb7bd40bfc42b8c336037	resourcelifetime	lepton/push.go:38:15	resourcelifetime/missing-release	true-positive	newfileUploadRequest opens the source file then returns on io.ReadAll or file.Stat failure before file.Close. The later in-memory multipart request cannot take ownership of that abandoned descriptor.
nanovms/ops	c7148e4d8bfbc441043fb7bd40bfc42b8c336037	resourcelifetime	lepton/search.go:23:19	resourcelifetime/missing-release	true-positive	SearchPackages decodes the HTTP body and returns either an error or PackageList without closing response.Body. The decoded list does not retain a cleanup handle.
nanovms/ops	c7148e4d8bfbc441043fb7bd40bfc42b8c336037	resourcelifetime	lepton/search.go:56:19	resourcelifetime/missing-release	true-positive	SearchPackagesWithArch returns decoded search data or a decode error without closing the successful response body.
nanovms/ops	c7148e4d8bfbc441043fb7bd40bfc42b8c336037	resourcelifetime	provider/hyperv/powershell.go:129:15	resourcelifetime/missing-release	true-positive	saveScript creates a temporary script file and returns immediately if Write fails, bypassing its later Close. Subsequent rename/path-conversion cleanup only applies after successful writing.
naughtygopher/goapp	035ee87826afa426189fadf48c8900c742d81166	resourcelifetime	lib/goapp/goapp.go:29:15	resourcelifetime/missing-release	true-positive	makeRequest reads response body and returns only bytes or error without closing Body on read/status error or success.
nextdns/nextdns	0214daf6a1da5e8ed6fcb06c89ca0b8d8b92bbdd	resourcelifetime	discovery/dhcp.go:120:12	resourcelifetime/missing-release	true-positive	readLeaseLocked opens the lease file but neither it nor the io.Reader parsing helpers close it; unknown format, parse failure and successful return leave the descriptor owned locally.
nextdns/nextdns	0214daf6a1da5e8ed6fcb06c89ca0b8d8b92bbdd	resourcelifetime	discovery/firewalla_linux.go:93:14	resourcelifetime/missing-release	true-positive	clientListLocked returns immediately on lfh.Write failure before reaching lfh.Close; the newly created temporary file descriptor has no deferred cleanup on that path.
nextdns/nextdns	0214daf6a1da5e8ed6fcb06c89ca0b8d8b92bbdd	resourcelifetime	host/dns_linux.go:156:12	resourcelifetime/missing-release	true-positive	systemdLeaseDNSGet opens the file and scans it into strings but never closes it; bufio.Scanner does not own or close its io.Reader.
nextdns/nextdns	0214daf6a1da5e8ed6fcb06c89ca0b8d8b92bbdd	resourcelifetime	router/internal/os-release.go:11:12	resourcelifetime/missing-release	true-positive	ReadOsRelease opens /etc/os-release and returns parsed strings or scanner error without closing the file; no owner is transferred and scanner exhaustion does not close files.
obot-platform/nanobot	f809ba0d358d402f19b8911782374d6f875a449d	evalorder	pkg/config/load.go:192:38	evalorder/operand-mutation	false-positive	toMap initializes result as a nonnil map, and json.Marshal of types.Config produces an object; Unmarshal reuses that map, so a copied map header still observes populated entries regardless of operand read timing.
obot-platform/nanobot	f809ba0d358d402f19b8911782374d6f875a449d	evalorder	pkg/config/load.go:230:44	evalorder/operand-mutation	true-positive	The return expression reads result struct while json.Unmarshal mutates it through &result; explicit decode before return is required to avoid operand ordering ambiguity/stale struct copy.
obot-platform/nanobot	f809ba0d358d402f19b8911782374d6f875a449d	evalorder	pkg/mcp/tokenstorage.go:75:33	evalorder/operand-mutation	true-positive	readFile returns initially nil map m alongside Unmarshal into &m, which must allocate and replace that map header; operand read before decode can return the stale nil map.
ossf/package-analysis	c5c45008da694036d701ba76fe9567fc8a5b9675	processownership	internal/sandbox/init.go:55:12	processownership/missing-wait	true-positive	loadIptablesRules starts iptables-restore then returns when io.Copy to its stdin fails, before cmd.Wait. Deferred stdin.Close and eventual context cancellation do not reap that child.
ossf/package-analysis	c5c45008da694036d701ba76fe9567fc8a5b9675	resourcelifetime	internal/pkgmanager/download.go:27:15	resourcelifetime/missing-release	true-positive	downloadToPath creates the output file then removes its pathname on downloadToFile error without closing its descriptor. The helper explicitly does not close the passed file, and the later Close is only on successful download.
qdm12/ddns-updater	7d6fd785f78317fc8bc53e6b245a1d33e43f3ad2	resourcelifetime	internal/healthchecksio/healthchecksio.go:53:19	resourcelifetime/missing-release	true-positive	Ping closes Body only after HTTP 200; a non-200 status returns directly from the switch without closing the successfully obtained response.
qdm12/ddns-updater	7d6fd785f78317fc8bc53e6b245a1d33e43f3ad2	resourcelifetime	internal/provider/providers/gcp/api.go:127:19	resourcelifetime/missing-release	true-positive	patchRRSet closes successful response but delegates error response to decodeError; error.go:71-73 returns on io.ReadAll failure before body.Close at 77, with no caller fallback.
qdm12/ddns-updater	7d6fd785f78317fc8bc53e6b245a1d33e43f3ad2	resourcelifetime	internal/provider/providers/gcp/api.go:38:19	resourcelifetime/missing-release	true-positive	getRRSet returns on JSON Decode error before Body.Close; error-status helper decodeError also returns on read failure before its own Close.
qdm12/ddns-updater	7d6fd785f78317fc8bc53e6b245a1d33e43f3ad2	resourcelifetime	internal/provider/providers/gcp/api.go:91:19	resourcelifetime/missing-release	true-positive	createRRSet closes successful response but delegates error response to decodeError; error.go:71-73 returns on io.ReadAll failure before body.Close at 77, with no caller fallback.
qdm12/ddns-updater	7d6fd785f78317fc8bc53e6b245a1d33e43f3ad2	resourcelifetime	internal/provider/providers/ovh/time.go:56:19	resourcelifetime/missing-release	true-positive	getOVHTime returns immediately on JSON decode error before response.Body.Close; successful acquisition therefore has a feasible unclosed error path.
qdm12/ddns-updater	7d6fd785f78317fc8bc53e6b245a1d33e43f3ad2	resourcelifetime	pkg/publicip/info/ip2location.go:35:19	resourcelifetime/missing-release	true-positive	ip2Location.get closes error-status responses but neither the HTTP 200 success path nor its JSON decode failure closes response.Body; only parsed fields are returned.
qdm12/ddns-updater	7d6fd785f78317fc8bc53e6b245a1d33e43f3ad2	resourcelifetime	pkg/publicip/info/ipinfo.go:35:19	resourcelifetime/missing-release	true-positive	ipinfo.get closes error-status responses but neither the HTTP 200 success path nor its JSON decode failure closes response.Body; only parsed fields are returned.
railwayapp/railpack	21a254ff630ae7b6f12f6742308d412037a97d38	goroutineownership	buildkit/build.go:156:2	goroutineownership/unjoined	true-positive	Progress worker ultimately sends on unbuffered progressDone, but subsequent fsutil.NewFS failure returns before its receive; status ch is not closed on that early path, so display/forwarding can remain blocked and no owner is transferred.
rcrowley/go-tigertonic	a26c5e8568b04ed34c7e9619aca180e5c1d54b8a	lockorder	server.go:113:4	lockorder/missing-release	true-positive	Server.Close returns on listener.Close error while holding s.mu, bypassing its later Unlock and leaving the server mutex held.
rcrowley/go-tigertonic	a26c5e8568b04ed34c7e9619aca180e5c1d54b8a	resourcelifetime	server_test.go:111:15	resourcelifetime/missing-release	false-positive	Exact local handler returns HTTP 204 NoContent and http.Get uses default client without timeout wrapper; response Body is http.NoBody with no resource to release, and test explicitly shuts down the server.
rcrowley/go-tigertonic	a26c5e8568b04ed34c7e9619aca180e5c1d54b8a	resourcelifetime	server_test.go:114:15	resourcelifetime/missing-release	false-positive	Exact local handler returns HTTP 204 NoContent and http.Get uses default client without timeout wrapper; response Body is http.NoBody with no resource to release, and test explicitly shuts down the server.
rcrowley/go-tigertonic	a26c5e8568b04ed34c7e9619aca180e5c1d54b8a	resourcelifetime	server_test.go:80:15	resourcelifetime/missing-release	false-positive	Exact local handler returns HTTP 204 NoContent and http.Get uses default client without timeout wrapper; response Body is http.NoBody with no resource to release, and test explicitly shuts down the server.
readytotouch/readytotouch	c5c59edb70b91e3ed71010e41e4679e9c4595a0d	goroutineownership	internal/oauth-providers/bitbucket/provider.go:50:3	goroutineownership/unjoined	true-positive	GetUser launches user request with deferred wg.Done, then returns on email-fetch or email-validation error before wg.Wait; outstanding request has no transferred owner or cancellation on those paths.
readytotouch/readytotouch	c5c59edb70b91e3ed71010e41e4679e9c4595a0d	goroutineownership	internal/oauth-providers/github/provider.go:51:3	goroutineownership/unjoined	true-positive	GetUser launches user request with deferred wg.Done, then returns on email-fetch or email-validation error before wg.Wait; outstanding request has no transferred owner or cancellation on those paths.
regclient/regclient	43d2acb9fafd411acbe081bf6c4b6b82cadc6251	concurrentcapture	cmd/regbot/root.go:169:7	concurrentcapture/shared-capture	true-positive	Parallel wg.Go workers test and assign shared mainErr without locking; final Wait does not serialize worker errors.
regclient/regclient	43d2acb9fafd411acbe081bf6c4b6b82cadc6251	resourcelifetime	cmd/regctl/blob.go:544:12	resourcelifetime/missing-release	true-positive	Blob extraction creates destination w then copies bytes without closing w; tr.Close and blob.Close close input readers, not output file.
regclient/regclient	43d2acb9fafd411acbe081bf6c4b6b82cadc6251	resourcelifetime	cmd/regctl/image.go:1503:12	resourcelifetime/missing-release	true-positive	runImageExport creates output file without deferred Close and can return on platform/reference/manifest errors; ImageExport takes io.Writer and closes only tar/gzip wrappers, not underlying output.
regclient/regclient	43d2acb9fafd411acbe081bf6c4b6b82cadc6251	resourcelifetime	cmd/regctl/image.go:725:16	resourcelifetime/missing-release	false-positive	Opened tar fh is captured in cobra.OnFinalize callback that calls fh.Close at730-732; its lifetime intentionally extends through later command execution.
regclient/regclient	43d2acb9fafd411acbe081bf6c4b6b82cadc6251	resourcelifetime	internal/conffile/conffile.go:136:14	resourcelifetime/missing-release	true-positive	File.Write returns on tmp.Stat failure before tmp.Close and before deferred pathname removal; successful creation has an unclosed stat-error path.
regclient/regclient	43d2acb9fafd411acbe081bf6c4b6b82cadc6251	resourcelifetime	pkg/archive/tar.go:102:14	resourcelifetime/missing-release	true-positive	Tar walk callback returns on io.Copy error before f.Close; no deferred input close covers failed output writes.
regclient/regclient	43d2acb9fafd411acbe081bf6c4b6b82cadc6251	resourcelifetime	scheme/ocidir/blob.go:132:18	resourcelifetime/missing-release	true-positive	BlobPut returns on tmpFile.Stat failure before explicit tmpFile.Close, with no deferred cleanup.
regclient/regclient	43d2acb9fafd411acbe081bf6c4b6b82cadc6251	resourcelifetime	scheme/ocidir/blob.go:54:13	resourcelifetime/missing-release	false-positive	BlobGet transfers fd through blob.WithReader into returned BReader; BReader.Close in types/blob/reader.go:100-109 calls Close on original reader. Stat error already closes fd.
regclient/regclient	43d2acb9fafd411acbe081bf6c4b6b82cadc6251	resourcelifetime	scheme/ocidir/manifest.go:280:18	resourcelifetime/missing-release	true-positive	ManifestPut returns on tmpFile.Stat failure before explicit tmpFile.Close, with no deferred cleanup.
regclient/regclient	43d2acb9fafd411acbe081bf6c4b6b82cadc6251	resourcelifetime	scheme/ocidir/ocidir.go:293:18	resourcelifetime/missing-release	true-positive	Index creation returns on tmpFile.Stat or index marshal error before explicit tmpFile.Close; deferred lfh.Close covers a different layout file.
regclient/regclient	43d2acb9fafd411acbe081bf6c4b6b82cadc6251	resourcelifetime	types/blob/blob_test.go:739:14	resourcelifetime/missing-release	true-positive	Bad-digest subtest wraps fh in NewTarReader but never closes the tar owner or fh; ReadFile reports digest error without closing original reader.
rootless-containers/rootlesskit	91055b8b1f415a4920f4e187c19b83cb056804b9	goroutineownership	pkg/child/child.go:471:3	goroutineownership/unjoined	true-positive	Child launches port driver then may return on createCmd failure before signaling portQuitCh or receiving portErrCh; no deferred cancellation/join covers that path.
rootless-containers/rootlesskit	91055b8b1f415a4920f4e187c19b83cb056804b9	goroutineownership	pkg/parent/parent.go:302:3	goroutineownership/unjoined	true-positive	Parent launches port driver then may return on PID-file write or API listener failure before signaling portDriverQuit/receiving portDriverErr; no deferred owner cleanup.
rootless-containers/rootlesskit	91055b8b1f415a4920f4e187c19b83cb056804b9	lockorder	pkg/port/gvisortapvsock/gvisortapvsock.go:196:3	lockorder/missing-release	true-positive	RunParentDriver locks d.mu then returns when servicesMux remains nil, bypassing Unlock and leaving lock held.
rootless-containers/rootlesskit	91055b8b1f415a4920f4e187c19b83cb056804b9	processownership	cmd/rootlesskit-docker-proxy/main.go:219:12	processownership/missing-wait	true-positive	Proxy starts subprocess then waits for interrupt and calls Process.Kill but never Cmd.Wait; killing does not reap or complete command cleanup.
rootless-containers/rootlesskit	91055b8b1f415a4920f4e187c19b83cb056804b9	processownership	pkg/parent/parent.go:215:12	processownership/missing-wait	true-positive	Parent starts child then can return on handshake Send/WaitFor or UID/GID mapping failure before cmd.Wait at350; no deferred wait covers these errors.
rootless-containers/rootlesskit	91055b8b1f415a4920f4e187c19b83cb056804b9	processownership	pkg/port/testsuite/testsuite.go:222:12	processownership/missing-wait	true-positive	Test starts nsenter/nc and defers Process.Kill only; it never calls Wait, so termination does not reap the started command.
rootless-containers/rootlesskit	91055b8b1f415a4920f4e187c19b83cb056804b9	producerlifecycle	pkg/child/child.go:571:6	producerlifecycle/abandoned-send	false-positive	reap reports status only when Wait4 returns the exact target PID; successful exit status can be reaped once, so loop SIGCHLD events do not create repeated target-result sends and the caller receives the sole result.
rootless-containers/rootlesskit	91055b8b1f415a4920f4e187c19b83cb056804b9	producerlifecycle	pkg/child/child.go:577:5	producerlifecycle/abandoned-send	false-positive	reap reports status only when Wait4 returns the exact target PID; unsuccessful exit status can be reaped once, so loop SIGCHLD events do not create repeated target-result sends and the caller receives the sole result.
rootless-containers/rootlesskit	91055b8b1f415a4920f4e187c19b83cb056804b9	resourcelifetime	pkg/network/vpnkit/vpnkit.go:240:16	resourcelifetime/missing-release	true-positive	setup opens vmnet then returns on UUID parse or ConnectVif error without closing it; these paths occur before transfer to network forwarding workers.
rootless-containers/rootlesskit	91055b8b1f415a4920f4e187c19b83cb056804b9	resourcelifetime	pkg/port/builtin/child/child.go:68:26	resourcelifetime/missing-release	true-positive	RunChildDriver opens childReadyPipeW then returns if ListenUnix fails before explicit pipe Close; no defer covers listener failure.
rootless-containers/rootlesskit	91055b8b1f415a4920f4e187c19b83cb056804b9	resourcelifetime	pkg/port/builtin/parent/parent.go:108:26	resourcelifetime/missing-release	true-positive	RunParentDriver opens childReadyPipeR then returns on io.ReadAll error before explicit Close; no deferred cleanup covers read failure.
rtr7/router7	eafc8bf6a1fb390306aedd8ab2e9700c13adfc42	resourcelifetime	cmd/dhcp4d/dhcp4d_test.go:101:14	resourcelifetime/missing-release	true-positive	The second HTTP lease request checks status/headers then shuts down the server without closing the client response body. Server cancellation does not discharge response ownership.
rtr7/router7	eafc8bf6a1fb390306aedd8ab2e9700c13adfc42	resourcelifetime	internal/testing/pcapreplayer/pcapreplayer.go:32:12	resourcelifetime/missing-release	true-positive	pcapopen opens the input but returns immediately if NewReader or output setup fails without closing it; pcap reader and packetConn wrappers also expose no underlying file cleanup contract.
rtr7/router7	eafc8bf6a1fb390306aedd8ab2e9700c13adfc42	resourcelifetime	internal/testing/pcapreplayer/pcapreplayer.go:46:14	resourcelifetime/missing-release	true-positive	pcapopen creates the output file and returns on WriteFileHeader error without closing it. pcap.Writer is only an io.Writer wrapper, and the returned packetConn.Close is a no-op rather than file cleanup.
rusq/slackdump	f7319928b0993b23d7e9bd8af5e4c69b6f1d2af4	resourcelifetime	cmd/slackdump/internal/diag/encrypt.go:214:14	resourcelifetime/missing-release	true-positive	parseArgs opens the input before checking len(args)>=3; that late invalid-argument return drops both stream results without closing the opened input. The output-create failure cleanup does not cover it.
rusq/slackdump	f7319928b0993b23d7e9bd8af5e4c69b6f1d2af4	resourcelifetime	cmd/slackdump/internal/diag/encrypt.go:228:15	resourcelifetime/missing-release	true-positive	parseArgs creates the output and subsequently rejects three or more arguments with nil stream results and no output Close; ordinary success transfers ownership but this later error path does not.
rusq/slackdump	f7319928b0993b23d7e9bd8af5e4c69b6f1d2af4	resourcelifetime	cmd/slackdump/internal/diag/updater/github/github.go:186:15	resourcelifetime/missing-release	true-positive	Client.do returns nil,error for any non-200 HTTP response without closing its body. logRateLimitInfo reads headers only; successful 200 transfer does not cover rejected responses.
rusq/slackdump	f7319928b0993b23d7e9bd8af5e4c69b6f1d2af4	resourcelifetime	cmd/slackdump/internal/format/format.go:131:13	resourcelifetime/missing-release	true-positive	JSON input branch opens f and calls formatJSONfile, which consumes an io.ReadSeeker only to detect/read records and never closes it; both formatting failures and success return without releasing f.
rusq/slackdump	f7319928b0993b23d7e9bd8af5e4c69b6f1d2af4	resourcelifetime	internal/chunk/filemgr_test.go:163:16	resourcelifetime/missing-release	false-positive	Table test defers got.Close whenever Open succeeds as expected; the sole wantErr entry refers to notfound.gz inside a fresh TempDir where only hello.gz/world.gz were created. The reported mismatch-return leak requires a successful acquisition for that deliberately missing file.
rusq/slackdump	f7319928b0993b23d7e9bd8af5e4c69b6f1d2af4	resourcelifetime	internal/chunk/filemgr_test.go:300:16	resourcelifetime/missing-release	false-positive	filemgr.Open retains the exact handle in dp.handles; the test intentionally discards the wrapper then calls dp.Destroy, which closes every retained handle. Ownership stays with the manager rather than leaking at the ignored result.
rusq/slackdump	f7319928b0993b23d7e9bd8af5e4c69b6f1d2af4	resourcelifetime	internal/chunk/filemgr_test.go:304:16	resourcelifetime/missing-release	false-positive	The second Open handle is also stored in dp.handles and closed by the following dp.Destroy loop. The test verifies centralized cleanup rather than caller Close on each returned wrapper.
rusq/slackdump	f7319928b0993b23d7e9bd8af5e4c69b6f1d2af4	resourcelifetime	internal/chunk/filemgr_test.go:346:16	resourcelifetime/missing-release	false-positive	Open stores the real handle under hash(name). The injected failing closer uses a different key hello; Destroy continues after its error and still closes the real retained handle, then returns an aggregate error as expected.
rusq/slackdump	f7319928b0993b23d7e9bd8af5e4c69b6f1d2af4	resourcelifetime	internal/convert/filecopy_test.go:92:21	resourcelifetime/missing-release	false-positive	The temporary file is installed as a gomock Create return value; the test invokes avatarcopywrapper.copyAvatar, whose successful Create path immediately defers dst.Close. This is an opaque mock handoff with actual consumer cleanup, not a dropped local file.
sa7mon/S3Scanner	64a00e2f76688d9d59ce3788bde3a5ffc1f74fc8	concurrentcapture	cmd/regioncheck/regioncheck.go:43:19	concurrentcapture/shared-capture	true-positive	Five provider goroutines write shared errors map without synchronization; distinct map keys do not make concurrent Go map writes safe, and final Wait only joins them.
sa7mon/S3Scanner	64a00e2f76688d9d59ce3788bde3a5ffc1f74fc8	concurrentcapture	cmd/regioncheck/regioncheck.go:43:4	concurrentcapture/shared-capture	true-positive	Five provider goroutines write shared results map without synchronization; distinct map keys do not make concurrent Go map writes safe, and final Wait only joins them.
sensepost/gowitness	a23603df73b5722f4e808fa6b02ae08e4b5d8029	resourcelifetime	pkg/writers/csv.go:30:15	resourcelifetime/missing-release	true-positive	NewCsvWriter opens a header file at 30 but only defers csv.Writer.Flush at 36; Flush does not close the underlying file, and the returned CsvWriter retains only paths, not the descriptor. Both header-write error and success leak it.
showwin/speedtest-go	ca28553946257f405628685afe75c550747f195d	concurrentcapture	example/packet_loss/main.go:39:4	concurrentcapture/shared-capture	true-positive	Parallel server workers assign and read outer err without synchronization; final wg.Wait does not prevent worker-to-worker races.
slackhq/go-audit	4739171bc7d5dea93f863c361eec2ce30b5daa5e	resourcelifetime	audit.go:213:12	resourcelifetime/missing-release	true-positive	createFileOutput opens the file before Chmod, user/group lookup, ID parsing and Chown. Each subsequent error returns nil,error without closing f; only the successful final NewAuditWriter transfers the file.
slok/sloth	8a3be4fab79defa4448d09d91b48422615980b05	deferinloop	cmd/sloth/commands/generate.go:182:4	deferinloop/cleanup-lifetime	true-positive	Each input file is fully read into slxData and only its parsed strings are retained; deferred input Close accumulates descriptors over all discovered paths even though each input lifetime ends within its iteration.
slok/sloth	8a3be4fab79defa4448d09d91b48422615980b05	deferinloop	cmd/sloth/commands/generate.go:204:4	deferinloop/cleanup-lifetime	false-positive	Output files are intentionally retained in genTargets.Out at 209-212 and written by the later generation loop at 241-262; closing per discovery iteration would break use, so function-scoped deferred Close matches their actual lifetime.
slok/sloth	8a3be4fab79defa4448d09d91b48422615980b05	resourcelifetime	cmd/sloth/commands/generate.go:137:20	resourcelifetime/missing-release	true-positive	Single-file branch creates outFile but mistakenly defers f.Close again at141, closing the input twice instead of output; later storeSLOs writes without closing output, and function returns no owner.
smallstep/cli	b33bd263c77d8fbc01fdd003555e084c6c0e4444	processownership	command/ca/acme/eab/list.go:146:14	processownership/missing-wait	true-positive	After pager Start succeeds at 146, output failure at 158-159 or a later pagination request failure at 138-139 returns without the Wait at 172; deferred stdin Close does not reap the process.
smallstep/cli	b33bd263c77d8fbc01fdd003555e084c6c0e4444	producerlifecycle	internal/sshutil/shell.go:317:3	producerlifecycle/abandoned-send	true-positive	handleConn launches two goroutines that each send once on unbuffered chDone (317 and 326), but receives only once at 329 and returns; if the opposite direction finishes first, this sender blocks permanently when its copy finishes.
smallstep/cli	b33bd263c77d8fbc01fdd003555e084c6c0e4444	producerlifecycle	internal/sshutil/shell.go:326:3	producerlifecycle/abandoned-send	true-positive	handleConn launches two goroutines that each send once on unbuffered chDone (317 and 326), but receives only once at 329 and returns; if the opposite direction finishes first, this sender blocks permanently when its copy finishes.
smallstep/cli	b33bd263c77d8fbc01fdd003555e084c6c0e4444	resourcelifetime	command/crypto/hash/hash.go:300:12	resourcelifetime/missing-release	true-positive	hashFile opens the file at 300, passes it only as io.Copy's reader at 305, then returns on error or success at 306/309 without Close or transfer; io.Copy does not close its reader.
smallstep/cli	b33bd263c77d8fbc01fdd003555e084c6c0e4444	resourcelifetime	internal/sshutil/pipe.go:41:15	resourcelifetime/missing-release	true-positive	readWindowsPipeNameFrom opens configFile at 41 and only passes the file to bufio.Scanner at 43; EOF, matching-line break, and scan-error paths all return at 53 without Close, and Scanner does not own or close the file.
sqldef/sqldef	f1e3a54c008cdd051acf26d65c152a343f76236a	resourcelifetime	database/mssql/database.go:486:15	resourcelifetime/missing-release	true-positive	The first rows.Scan can fail and return before defer rows.Close is registered inside the loop. Later successful iterations and implicit close at full exhaustion do not cover that early first-row failure.
stefanprodan/timoni	46da1d7a986e9e85490f9d3a74fa70c4fe03c434	resourcelifetime	internal/dyff/dyff_test.go:30:19	resourcelifetime/missing-release	true-positive	TestDiffYAML creates liveFile and defers only os.Remove of its name; WriteFile and DiffYAML use pathname, never the original handle, which remains unclosed.
stefanprodan/timoni	46da1d7a986e9e85490f9d3a74fa70c4fe03c434	resourcelifetime	internal/dyff/dyff_test.go:34:21	resourcelifetime/missing-release	true-positive	TestDiffYAML creates mergedFile and defers only os.Remove of its name; WriteFile and DiffYAML use pathname, never the original handle, which remains unclosed.
stern/stern	96b3c3a15a46e42080ec8413d9f4a636d765709d	concurrentcapture	stern/list.go:64:5	concurrentcapture/shared-capture	true-positive	List launches a goroutine per namespace and each writes shared labels map at 64 without a mutex; the final Wait only joins workers and does not serialize concurrent map writes when multiple namespaces contain matching pods.
submariner-io/submariner	4435916ca632810133426890fffda3e9f3bc3f8b	resourcelifetime	pkg/cable/libreswan/certificate_handler.go:111:18	resourcelifetime/missing-release	true-positive	loadPrivateKey creates a temporary file then returns on PKCS12 encode failure or file Write failure before explicit Close; deferred os.Remove unlinks the path but does not close the descriptor.
submariner-io/submariner	4435916ca632810133426890fffda3e9f3bc3f8b	resourcelifetime	pkg/cable/libreswan/libreswan_test.go:746:15	resourcelifetime/missing-release	true-positive	The delayed goroutine discards the file returned by os.Create; the previously closed t.plutoCtlFile is a different descriptor, so test cleanup cannot close this newly created handle.
tailscale/golink	3f9300f2b03f29f1a2eb704ff419d849f47aabf4	resourcelifetime	db.go:177:15	resourcelifetime/missing-release	true-positive	LoadStats returns early on rows.Scan error without closing Rows; normal Next exhaustion closes them but does not cover the early scan-error path, and only parsed values are returned.
tailscale/golink	3f9300f2b03f29f1a2eb704ff419d849f47aabf4	resourcelifetime	db.go:235:15	resourcelifetime/missing-release	true-positive	GetLinksByOwner returns early on rows.Scan error without closing Rows; normal Next exhaustion closes them but does not cover the early scan-error path, and only parsed values are returned.
tailscale/golink	3f9300f2b03f29f1a2eb704ff419d849f47aabf4	resourcelifetime	db.go:83:15	resourcelifetime/missing-release	true-positive	LoadAll returns early on rows.Scan error without closing Rows; normal Next exhaustion closes them but does not cover the early scan-error path, and only parsed values are returned.
tair-opensource/RedisShake	014e2f493583d24d2a37166d360bad21fc2a2422	resourcelifetime	internal/log/init.go:54:21	resourcelifetime/missing-release	false-positive	Init passes the opened file through zerolog.MultiLevelWriter and zerolog.New into the package-global logger, which retains it for later writes. This is an escaping logging sink rather than a function-local cleanup obligation; closing it at Init return would break logging.
tamnd/kage	5b9e8207406b9044f7dc1564c78196ba139e3a68	resourcelifetime	dataset/dataset.go:96:12	resourcelifetime/missing-release	true-positive	ZIMToParquet closes f only in the final success return. EntryAt failure, batch flush failure, parquet writer Close failure or buffer Flush failure return earlier without file cleanup.
tenox7/wrp	549d32490e7742c596b77c2a31ebb300446310ec	resourcelifetime	shtml.go:108:13	resourcelifetime/missing-release	true-positive	fetchImage returns on non-200 response before registering deferred Body.Close; successful HTTP acquisition leaves error response unclosed.
thomiceli/opengist	5afef9ac76d2d69ba11a888bb7a095b1d14e7c9d	processownership	internal/git/commands.go:206:11	processownership/missing-wait	true-positive	After catFileCmd.Start, failures writing stdin, reading the batch header or parsing its size return without calling Wait. The later normal cleanup cannot cover those loop error paths.
thomiceli/opengist	5afef9ac76d2d69ba11a888bb7a095b1d14e7c9d	resourcelifetime	internal/config/config.go:331:16	resourcelifetime/missing-release	true-positive	loadConfigFromYaml returns on decoder.Decode error before registering defer file.Close; a readable but malformed YAML file leaks its descriptor.
thomiceli/opengist	5afef9ac76d2d69ba11a888bb7a095b1d14e7c9d	resourcelifetime	internal/git/commands.go:673:24	resourcelifetime/missing-release	true-positive	createDotGitHookFile returns on WriteString error before registering defer preReceiveDst.Close, leaving the successfully opened hook file unreleased.
tractordev/wanix	6594fe3763eb8712e81914f78b79243bb403f5cc	inlineerror	fs/copy.go:157:35	inlineerror/mismatched-condition	true-positive	io.Copy binds fresh error e but condition tests named outer err; copy failures can be silently ignored because the wrong error variable controls the branch.
tractordev/wanix	6594fe3763eb8712e81914f78b79243bb403f5cc	lockorder	vm/vm.go:115:4	lockorder/missing-release	true-positive	Open locks r.mu then returns on r.vfs.Bind failure before r.mu.Unlock; no deferred unlock covers this error.
tractordev/wanix	6594fe3763eb8712e81914f78b79243bb403f5cc	resourcelifetime	rc/gzip/pkggzip/file.go:121:15	resourcelifetime/missing-release	false-positive	Output file is created only when Test and Stdout are false; unchanged Stdout therefore makes both compression-error branches call o.Close and success return o.Close. The stdout-only return cannot follow this acquisition.
trzsz/trzsz-ssh	d5284bf23158bdec076087bf9f41e034d70e741c	processownership	tssh/main.go:74:13	processownership/missing-wait	false-positive	The !monitor branch intentionally launches the background replacement process and reports parent=true; TsshMain immediately returns0, letting the CLI parent exit. The monitor branch waits because it restarts exited children. Treating the deliberate parent-exit handoff as a missed monitor wait conflates two lifecycles.
trzsz/trzsz-ssh	d5284bf23158bdec076087bf9f41e034d70e741c	processownership	tssh/waypipe.go:123:12	processownership/missing-wait	true-positive	Waypipe starts a subprocess, launches a stderr scanner and registers only Process.Signal(SIGINT) for exit. Neither scanner completion nor signaling reaps the process; no Wait is arranged if it exits during the session.
umputun/ralphex	a736d5ede42fe0deae16e7b28cdae1ee912be6d0	resourcelifetime	pkg/web/dashboard.go:112:18	resourcelifetime/missing-release	true-positive	After NewWatcher acquires fsnotify state, server construction or startup failure returns without watcher.Close. The later watcher.Start goroutine owns normal context-driven closure only after startup succeeds, so it cannot release this pre-launch failure path.
umputun/ralphex	a736d5ede42fe0deae16e7b28cdae1ee912be6d0	resourcelifetime	pkg/web/dashboard.go:183:18	resourcelifetime/missing-release	true-positive	After NewWatcher acquires fsnotify state, server construction or startup failure returns without watcher.Close. The later watcher.Start goroutine owns normal context-driven closure only after startup succeeds, so it cannot release this pre-launch failure path.
umputun/reproxy	95539db2008b219588ad8f15ab6da51bc63e09cb	resourcelifetime	app/plugin/conductor_test.go:109:16	resourcelifetime/missing-release	inconclusive	Successful registration/unregistration handler writes no response bytes, so response is empty; client Timeout is one second. Missing Close is syntactic, but whether timer-wrapped empty body creates meaningful outstanding resources is not established by source-only review.
umputun/reproxy	95539db2008b219588ad8f15ab6da51bc63e09cb	resourcelifetime	app/plugin/conductor_test.go:124:16	resourcelifetime/missing-release	true-positive	Registration test obtains body-bearing http.Error response (malformed payload, unsupported method, or RPC failure), checks status only, and never reads/closes Body; test server Close does not own client response cleanup.
umputun/reproxy	95539db2008b219588ad8f15ab6da51bc63e09cb	resourcelifetime	app/plugin/conductor_test.go:135:16	resourcelifetime/missing-release	true-positive	Registration test obtains body-bearing http.Error response (malformed payload, unsupported method, or RPC failure), checks status only, and never reads/closes Body; test server Close does not own client response cleanup.
umputun/reproxy	95539db2008b219588ad8f15ab6da51bc63e09cb	resourcelifetime	app/plugin/conductor_test.go:146:16	resourcelifetime/missing-release	inconclusive	Successful registration/unregistration handler writes no response bytes, so response is empty; client Timeout is one second. Missing Close is syntactic, but whether timer-wrapped empty body creates meaningful outstanding resources is not established by source-only review.
umputun/reproxy	95539db2008b219588ad8f15ab6da51bc63e09cb	resourcelifetime	app/plugin/conductor_test.go:162:16	resourcelifetime/missing-release	true-positive	Registration test obtains body-bearing http.Error response (malformed payload, unsupported method, or RPC failure), checks status only, and never reads/closes Body; test server Close does not own client response cleanup.
umputun/reproxy	95539db2008b219588ad8f15ab6da51bc63e09cb	resourcelifetime	app/plugin/conductor_test.go:187:15	resourcelifetime/missing-release	true-positive	Registration test obtains body-bearing http.Error response (malformed payload, unsupported method, or RPC failure), checks status only, and never reads/closes Body; test server Close does not own client response cleanup.
umputun/reproxy	95539db2008b219588ad8f15ab6da51bc63e09cb	resourcelifetime	app/plugin/conductor_test.go:259:15	resourcelifetime/missing-release	inconclusive	Successful registration/unregistration handler writes no response bytes, so response is empty; client Timeout is one second. Missing Close is syntactic, but whether timer-wrapped empty body creates meaningful outstanding resources is not established by source-only review.
umputun/reproxy	95539db2008b219588ad8f15ab6da51bc63e09cb	resourcelifetime	app/plugin/conductor_test.go:340:15	resourcelifetime/missing-release	inconclusive	Successful registration/unregistration handler writes no response bytes, so response is empty; client Timeout is one second. Missing Close is syntactic, but whether timer-wrapped empty body creates meaningful outstanding resources is not established by source-only review.
umputun/reproxy	95539db2008b219588ad8f15ab6da51bc63e09cb	resourcelifetime	app/plugin/conductor_test.go:407:15	resourcelifetime/missing-release	inconclusive	Successful registration/unregistration handler writes no response bytes, so response is empty; client Timeout is one second. Missing Close is syntactic, but whether timer-wrapped empty body creates meaningful outstanding resources is not established by source-only review.
umputun/reproxy	95539db2008b219588ad8f15ab6da51bc63e09cb	resourcelifetime	app/plugin/conductor_test.go:50:16	resourcelifetime/missing-release	inconclusive	Successful registration/unregistration handler writes no response bytes, so response is empty; client Timeout is one second. Missing Close is syntactic, but whether timer-wrapped empty body creates meaningful outstanding resources is not established by source-only review.
umputun/reproxy	95539db2008b219588ad8f15ab6da51bc63e09cb	resourcelifetime	app/plugin/conductor_test.go:73:16	resourcelifetime/missing-release	inconclusive	Successful registration/unregistration handler writes no response bytes, so response is empty; client Timeout is one second. Missing Close is syntactic, but whether timer-wrapped empty body creates meaningful outstanding resources is not established by source-only review.
umputun/reproxy	95539db2008b219588ad8f15ab6da51bc63e09cb	resourcelifetime	app/plugin/conductor_test.go:87:16	resourcelifetime/missing-release	inconclusive	Successful registration/unregistration handler writes no response bytes, so response is empty; client Timeout is one second. Missing Close is syntactic, but whether timer-wrapped empty body creates meaningful outstanding resources is not established by source-only review.
wabarc/wayback	7807f929db750c436293295698482243f3cd6ff0	concurrentcapture	reduxer/reduxer.go:187:4	concurrentcapture/shared-capture	true-positive	Each errgroup worker assigns outer ctx = context.WithValue(ctx,...) without synchronization, racing with other workers reading and writing ctx.
wabarc/wayback	7807f929db750c436293295698482243f3cd6ff0	concurrentcapture	reduxer/reduxer.go:217:9	concurrentcapture/shared-capture	true-positive	Errgroup workers assign outer err for os.ReadFile and several later operations without synchronization; parallel URLs cause worker-to-worker races despite final g.Wait.
wabarc/wayback	7807f929db750c436293295698482243f3cd6ff0	concurrentcapture	service/service.go:61:5	concurrentcapture/shared-capture	true-positive	Serve launches service goroutines which read/write named result errs without synchronization while the parent returns it and other service workers may also update it.
wabarc/wayback	7807f929db750c436293295698482243f3cd6ff0	resourcelifetime	config/parser.go:40:14	resourcelifetime/missing-release	true-positive	ParseFile probes default paths with os.Open and discards the successful handle; later fp is a second open whose defer does not close the probe.
wabarc/wayback	7807f929db750c436293295698482243f3cd6ff0	resourcelifetime	service/utils.go:146:12	resourcelifetime/missing-release	true-positive	UploadToSlack opens rd and never closes it on success or error. Pinned slack v0.27.0 UploadFileContext returns immediately when FileSize is zero (files.go:548-550), as it is here, before consuming or retaining the provided Reader.
wormi4ok/evernote2md	c233e27a70879fef7d0b80c5ebbf0570b2c1a31f	resourcelifetime	encoding/enex/enex_test.go:134:22	resourcelifetime/missing-release	true-positive	The test opens an ENEX fixture and passes it to NewStreamDecoder, which only consumes io.Reader and has no Close operation. The test never closes the file on its normal path or registers cleanup.
wormi4ok/evernote2md	c233e27a70879fef7d0b80c5ebbf0570b2c1a31f	resourcelifetime	encoding/enex/enex_test.go:157:22	resourcelifetime/missing-release	true-positive	The test opens an ENEX fixture and passes it to NewStreamDecoder, which only consumes io.Reader and has no Close operation. The test never closes the file on its normal path or registers cleanup.
wormi4ok/evernote2md	c233e27a70879fef7d0b80c5ebbf0570b2c1a31f	resourcelifetime	encoding/enex/enex_test.go:174:22	resourcelifetime/missing-release	true-positive	The test opens an ENEX fixture and passes it to NewStreamDecoder, which only consumes io.Reader and has no Close operation. The test never closes the file on its normal path or registers cleanup.
wormi4ok/evernote2md	c233e27a70879fef7d0b80c5ebbf0570b2c1a31f	resourcelifetime	file/os_test.go:16:15	resourcelifetime/missing-release	true-positive	TestChangeFileTimes discards the os.Create handle. The temporary directory cleanup removes paths, and changing timestamps does not close this descriptor.
wormi4ok/evernote2md	c233e27a70879fef7d0b80c5ebbf0570b2c1a31f	resourcelifetime	main.go:94:14	resourcelifetime/missing-release	true-positive	run opens an input file, then continues the file loop when NewStreamDecoder fails. That continue skips fd.Close at the loop tail; malformed ENEX inputs leak their files.
wormi4ok/evernote2md	c233e27a70879fef7d0b80c5ebbf0570b2c1a31f	resourcelifetime	main_test.go:128:15	resourcelifetime/missing-release	true-positive	wantFile creates a test fixture and returns only its pathname, discarding the still-open os.File without Close or cleanup.
x-motemen/ghq	2474201bccd2cd8c206127630d49b8ce2044dddf	concurrentcapture	cmd_get.go:79:14	concurrentcapture/shared-capture	true-positive	Parallel errgroup workers assign outer err at 79 without synchronization; capacity-six sem permits concurrent worker writes and parent scr.Err assignment at 100 precedes eg.Wait, so waiting later does not prevent the race.
x-motemen/ghq	2474201bccd2cd8c206127630d49b8ce2044dddf	concurrentcapture	cmd_get.go:79:5	concurrentcapture/shared-capture	true-positive	Parallel errgroup workers assign outer getInfo at 79 without synchronization; capacity-six sem permits several simultaneous workers, so eg.Wait before later reads does not prevent worker-to-worker writes racing.
zegl/kube-score	06dedc9ccce58bff50a4f42a3ce0633dc72b0dfa	resourcelifetime	parser/parse_test.go:31:14	resourcelifetime/missing-release	true-positive	TestParse opens each fixture and passes it as domain.NamedReader to ParseFiles, but never closes it; NamedReader exposes only Read and Name, and parsing does not own descriptor cleanup.
zema1/suo5	6904c18e276c2dc36250838d68135a5893c4f66b	resourcelifetime	suo5/client.go:249:15	resourcelifetime/missing-release	false-positive	Reported normalClient.Do is in else branch excluding AutoDuplex and FullDuplex; the only later bypass of deferred Body.Close is RetryApache guarded Mode==AutoDuplex, impossible for this response without an intervening mode change. Other paths defer Close.
