# repository	revision	analyzer	position	checks	verdict	reason
0x2142/frigate-notify	b06dafb855e3d5569ef436d9b3b239a7f9015a47	resourcelifetime	util/frigate.go:82:19	resourcelifetime/missing-release	true-positive	Authentication client.Do successfully returns response, but 401 branch returns immediately and 200/other branches return after cookie/status handling without response.Body.Close anywhere (frigate.go:82-101). Scan incomplete elsewhere.
AnimeAIChat/xiaozhi-server-go	0b1575cb5d43035bdf53063ad644131130e4768b	goroutineownership	src/core/mcp/manager.go:449:4	goroutineownership/unjoined	true-positive	CleanupAll starts client.Stop in a goroutine and only receives done on success; 20-second timeout branch returns without joining a Stop that may remain blocked, then removes client from registry (manager.go:442-465).
AnimeAIChat/xiaozhi-server-go	0b1575cb5d43035bdf53063ad644131130e4768b	resourcelifetime	src/core/utils/audio.go:227:14	resourcelifetime/missing-release	true-positive	SaveAudioToWavFile opens a second os.File at line 227, overwriting file after a defer bound to the first handle at 188 or 218; the second successful handle is never closed before returns at 230-245 (audio.go:182-245).
BBVA/kapow	3cef9f0cd25ab41f683a883d3ae2ce042e162d59	goroutineownership	internal/server/data/decorator_test.go:108:3	goroutineownership/unjoined	true-positive	Test has only one nonblocking select receive, then returns; scheduling may choose default before worker sends after lock release, leaving worker blocked forever on unbuffered result channel. (internal/server/data/decorator_test.go:108).
BBVA/kapow	3cef9f0cd25ab41f683a883d3ae2ce042e162d59	goroutineownership	internal/server/data/decorator_test.go:60:2	goroutineownership/unjoined	true-positive	Test holds writer mutex through only nonblocking select receive; deferred unlock at test return lets worker then reach unbuffered result send after receiver is gone, blocking indefinitely. (internal/server/data/decorator_test.go:60).
BBVA/kapow	3cef9f0cd25ab41f683a883d3ae2ce042e162d59	goroutineownership	internal/server/data/decorator_test.go:84:2	goroutineownership/unjoined	true-positive	Test has only one nonblocking select receive, then returns; scheduling may choose default before worker sends after lock release, leaving worker blocked forever on unbuffered result channel. (internal/server/data/decorator_test.go:84).
BBVA/kapow	3cef9f0cd25ab41f683a883d3ae2ce042e162d59	goroutineownership	internal/server/data/state_test.go:159:2	goroutineownership/unjoined	true-positive	Test holds writer mutex through only nonblocking select receive; deferred unlock at test return lets worker then reach unbuffered result send after receiver is gone, blocking indefinitely. (internal/server/data/state_test.go:159).
BBVA/kapow	3cef9f0cd25ab41f683a883d3ae2ce042e162d59	goroutineownership	internal/server/data/state_test.go:178:2	goroutineownership/unjoined	true-positive	Test has only one nonblocking select receive, then returns; scheduling may choose default before worker sends after lock release, leaving worker blocked forever on unbuffered result channel. (internal/server/data/state_test.go:178).
BBVA/kapow	3cef9f0cd25ab41f683a883d3ae2ce042e162d59	goroutineownership	internal/server/data/state_test.go:216:2	goroutineownership/unjoined	true-positive	Test holds writer mutex through only nonblocking select receive; deferred unlock at test return lets worker then reach unbuffered result send after receiver is gone, blocking indefinitely. (internal/server/data/state_test.go:216).
BBVA/kapow	3cef9f0cd25ab41f683a883d3ae2ce042e162d59	goroutineownership	internal/server/data/state_test.go:235:2	goroutineownership/unjoined	true-positive	Test has only one nonblocking select receive, then returns; scheduling may choose default before worker sends after lock release, leaving worker blocked forever on unbuffered result channel. (internal/server/data/state_test.go:235).
BBVA/kapow	3cef9f0cd25ab41f683a883d3ae2ce042e162d59	goroutineownership	internal/server/user/mux/mux_test.go:133:2	goroutineownership/unjoined	true-positive	Test holds writer mutex through only nonblocking select receive; deferred unlock at test return lets worker then reach unbuffered result send after receiver is gone, blocking indefinitely. (internal/server/user/mux/mux_test.go:133).
BBVA/kapow	3cef9f0cd25ab41f683a883d3ae2ce042e162d59	goroutineownership	internal/server/user/mux/mux_test.go:151:2	goroutineownership/unjoined	true-positive	Test holds writer mutex through only nonblocking select receive; deferred unlock at test return lets worker then reach unbuffered result send after receiver is gone, blocking indefinitely. (internal/server/user/mux/mux_test.go:151).
BBVA/kapow	3cef9f0cd25ab41f683a883d3ae2ce042e162d59	goroutineownership	internal/server/user/mux/mux_test.go:72:2	goroutineownership/unjoined	true-positive	Test holds writer mutex through only nonblocking select receive; deferred unlock at test return lets worker then reach unbuffered result send after receiver is gone, blocking indefinitely. (internal/server/user/mux/mux_test.go:72).
BBVA/kapow	3cef9f0cd25ab41f683a883d3ae2ce042e162d59	goroutineownership	internal/server/user/mux/mux_test.go:90:2	goroutineownership/unjoined	true-positive	Test has only one nonblocking select receive, then returns; scheduling may choose default before worker sends after lock release, leaving worker blocked forever on unbuffered result channel. (internal/server/user/mux/mux_test.go:90).
BBVA/kapow	3cef9f0cd25ab41f683a883d3ae2ce042e162d59	goroutineownership	internal/server/user/state_test.go:136:2	goroutineownership/unjoined	true-positive	Test holds writer mutex through only nonblocking select receive; deferred unlock at test return lets worker then reach unbuffered result send after receiver is gone, blocking indefinitely. (internal/server/user/state_test.go:136).
BBVA/kapow	3cef9f0cd25ab41f683a883d3ae2ce042e162d59	goroutineownership	internal/server/user/state_test.go:155:2	goroutineownership/unjoined	true-positive	Test has only one nonblocking select receive, then returns; scheduling may choose default before worker sends after lock release, leaving worker blocked forever on unbuffered result channel. (internal/server/user/state_test.go:155).
BBVA/kapow	3cef9f0cd25ab41f683a883d3ae2ce042e162d59	goroutineownership	internal/server/user/state_test.go:276:2	goroutineownership/unjoined	true-positive	Test holds writer mutex through only nonblocking select receive; deferred unlock at test return lets worker then reach unbuffered result send after receiver is gone, blocking indefinitely. (internal/server/user/state_test.go:276).
BBVA/kapow	3cef9f0cd25ab41f683a883d3ae2ce042e162d59	goroutineownership	internal/server/user/state_test.go:294:2	goroutineownership/unjoined	true-positive	Test holds writer mutex through only nonblocking select receive; deferred unlock at test return lets worker then reach unbuffered result send after receiver is gone, blocking indefinitely. (internal/server/user/state_test.go:294).
BBVA/kapow	3cef9f0cd25ab41f683a883d3ae2ce042e162d59	goroutineownership	internal/server/user/state_test.go:405:2	goroutineownership/unjoined	true-positive	Test holds writer mutex through only nonblocking select receive; deferred unlock at test return lets worker then reach unbuffered result send after receiver is gone, blocking indefinitely. (internal/server/user/state_test.go:405).
BBVA/kapow	3cef9f0cd25ab41f683a883d3ae2ce042e162d59	goroutineownership	internal/server/user/state_test.go:424:2	goroutineownership/unjoined	true-positive	Test has only one nonblocking select receive, then returns; scheduling may choose default before worker sends after lock release, leaving worker blocked forever on unbuffered result channel. (internal/server/user/state_test.go:424).
Brum3ns/firefly	de3f84d0f0034b553e83b81716f7742622fc33e2	resourcelifetime	pkg/request/request.go:119:19	resourcelifetime/missing-release	true-positive	Successful client.Do response is closed only after io.ReadAll succeeds at request.go:140; ReadAll error returns at :134-136 before Body.Close, leaving it open.
Brum3ns/firefly	de3f84d0f0034b553e83b81716f7742622fc33e2	resourcelifetime	tests/httpfilter_test.go:47:14	resourcelifetime/missing-release	true-positive	Loop calls http.Get and reads/inspects resp.Body without any Body.Close before next iteration or test return (httpfilter_test.go:42-66 onward).
Clivern/Walrus	c24b0901657d3bc378f46da98d0141a2cba7d657	resourcelifetime	core/module/agent.go:165:19	resourcelifetime/missing-release	true-positive	HTTPClient.Post wraps standard http.Client.Do and returns response owner; caller checks only StatusCode then returns on success/bad status without closing Body (core/module/agent.go:165 onward; service/http.go:61-87,224-226).
Clivern/Walrus	c24b0901657d3bc378f46da98d0141a2cba7d657	resourcelifetime	core/module/agent.go:96:19	resourcelifetime/missing-release	true-positive	HTTPClient.Post wraps standard http.Client.Do and returns response owner; caller checks only StatusCode then returns on success/bad status without closing Body (core/module/agent.go:96 onward; service/http.go:61-87,224-226).
Clivern/Walrus	c24b0901657d3bc378f46da98d0141a2cba7d657	resourcelifetime	core/module/wire.go:233:19	resourcelifetime/missing-release	true-positive	HTTPClient.Post wraps standard http.Client.Do and returns response owner; caller checks only StatusCode then returns on success/bad status without closing Body (core/module/wire.go:233 onward; service/http.go:61-87,224-226).
Clivern/Walrus	c24b0901657d3bc378f46da98d0141a2cba7d657	resourcelifetime	core/module/wire.go:97:19	resourcelifetime/missing-release	true-positive	HTTPClient.Post wraps standard http.Client.Do and returns response owner; caller checks only StatusCode then returns on success/bad status without closing Body (core/module/wire.go:97 onward; service/http.go:61-87,224-226).
Clivern/Walrus	c24b0901657d3bc378f46da98d0141a2cba7d657	resourcelifetime	core/storage/s3.go:101:18	resourcelifetime/missing-release	true-positive	TempFile is closed only after Write checksum succeeds; Write error returns at s3.go:110-112 before tmpFile.Close at :114. Deferred Remove deletes path, not descriptor.
Debian/dh-make-golang	b098ef6311622307fd5adfbab188832abbc6bcc8	resourcelifetime	create_salsa_project.go:39:15	resourcelifetime/missing-release	true-positive	execCreateSalsaProject successfully http.Post's response and returns on HTTP 200 without resp.Body.Close; failure branch reads Body then log.Fatal also omits Close (create_salsa_project.go:39-47).
Debian/dh-make-golang	b098ef6311622307fd5adfbab188832abbc6bcc8	resourcelifetime	make.go:714:17	resourcelifetime/missing-release	true-positive	copyFile successfully os.Create's output; io.Copy error returns immediately without output.Close, whereas success closes it at make.go:721 (make.go:714-721).
Hackmanit/TInjA	507d903e1bb27073418daea4b1aec146b8775f48	resourcelifetime	pkg/report.go:98:15	resourcelifetime/missing-release	true-positive	generateReport registers defer file.Close while file is still nil at line 96; Go evaluates deferred method receiver then, so later successful os.OpenFile assignment is not the receiver closed at return (report.go:92-111).
ImAyrix/fallparams	27e0adcbf4854b370d54ba5aaa540464eadc422d	resourcelifetime	funcs/utils/utils.go:51:17	resourcelifetime/missing-release	true-positive	Update-check http.Get response Body is io.ReadAll'd but never closed before banner function continues/returns; successful HTTP response leaks even when CheckError succeeds (utils.go:49-69). Repository scan incomplete elsewhere.
Juice-Labs/Juice-Labs	95a6f84891f5b149922abc184abd68d7b5920cd8	cancellationownership	pkg/appmain/appmain.go:67:12	cancellationownership/release	false-positive	Run installs signal.NotifyContext for application lifetime, passes ctx to TaskManager, then blocks in taskManager.Wait until ctx.Done and joins tasks before returning to process-terminal main; registration is intentionally retained while app runs (appmain.go:67-76; task.go:59-79). Repository scan incomplete elsewhere.
Juice-Labs/Juice-Labs	95a6f84891f5b149922abc184abd68d7b5920cd8	resourcelifetime	cmd/controller/storage/postgres/postgres.go:334:15	resourcelifetime/missing-release	true-positive	QueryContext returns rows; Scan/JSON error branches return and normal path continues without any rows.Close in this aggregation function (postgres.go:334-375 onward). Repository scan incomplete elsewhere.
Juice-Labs/Juice-Labs	95a6f84891f5b149922abc184abd68d7b5920cd8	resourcelifetime	cmd/controller/storage/postgres/postgres.go:707:25	resourcelifetime/missing-release	true-positive	GetSessionById iterates connectionRows then returns session without Close; Scan error also returns without Close (postgres.go:707-720). Repository scan incomplete elsewhere.
Juice-Labs/Juice-Labs	95a6f84891f5b149922abc184abd68d7b5920cd8	resourcelifetime	cmd/controller/storage/postgres/postgres.go:733:20	resourcelifetime/missing-release	true-positive	Prepared *sql.Stmt is stored by newIterator but neither tableIterator nor returned storage.Iterator interface exposes Close; newIterator error path also drops statement. Repeated calls leak prepared statements and retrieveRows never closes query rows (postgres.go:733:20; :45-109; storage.go:46-49). Repository scan incomplete elsewhere.
Juice-Labs/Juice-Labs	95a6f84891f5b149922abc184abd68d7b5920cd8	resourcelifetime	cmd/controller/storage/postgres/postgres.go:735:20	resourcelifetime/missing-release	true-positive	Prepared *sql.Stmt is stored by newIterator but neither tableIterator nor returned storage.Iterator interface exposes Close; newIterator error path also drops statement. Repeated calls leak prepared statements and retrieveRows never closes query rows (postgres.go:735:20; :45-109; storage.go:46-49). Repository scan incomplete elsewhere.
Juice-Labs/Juice-Labs	95a6f84891f5b149922abc184abd68d7b5920cd8	resourcelifetime	cmd/controller/storage/postgres/postgres.go:746:20	resourcelifetime/missing-release	true-positive	Prepared *sql.Stmt is stored by newIterator but neither tableIterator nor returned storage.Iterator interface exposes Close; newIterator error path also drops statement. Repeated calls leak prepared statements and retrieveRows never closes query rows (postgres.go:746:20; :45-109; storage.go:46-49). Repository scan incomplete elsewhere.
Juice-Labs/Juice-Labs	95a6f84891f5b149922abc184abd68d7b5920cd8	resourcelifetime	cmd/controller/storage/postgres/postgres.go:756:20	resourcelifetime/missing-release	true-positive	Prepared *sql.Stmt is stored by newIterator but neither tableIterator nor returned storage.Iterator interface exposes Close; newIterator error path also drops statement. Repeated calls leak prepared statements and retrieveRows never closes query rows (postgres.go:756:20; :45-109; storage.go:46-49). Repository scan incomplete elsewhere.
Lallassu/gorss	7d015be25ad1a8eebeb1f436b8d826e88f7081b3	nilargument	cmd/gorss/main.go:120:2	nilargument/dereferenced-nil	false-positive	main calls Init on nonnil &internal.Controller{}; Init populates zero-valued quit/config/theme/db/window/rss fields before their use (controller.go:44-77), so its initialization contract does not dereference a definitely nil receiver/field at call (main.go:118-120).
aceberg/ExerciseDiary	02b382a71aadf78083f4789640cac5e3054ab45c	resourcelifetime	internal/check/path.go:20:12	resourcelifetime/missing-release	true-positive	Path creates missing file with os.Create then discards returned *os.File and returns false; IfError handles only error, not descriptor cleanup (path.go:9-27).
aerospike/aerospike-client-go	d68cca2efba1ab9b7e69c45049a3c9cf35b1d0ed	goroutineownership	node.go:723:2	goroutineownership/unjoined	true-positive	WaitUntillMigrationIsFinished starts polling worker that sends error on unbuffered done; finite time.After timeout arm returns without receiving, so worker later blocks forever at done<-err even though comment claims no leak (node.go:717-740). Repository scan incomplete elsewhere.
alpacahq/alpaca-trade-api-go	5364a1c723677cd8ec5b81beab34e250a6d4f007	goroutineownership	marketdata/stream/client.go:506:2	goroutineownership/unjoined	true-positive	waitTimeout launches a goroutine blocked in wg.Wait then returns on time.After(timeout) without joining or canceling that waiter; if group work remains blocked, waiter persists (client.go:502-516).
anchordotdev/cli	83c3cdf85ca076a65dd00e20324b9403bcec38d2	nilargument	lcl/mkcert.go:96:9	nilargument/dereferenced-nil	false-positive	c.perform returns cert from api.ProvisionCert/autocert.GetCertificate on nil-error path; no evidence that successful cert is definitely nil (mkcert.go:96 onward).
anchordotdev/cli	83c3cdf85ca076a65dd00e20324b9403bcec38d2	nilargument	lcl/setup.go:474:9	nilargument/dereferenced-nil	false-positive	mkcert.perform success flows into manualMethod parameter and Provision.Cert; value is not definitely nil on success (setup.go:474 onward).
anchordotdev/cli	83c3cdf85ca076a65dd00e20324b9403bcec38d2	resourcelifetime	api/api.go:154:14	resourcelifetime/missing-release	true-positive	s.Do is embedded http.Client.Do; CreatePATToken receives response and reads/decodes Body without closing it on success or error-status paths (api.go:154 onward).
anchordotdev/cli	83c3cdf85ca076a65dd00e20324b9403bcec38d2	resourcelifetime	api/api.go:358:14	resourcelifetime/missing-release	true-positive	s.Do is embedded http.Client.Do; get receives response and reads/decodes Body without closing it on success or error-status paths (api.go:358 onward).
anchordotdev/cli	83c3cdf85ca076a65dd00e20324b9403bcec38d2	resourcelifetime	api/api.go:389:14	resourcelifetime/missing-release	true-positive	s.Do is embedded http.Client.Do; post receives response and reads/decodes Body without closing it on success or error-status paths (api.go:389 onward).
anchordotdev/cli	83c3cdf85ca076a65dd00e20324b9403bcec38d2	resourcelifetime	lcl/bootstrap_test.go:126:16	resourcelifetime/missing-release	true-positive	Test successfully http.Get's local HTTP URL, discards response without Body.Close, and continues work afterward (bootstrap_test.go:126 onward).
anchordotdev/cli	83c3cdf85ca076a65dd00e20324b9403bcec38d2	resourcelifetime	lcl/lcl_test.go:194:16	resourcelifetime/missing-release	true-positive	Test successfully http.Get's local HTTP URL, discards response without Body.Close, and continues work afterward (lcl_test.go:194 onward).
angelnicolasc/graymatter	758bfa2d02f35b9f878affed21353c684e16afa1	nilargument	cmd/graymatter/internal/daemon/checkpoint_resume_test.go:32:16	nilargument/dereferenced-nil	false-positive	Test builds c := &Client{Client:conn} after rpc.Dial error check; CheckpointResume/Save call through initialized client, not a definitely nil receiver (checkpoint_resume_test.go:32 onward).
angelnicolasc/graymatter	758bfa2d02f35b9f878affed21353c684e16afa1	nilargument	cmd/graymatter/internal/daemon/checkpoint_resume_test.go:41:16	nilargument/dereferenced-nil	false-positive	Test builds c := &Client{Client:conn} after rpc.Dial error check; CheckpointResume/Save call through initialized client, not a definitely nil receiver (checkpoint_resume_test.go:41 onward).
angelnicolasc/graymatter	758bfa2d02f35b9f878affed21353c684e16afa1	nilargument	cmd/graymatter/internal/daemon/checkpoint_resume_test.go:45:16	nilargument/dereferenced-nil	false-positive	CheckpointResume returns &resp.CP on nil-error path and nil only with error; test's cp dereference follows success, so cp is not definitely nil (checkpoint_resume_test.go:45; CheckpointResume implementation).
angelnicolasc/graymatter	758bfa2d02f35b9f878affed21353c684e16afa1	nilargument	cmd/graymatter/internal/daemon/checkpoint_resume_test.go:53:16	nilargument/dereferenced-nil	false-positive	Test builds c := &Client{Client:conn} after rpc.Dial error check; Save calls through initialized client, not a definitely nil receiver (checkpoint_resume_test.go:53 onward).
angelnicolasc/graymatter	758bfa2d02f35b9f878affed21353c684e16afa1	processownership	cmd/graymatter/internal/plugin/plugin.go:359:12	processownership/missing-wait	true-positive	After successful cmd.Start, json.Marshal, stdin.Write, or readLine errors Kill process and return without cmd.Wait/Release; normal-path Wait does not cover these branches (plugin.go:359 onward).
arangodb/go-driver	8be712a8c5acbb4a7abbf7a935de5aae6650ba01	cancellationownership	test/server_shutdown_test.go:57:19	cancellationownership/release	true-positive	Test creates ctxTimeout with one-minute timer but discards cancel and never releases it after shutdown becomes AllClear; timer survives until deadline (server_shutdown_test.go:57-67).
arangodb/go-driver	8be712a8c5acbb4a7abbf7a935de5aae6650ba01	goroutineownership	examples/main_test.go:56:2	goroutineownership/unjoined	true-positive	waitUntilServerAvailable launches retry worker, but ctx.Done branch returns without joining/canceling it; worker may later send on unbuffered instanceUp with no receiver or keep retrying (main_test.go:53-75). TestMain calls with Background, but helper accepts cancellable contexts.
arangodb/go-driver	8be712a8c5acbb4a7abbf7a935de5aae6650ba01	goroutineownership	vst/protocol/connection.go:163:2	goroutineownership/unjoined	true-positive	Connection sends chunks in worker and writes an error to unbuffered sendErrors on sendChunk failure. Context cancellation branch returns before receive, leaving worker able to block forever on sendErrors after an error (connection.go:163-184).
arduino/arduino-create-agent	13f6d49ecfd83b4d92658a8b04e850adee9901c2	resourcelifetime	main.go:365:19	resourcelifetime/missing-release	false-positive	Crashreport configuration intentionally hands opened logFile to process-global stderr for the long-lived agent; Unix redirectStderr Dup2s its FD onto stderr and Windows assigns os.Stderr=f, so missing local Close is not proof of orphaned ownership (main.go:360-371; redirect_stderr_{unix,win}.go). Repository scan incomplete elsewhere.
arduino/arduino-create-agent	13f6d49ecfd83b4d92658a8b04e850adee9901c2	resourcelifetime	main_test.go:201:18	resourcelifetime/missing-release	true-positive	Nested install test successfully http.Post's response for each encoding, reads Body, and continues without Close before next iteration/subtest (main_test.go:192-209). Repository scan incomplete elsewhere.
arduino/arduino-create-agent	13f6d49ecfd83b4d92658a8b04e850adee9901c2	resourcelifetime	main_test.go:83:16	resourcelifetime/missing-release	true-positive	Upload-handler test successfully http.Post's response for each malformed-path request, reads Body, and iterates without Close (main_test.go:79-90). Repository scan incomplete elsewhere.
arduino/arduino-create-agent	13f6d49ecfd83b4d92658a8b04e850adee9901c2	resourcelifetime	updater/updater.go:73:15	resourcelifetime/missing-release	true-positive	fetch returns nil,error on non-200 successful http.Get response without closing resp.Body; normal 200 branch returns Body to caller as ownership transfer (updater.go:72-82). Repository scan incomplete elsewhere.
atredispartners/flamingo	9ec579426fee1a5929e87ffe1b1b19e54b33b1f2	goroutineownership	pkg/ldap/server_modify_test.go:24:2	goroutineownership/unjoined	true-positive	Second test worker runs LDAP command then sends to unbuffered done; timeout select arm returns after nonfatal t.Errorf/quit with no later receiver, so worker may remain blocked on done send (server_modify_test.go:24 onward).
atredispartners/flamingo	9ec579426fee1a5929e87ffe1b1b19e54b33b1f2	goroutineownership	pkg/ldap/server_modify_test.go:61:2	goroutineownership/unjoined	true-positive	Second test worker runs LDAP command then sends to unbuffered done; timeout select arm returns after nonfatal t.Errorf/quit with no later receiver, so worker may remain blocked on done send (server_modify_test.go:61 onward).
atredispartners/flamingo	9ec579426fee1a5929e87ffe1b1b19e54b33b1f2	goroutineownership	pkg/ldap/server_modify_test.go:94:2	goroutineownership/unjoined	true-positive	Second test worker runs LDAP command then sends to unbuffered done; timeout select arm returns after nonfatal t.Errorf/quit with no later receiver, so worker may remain blocked on done send (server_modify_test.go:94 onward).
atredispartners/flamingo	9ec579426fee1a5929e87ffe1b1b19e54b33b1f2	goroutineownership	pkg/ldap/server_search_test.go:164:2	goroutineownership/unjoined	true-positive	Second test worker sends completion on unbuffered done after LDAP operation; timeout arm returns without a receiver, so worker can persist blocked on send (server_search_test.go:164 onward).
atredispartners/flamingo	9ec579426fee1a5929e87ffe1b1b19e54b33b1f2	goroutineownership	pkg/ldap/server_search_test.go:209:2	goroutineownership/unjoined	true-positive	Second test worker sends completion on unbuffered done after LDAP operation; timeout arm returns without a receiver, so worker can persist blocked on send (server_search_test.go:209 onward).
atredispartners/flamingo	9ec579426fee1a5929e87ffe1b1b19e54b33b1f2	goroutineownership	pkg/ldap/server_search_test.go:26:2	goroutineownership/unjoined	true-positive	Second test worker sends completion on unbuffered done after LDAP operation; timeout arm returns without a receiver, so worker can persist blocked on send (server_search_test.go:26-57).
atredispartners/flamingo	9ec579426fee1a5929e87ffe1b1b19e54b33b1f2	goroutineownership	pkg/ldap/server_search_test.go:313:2	goroutineownership/unjoined	true-positive	Second test worker sends completion on unbuffered done after LDAP operation; timeout arm returns without a receiver, so worker can persist blocked on send (server_search_test.go:313 onward).
atredispartners/flamingo	9ec579426fee1a5929e87ffe1b1b19e54b33b1f2	goroutineownership	pkg/ldap/server_search_test.go:356:2	goroutineownership/unjoined	true-positive	Second test worker sends completion on unbuffered done after LDAP operation; timeout arm returns without a receiver, so worker can persist blocked on send (server_search_test.go:356 onward).
atredispartners/flamingo	9ec579426fee1a5929e87ffe1b1b19e54b33b1f2	goroutineownership	pkg/ldap/server_search_test.go:409:2	goroutineownership/unjoined	true-positive	Second test worker sends completion on unbuffered done after LDAP operation; timeout arm returns without a receiver, so worker can persist blocked on send (server_search_test.go:409 onward).
atredispartners/flamingo	9ec579426fee1a5929e87ffe1b1b19e54b33b1f2	goroutineownership	pkg/ldap/server_search_test.go:469:2	goroutineownership/unjoined	true-positive	Second test worker sends completion on unbuffered done after LDAP operation; timeout arm returns without a receiver, so worker can persist blocked on send (server_search_test.go:469-503).
atredispartners/flamingo	9ec579426fee1a5929e87ffe1b1b19e54b33b1f2	goroutineownership	pkg/ldap/server_search_test.go:67:2	goroutineownership/unjoined	true-positive	Second test worker sends completion on unbuffered done after LDAP operation; timeout arm returns without a receiver, so worker can persist blocked on send (server_search_test.go:67 onward).
atredispartners/flamingo	9ec579426fee1a5929e87ffe1b1b19e54b33b1f2	goroutineownership	pkg/ldap/server_test.go:128:2	goroutineownership/unjoined	true-positive	Second test worker sends completion on unbuffered done after LDAP operation; timeout arm returns without a receiver, so worker can persist blocked on send (server_test.go:128 onward).
atredispartners/flamingo	9ec579426fee1a5929e87ffe1b1b19e54b33b1f2	goroutineownership	pkg/ldap/server_test.go:161:2	goroutineownership/unjoined	true-positive	Second test worker sends completion on unbuffered done after LDAP operation; timeout arm returns without a receiver, so worker can persist blocked on send (server_test.go:161 onward).
atredispartners/flamingo	9ec579426fee1a5929e87ffe1b1b19e54b33b1f2	goroutineownership	pkg/ldap/server_test.go:194:2	goroutineownership/unjoined	true-positive	Second test worker sends completion on unbuffered done after LDAP operation; timeout arm returns without a receiver, so worker can persist blocked on send (server_test.go:194 onward).
atredispartners/flamingo	9ec579426fee1a5929e87ffe1b1b19e54b33b1f2	goroutineownership	pkg/ldap/server_test.go:225:2	goroutineownership/unjoined	true-positive	Second test worker sends completion on unbuffered done after LDAP operation; timeout arm returns without a receiver, so worker can persist blocked on send (server_test.go:225 onward).
atredispartners/flamingo	9ec579426fee1a5929e87ffe1b1b19e54b33b1f2	goroutineownership	pkg/ldap/server_test.go:270:2	goroutineownership/unjoined	true-positive	Second test worker sends completion on unbuffered done after LDAP operation; timeout arm returns without a receiver, so worker can persist blocked on send (server_test.go:270 onward).
atredispartners/flamingo	9ec579426fee1a5929e87ffe1b1b19e54b33b1f2	goroutineownership	pkg/ldap/server_test.go:31:2	goroutineownership/unjoined	true-positive	Second test worker sends completion on unbuffered done after LDAP operation; timeout arm returns without a receiver, so worker can persist blocked on send (server_test.go:31-51).
atredispartners/flamingo	9ec579426fee1a5929e87ffe1b1b19e54b33b1f2	goroutineownership	pkg/ldap/server_test.go:61:2	goroutineownership/unjoined	true-positive	Second test worker sends completion on unbuffered done after LDAP operation; timeout arm returns without a receiver, so worker can persist blocked on send (server_test.go:61 onward).
atredispartners/flamingo	9ec579426fee1a5929e87ffe1b1b19e54b33b1f2	goroutineownership	pkg/ldap/server_test.go:95:2	goroutineownership/unjoined	true-positive	Second test worker sends completion on unbuffered done after LDAP operation; timeout arm returns without a receiver, so worker can persist blocked on send (server_test.go:95 onward).
atredispartners/flamingo	9ec579426fee1a5929e87ffe1b1b19e54b33b1f2	resourcelifetime	cmd/capture.go:630:15	resourcelifetime/missing-release	true-positive	sendWebhook's successful http.Client.Do response Body is never closed on 2xx or bad-status return (capture.go:630 onward).
benchkram/bob	b7a57f2f9be99f9ccb756f4ffcf9991cc3a4c31b	resourcelifetime	bob/aggregate_test.go:114:12	resourcelifetime/missing-release	true-positive	Test iteration calls os.Create then discards returned *os.File without Close; repeated file creation leaves descriptors open (bob/aggregate_test.go:114). Repository scan incomplete elsewhere.
benchkram/bob	b7a57f2f9be99f9ccb756f4ffcf9991cc3a4c31b	resourcelifetime	bob/aggregate_test.go:119:12	resourcelifetime/missing-release	true-positive	Test iteration calls os.Create then discards returned *os.File without Close; repeated file creation leaves descriptors open (bob/aggregate_test.go:119). Repository scan incomplete elsewhere.
benchkram/bob	b7a57f2f9be99f9ccb756f4ffcf9991cc3a4c31b	resourcelifetime	bob/aggregate_test.go:124:12	resourcelifetime/missing-release	true-positive	Test iteration calls os.Create then discards returned *os.File without Close; repeated file creation leaves descriptors open (bob/aggregate_test.go:124). Repository scan incomplete elsewhere.
benchkram/bob	b7a57f2f9be99f9ccb756f4ffcf9991cc3a4c31b	resourcelifetime	bob/aggregate_test.go:129:12	resourcelifetime/missing-release	true-positive	Test iteration calls os.Create then discards returned *os.File without Close; repeated file creation leaves descriptors open (bob/aggregate_test.go:129). Repository scan incomplete elsewhere.
benchkram/bob	b7a57f2f9be99f9ccb756f4ffcf9991cc3a4c31b	resourcelifetime	bob/aggregate_test.go:134:12	resourcelifetime/missing-release	true-positive	Test iteration calls os.Create then discards returned *os.File without Close; repeated file creation leaves descriptors open (bob/aggregate_test.go:134). Repository scan incomplete elsewhere.
benchkram/bob	b7a57f2f9be99f9ccb756f4ffcf9991cc3a4c31b	resourcelifetime	bob/aggregate_test.go:153:12	resourcelifetime/missing-release	true-positive	Test iteration calls os.Create then discards returned *os.File without Close; repeated file creation leaves descriptors open (bob/aggregate_test.go:153). Repository scan incomplete elsewhere.
benchkram/bob	b7a57f2f9be99f9ccb756f4ffcf9991cc3a4c31b	resourcelifetime	bob/aggregate_test.go:158:12	resourcelifetime/missing-release	true-positive	Test iteration calls os.Create then discards returned *os.File without Close; repeated file creation leaves descriptors open (bob/aggregate_test.go:158). Repository scan incomplete elsewhere.
benchkram/bob	b7a57f2f9be99f9ccb756f4ffcf9991cc3a4c31b	resourcelifetime	bob/aggregate_test.go:163:12	resourcelifetime/missing-release	true-positive	Test iteration calls os.Create then discards returned *os.File without Close; repeated file creation leaves descriptors open (bob/aggregate_test.go:163). Repository scan incomplete elsewhere.
benchkram/bob	b7a57f2f9be99f9ccb756f4ffcf9991cc3a4c31b	resourcelifetime	bob/aggregate_test.go:168:12	resourcelifetime/missing-release	true-positive	Test iteration calls os.Create then discards returned *os.File without Close; repeated file creation leaves descriptors open (bob/aggregate_test.go:168). Repository scan incomplete elsewhere.
benchkram/bob	b7a57f2f9be99f9ccb756f4ffcf9991cc3a4c31b	resourcelifetime	bob/aggregate_test.go:173:12	resourcelifetime/missing-release	true-positive	Test iteration calls os.Create then discards returned *os.File without Close; repeated file creation leaves descriptors open (bob/aggregate_test.go:173). Repository scan incomplete elsewhere.
benchkram/bob	b7a57f2f9be99f9ccb756f4ffcf9991cc3a4c31b	resourcelifetime	bob/bob_defaults.go:102:19	resourcelifetime/missing-release	false-positive	NewCacheStore's open *nix.Cache is transferred through nixbuilder.WithCache into returned NB; caller-visible owner retains it (cache.go:50-65; nix_builder.go:16-33). Repository scan incomplete elsewhere.
benchkram/bob	b7a57f2f9be99f9ccb756f4ffcf9991cc3a4c31b	resourcelifetime	pkg/execctl/cmd_test.go:391:12	resourcelifetime/missing-release	true-positive	Successful opened file is closed only after subsequent Write and Chmod; either operation's error branch returns first (cmd_test.go:391-411). Repository scan incomplete elsewhere.
benchkram/bob	b7a57f2f9be99f9ccb756f4ffcf9991cc3a4c31b	resourcelifetime	pkg/store/filestore/filestore.go:44:12	resourcelifetime/missing-release	true-positive	After file open, f.Stat error returns before Close at filestore.go:48-52; successful handle leaks on that feasible branch. Repository scan incomplete elsewhere.
benchkram/bob	b7a57f2f9be99f9ccb756f4ffcf9991cc3a4c31b	resourcelifetime	test/e2e/artifacts/artifactutils_test.go:49:12	resourcelifetime/missing-release	true-positive	CreateTemp file is closed only after WriteString; WriteString error returns without Close (artifactutils_test.go:49-57). Repository scan incomplete elsewhere.
benchkram/bob	b7a57f2f9be99f9ccb756f4ffcf9991cc3a4c31b	resourcelifetime	tui-example/tui/main.go:26:12	resourcelifetime/missing-release	false-positive	tui.New returns t retaining the pipe writer; t.Start is the terminal operation in main and process exits on return, with no later lifetime needing Restore. Not a local abandoned handle (tui/main.go:26 onward). Repository scan incomplete elsewhere.
brexhq/substation	28f1b349b4da090a4cf04af91adf1821ca7fd687	deferinloop	internal/media/media_test.go:68:3	deferinloop/cleanup-lifetime	false-positive	TestFile ranges exactly four literal mediaTests entries, so at most four temp files are defer-closed and removed at test return; no unbounded accumulation (media_test.go:8-33,61-83).
brexhq/substation	28f1b349b4da090a4cf04af91adf1821ca7fd687	resourcelifetime	transform/send_file.go:152:12	resourcelifetime/missing-release	true-positive	send creates output f, but withTransforms or any f.Write error returns before f.Close at line 168; successful acquisition leaks on those feasible branches (send_file.go:152-172).
cadence-workflow/cadence-go-client	efb293b250c0f97f3143b608fafa3ebc62c1dbca	goroutineownership	internal/internal_task_pollers.go:269:2	goroutineownership/unjoined	false-positive	doPoll intentionally returns on shutdown after canceling ctx; pollFunc is context-aware PollForDecisionTask(ctx,...), and worker completion closes doneC without blocking. No positive evidence of persistent abandoned worker (internal_task_pollers.go:269 onward).
cadence-workflow/cadence-go-client	efb293b250c0f97f3143b608fafa3ebc62c1dbca	goroutineownership	internal/internal_task_pollers.go:694:2	goroutineownership/unjoined	false-positive	Local activity timeout/cancel intentionally returns while ExecuteWithActualArgs(ctx,...) winds down; worker defers nonblocking close(doneCh), result is discarded, and no persistent blocked send/worker is established (internal_task_pollers.go:694 onward).
cadence-workflow/cadence-go-client	efb293b250c0f97f3143b608fafa3ebc62c1dbca	nilargument	internal/internal_task_handlers_test.go:1922:17	nilargument/dereferenced-nil	false-positive	Test explicitly initializes nested history/workflowTask/task/History fields; empty Events intentionally returns (nil,error), not a definite nil dereference (internal_task_handlers_test.go:1922 onward).
cadence-workflow/cadence-go-client	efb293b250c0f97f3143b608fafa3ebc62c1dbca	nilargument	internal/internal_task_handlers_test.go:1927:16	nilargument/dereferenced-nil	false-positive	Test explicitly initializes nested history/workflowTask/task/History fields; empty Events intentionally returns (nil,error), not a definite nil dereference (internal_task_handlers_test.go:1927 onward).
cadence-workflow/cadence-go-client	efb293b250c0f97f3143b608fafa3ebc62c1dbca	nilargument	internal/internal_worker_test.go:830:2	nilargument/dereferenced-nil	false-positive	newRegistry returns nonnil &registry and w := &aggregatedWorker{registry:r}; delegated registration uses that initialized field, not definite nil (internal_worker_test.go:830 onward).
cadence-workflow/cadence-go-client	efb293b250c0f97f3143b608fafa3ebc62c1dbca	nilargument	internal/internal_worker_test.go:831:2	nilargument/dereferenced-nil	false-positive	newRegistry returns nonnil &registry and w := &aggregatedWorker{registry:r}; delegated registration uses that initialized field, not definite nil (internal_worker_test.go:831 onward).
cadence-workflow/cadence-go-client	efb293b250c0f97f3143b608fafa3ebc62c1dbca	nilargument	internal/internal_worker_test.go:832:2	nilargument/dereferenced-nil	false-positive	newRegistry returns nonnil &registry and w := &aggregatedWorker{registry:r}; delegated registration uses that initialized field, not definite nil (internal_worker_test.go:832 onward).
cadence-workflow/cadence-go-client	efb293b250c0f97f3143b608fafa3ebc62c1dbca	nilargument	internal/internal_worker_test.go:833:2	nilargument/dereferenced-nil	false-positive	newRegistry returns nonnil &registry and w := &aggregatedWorker{registry:r}; delegated registration uses that initialized field, not definite nil (internal_worker_test.go:833 onward).
cadence-workflow/cadence-go-client	efb293b250c0f97f3143b608fafa3ebc62c1dbca	nilargument	internal/internal_worker_test.go:834:2	nilargument/dereferenced-nil	false-positive	newRegistry returns nonnil &registry and w := &aggregatedWorker{registry:r}; delegated registration uses that initialized field, not definite nil (internal_worker_test.go:834 onward).
cadence-workflow/cadence-go-client	efb293b250c0f97f3143b608fafa3ebc62c1dbca	nilargument	internal/internal_worker_test.go:835:2	nilargument/dereferenced-nil	false-positive	newRegistry returns nonnil &registry and w := &aggregatedWorker{registry:r}; delegated registration uses that initialized field, not definite nil (internal_worker_test.go:835 onward).
cadence-workflow/cadence-go-client	efb293b250c0f97f3143b608fafa3ebc62c1dbca	nilargument	internal/internal_worker_test.go:836:2	nilargument/dereferenced-nil	false-positive	newRegistry returns nonnil &registry and w := &aggregatedWorker{registry:r}; delegated registration uses that initialized field, not definite nil (internal_worker_test.go:836 onward).
cadence-workflow/cadence-go-client	efb293b250c0f97f3143b608fafa3ebc62c1dbca	nilargument	internal/internal_worker_test.go:838:9	nilargument/dereferenced-nil	false-positive	newRegistry returns nonnil &registry and w := &aggregatedWorker{registry:r}; delegated GetRegisteredWorkflows uses that initialized field, not definite nil (internal_worker_test.go:838 onward).
cloud-native-go/examples	2ed1a0f53604c4877f626e871ebaf9016bf01937	resourcelifetime	ch05/ch05_05/transact_test.go:36:13	resourcelifetime/missing-release	true-positive	TestCreateLogger obtains TransactionLogger whose NewTransactionLogger opens l.file, but test only defers os.Remove(filename), never tl.Close; successful handle remains open (transact_test.go:32-49; transact.go:64-75,108-116). Repository scan incomplete elsewhere.
cloud-native-go/examples	2ed1a0f53604c4877f626e871ebaf9016bf01937	resourcelifetime	ch05/ch05_06/transact_test.go:36:13	resourcelifetime/missing-release	true-positive	Identical TestCreateLogger copy obtains TransactionLogger backed by opened l.file and defers only os.Remove(filename), not tl.Close; handle remains open (transact_test.go:32-49; transact.go:64-75,108-116). Repository scan incomplete elsewhere.
cloud-native-go/examples	2ed1a0f53604c4877f626e871ebaf9016bf01937	resourcelifetime	ch05/ch05_07/transact_test.go:36:13	resourcelifetime/missing-release	true-positive	Identical TestCreateLogger copy obtains TransactionLogger backed by opened l.file and defers only os.Remove(filename), not tl.Close; handle remains open (transact_test.go:32-49; transact.go:64-75,108-116). Repository scan incomplete elsewhere.
cloud-native-go/examples	2ed1a0f53604c4877f626e871ebaf9016bf01937	resourcelifetime	ch05/ch05_0X_docker-non-root/transact_test.go:36:13	resourcelifetime/missing-release	true-positive	Identical TestCreateLogger copy obtains TransactionLogger backed by opened l.file and defers only os.Remove(filename), not tl.Close; handle remains open (transact_test.go:32-49; transact.go:64-75,108-116). Repository scan incomplete elsewhere.
cloud-native-go/examples	2ed1a0f53604c4877f626e871ebaf9016bf01937	resourcelifetime	ch05/ch05_0X_dockerbuild/transact_test.go:36:13	resourcelifetime/missing-release	true-positive	Identical TestCreateLogger copy obtains TransactionLogger backed by opened l.file and defers only os.Remove(filename), not tl.Close; handle remains open (transact_test.go:32-49; transact.go:64-75,108-116). Repository scan incomplete elsewhere.
cloud-native-go/examples	2ed1a0f53604c4877f626e871ebaf9016bf01937	resourcelifetime	ch05/ch05_0X_pems/transact_test.go:36:13	resourcelifetime/missing-release	true-positive	Identical TestCreateLogger copy obtains TransactionLogger backed by opened l.file and defers only os.Remove(filename), not tl.Close; handle remains open (transact_test.go:32-49; transact.go:64-75,108-116). Repository scan incomplete elsewhere.
cloud-native-go/examples	2ed1a0f53604c4877f626e871ebaf9016bf01937	resourcelifetime	ch09/http-healthz/shallow.go:28:18	resourcelifetime/missing-release	true-positive	healthShallowHandler creates tmpFile and defers only os.Remove; if tmpFile.Write fails, it returns HTTP error before tmpFile.Close at line 43, leaking the successful handle (shallow.go:28-45). Repository scan incomplete elsewhere.
cloudwego/kitex-examples	f8ee9c8f4d8283f541f532c22c0f404e4e8a7a8b	resourcelifetime	klog/custom/logger.go:45:16	resourcelifetime/missing-release	true-positive	When date-named log file is absent, initialization os.Create's it and discards *File; later os.OpenFile for logger output is a separate handle and cannot close the original (logger.go:43-58).
cloudwego/kitex-examples	f8ee9c8f4d8283f541f532c22c0f404e4e8a7a8b	resourcelifetime	klog/logrus/main.go:60:16	resourcelifetime/missing-release	true-positive	When date-named log file is absent, main os.Create's it only to ensure existence and discards *File; later logger setup is separate, so original descriptor remains open while server runs (main.go:56-66 onward).
cloudwego/kitex-examples	f8ee9c8f4d8283f541f532c22c0f404e4e8a7a8b	resourcelifetime	klog/slog/main.go:58:16	resourcelifetime/missing-release	true-positive	When date-named log file is absent, main os.Create's it only to ensure existence and discards *File; later logger setup is separate, so original descriptor remains open while server runs (main.go:54-64 onward).
cloudwego/kitex-examples	f8ee9c8f4d8283f541f532c22c0f404e4e8a7a8b	resourcelifetime	klog/zap/main.go:59:16	resourcelifetime/missing-release	true-positive	When date-named log file is absent, main os.Create's it only to ensure existence and discards *File; later logger setup is separate, so original descriptor remains open while server runs (main.go:55-65 onward).
cloudwego/shmipc-go	55c241eea321071278d1ee7f7c46292d23e50a5b	resourcelifetime	buffer_manager.go:203:18	resourcelifetime/missing-release	true-positive	Create branch opens shmFile then Truncate error returns at :208-210 before defer shmFile.Close registered at :224, leaving descriptor open.
cloudwego/shmipc-go	55c241eea321071278d1ee7f7c46292d23e50a5b	resourcelifetime	buffer_manager.go:213:18	resourcelifetime/missing-release	true-positive	Existing-file branch opens shmFile then Stat error returns at :218-221 before defer shmFile.Close registered at :224, leaving descriptor open.
containerd/nri	53b711125c22339d9ba367bce242d9f1dfc6b75a	lockorder	pkg/adaptation/suite_test.go:878:3	lockorder/missing-release	false-positive	EventQ.Wait locks q, then immediately defers a closure that calls q.Unlock when !unlocked; this early return precedes unlocked=true, so the deferred release executes (suite_test.go:868-878).
containerd/nri	53b711125c22339d9ba367bce242d9f1dfc6b75a	lockorder	pkg/adaptation/suite_test.go:882:3	lockorder/missing-release	false-positive	EventQ.Wait's deferred closure releases q on this busy-queue early return because unlocked remains false; later path explicitly unlocks and sets unlocked=true (suite_test.go:868-892).
crytic/medusa	87f65e2e9c2b67a95c779742cff5a33e65318600	lockorder	fuzzing/corpus/corpus.go:317:3	lockorder/missing-release	true-positive	addCallSequence acquires c.callSequencesLock at line 312, then returns on sequence.Hash error at line 317 without Unlock; other error branches explicitly unlock (corpus.go:312-326).
crytic/medusa	87f65e2e9c2b67a95c779742cff5a33e65318600	lockorder	fuzzing/corpus/corpus.go:340:3	lockorder/missing-release	true-positive	addCallSequence still holds c.callSequencesLock when sequenceFiles.addFile returns error at line 340, and exits before Unlock at line 352 (corpus.go:336-353).
dimonomid/geekmarks	5af0fa5148dffa83b9c23654de0c93aeb613a9ab	resourcelifetime	server/storage/postgres/transaction.go:42:13	resourcelifetime/missing-release	true-positive	After successful db.Begin, SET TRANSACTION isolation error at :65-69 or READ ONLY error at :72-75 returns without tx.Rollback; rollback only covers callback error later, so those configuration paths leave transaction open.
drgrib/alfred-bear	10590fdeefc57ad502aeed4d51cb53e8ed648708	resourcelifetime	db/db.go:232:15	resourcelifetime/missing-release	true-positive	Successful db.Query rows are closed only at db.go:263 after full iteration; rows.Columns error at :237-240 or rows.Scan error at :249-250 returns before Close, leaving rows open.
driskell/log-courier	edbe46e044eec02aacbe211bbd56b860b92f3dfd	nilargument	lc-lib/grok/pattern_test.go:109:8	nilargument/dereferenced-nil	false-positive	Test constructs nonnil compiledPattern and calls init; init assigns regexp.Compile result to c.re and only returns nil after successful compile, while each test Fatals on init error before Apply (pattern.go:70-76; pattern_test.go:25-110). No definite nil regexp. Repository scan incomplete elsewhere.
driskell/log-courier	edbe46e044eec02aacbe211bbd56b860b92f3dfd	nilargument	lc-lib/grok/pattern_test.go:35:8	nilargument/dereferenced-nil	false-positive	Test constructs nonnil compiledPattern and calls init; init assigns regexp.Compile result to c.re and only returns nil after successful compile, while each test Fatals on init error before Apply (pattern.go:70-76; pattern_test.go:25-110). No definite nil regexp. Repository scan incomplete elsewhere.
driskell/log-courier	edbe46e044eec02aacbe211bbd56b860b92f3dfd	nilargument	lc-lib/grok/pattern_test.go:58:8	nilargument/dereferenced-nil	false-positive	Test constructs nonnil compiledPattern and calls init; init assigns regexp.Compile result to c.re and only returns nil after successful compile, while each test Fatals on init error before Apply (pattern.go:70-76; pattern_test.go:25-110). No definite nil regexp. Repository scan incomplete elsewhere.
driskell/log-courier	edbe46e044eec02aacbe211bbd56b860b92f3dfd	nilargument	lc-lib/grok/pattern_test.go:80:8	nilargument/dereferenced-nil	false-positive	Test constructs nonnil compiledPattern and calls init; init assigns regexp.Compile result to c.re and only returns nil after successful compile, while each test Fatals on init error before Apply (pattern.go:70-76; pattern_test.go:25-110). No definite nil regexp. Repository scan incomplete elsewhere.
driskell/log-courier	edbe46e044eec02aacbe211bbd56b860b92f3dfd	nilargument	lc-lib/publisher/endpoint/sink_list.go:55:2	nilargument/dereferenced-nil	false-positive	addEndpoint constructs endpoint := &Endpoint{sink:s,poolEntry:poolEntry} immediately before Init; Sink is initialized by NewSink with nonnil config and lists. Neither receiver nor relevant fields are definitely nil at call (sink_list.go:49-58; sink.go:63-83). Repository scan incomplete elsewhere.
driskell/log-courier	edbe46e044eec02aacbe211bbd56b860b92f3dfd	resourcelifetime	lc-lib/core/app.go:127:13	resourcelifetime/missing-release	true-positive	Successful os.Create profile file is passed to pprof.StartCPUProfile, but StopCPUProfile in delayed goroutine does not close underlying *os.File; app setup continues into Run without f.Close (app.go:125-140). Repository scan incomplete elsewhere.
duaraghav8/dockershrink	a7af6799f2b423efe0499535b7cc388b24184d37	deferinloop	internal/restrictedfilesystem/restrictedfilesystem.go:49:3	deferinloop/cleanup-lifetime	true-positive	ReadFiles opens a file per arbitrary filepaths entry and defers Close until entire function returns, so descriptors accumulate with input list length (restrictedfilesystem.go:49 onward).
duaraghav8/dockershrink	a7af6799f2b423efe0499535b7cc388b24184d37	nilargument	internal/dockerfile/dockerfile_test.go:105:2	nilargument/dereferenced-nil	false-positive	GetFinalStage is used only after nil-error path; implementation returns &Stage with explicit astNode on success, so no definitely nil stage at call (dockerfile_test.go:105; GetFinalStage implementation).
duaraghav8/dockershrink	a7af6799f2b423efe0499535b7cc388b24184d37	nilargument	internal/dockerfile/dockerfile_test.go:115:5	nilargument/dereferenced-nil	false-positive	GetFinalStage nil-error result is &Stage with astNode; BaseImage creates nonnil NewImage result, so no definite nil receiver/field at call (dockerfile_test.go:115; constructor implementations).
duaraghav8/dockershrink	a7af6799f2b423efe0499535b7cc388b24184d37	nilargument	internal/dockerfile/dockerfile_test.go:116:76	nilargument/dereferenced-nil	false-positive	GetFinalStage nil-error result is &Stage with astNode; BaseImage creates nonnil NewImage result, so no definite nil receiver/field at call (dockerfile_test.go:116; constructor implementations).
duaraghav8/dockershrink	a7af6799f2b423efe0499535b7cc388b24184d37	nilargument	internal/dockerfile/dockerfile_test.go:80:5	nilargument/dereferenced-nil	false-positive	GetFinalStage nil-error result is &Stage with astNode; BaseImage creates nonnil NewImage result, so no definite nil receiver/field at call (dockerfile_test.go:80; constructor implementations).
duaraghav8/dockershrink	a7af6799f2b423efe0499535b7cc388b24184d37	nilargument	internal/dockerfile/dockerfile_test.go:81:66	nilargument/dereferenced-nil	false-positive	GetFinalStage nil-error result is &Stage with astNode; BaseImage creates nonnil NewImage result, so no definite nil receiver/field at call (dockerfile_test.go:81; constructor implementations).
duaraghav8/dockershrink	a7af6799f2b423efe0499535b7cc388b24184d37	nilargument	internal/dockerfile/stage_test.go:23:13	nilargument/dereferenced-nil	false-positive	Test explicitly constructs Stage.astNode with nonnil Next:&parser.Node, and BaseImage returns nonnil &Image; no definite nil at call (stage_test.go:23; BaseImage/NewImage implementations).
dub-flow/sessionprobe	6780db921ebdbcee2f588190b85a1a54cc3612ad	resourcelifetime	version.go:27:15	resourcelifetime/missing-release	true-positive	NotifyOfUpdates obtains successful HTTP response but never closes resp.Body; non-200, ReadAll, JSON-error returns and normal path all omit Close (version.go:27-55 onward).
ecodeclub/ekit	a7e05db26220f9cef930579b39237cb09ae7b513	lockorder	queue/concurrent_linked_blocking_queue.go:66:4	lockorder/recursive-acquire	false-positive	Queue uses custom condition helper: cond.signalCh unlocks c.l before waiting/reacquiring, and cond.broadcast unlocks before return (delay_queue.go:171-190). Reported recursive-acquire assumes lock remains held across this helper effect, but exact source releases it before branch/reacquisition (queue/concurrent_linked_blocking_queue.go:66:4).
ecodeclub/ekit	a7e05db26220f9cef930579b39237cb09ae7b513	lockorder	queue/concurrent_linked_blocking_queue.go:92:4	lockorder/recursive-acquire	false-positive	Queue uses custom condition helper: cond.signalCh unlocks c.l before waiting/reacquiring, and cond.broadcast unlocks before return (delay_queue.go:171-190). Reported recursive-acquire assumes lock remains held across this helper effect, but exact source releases it before branch/reacquisition (queue/concurrent_linked_blocking_queue.go:92:4).
ecodeclub/ekit	a7e05db26220f9cef930579b39237cb09ae7b513	lockorder	queue/delay_queue.go:102:3	lockorder/recursive-acquire	false-positive	Queue uses custom condition helper: cond.signalCh unlocks c.l before waiting/reacquiring, and cond.broadcast unlocks before return (delay_queue.go:171-190). Reported recursive-acquire assumes lock remains held across this helper effect, but exact source releases it before branch/reacquisition (queue/delay_queue.go:102:3).
ecodeclub/ekit	a7e05db26220f9cef930579b39237cb09ae7b513	lockorder	queue/delay_queue.go:111:5	lockorder/missing-release	false-positive	Queue uses custom condition helper: cond.signalCh unlocks c.l before waiting/reacquiring, and cond.broadcast unlocks before return (delay_queue.go:171-190). Reported missing-release assumes lock remains held across this helper effect, but exact source releases it before branch/reacquisition (queue/delay_queue.go:111:5).
ecodeclub/ekit	a7e05db26220f9cef930579b39237cb09ae7b513	lockorder	queue/delay_queue.go:122:5	lockorder/missing-release	false-positive	Queue uses custom condition helper: cond.signalCh unlocks c.l before waiting/reacquiring, and cond.broadcast unlocks before return (delay_queue.go:171-190). Reported missing-release assumes lock remains held across this helper effect, but exact source releases it before branch/reacquisition (queue/delay_queue.go:122:5).
ecodeclub/ekit	a7e05db26220f9cef930579b39237cb09ae7b513	lockorder	queue/delay_queue.go:125:5	lockorder/recursive-acquire	false-positive	Queue uses custom condition helper: cond.signalCh unlocks c.l before waiting/reacquiring, and cond.broadcast unlocks before return (delay_queue.go:171-190). Reported recursive-acquire assumes lock remains held across this helper effect, but exact source releases it before branch/reacquisition (queue/delay_queue.go:125:5).
ecodeclub/ekit	a7e05db26220f9cef930579b39237cb09ae7b513	lockorder	queue/delay_queue.go:135:5	lockorder/missing-release	false-positive	Queue uses custom condition helper: cond.signalCh unlocks c.l before waiting/reacquiring, and cond.broadcast unlocks before return (delay_queue.go:171-190). Reported missing-release assumes lock remains held across this helper effect, but exact source releases it before branch/reacquisition (queue/delay_queue.go:135:5).
ecodeclub/ekit	a7e05db26220f9cef930579b39237cb09ae7b513	lockorder	queue/delay_queue.go:144:5	lockorder/missing-release	false-positive	Queue uses custom condition helper: cond.signalCh unlocks c.l before waiting/reacquiring, and cond.broadcast unlocks before return (delay_queue.go:171-190). Reported missing-release assumes lock remains held across this helper effect, but exact source releases it before branch/reacquisition (queue/delay_queue.go:144:5).
ecodeclub/ekit	a7e05db26220f9cef930579b39237cb09ae7b513	lockorder	queue/delay_queue.go:67:3	lockorder/recursive-acquire	false-positive	Queue uses custom condition helper: cond.signalCh unlocks c.l before waiting/reacquiring, and cond.broadcast unlocks before return (delay_queue.go:171-190). Reported recursive-acquire assumes lock remains held across this helper effect, but exact source releases it before branch/reacquisition (queue/delay_queue.go:67:3).
ecodeclub/ekit	a7e05db26220f9cef930579b39237cb09ae7b513	nilargument	syncx/cond_sdk_test.go:272:2	nilargument/dereferenced-nil	false-positive	Nonnil c lazily initializes notifyList through checkFirstUse before Signal dereferences it; test's intended panic applies later to copied c2, not this receiver (syncx/cond.go:80-114; cond_sdk_test.go:272).
ecodeclub/ekit	a7e05db26220f9cef930579b39237cb09ae7b513	resourcelifetime	sqlx/scanner_test.go:273:16	resourcelifetime/missing-release	false-positive	Test advances scanner.NextResultSet until false; database/sql.Rows.NextResultSet closes underlying Rows when no further set or driver error (Go 1.27 sql.go:3117-3151), so no open rows remain (scanner_test.go:273:16).
ecodeclub/ekit	a7e05db26220f9cef930579b39237cb09ae7b513	resourcelifetime	sqlx/scanner_test.go:288:16	resourcelifetime/missing-release	false-positive	Test advances scanner.NextResultSet until false; database/sql.Rows.NextResultSet closes underlying Rows when no further set or driver error (Go 1.27 sql.go:3117-3151), so no open rows remain (scanner_test.go:288:16).
ecodeclub/ekit	a7e05db26220f9cef930579b39237cb09ae7b513	resourcelifetime	sqlx/scanner_test.go:56:17	resourcelifetime/missing-release	true-positive	QueryContext returns rows on asserted nil-error path; NewSQLRowsScanner returns error for missing columns without closing passed rows, and test does not close them (scanner.go:31-53; scanner_test.go:56).
emiago/diago	e1d76f076cd637401cdb171817f686d27fbc67f8	cancellationownership	diago.go:783:13	cancellationownership/release	true-positive	Deferred unregister creates context.WithTimeout(context.Background(), 5s) and discards cancel; Unregister/doRequest can finish before deadline, leaving the timer active (diago.go:783 onward).
emiago/diago	e1d76f076cd637401cdb171817f686d27fbc67f8	lockorder	media/rtp_session.go:442:4	lockorder/missing-release	true-positive	WriteRTP holds rtcpMU and returns on an unmatched codec without Unlock (rtp_session.go:442 onward).
emiago/diago	e1d76f076cd637401cdb171817f686d27fbc67f8	resourcelifetime	playback_url.go:110:16	resourcelifetime/missing-release	true-positive	Repeated range HTTP Do succeeds, but status, read-error, and 416 break paths can leave response.Body open before Close (playback_url.go:110 onward).
emiago/diago	e1d76f076cd637401cdb171817f686d27fbc67f8	resourcelifetime	playback_url.go:49:14	resourcelifetime/missing-release	true-positive	DefaultPlaybackHTTPClient.Do uses standard http.Client; successful response has status, content-type, and read-error returns before response.Body.Close (playback_url.go:49 onward).
emiago/diago	e1d76f076cd637401cdb171817f686d27fbc67f8	resourcelifetime	playback_url_test.go:112:14	resourcelifetime/missing-release	true-positive	Handler os.Open's file and passes it to http.ServeContent as io.ReadSeeker, which does not take ownership; no file.Close on Stat error or success (playback_url_test.go:112 onward).
g0ldencybersec/CloudRecon	8893d40372cee7b55e2b20073283c7bb812f2a25	resourcelifetime	store.go:142:20	resourcelifetime/missing-release	true-positive	createTable successfully db.Prepare's statement, executes it, then returns without statement.Close; no transfer/owner receives prepared statement (store.go:141-147).
gekware/minecraft-server-hibernation	fd8ca761ef4307c01acd50e69550f27f0cf737f2	deferinloop	lib/config/config-utils.go:120:3	deferinloop/cleanup-lifetime	false-positive	loadIcon iterates exactly two hard-coded candidate icon paths (.png and .jpg), opening at most two files and deferring Close until function return; success breaks immediately, so no unbounded descriptor accumulation (config-utils.go:101-106,114-159). Repository scan incomplete elsewhere.
gliderlabs/sigil	203eee087ee64803880f2dc1d6af2899a6d50ee6	resourcelifetime	builtin/builtin.go:98:15	resourcelifetime/missing-release	true-positive	HttpGet returns resp.Body wrapped in sigil.NamedReader, whose field type is only io.Reader and exposes no Close; package consumers sigil.String/read call io.ReadAll without closing underlying response Body (builtin.go:93-103,251-255; sigil.go:37-54).
google/keep-sorted	b225c42a9a8f480d760cf967d1e3a839060b242c	resourcelifetime	goldens/golden_test.go:71:16	resourcelifetime/missing-release	true-positive	Each parallel golden subtest os.Open's .in file and passes it as io.Reader to runKeepSorted, which sets cmd.Stdin but never closes input; no in.Close on success or t.Fatal paths (golden_test.go:64-95,137-174).
grandecola/bigqueue	22061d03336fe92cedfdde0348f06aa19237457e	resourcelifetime	arena.go:35:13	resourcelifetime/missing-release	true-positive	openOrCreateFile successfully opens fd, but fd.Stat or fd.Truncate error returns nil,error before Close or transfer; success returns fd to caller (arena.go:35-51).
grandecola/bigqueue	22061d03336fe92cedfdde0348f06aa19237457e	resourcelifetime	arena_test.go:31:15	resourcelifetime/missing-release	true-positive	TestNewArenaNoReadPerm successfully os.OpenFile's setup file then discards *File, deferring only pathname removal; later newArena cannot close original descriptor (arena_test.go:24-39).
grandecola/bigqueue	22061d03336fe92cedfdde0348f06aa19237457e	resourcelifetime	arena_test.go:85:15	resourcelifetime/missing-release	true-positive	Test setup os.Create's arena file and discards *File; os.Truncate by pathname and aa.Unmap close different resources, while deferred os.Remove does not close original handle (arena_test.go:76-100).
hackirby/skuld	af8fb05813f41a7f5b3a7afc31c047314d781447	deferinloop	utils/requests/requests.go:156:3	deferinloop/cleanup-lifetime	false-positive	Webhook handles more than ten files by separate single-file recursive calls and returns; this loop runs only when len(files)<=10, so at most ten descriptors await function return. Delayed Close is bounded, not accumulating with arbitrary input (requests.go:142-156). Repository scan incomplete elsewhere.
hashicorp/go-cleanhttp	2901fbf3e0ecb2512cd7d278977a6b4ae0342ac0	resourcelifetime	handlers_test.go:68:16	resourcelifetime/missing-release	true-positive	Each table subtest successfully http.Get's its httptest server response, checks StatusCode, then returns without res.Body.Close; ts.Close stops the server, not the client-owned response body (handlers_test.go:62-76).
hashicorp/hil	c900742e5934ef4f8f0b9c929f8219f9008a3d74	nilargument	parser/parser.go:17:17	nilargument/dereferenced-nil	false-positive	Parse constructs nonnil parser and scanner.NewPeeker returns &Peeker before ParseTopLevel; Peeker.Peek initializes its optional nil peeked field before use. A malformed/closed token channel may be problematic but is not a definitely nil argument at this call (parser.go:14-27; scanner/peeker.go:15-29).
icyphox/legit	5acac24dede0143e6415d83d94a66017fd3c2692	processownership	git/service/service.go:35:12	processownership/missing-wait	true-positive	InfoRefs starts upload-pack, then packLine, packFlush, or stdout io.Copy error returns before cmd.Wait at service.go:56; successful child is not reaped on those feasible errors.
icyphox/legit	5acac24dede0143e6415d83d94a66017fd3c2692	processownership	git/service/service.go:90:12	processownership/missing-wait	true-positive	UploadPack starts child, then stdin or stdout io.Copy error returns at service.go:95-103 before cmd.Wait at 105; deferred pipe Close does not reap child.
jefferyjob/go-redislock	e618f365c9bf526f1dfaddbd108c7b6d587d20cb	cancellationownership	tests/lock_reentrant_test.go:171:19	cancellationownership/release	false-positive	Table subcases: cancellation case invokes cancel asynchronously at :161; success case has no dependent work; timeout case's worker sleeps a fixed 5s and eventual Redis calls are not proven blocked, while WithCancel(Background) creates no timer/parent subscription. A possibly outliving worker is separate, not proof this CancelFunc retains an actionable cancellation resource (:120-183).
jenkins-zh/jenkins-cli	c926d60cb6f97f9e28f9e1bee689ceaa48a6622c	deferinloop	client/job.go:154:4	deferinloop/cleanup-lifetime	true-positive	Build opens each file parameter in arbitrary-length loop and defers each Close until whole Build returns, accumulating descriptors (job.go:154 onward).
jenkins-zh/jenkins-cli	c926d60cb6f97f9e28f9e1bee689ceaa48a6622c	deferinloop	client/job.go:510:4	deferinloop/cleanup-lifetime	true-positive	Build opens each file parameter in arbitrary-length loop and defers each Close until whole Build returns, accumulating descriptors (job.go:510 onward).
jenkins-zh/jenkins-cli	c926d60cb6f97f9e28f9e1bee689ceaa48a6622c	nilargument	client/release_test.go:24:16	nilargument/dereferenced-nil	false-positive	Test helper supplies mocked github.Client; on successful GetLatestReleaseAsset, callee constructs &ReleaseAsset, so asset is not definitely nil on normal path. Nonfatal assert.Nil(err) does not prove error path safe, but cannot justify definite-nil claim (release_test.go:24; release constructor).
jenkins-zh/jenkins-cli	c926d60cb6f97f9e28f9e1bee689ceaa48a6622c	nilargument	client/release_test.go:39:16	nilargument/dereferenced-nil	false-positive	Test helper supplies mocked github.Client; on successful GetLatestJCLIAsset, callee constructs &ReleaseAsset, so asset is not definitely nil on normal path. Nonfatal assert.Nil(err) does not prove error path safe, but cannot justify definite-nil claim (release_test.go:39; release constructor).
jenkins-zh/jenkins-cli	c926d60cb6f97f9e28f9e1bee689ceaa48a6622c	processownership	app/cmd/root.go:393:11	processownership/missing-wait	true-positive	After successful cmd.Start, writer.Write error returns before cmd.Wait, so started process is not reaped on that path (root.go:393 onward).
jenkins-zh/jenkins-cli	c926d60cb6f97f9e28f9e1bee689ceaa48a6622c	resourcelifetime	app/cmd/center_list.go:104:15	resourcelifetime/missing-release	true-positive	Successful HTTP response Body is closed only after ReadAll succeeds; read-error return bypasses Close (center_list.go:104 onward).
jenkins-zh/jenkins-cli	c926d60cb6f97f9e28f9e1bee689ceaa48a6622c	resourcelifetime	app/cmd/cwp.go:252:11	resourcelifetime/missing-release	true-positive	Command creates temp file and writes/returns its path without closing original *os.File handle (cwp.go:252 onward).
jenkins-zh/jenkins-cli	c926d60cb6f97f9e28f9e1bee689ceaa48a6622c	resourcelifetime	app/cmd/upgrade_labmouse.go:262:16	resourcelifetime/missing-release	true-positive	Successful http.Get response is inspected without Body.Close (upgrade_labmouse.go:262 onward).
jenkins-zh/jenkins-cli	c926d60cb6f97f9e28f9e1bee689ceaa48a6622c	resourcelifetime	app/cmd/upgrade_labmouse.go:272:17	resourcelifetime/missing-release	true-positive	Successful http.Get response is inspected without Body.Close (upgrade_labmouse.go:272 onward).
jenkins-zh/jenkins-cli	c926d60cb6f97f9e28f9e1bee689ceaa48a6622c	resourcelifetime	client/common.go:184:22	resourcelifetime/missing-release	true-positive	Successful response Body is read without Close on ordinary or error paths (common.go:184 onward).
jenkins-zh/jenkins-cli	c926d60cb6f97f9e28f9e1bee689ceaa48a6622c	resourcelifetime	client/common.go:311:21	resourcelifetime/missing-release	true-positive	Successful response Body is read without Close on ordinary or error paths (common.go:311 onward).
jenkins-zh/jenkins-cli	c926d60cb6f97f9e28f9e1bee689ceaa48a6622c	resourcelifetime	client/job.go:363:21	resourcelifetime/missing-release	true-positive	Successful response Body is read without Close on ordinary or error paths (job.go:363 onward).
jenkins-zh/jenkins-cli	c926d60cb6f97f9e28f9e1bee689ceaa48a6622c	resourcelifetime	client/pluginManger.go:172:18	resourcelifetime/missing-release	true-positive	Successful response is obtained and headers/status checked without Body.Close (pluginManger.go:172 onward).
jenkins-zh/jenkins-cli	c926d60cb6f97f9e28f9e1bee689ceaa48a6622c	resourcelifetime	client/pluginManger.go:256:21	resourcelifetime/missing-release	true-positive	Successful response is obtained and headers/status checked without Body.Close (pluginManger.go:256 onward).
jenkins-zh/jenkins-cli	c926d60cb6f97f9e28f9e1bee689ceaa48a6622c	resourcelifetime	client/test_methods.go:176:16	resourcelifetime/missing-release	true-positive	Test helper creates TempFile and uses it for multipart copy without closing original handle (test_methods.go:176 onward).
jenkins-zh/jenkins-cli	c926d60cb6f97f9e28f9e1bee689ceaa48a6622c	resourcelifetime	pkg/docker/start_jenkins.go:125:28	resourcelifetime/missing-release	true-positive	Tar creation opens each input file and reads it but never closes original handle before next file/return (start_jenkins.go:125 onward).
jesusprubio/up	51ff50dcbecb0b7794e155c8eb067b9f9e6cc886	concurrentcapture	main.go:176:6	concurrentcapture/shared-capture	true-positive	For multiple nonempty stdin target lines, sibling goroutines assign the same outer err with probe.Do(ctx), unsynchronized; wg.Wait only orders after their writes (main.go:132-187). The bounded target channel does not serialize them.
jesusprubio/up	51ff50dcbecb0b7794e155c8eb067b9f9e6cc886	concurrentcapture	main.go:208:6	concurrentcapture/shared-capture	true-positive	Default protocols slice has HTTP, TCP, and DNS, so three sibling goroutines assign the same outer err with probe.Do(ctx) concurrently; wg.Wait only joins afterward (main.go:65-81,189-216).
kalbhor/Tasqueue	bbcb8409e0fec85a5d6bef2b5e0d7b9ed9275f97	cancellationownership	examples/in-memory/main.go:77:12	cancellationownership/release	false-positive	Example main installs signal.NotifyContext for process-lifetime shutdown, passes ctx to blocking srv.Start as final action, and exits after Start returns; stop would not release an obligation during continued work. Registration is intentional during server lifetime (server.go:255-289; example examples/in-memory/main.go:77:12).
kalbhor/Tasqueue	bbcb8409e0fec85a5d6bef2b5e0d7b9ed9275f97	cancellationownership	examples/nats-js/main.go:19:12	cancellationownership/release	false-positive	Example main installs signal.NotifyContext for process-lifetime shutdown, passes ctx to blocking srv.Start as final action, and exits after Start returns; stop would not release an obligation during continued work. Registration is intentional during server lifetime (server.go:255-289; example examples/nats-js/main.go:19:12).
kunchenguid/gsh	fb8249bc5e590240bac3ce9f6f98e702afea21b0	cancellationownership	internal/script/interpreter/builtin_ui.go:111:31	cancellationownership/release	false-positive	WithCancel(Background) has no deadline or parent subscription here, and ManagedSpinner.Start ignores the passed ctx; spinner lifetime is controlled by manager RemoveSpinner/StopAll, so discarded cancel leaves no actionable resource or child work (builtin_ui.go:105-118,155-186; spinner.go:147-205). Repository scan incomplete elsewhere.
kunchenguid/gsh	fb8249bc5e590240bac3ce9f6f98e702afea21b0	resourcelifetime	internal/utils/httpclient_test.go:31:15	resourcelifetime/missing-release	true-positive	Test successfully client.Do's httptest request and checks response.StatusCode without closing resp.Body before return; ts.Close only stops server (httpclient_test.go:18-34). Repository scan incomplete elsewhere.
l3yx/Choccy	5e74e6cf314a445734a19488880aa9017278217e	resourcelifetime	server/util/download.go:31:15	resourcelifetime/missing-release	true-positive	Successful HTTP Do response Body is closed only after os.Create and io.Copy succeed; create/copy errors return before defer Body.Close at :47 (download.go:31-49). Repository scan incomplete elsewhere.
l3yx/Choccy	5e74e6cf314a445734a19488880aa9017278217e	resourcelifetime	server/util/download.go:37:15	resourcelifetime/missing-release	true-positive	Successful os.Create output file is closed only after io.Copy succeeds; copy error at :42-44 returns before defer file.Close at :46 (download.go:37-49). Repository scan incomplete elsewhere.
l3yx/Choccy	5e74e6cf314a445734a19488880aa9017278217e	resourcelifetime	server/util/github.go:41:15	resourcelifetime/missing-release	true-positive	Successful HTTP Do response Body is io.ReadAll'd; read error returns at :47-49 before defer Body.Close at :51 (github.go:41-55). Repository scan incomplete elsewhere.
leanovate/gopter	967a5004fb702c153283a99f5a3908ee6570c066	nilargument	gen_test.go:265:24	nilargument/dereferenced-nil	false-positive	constGen always returns NewGenResult; MapResult invokes mapper synchronously during Sample, assigning nonnil mappedWith before Retrieve. t.Error at :262 is nonfatal but this exact generator path cannot omit callback (gen_test.go:10-13,250-267; gen.go:27-28,213-216). Repository scan incomplete elsewhere.
lure-sh/lure	5999c1c8e6e569c0a265bda1e55531ffddbada87	processownership	internal/shutils/handlers/fakeroot.go:43:9	processownership/missing-wait	false-positive	Successful cmd.Start is paired with cmd.Wait at fakeroot.go:65 on all ensuing paths, including the cancellable-context path; no missing reap. Repository scan incomplete elsewhere.
lure-sh/lure	5999c1c8e6e569c0a265bda1e55531ffddbada87	processownership	pkg/manager/apk.go:123:8	processownership/missing-wait	true-positive	ListInstalled takes StdoutPipe, starts command, scans output then returns without cmd.Wait on success or scanner-error paths (pkg/manager/apk.go:123 onward). Repository scan incomplete elsewhere.
lure-sh/lure	5999c1c8e6e569c0a265bda1e55531ffddbada87	processownership	pkg/manager/apt.go:115:8	processownership/missing-wait	true-positive	ListInstalled takes StdoutPipe, starts command, scans output then returns without cmd.Wait on success or scanner-error paths (pkg/manager/apt.go:115 onward). Repository scan incomplete elsewhere.
lure-sh/lure	5999c1c8e6e569c0a265bda1e55531ffddbada87	processownership	pkg/manager/dnf.go:122:8	processownership/missing-wait	true-positive	ListInstalled takes StdoutPipe, starts command, scans output then returns without cmd.Wait on success or scanner-error paths (pkg/manager/dnf.go:122 onward). Repository scan incomplete elsewhere.
lure-sh/lure	5999c1c8e6e569c0a265bda1e55531ffddbada87	processownership	pkg/manager/pacman.go:122:8	processownership/missing-wait	true-positive	ListInstalled takes StdoutPipe, starts command, scans output then returns without cmd.Wait on success or scanner-error paths (pkg/manager/pacman.go:122 onward). Repository scan incomplete elsewhere.
lure-sh/lure	5999c1c8e6e569c0a265bda1e55531ffddbada87	processownership	pkg/manager/yum.go:122:8	processownership/missing-wait	true-positive	ListInstalled takes StdoutPipe, starts command, scans output then returns without cmd.Wait on success or scanner-error paths (pkg/manager/yum.go:122 onward). Repository scan incomplete elsewhere.
lure-sh/lure	5999c1c8e6e569c0a265bda1e55531ffddbada87	processownership	pkg/manager/zypper.go:122:8	processownership/missing-wait	true-positive	ListInstalled takes StdoutPipe, starts command, scans output then returns without cmd.Wait on success or scanner-error paths (pkg/manager/zypper.go:122 onward). Repository scan incomplete elsewhere.
lure-sh/lure	5999c1c8e6e569c0a265bda1e55531ffddbada87	resourcelifetime	internal/dl/dl.go:285:14	resourcelifetime/missing-release	true-positive	Opened directory exits on Readdirnames EOF-break or other error before Close at dl.go:297, leaking handle on feasible path. Repository scan incomplete elsewhere.
lure-sh/lure	5999c1c8e6e569c0a265bda1e55531ffddbada87	resourcelifetime	internal/dl/file.go:236:17	resourcelifetime/missing-release	true-positive	Output file outFl is opened and io.Copy'd but not closed on success or copy error (file.go:236 onward). Repository scan incomplete elsewhere.
lure-sh/lure	5999c1c8e6e569c0a265bda1e55531ffddbada87	resourcelifetime	pkg/build/build.go:537:14	resourcelifetime/missing-release	true-positive	Opened directory returns nil when Readdirnames error is not EOF at build.go:545 before any Close. Repository scan incomplete elsewhere.
lure-sh/lure	5999c1c8e6e569c0a265bda1e55531ffddbada87	resourcelifetime	pkg/distro/osrelease.go:58:13	resourcelifetime/missing-release	true-positive	Either file-opening branch reaches parser error return at osrelease.go:67-69 before Close at :71, leaking successfully opened handle. Repository scan incomplete elsewhere.
lure-sh/lure	5999c1c8e6e569c0a265bda1e55531ffddbada87	resourcelifetime	pkg/distro/osrelease.go:60:13	resourcelifetime/missing-release	true-positive	Either file-opening branch reaches parser error return at osrelease.go:67-69 before Close at :71, leaking successfully opened handle. Repository scan incomplete elsewhere.
lyft/flinkk8soperator	2099cc007bd0a9fc8e7182c660e655a38a4fb92c	cancellationownership	cmd/flinkk8soperator/cmd/root.go:182:11	cancellationownership/release	false-positive	operatorEntryPoint installs signal.NotifyContext immediately before blocking mgr.Start(ctx); its caller waits for ctx.Done or cancels on manager error, then root Cobra command returns to main/process exit. Registration is intentionally held for manager lifetime, with no later reuse requiring stop (root.go:129-136,180-183; main.go:8).
mailru/go-clickhouse	6a9c1a6f264fe29f8c9a1b457ad6864cebb5799e	resourcelifetime	clickhouse_test.go:87:12	resourcelifetime/missing-release	false-positive	Test calls Query after DB.Close and asserts sql: database is closed, so no successful rows resource is acquired (clickhouse_test.go:87:12).
mailru/go-clickhouse	6a9c1a6f264fe29f8c9a1b457ad6864cebb5799e	resourcelifetime	clickhouse_test.go:91:11	resourcelifetime/missing-release	false-positive	Test calls Query after DB.Close and asserts sql: database is closed, so no successful rows resource is acquired (clickhouse_test.go:91:11).
mailru/go-clickhouse	6a9c1a6f264fe29f8c9a1b457ad6864cebb5799e	resourcelifetime	clickhouse_test.go:95:11	resourcelifetime/missing-release	false-positive	Test calls Query after DB.Close and asserts sql: database is closed, so no successful rows resource is acquired (clickhouse_test.go:95:11).
mailru/go-clickhouse	6a9c1a6f264fe29f8c9a1b457ad6864cebb5799e	resourcelifetime	conn_go18_test.go:23:12	resourcelifetime/missing-release	false-positive	Test deliberately cancels context during sleep and asserts context-canceled Query error; no successful rows resource is acquired (conn_go18_test.go:23:12).
mailru/go-clickhouse	6a9c1a6f264fe29f8c9a1b457ad6864cebb5799e	resourcelifetime	conn_go19_test.go:36:16	resourcelifetime/missing-release	false-positive	Successful rows are explicitly closed after use in this test; diagnostic misses exact Rows.Close cleanup (conn_go19_test.go:36:16).
mailru/go-clickhouse	6a9c1a6f264fe29f8c9a1b457ad6864cebb5799e	resourcelifetime	conn_test.go:157:16	resourcelifetime/missing-release	false-positive	Successful rows are explicitly closed after use in this test; diagnostic misses exact Rows.Close cleanup (conn_test.go:157:16).
mailru/go-clickhouse	6a9c1a6f264fe29f8c9a1b457ad6864cebb5799e	resourcelifetime	conn_test.go:186:12	resourcelifetime/missing-release	false-positive	Test intentionally provokes server or timeout Query error and checks it, so no successful Rows owner exists on the tested path (conn_test.go:186:12).
mailru/go-clickhouse	6a9c1a6f264fe29f8c9a1b457ad6864cebb5799e	resourcelifetime	conn_test.go:197:12	resourcelifetime/missing-release	false-positive	Test intentionally provokes server or timeout Query error and checks it, so no successful Rows owner exists on the tested path (conn_test.go:197:12).
mailru/go-clickhouse	6a9c1a6f264fe29f8c9a1b457ad6864cebb5799e	resourcelifetime	conn_test.go:208:11	resourcelifetime/missing-release	true-positive	QueryContext succeeds after s.NoError, but returned *sql.Rows is discarded without iteration or Close, leaving owner unreleased (conn_test.go:208:11).
mailru/go-clickhouse	6a9c1a6f264fe29f8c9a1b457ad6864cebb5799e	resourcelifetime	conn_test.go:215:11	resourcelifetime/missing-release	true-positive	QueryContext succeeds after s.NoError, but returned *sql.Rows is discarded without iteration or Close, leaving owner unreleased (conn_test.go:215:11).
mailru/go-clickhouse	6a9c1a6f264fe29f8c9a1b457ad6864cebb5799e	resourcelifetime	conn_test.go:483:15	resourcelifetime/missing-release	true-positive	Successful Query rows.Next/Scan reads one row but neither calls Rows.Close nor exhausts to Next(false), leaving rows open (conn_test.go:483 onward).
mailru/go-clickhouse	6a9c1a6f264fe29f8c9a1b457ad6864cebb5799e	resourcelifetime	conn_test.go:71:17	resourcelifetime/missing-release	false-positive	Successful rows are explicitly closed after use in this test; diagnostic misses exact Rows.Close cleanup (conn_test.go:71:17).
mailru/go-clickhouse	6a9c1a6f264fe29f8c9a1b457ad6864cebb5799e	resourcelifetime	stmt_go18_test.go:22:11	resourcelifetime/missing-release	false-positive	Test deliberately cancels context during sleep and asserts context-canceled Query error; no successful rows resource is acquired (stmt_go18_test.go:22:11).
mailru/go-clickhouse	6a9c1a6f264fe29f8c9a1b457ad6864cebb5799e	resourcelifetime	stmt_test.go:109:12	resourcelifetime/use-after-release	false-positive	Intentional negative test executes on closed statement and asserts sql: statement is closed; rejected operation is the behavior under test, not an accidental use-after-release (stmt_test.go:109).
mailru/go-clickhouse	6a9c1a6f264fe29f8c9a1b457ad6864cebb5799e	resourcelifetime	stmt_test.go:42:14	resourcelifetime/missing-release	false-positive	Prepared statement is explicitly closed at test end; no missing release (stmt_test.go:42:14).
mailru/go-clickhouse	6a9c1a6f264fe29f8c9a1b457ad6864cebb5799e	resourcelifetime	stmt_test.go:48:17	resourcelifetime/missing-release	false-positive	Successful rows are explicitly closed after use in this test; diagnostic misses exact Rows.Close cleanup (stmt_test.go:48:17).
mailru/go-clickhouse	6a9c1a6f264fe29f8c9a1b457ad6864cebb5799e	resourcelifetime	stmt_test.go:64:12	resourcelifetime/missing-release,resourcelifetime/use-after-release	false-positive	Test calls Query on already-closed statement and asserts sql: statement is closed. This intentional negative test acquires no new rows; the expected error path is not an actionable use-after-release bug (stmt_test.go:64).
mailru/go-clickhouse	6a9c1a6f264fe29f8c9a1b457ad6864cebb5799e	resourcelifetime	stmt_test.go:88:14	resourcelifetime/missing-release	false-positive	Prepared statement is explicitly closed at test end; no missing release (stmt_test.go:88:14).
mailru/go-clickhouse	6a9c1a6f264fe29f8c9a1b457ad6864cebb5799e	resourcelifetime	stmt_test.go:98:17	resourcelifetime/missing-release	false-positive	Successful rows are explicitly closed after use in this test; diagnostic misses exact Rows.Close cleanup (stmt_test.go:98:17).
mautrix/imessage	300ba6d0e5566d1f841d42ee1555779a9b6fa4be	resourcelifetime	config/download.go:111:15	resourcelifetime/missing-release	true-positive	Download succeeds client.Do GET, but HTTP >=400 branch returns before defer resp.Body.Close at line 117; normal status closes Body (download.go:111-117). Repository scan incomplete elsewhere.
mautrix/imessage	300ba6d0e5566d1f841d42ee1555779a9b6fa4be	resourcelifetime	config/download.go:118:15	resourcelifetime/missing-release	true-positive	Download opens output file and io.Copy's response Body, but never calls file.Close on success or write-error return; response Body defer is a different resource (download.go:118-126). Repository scan incomplete elsewhere.
mautrix/imessage	300ba6d0e5566d1f841d42ee1555779a9b6fa4be	resourcelifetime	config/download.go:72:15	resourcelifetime/missing-release	true-positive	getRedirect sends HEAD request and obtains response, inspects status/Location/output, then returns without resp.Body.Close on all paths (download.go:60-92). Repository scan incomplete elsewhere.
maxpoletaev/dendy	cf437c0bf6cb4b032bbb603634d6f16f2ce56114	nilargument	system/system.go:75:2	nilargument/dereferenced-nil	false-positive	System.New builds nonnil s, CPU, PPU, APU, bus, and buffers before s.Reset; Reset's cart/port fields come from parameters, not definitely nil, and main obtains cart from NewCartridge's nil-error branch and fresh device constructors before calling system.New (system.go:54-75,103-110; cmd/dendy/main.go:152-202). Repository scan incomplete due other package build errors.
mhmdiaa/second-order	400a81d9d3e82d49a88413af62f6e58641c914e2	resourcelifetime	second-order.go:337:14	resourcelifetime/missing-release	true-positive	isNotFound successfully client.Do's request then checks res.StatusCode and returns without res.Body.Close on both 404 and other status paths (second-order.go:337-345).
ncarlier/readflow	3fac6840b8436981e10285f5608ad2ad4f5381a2	resourcelifetime	internal/integration/webhook/keeper/keeper.go:88:15	resourcelifetime/missing-release	true-positive	Successful HTTP response with error status returns before a later response.Body.Close defer; status-error path retains the owned body (keeper.go:88 onward).
ncarlier/readflow	3fac6840b8436981e10285f5608ad2ad4f5381a2	resourcelifetime	internal/integration/webhook/pocket/pocket.go:85:15	resourcelifetime/missing-release	true-positive	Successful HTTP response with error status returns before a later response.Body.Close defer; status-error path retains the owned body (pocket.go:85 onward).
ncarlier/readflow	3fac6840b8436981e10285f5608ad2ad4f5381a2	resourcelifetime	internal/integration/webhook/readflow/readflow.go:80:15	resourcelifetime/missing-release	true-positive	Successful HTTP response Body is not closed on either ordinary success or bad status path (readflow.go:80 onward).
ncarlier/readflow	3fac6840b8436981e10285f5608ad2ad4f5381a2	resourcelifetime	internal/integration/webhook/shaarli/shaarli.go:100:15	resourcelifetime/missing-release	true-positive	Successful HTTP response Body is not closed on either ordinary success or bad status path (shaarli.go:100 onward).
ncarlier/readflow	3fac6840b8436981e10285f5608ad2ad4f5381a2	resourcelifetime	internal/integration/webhook/wallabag/wallabag.go:113:15	resourcelifetime/missing-release	true-positive	Successful HTTP response with error status returns before later response.Body.Close defer (wallabag.go:113 onward).
ncarlier/readflow	3fac6840b8436981e10285f5608ad2ad4f5381a2	resourcelifetime	internal/integration/webhook/wallabag/wallabag.go:152:14	resourcelifetime/missing-release	true-positive	PostForm returns HTTP response whose Body is never closed after status/decode or normal success (wallabag.go:152 onward).
ncarlier/readflow	3fac6840b8436981e10285f5608ad2ad4f5381a2	resourcelifetime	pkg/event/dispatcher/http-dispatcher.go:23:15	resourcelifetime/missing-release	true-positive	http.Post response is discarded without Body.Close on success and bad-status paths (http-dispatcher.go:23 onward).
ncarlier/readflow	3fac6840b8436981e10285f5608ad2ad4f5381a2	resourcelifetime	pkg/scraper/content-provider/oembed/oembed.go:44:14	resourcelifetime/missing-release	true-positive	Successful HTTP response with error status returns before later response.Body.Close defer (oembed.go:44 onward).
ncarlier/readflow	3fac6840b8436981e10285f5608ad2ad4f5381a2	resourcelifetime	pkg/scraper/web-scraper.go:92:14	resourcelifetime/missing-release	true-positive	getContentType sends HEAD request and reads returned response header without closing response.Body on success (web-scraper.go:92 onward).
netlify/git-gateway	740284b6085f58002f8b8a453430f692f85dae65	resourcelifetime	conf/logging.go:38:17	resourcelifetime/missing-release	true-positive	ConfigureLogging opens file and assigns it to local logger.Out, but invalid config.Level makes logrus.ParseLevel error-return nil before logger/entry is returned, without closing f; ordinary success transfers file to returned logger (logging.go:36-61).
niklasfasching/go-org	2f088a12697ba4dad46c2c2084db3ae1707830fb	resourcelifetime	blorg/config.go:45:12	resourcelifetime/missing-release	true-positive	ReadConfig os.Open's config f and passes it to org.Configuration.Parse(io.Reader), which does not own or close it; no f.Close before success or parse-error returns, and Serve may call ReadConfig repeatedly per request (config.go:43-113,116-132; document.go:130).
nodauf/GoMapEnum	5aee194c48ec2e179a529ab3fd74178cfff28d31	resourcelifetime	src/modules/adfs/utils.go:48:15	resourcelifetime/missing-release	true-positive	First successful client.Do response is used for cookie then overwritten by second Do without closing first Body (adfs/utils.go:48-64). Repository scan incomplete elsewhere.
nodauf/GoMapEnum	5aee194c48ec2e179a529ab3fd74178cfff28d31	resourcelifetime	src/modules/adfs/utils.go:64:14	resourcelifetime/missing-release	true-positive	Second successful client.Do response Body is read but never closed before return (adfs/utils.go:64 onward). Repository scan incomplete elsewhere.
nodauf/GoMapEnum	5aee194c48ec2e179a529ab3fd74178cfff28d31	resourcelifetime	src/modules/azure/userEnum.go:79:15	resourcelifetime/missing-release	true-positive	Successful HTTP response status/header/body is inspected then returned from function without Body.Close (azure/userEnum.go:79 onward). Repository scan incomplete elsewhere.
nodauf/GoMapEnum	5aee194c48ec2e179a529ab3fd74178cfff28d31	resourcelifetime	src/modules/google/userEnum.go:31:15	resourcelifetime/missing-release	true-positive	Successful HTTP response status/header/body is inspected then returned from function without Body.Close (google/userEnum.go:31 onward). Repository scan incomplete elsewhere.
nodauf/GoMapEnum	5aee194c48ec2e179a529ab3fd74178cfff28d31	resourcelifetime	src/modules/o365/utils.go:102:15	resourcelifetime/missing-release	true-positive	Successful HTTP response status/header/body is inspected then returned from function without Body.Close (o365/utils.go:102 onward). Repository scan incomplete elsewhere.
nodauf/GoMapEnum	5aee194c48ec2e179a529ab3fd74178cfff28d31	resourcelifetime	src/modules/o365/utils.go:282:15	resourcelifetime/missing-release	true-positive	Successful HTTP response status/header/body is inspected then returned from function without Body.Close (o365/utils.go:282 onward). Repository scan incomplete elsewhere.
nodauf/GoMapEnum	5aee194c48ec2e179a529ab3fd74178cfff28d31	resourcelifetime	src/modules/o365/utils.go:316:15	resourcelifetime/missing-release	true-positive	Successful HTTP response status/header/body is inspected then returned from function without Body.Close (o365/utils.go:316 onward). Repository scan incomplete elsewhere.
nodauf/GoMapEnum	5aee194c48ec2e179a529ab3fd74178cfff28d31	resourcelifetime	src/modules/owa/utils.go:100:15	resourcelifetime/missing-release	true-positive	Successful HTTP response status/header/body is inspected then returned from function without Body.Close (owa/utils.go:100 onward). Repository scan incomplete elsewhere.
nodauf/GoMapEnum	5aee194c48ec2e179a529ab3fd74178cfff28d31	resourcelifetime	src/modules/owa/utils.go:128:15	resourcelifetime/missing-release	true-positive	Successful HTTP response status/header/body is inspected then returned from function without Body.Close (owa/utils.go:128 onward). Repository scan incomplete elsewhere.
nodauf/GoMapEnum	5aee194c48ec2e179a529ab3fd74178cfff28d31	resourcelifetime	src/modules/owa/utils.go:28:15	resourcelifetime/missing-release	true-positive	Successful HTTP response status/header/body is inspected then returned from function without Body.Close (owa/utils.go:28 onward). Repository scan incomplete elsewhere.
nodauf/GoMapEnum	5aee194c48ec2e179a529ab3fd74178cfff28d31	resourcelifetime	src/modules/teams/userEnum.go:43:16	resourcelifetime/missing-release	true-positive	Successful HTTP response status/header/body is inspected then returned from function without Body.Close (teams/userEnum.go:43 onward). Repository scan incomplete elsewhere.
nodauf/GoMapEnum	5aee194c48ec2e179a529ab3fd74178cfff28d31	resourcelifetime	src/modules/teams/userEnum.go:70:15	resourcelifetime/missing-release	true-positive	Successful HTTP response status/header/body is inspected then returned from function without Body.Close (teams/userEnum.go:70 onward). Repository scan incomplete elsewhere.
nodauf/GoMapEnum	5aee194c48ec2e179a529ab3fd74178cfff28d31	resourcelifetime	src/modules/teams/utils.go:29:15	resourcelifetime/missing-release	true-positive	Successful HTTP response status/header/body is inspected then returned from function without Body.Close (teams/utils.go:29 onward). Repository scan incomplete elsewhere.
notaryproject/notation	2c82269853b35a9743f6a36c1da6de7e5d367149	resourcelifetime	test/e2e/internal/notation/file.go:53:12	resourcelifetime/missing-release	true-positive	saveJSON successfully os.OpenFile's f and passes it only as an io.Writer to json.Encoder.Encode; no f.Close occurs before return on success or encode error (file.go:53-57).
opencontainers/runtime-tools	8a4db579f5c88af5a0d036fad34bddc9c1f703f3	nilargument	generate/generate.go:246:13	nilargument/dereferenced-nil	false-positive	seccomp.DefaultProfile receives &config, an address of local rspec.Spec and therefore nonnil; DefaultProfile constructs its return from that input, so no definitely nil argument at the reported call (generate.go:246; seccomp_default.go:35 onward).
opencontainers/runtime-tools	8a4db579f5c88af5a0d036fad34bddc9c1f703f3	resourcelifetime	cmd/runtimetest/main.go:574:19	resourcelifetime/missing-release	true-positive	Successful os.CreateTemp file is used only by Name and path visibility checks, with deferred Remove but no tmpfile.Close in this branch before function return (main.go:574-615).
opencontainers/runtime-tools	8a4db579f5c88af5a0d036fad34bddc9c1f703f3	resourcelifetime	validate/validate_test.go:277:15	resourcelifetime/missing-release	true-positive	Test creates non-directory rootfs via os.Create then discards returned *File; deferred RemoveAll of directory does not close descriptor (validate_test.go:264-307).
opencontainers/runtime-tools	8a4db579f5c88af5a0d036fad34bddc9c1f703f3	resourcelifetime	validation/linux_masked_paths/linux_masked_paths.go:43:19	resourcelifetime/missing-release	true-positive	Runtime validation callback creates temp file then defers only os.Remove(tmpfile.Name()); no file Close before callback returns, including subsequent write/error paths (linux_masked_paths.go:36-57).
opencontainers/runtime-tools	8a4db579f5c88af5a0d036fad34bddc9c1f703f3	resourcelifetime	validation/linux_readonly_paths/linux_readonly_paths.go:43:19	resourcelifetime/missing-release	true-positive	Runtime validation callback creates temp file then defers only os.Remove(tmpfile.Name()); no file Close before callback returns, including subsequent write/error paths (linux_readonly_paths.go:36-57).
opentdp/tdp-cloud	18c8cd98fb3a5a37b031dcc193de80032c419bc5	resourcelifetime	api/tencent/controller.go:62:15	resourcelifetime/missing-release	true-positive	Successful http.Get response Body is io.ReadAll'd and stored into Gin context but never closed on either read success or error before vncProxy returns (controller.go:60-75). Repository scan incomplete elsewhere.
openzipkin/zipkin-go	7c09a19912aa3b88dad72eb39a9ac677685e7e2f	resourcelifetime	middleware/http/baggage_test.go:121:15	resourcelifetime/missing-release	false-positive	Inner handler2 finishes with only w.WriteHeader(201) at baggage_test.go:132, no body write; zero-length response exposes http.NoBody, so discarded successful s.c.Do result has no body resource to release. This is an exact test-server response contract.
openzipkin/zipkin-go	7c09a19912aa3b88dad72eb39a9ac677685e7e2f	resourcelifetime	middleware/http/baggage_test.go:72:14	resourcelifetime/missing-release	false-positive	Test handler1 finishes with only w.WriteHeader(201) at baggage_test.go:125, no body write; net/http returns http.NoBody for zero-length response, so discarded successful cli.Do result has no body resource to release. This is an exact test-server response contract.
ossrs/srs-bench	63ead9cbdeb6a8041f5df9483628b9237b252122	cancellationownership	blackbox/util.go:848:17	cancellationownership/release	true-positive	doDVR creates WithCancel(ctx) before !dvrByFFmpeg early return and drops cancel/child registration on that path; process.Run transfer occurs only on true path (util.go:848 onward). Repository scan incomplete elsewhere.
ossrs/srs-bench	63ead9cbdeb6a8041f5df9483628b9237b252122	cancellationownership	gb28181/gb28181.go:104:17	cancellationownership/release	true-positive	Run derives cancellable ctx but calls cancel only on no-media branch; Connect/Register/Invite errors and media paths return without cancel, while session/ingester Close cancel only their own derived contexts (gb28181.go:104 onward). Repository scan incomplete elsewhere.
ossrs/srs-bench	63ead9cbdeb6a8041f5df9483628b9237b252122	processownership	blackbox/util.go:307:12	processownership/missing-wait	true-positive	After successful cmd.Start, onAfterStart error returns before any Wait goroutine is registered; deferred v.Close has wg=0 and does not reap child (util.go:307 onward). Repository scan incomplete elsewhere.
ossrs/srs-bench	63ead9cbdeb6a8041f5df9483628b9237b252122	resourcelifetime	blackbox/http_api_test.go:77:13	resourcelifetime/missing-release	true-positive	Test discards successful http.Get response without Body.Close on success/error status (http_api_test.go:77 onward). Repository scan incomplete elsewhere.
ossrs/srs-bench	63ead9cbdeb6a8041f5df9483628b9237b252122	resourcelifetime	blackbox/http_api_test.go:83:13	resourcelifetime/missing-release	true-positive	Test discards successful http.Get response without Body.Close on success/error status (http_api_test.go:83 onward). Repository scan incomplete elsewhere.
ossrs/srs-bench	63ead9cbdeb6a8041f5df9483628b9237b252122	resourcelifetime	blackbox/http_api_test.go:89:13	resourcelifetime/missing-release	true-positive	Test discards successful http.Get response without Body.Close on success/error status (http_api_test.go:89 onward). Repository scan incomplete elsewhere.
ossrs/srs-bench	63ead9cbdeb6a8041f5df9483628b9237b252122	resourcelifetime	janus/api.go:144:14	resourcelifetime/missing-release	true-positive	Janus API Do response is read via ReadAll but Body is never closed on success or error path (api.go:144 onward). Repository scan incomplete elsewhere.
ossrs/srs-bench	63ead9cbdeb6a8041f5df9483628b9237b252122	resourcelifetime	janus/api.go:216:14	resourcelifetime/missing-release	true-positive	Janus API Do response is read via ReadAll but Body is never closed on success or error path (api.go:216 onward). Repository scan incomplete elsewhere.
ossrs/srs-bench	63ead9cbdeb6a8041f5df9483628b9237b252122	resourcelifetime	janus/api.go:275:14	resourcelifetime/missing-release	true-positive	Janus API Do response is read via ReadAll but Body is never closed on success or error path (api.go:275 onward). Repository scan incomplete elsewhere.
ossrs/srs-bench	63ead9cbdeb6a8041f5df9483628b9237b252122	resourcelifetime	janus/api.go:346:14	resourcelifetime/missing-release	true-positive	Janus API Do response is read via ReadAll but Body is never closed on success or error path (api.go:346 onward). Repository scan incomplete elsewhere.
ossrs/srs-bench	63ead9cbdeb6a8041f5df9483628b9237b252122	resourcelifetime	janus/api.go:447:14	resourcelifetime/missing-release	true-positive	Janus API Do response is read via ReadAll but Body is never closed on success or error path (api.go:447 onward). Repository scan incomplete elsewhere.
ossrs/srs-bench	63ead9cbdeb6a8041f5df9483628b9237b252122	resourcelifetime	janus/api.go:516:14	resourcelifetime/missing-release	true-positive	Janus API Do response is read via ReadAll but Body is never closed on success or error path (api.go:516 onward). Repository scan incomplete elsewhere.
ossrs/srs-bench	63ead9cbdeb6a8041f5df9483628b9237b252122	resourcelifetime	janus/api.go:621:14	resourcelifetime/missing-release	true-positive	Janus API Do response is read via ReadAll but Body is never closed on success or error path (api.go:621 onward). Repository scan incomplete elsewhere.
ossrs/srs-bench	63ead9cbdeb6a8041f5df9483628b9237b252122	resourcelifetime	janus/api.go:729:14	resourcelifetime/missing-release	true-positive	Janus API Do response is read via ReadAll but Body is never closed on success or error path (api.go:729 onward). Repository scan incomplete elsewhere.
ossrs/srs-bench	63ead9cbdeb6a8041f5df9483628b9237b252122	resourcelifetime	janus/api.go:802:14	resourcelifetime/missing-release	true-positive	Janus API Do response is read via ReadAll but Body is never closed on success or error path (api.go:802 onward). Repository scan incomplete elsewhere.
ossrs/srs-bench	63ead9cbdeb6a8041f5df9483628b9237b252122	resourcelifetime	janus/util.go:180:14	resourcelifetime/missing-release	true-positive	Janus helper Do response is read via ReadAll but Body is never closed on success or error path (util.go:180 onward). Repository scan incomplete elsewhere.
ossrs/srs-bench	63ead9cbdeb6a8041f5df9483628b9237b252122	resourcelifetime	srs/api.go:60:17	resourcelifetime/missing-release	true-positive	SRS API Do response is read via ReadAll but Body is never closed on success or error path (api.go:60 onward). Repository scan incomplete elsewhere.
ossrs/srs-bench	63ead9cbdeb6a8041f5df9483628b9237b252122	resourcelifetime	srs/rtc_test.go:2278:14	resourcelifetime/missing-release	true-positive	Test Do response is read via ReadAll but Body is never closed on success or error path (rtc_test.go:2278 onward). Repository scan incomplete elsewhere.
paulmach/osm	4f398c4aa98299befea02dc78d1c29d5e31ab4c9	resourcelifetime	osmpbf/scanner_test.go:359:12	resourcelifetime/missing-release	true-positive	Benchmark opens London f once and reuses it across b.N iterations; Scanner.Close only cleans reader goroutines and explicitly does not close underlying reader, and no f.Close follows (scanner_test.go:359 onward; scanner.go:87-91).
paulmach/osm	4f398c4aa98299befea02dc78d1c29d5e31ab4c9	resourcelifetime	osmpbf/scanner_test.go:389:12	resourcelifetime/missing-release	true-positive	Benchmark opens London f once and reuses it across b.N iterations; Scanner.Close only cleans reader goroutines and explicitly does not close underlying reader, and no f.Close follows (scanner_test.go:389 onward; scanner.go:87-91).
paulmach/osm	4f398c4aa98299befea02dc78d1c29d5e31ab4c9	resourcelifetime	osmpbf/scanner_test.go:429:12	resourcelifetime/missing-release	true-positive	Benchmark opens London f once and reuses it across b.N iterations; Scanner.Close only cleans reader goroutines and explicitly does not close underlying reader, and no f.Close follows (scanner_test.go:429 onward; scanner.go:87-91).
paulmach/osm	4f398c4aa98299befea02dc78d1c29d5e31ab4c9	resourcelifetime	osmpbf/scanner_test.go:491:12	resourcelifetime/missing-release	true-positive	Benchmark opens London f once and reuses it across b.N iterations; Scanner.Close only cleans reader goroutines and explicitly does not close underlying reader, and no f.Close follows (scanner_test.go:491 onward; scanner.go:87-91).
paulmach/osm	4f398c4aa98299befea02dc78d1c29d5e31ab4c9	resourcelifetime	osmpbf/scanner_test.go:524:12	resourcelifetime/missing-release	true-positive	Benchmark opens London f once and reuses it across b.N iterations; Scanner.Close only cleans reader goroutines and explicitly does not close underlying reader, and no f.Close follows (scanner_test.go:524 onward; scanner.go:87-91).
paulmach/osm	4f398c4aa98299befea02dc78d1c29d5e31ab4c9	resourcelifetime	osmpbf/scanner_test.go:557:12	resourcelifetime/missing-release	true-positive	Benchmark opens London f once and reuses it across b.N iterations; Scanner.Close only cleans reader goroutines and explicitly does not close underlying reader, and no f.Close follows (scanner_test.go:557 onward; scanner.go:87-91).
pojntfx/go-nbd	2d78be2564f3835178508cb61c0a84d562f80364	lockorder	pkg/backend/memory.go:21:3	lockorder/missing-release	true-positive	MemoryBackend holds b.lock.Lock then returns on EOF/short-write branch before later b.lock.Unlock, permanently retaining mutex for future accesses (memory.go:21, unlock at :26/:44).
pojntfx/go-nbd	2d78be2564f3835178508cb61c0a84d562f80364	lockorder	pkg/backend/memory.go:35:3	lockorder/missing-release	true-positive	MemoryBackend holds b.lock.Lock then returns on EOF/short-write branch before later b.lock.Unlock, permanently retaining mutex for future accesses (memory.go:35, unlock at :26/:44).
pojntfx/go-nbd	2d78be2564f3835178508cb61c0a84d562f80364	lockorder	pkg/backend/memory.go:41:3	lockorder/missing-release	false-positive	Short-write return is unreachable on normal execution: b.memory[off:off+len(p)] either panics for out-of-range upper bound or yields destination exactly len(p), so copy returns len(p); n<len(p) cannot hold (memory.go:38-44). No feasible held-lock return at :41.
pojntfx/go-nbd	2d78be2564f3835178508cb61c0a84d562f80364	producerlifecycle	pkg/client/nbd.go:328:4	producerlifecycle/abandoned-send	false-positive	After launching exactly one worker, parent immediately blocks on <-fatal at nbd.go:334; worker's sole fatal <- err send has a receiver, while no-error path closes channel in defer. No branch abandons partner after launch (nbd.go:317-334).
praetorian-inc/turnt	65236007825e749878c62dbb808150b481b2b5bb	producerlifecycle	internal/lportfwd/server.go:155:3	producerlifecycle/abandoned-send	true-positive	First io.Copy goroutine sends to unbuffered done, but handleConnection receives exactly once then returns; if second direction finishes first, this send has no receiver and blocks indefinitely (server.go:151-164). Deferred connection Close does not drain done.
praetorian-inc/turnt	65236007825e749878c62dbb808150b481b2b5bb	producerlifecycle	internal/lportfwd/server.go:159:3	producerlifecycle/abandoned-send	true-positive	Second io.Copy goroutine sends to same unbuffered done, but handleConnection receives exactly once then returns; if first direction finishes first, this send has no receiver and blocks indefinitely (server.go:151-164). Deferred connection Close does not drain done.
presmihaylov/todocheck	2cccefeb60c3463b95d72a645e5fc862eb5fa6d6	resourcelifetime	issuetracker/internal/jira/jira.go:28:15	resourcelifetime/missing-release	true-positive	Successful http.Get response Body is decoded for server version but never closed, including decode/parse-error returns and normal return (jira.go:28-48).
psilva261/mycel	ee24c464cba91f2d9a09c3645d34a8275d4e908b	resourcelifetime	browser/fs/fs.go:218:15	resourcelifetime/missing-release	true-positive	xhr successfully fs.Client.Do's proxy request, but disallowed cross-origin branch returns at line 225 without resp.Body.Close; allowed path's resp.Write can consume/close body, not the rejected path (fs.go:183-231).
quarkslab/kdigger	41f5e70fe7ea88990f8c67a4d48cd7b8c6b4d50b	goroutineownership	pkg/plugins/syscalls/syscalls_linux_amd64.go:183:2	goroutineownership/unjoined	true-positive	Syscall probe starts worker that may block in syscall; 100ms timeout returns without joining, and even if worker later returns its send to unbuffered errs has no receiver (syscalls_linux_amd64.go:181-200).
quarkslab/kdigger	41f5e70fe7ea88990f8c67a4d48cd7b8c6b4d50b	resourcelifetime	pkg/plugins/cloudmetadata/cloudmetadata.go:91:17	resourcelifetime/missing-release	true-positive	Each successful client.Do response checks status and sends metadata result without resp.Body.Close; source even has commented-out defer resp.Body.Close (cloudmetadata.go:91-121).
rjkroege/edwood	f6f9012061ecb1745c009b1143ae30cbbdad2dd3	lockorder	edit_test.go:105:3	lockorder/missing-release	true-positive	Loop locks warningsMu each iteration, but warning-count mismatch branch breaks before trailing Unlock, leaving the mutex held (edit_test.go:105-141).
rjkroege/edwood	f6f9012061ecb1745c009b1143ae30cbbdad2dd3	nilargument	fsys_test.go:386:2	nilargument/dereferenced-nil	false-positive	Test uses tFsys{t,a.fsys} only after startAcme mounts fsys or t.Fatal aborts; no definitely nil filesystem field at call (fsys_test.go:386; startAcme setup).
rjkroege/edwood	f6f9012061ecb1745c009b1143ae30cbbdad2dd3	nilargument	text_test.go:140:18	nilargument/dereferenced-nil	false-positive	Text.file is constructed by MakeObservableEditableBuffer, which returns a nonnil &ObservableEditableBuffer; no definite nil field at this call (text_test.go:140 and factory).
rjkroege/edwood	f6f9012061ecb1745c009b1143ae30cbbdad2dd3	nilargument	wind_test.go:110:2	nilargument/dereferenced-nil	false-positive	w.tag.file is constructed via MakeObservableEditableBuffer; ClearTag's optional fr is checked before Deleted/SetSelect, so the reported call has no definitely nil field (wind_test.go:110 and factory).
rjkroege/edwood	f6f9012061ecb1745c009b1143ae30cbbdad2dd3	nilargument	wind_test.go:44:10	nilargument/dereferenced-nil	false-positive	w.tag.file is explicitly constructed with nonnil MakeObservableEditableBuffer result before this use (wind_test.go:44 and factory).
rjkroege/edwood	f6f9012061ecb1745c009b1143ae30cbbdad2dd3	nilargument	wind_test.go:50:23	nilargument/dereferenced-nil	false-positive	w.tag.file is explicitly constructed with nonnil MakeObservableEditableBuffer result before this use (wind_test.go:50 and factory).
rjkroege/edwood	f6f9012061ecb1745c009b1143ae30cbbdad2dd3	nilargument	wind_test.go:50:3	nilargument/dereferenced-nil	false-positive	w.tag.file is explicitly constructed with nonnil MakeObservableEditableBuffer result before this use (wind_test.go:50 and factory).
rjkroege/edwood	f6f9012061ecb1745c009b1143ae30cbbdad2dd3	nilargument	wind_test.go:52:9	nilargument/dereferenced-nil	false-positive	w.tag.file is explicitly constructed with nonnil MakeObservableEditableBuffer result before this use (wind_test.go:52 and factory).
rjkroege/edwood	f6f9012061ecb1745c009b1143ae30cbbdad2dd3	nilargument	wind_test.go:75:3	nilargument/dereferenced-nil	false-positive	w.body.file is explicitly constructed with nonnil MakeObservableEditableBuffer result before this use (wind_test.go:75 and factory).
rpcxio/rpcx-examples	c7dc2a322c503a072864e5bf3e87d3a3867c6dc9	resourcelifetime	file_download/server/server.go:37:12	resourcelifetime/missing-release	true-positive	Per-download callback opens abc.txt, copies into conn, closes conn but never closes opened f before callback returns; server remains long-lived for further requests (server.go:34-44).
ruilisi/lsbot	079b6250c09f2b11ad31ba8eb0cd88e876cff892	lockorder	internal/gateway/gateway.go:205:6	lockorder/read-lock-write	true-positive	Gateway.run takes g.mu.RLock for broadcast, then deletes an entry from shared g.clients map on slow-client default branch while only read lock is held (gateway.go:198-209); registration/unregistration writes use Lock.
ruilisi/lsbot	079b6250c09f2b11ad31ba8eb0cd88e876cff892	processownership	internal/tools/clipboard.go:71:12	processownership/missing-wait	true-positive	Clipboard command successfully starts, but stdin.Write error returns at line 78 before cmd.Wait at line 81, leaving started process un-reaped on that feasible path (clipboard.go:71-82).
sagan/ptool	b8171b3724bf9b11c53cff784106a5dfaa5dbc19	resourcelifetime	cmd/batchdl/batchdl.go:346:26	resourcelifetime/missing-release	true-positive	Batchdl opens optional save files, but opening a later filename or parsing rename/output template can error-return before doneHandle closes previously opened files; normal-path doneHandle at line 681 does not cover those branches (batchdl.go:341-365,380-398,681).
sagan/ptool	b8171b3724bf9b11c53cff784106a5dfaa5dbc19	resourcelifetime	cmd/batchdl/batchdl.go:348:26	resourcelifetime/missing-release	true-positive	Batchdl opens optional save files, but opening a later filename or parsing rename/output template can error-return before doneHandle closes previously opened files; normal-path doneHandle at line 681 does not cover those branches (batchdl.go:341-365,380-398,681).
sagan/ptool	b8171b3724bf9b11c53cff784106a5dfaa5dbc19	resourcelifetime	stats/stats.go:195:12	resourcelifetime/missing-release	true-positive	NewDb opens stats f and stores it in db, but gorm.Open or AutoMigrate error returns nil,error without f.Close, so no owner is returned on those paths (stats.go:192-209).
sdslabs/gasper	3fc557c33c4cff3a114fd63e9005dfb1cd5a8080	goroutineownership	services/appmaker/helper.go:37:2	goroutineownership/unjoined	true-positive	diskCleanup launches worker that sends storageCleanup result on unbuffered storeCleanupChan, then returns without ever receiving; worker blocks permanently on send after cleanup finishes (helper.go:33-40).
sdslabs/gasper	3fc557c33c4cff3a114fd63e9005dfb1cd5a8080	resourcelifetime	lib/utils/files.go:60:13	resourcelifetime/missing-release	true-positive	Tar walk opens every path, including directories, but fi.IsDir branch returns without f.Close; io.Copy error on file also returns before Close at line 74 (files.go:45-78).
slok/go-http-metrics	7668c45d29d376962ffd09c2524d8ddeada2a822	resourcelifetime	test/integration/integration_test.go:126:17	resourcelifetime/missing-release	true-positive	For each configured request iteration, test gets successful response and io.ReadAll's Body but never calls Close before next request/return; server.Close only stops test server (integration_test.go:121-135).
slok/go-http-metrics	7668c45d29d376962ffd09c2524d8ddeada2a822	resourcelifetime	test/integration/integration_test.go:149:15	resourcelifetime/missing-release	true-positive	Prometheus metrics test gets successful response and io.ReadAll's Body but never calls Close before inspecting metrics/return; server.Close only stops test server (integration_test.go:142-161).
slon/shad-go	6718601587ec77cfaa632bbd29a8ca0716fe81ec	goroutineownership	rwmutex/rwmutex_test.go:105:2	goroutineownership/unjoined	false-positive	Test deliberately starts worker that self-deadlocks on RLock then Lock and asserts timeout, failing if worker completes; an intentional negative demonstration, not an actionable unjoined-worker report (rwmutex_test.go:105 onward). Repository scan incomplete elsewhere.
slon/shad-go	6718601587ec77cfaa632bbd29a8ca0716fe81ec	resourcelifetime	distbuild/pkg/artifact/cache_test.go:50:11	resourcelifetime/missing-release	true-positive	Test discards successful os.Create descriptor; later Commit/Get do not receive or close that handle (cache_test.go:50 onward). Repository scan incomplete elsewhere.
slon/shad-go	6718601587ec77cfaa632bbd29a8ca0716fe81ec	resourcelifetime	excelwriter/writer_test.go:261:14	resourcelifetime/missing-release	true-positive	storeFile creates temp output, writes/logs its name, and never closes the *os.File before returning (writer_test.go:261 onward). Repository scan incomplete elsewhere.
slon/shad-go	6718601587ec77cfaa632bbd29a8ca0716fe81ec	resourcelifetime	lectures/02-interfaces/copyfile/copy.go:9:14	resourcelifetime/missing-release	false-positive	Lecture intentionally presents pre-defer copyFile as a broken example immediately before corrected copyfile2 in lecture.slide:426-430; the omission is pedagogical, not actionable source to fix. Repository scan incomplete elsewhere.
slon/shad-go	6718601587ec77cfaa632bbd29a8ca0716fe81ec	resourcelifetime	lectures/07-sql/resources/tx.go:10:13	resourcelifetime/missing-release	false-positive	This transaction snippet is embedded in sql.slide:141-145 as an intentional resource-exhaustion/deadlock lesson; omitted cleanup is pedagogical, not actionable production source. Repository scan incomplete elsewhere.
slon/shad-go	6718601587ec77cfaa632bbd29a8ca0716fe81ec	resourcelifetime	lectures/07-sql/resources/tx.go:34:9	resourcelifetime/missing-release	false-positive	This transaction snippet is embedded in sql.slide:141-145 as an intentional resource-exhaustion/deadlock lesson; omitted cleanup is pedagogical, not actionable production source. Repository scan incomplete elsewhere.
slon/shad-go	6718601587ec77cfaa632bbd29a8ca0716fe81ec	resourcelifetime	lectures/07-sql/resources/tx.go:35:9	resourcelifetime/missing-release	false-positive	This transaction snippet is embedded in sql.slide:141-145 as an intentional resource-exhaustion/deadlock lesson; omitted cleanup is pedagogical, not actionable production source. Repository scan incomplete elsewhere.
squzy/squzy	56ac2ca6fbe358a24f148850bbac747d2372dc1f	resourcelifetime	internal/database/clickhouse/incident.go:102:13	resourcelifetime/missing-release	true-positive	Successful c.Db.Begin transaction calls tx.Exec; Exec-error branch returns without Rollback, while Commit only follows successful Exec. Thus feasible open transaction on error (internal/database/clickhouse/incident.go:102 onward).
squzy/squzy	56ac2ca6fbe358a24f148850bbac747d2372dc1f	resourcelifetime	internal/database/clickhouse/incident.go:156:13	resourcelifetime/missing-release	true-positive	Successful c.Db.Begin transaction calls tx.Exec; Exec-error branch returns without Rollback, while Commit only follows successful Exec. Thus feasible open transaction on error (internal/database/clickhouse/incident.go:156 onward).
squzy/squzy	56ac2ca6fbe358a24f148850bbac747d2372dc1f	resourcelifetime	internal/database/clickhouse/incident.go:75:13	resourcelifetime/missing-release	true-positive	Successful c.Db.Begin transaction calls tx.Exec; Exec-error branch returns without Rollback, while Commit only follows successful Exec. Thus feasible open transaction on error (internal/database/clickhouse/incident.go:75 onward).
squzy/squzy	56ac2ca6fbe358a24f148850bbac747d2372dc1f	resourcelifetime	internal/database/clickhouse/snapshot.go:58:13	resourcelifetime/missing-release	true-positive	Successful c.Db.Begin transaction calls tx.Exec; Exec-error branch returns without Rollback, while Commit only follows successful Exec. Thus feasible open transaction on error (internal/database/clickhouse/snapshot.go:58 onward).
squzy/squzy	56ac2ca6fbe358a24f148850bbac747d2372dc1f	resourcelifetime	internal/database/clickhouse/stat_request.go:154:13	resourcelifetime/missing-release	true-positive	Successful c.Db.Begin transaction calls tx.Exec; Exec-error branch returns without Rollback, while Commit only follows successful Exec. Thus feasible open transaction on error (internal/database/clickhouse/stat_request.go:154 onward).
squzy/squzy	56ac2ca6fbe358a24f148850bbac747d2372dc1f	resourcelifetime	internal/database/clickhouse/stat_request.go:178:13	resourcelifetime/missing-release	true-positive	Successful c.Db.Begin transaction calls tx.Exec; Exec-error branch returns without Rollback, while Commit only follows successful Exec. Thus feasible open transaction on error (internal/database/clickhouse/stat_request.go:178 onward).
squzy/squzy	56ac2ca6fbe358a24f148850bbac747d2372dc1f	resourcelifetime	internal/database/clickhouse/stat_request.go:201:13	resourcelifetime/missing-release	true-positive	Successful c.Db.Begin transaction calls tx.Exec; Exec-error branch returns without Rollback, while Commit only follows successful Exec. Thus feasible open transaction on error (internal/database/clickhouse/stat_request.go:201 onward).
squzy/squzy	56ac2ca6fbe358a24f148850bbac747d2372dc1f	resourcelifetime	internal/database/clickhouse/stat_request.go:229:13	resourcelifetime/missing-release	true-positive	Successful c.Db.Begin transaction calls tx.Exec; Exec-error branch returns without Rollback, while Commit only follows successful Exec. Thus feasible open transaction on error (internal/database/clickhouse/stat_request.go:229 onward).
squzy/squzy	56ac2ca6fbe358a24f148850bbac747d2372dc1f	resourcelifetime	internal/database/clickhouse/stat_request.go:257:13	resourcelifetime/missing-release	true-positive	Successful c.Db.Begin transaction calls tx.Exec; Exec-error branch returns without Rollback, while Commit only follows successful Exec. Thus feasible open transaction on error (internal/database/clickhouse/stat_request.go:257 onward).
squzy/squzy	56ac2ca6fbe358a24f148850bbac747d2372dc1f	resourcelifetime	internal/database/clickhouse/stat_request.go:284:13	resourcelifetime/missing-release	true-positive	Successful c.Db.Begin transaction calls tx.Exec; Exec-error branch returns without Rollback, while Commit only follows successful Exec. Thus feasible open transaction on error (internal/database/clickhouse/stat_request.go:284 onward).
squzy/squzy	56ac2ca6fbe358a24f148850bbac747d2372dc1f	resourcelifetime	internal/database/clickhouse/transaction_info.go:78:13	resourcelifetime/missing-release	true-positive	Successful c.Db.Begin transaction calls tx.Exec; Exec-error branch returns without Rollback, while Commit only follows successful Exec. Thus feasible open transaction on error (internal/database/clickhouse/transaction_info.go:78 onward).
teambition/gear	183e49112fcd64f5010bbd68c37235a9240d8bd1	resourcelifetime	context_test.go:1563:17	resourcelifetime/missing-release	true-positive	Test opens file and passes it to ctx.Stream (io.Copy only, context.go:726-735) or ctx.Attachment (ServeContent only, :742-754); neither takes ownership nor closes opened file. Reported site context_test.go:1563.
teambition/gear	183e49112fcd64f5010bbd68c37235a9240d8bd1	resourcelifetime	context_test.go:1589:17	resourcelifetime/missing-release	true-positive	Test opens file and passes it to ctx.Stream (io.Copy only, context.go:726-735) or ctx.Attachment (ServeContent only, :742-754); neither takes ownership nor closes opened file. Reported site context_test.go:1589.
teambition/gear	183e49112fcd64f5010bbd68c37235a9240d8bd1	resourcelifetime	context_test.go:1619:17	resourcelifetime/missing-release	true-positive	Test opens file and passes it to ctx.Stream (io.Copy only, context.go:726-735) or ctx.Attachment (ServeContent only, :742-754); neither takes ownership nor closes opened file. Reported site context_test.go:1619.
teambition/gear	183e49112fcd64f5010bbd68c37235a9240d8bd1	resourcelifetime	context_test.go:1643:17	resourcelifetime/missing-release	true-positive	Test opens file and passes it to ctx.Stream (io.Copy only, context.go:726-735) or ctx.Attachment (ServeContent only, :742-754); neither takes ownership nor closes opened file. Reported site context_test.go:1643.
teambition/gear	183e49112fcd64f5010bbd68c37235a9240d8bd1	resourcelifetime	context_test.go:597:15	resourcelifetime/missing-release	false-positive	DefaultClientDoWithCookies returns response whose test-established status is HTTP 204 No Content; net/http returns http.NoBody, so no acquired body resource remains to close (context_test.go:597; Go transfer.go:467-480,573-579).
teambition/gear	183e49112fcd64f5010bbd68c37235a9240d8bd1	resourcelifetime	context_test.go:627:15	resourcelifetime/missing-release	false-positive	DefaultClientDoWithCookies returns response whose test-established status is HTTP 204 No Content; net/http returns http.NoBody, so no acquired body resource remains to close (context_test.go:627; Go transfer.go:467-480,573-579).
teambition/gear	183e49112fcd64f5010bbd68c37235a9240d8bd1	resourcelifetime	middleware/cors/cors_test.go:114:15	resourcelifetime/missing-release	true-positive	GET reaches ctx.HTML(200, OK), producing nonempty response Body; test reads/inspects but never closes Body (cors_test.go:114; middleware handler).
teambition/gear	183e49112fcd64f5010bbd68c37235a9240d8bd1	resourcelifetime	middleware/cors/cors_test.go:141:16	resourcelifetime/missing-release	false-positive	OPTIONS preflight is ended by CORS middleware with status 200 and zero payload; test asserts Content-Length 0, so net/http returns http.NoBody and Close cannot release a resource (cors.go:85-89,104-135; test:141).
teambition/gear	183e49112fcd64f5010bbd68c37235a9240d8bd1	resourcelifetime	middleware/cors/cors_test.go:177:16	resourcelifetime/missing-release	true-positive	GET reaches ctx.HTML(200, OK), producing nonempty response Body; test reads/inspects but never closes Body (cors_test.go:177; middleware handler).
teambition/gear	183e49112fcd64f5010bbd68c37235a9240d8bd1	resourcelifetime	middleware/cors/cors_test.go:191:16	resourcelifetime/missing-release	true-positive	GET reaches ctx.HTML(200, OK), producing nonempty response Body; test reads/inspects but never closes Body (cors_test.go:191; middleware handler).
teambition/gear	183e49112fcd64f5010bbd68c37235a9240d8bd1	resourcelifetime	middleware/cors/cors_test.go:37:15	resourcelifetime/missing-release	true-positive	GET reaches ctx.HTML(200, OK), producing nonempty response Body; test reads/inspects but never closes Body (cors_test.go:37; middleware handler).
teambition/gear	183e49112fcd64f5010bbd68c37235a9240d8bd1	resourcelifetime	middleware/cors/cors_test.go:51:15	resourcelifetime/missing-release	true-positive	GET reaches ctx.HTML(200, OK), producing nonempty response Body; test reads/inspects but never closes Body (cors_test.go:51; middleware handler).
teambition/gear	183e49112fcd64f5010bbd68c37235a9240d8bd1	resourcelifetime	middleware/cors/cors_test.go:65:15	resourcelifetime/missing-release	true-positive	GET reaches ctx.HTML(200, OK), producing nonempty response Body; test reads/inspects but never closes Body (cors_test.go:65; middleware handler).
teambition/gear	183e49112fcd64f5010bbd68c37235a9240d8bd1	resourcelifetime	middleware/cors/cors_test.go:79:15	resourcelifetime/missing-release	false-positive	OPTIONS preflight is ended by CORS middleware with status 200 and zero payload; test asserts Content-Length 0, so net/http returns http.NoBody and Close cannot release a resource (cors.go:85-89,104-135; test:79).
teambition/gear	183e49112fcd64f5010bbd68c37235a9240d8bd1	resourcelifetime	middleware/cors/cors_test.go:95:15	resourcelifetime/missing-release	false-positive	OPTIONS preflight is ended by CORS middleware with status 200 and zero payload; test asserts Content-Length 0, so net/http returns http.NoBody and Close cannot release a resource (cors.go:85-89,104-135; test:95).
teambition/gear	183e49112fcd64f5010bbd68c37235a9240d8bd1	resourcelifetime	middleware/requestid/requestid_test.go:25:15	resourcelifetime/missing-release	true-positive	Test request reaches ctx.HTML(200, OK) with nonempty response Body; successful client response is inspected without Body.Close (requestid_test.go:25).
teambition/gear	183e49112fcd64f5010bbd68c37235a9240d8bd1	resourcelifetime	middleware/requestid/requestid_test.go:48:15	resourcelifetime/missing-release	true-positive	Test request reaches ctx.HTML(200, OK) with nonempty response Body; successful client response is inspected without Body.Close (requestid_test.go:48).
teambition/gear	183e49112fcd64f5010bbd68c37235a9240d8bd1	resourcelifetime	middleware/requestid/requestid_test.go:74:15	resourcelifetime/missing-release	true-positive	Test request reaches ctx.HTML(200, OK) with nonempty response Body; successful client response is inspected without Body.Close (requestid_test.go:74).
teambition/gear	183e49112fcd64f5010bbd68c37235a9240d8bd1	resourcelifetime	middleware/secure/secure_test.go:108:16	resourcelifetime/missing-release	true-positive	getAppWithMiddleware terminates with ctx.HTML(200, OK), so successful response has a nonempty Body; test inspects headers/status and never closes Body (secure_test.go:108,377-385).
teambition/gear	183e49112fcd64f5010bbd68c37235a9240d8bd1	resourcelifetime	middleware/secure/secure_test.go:132:16	resourcelifetime/missing-release	true-positive	getAppWithMiddleware terminates with ctx.HTML(200, OK), so successful response has a nonempty Body; test inspects headers/status and never closes Body (secure_test.go:132,377-385).
teambition/gear	183e49112fcd64f5010bbd68c37235a9240d8bd1	resourcelifetime	middleware/secure/secure_test.go:155:16	resourcelifetime/missing-release	true-positive	getAppWithMiddleware terminates with ctx.HTML(200, OK), so successful response has a nonempty Body; test inspects headers/status and never closes Body (secure_test.go:155,377-385).
teambition/gear	183e49112fcd64f5010bbd68c37235a9240d8bd1	resourcelifetime	middleware/secure/secure_test.go:186:16	resourcelifetime/missing-release	true-positive	getAppWithMiddleware terminates with ctx.HTML(200, OK), so successful response has a nonempty Body; test inspects headers/status and never closes Body (secure_test.go:186,377-385).
teambition/gear	183e49112fcd64f5010bbd68c37235a9240d8bd1	resourcelifetime	middleware/secure/secure_test.go:203:16	resourcelifetime/missing-release	true-positive	getAppWithMiddleware terminates with ctx.HTML(200, OK), so successful response has a nonempty Body; test inspects headers/status and never closes Body (secure_test.go:203,377-385).
teambition/gear	183e49112fcd64f5010bbd68c37235a9240d8bd1	resourcelifetime	middleware/secure/secure_test.go:220:16	resourcelifetime/missing-release	true-positive	getAppWithMiddleware terminates with ctx.HTML(200, OK), so successful response has a nonempty Body; test inspects headers/status and never closes Body (secure_test.go:220,377-385).
teambition/gear	183e49112fcd64f5010bbd68c37235a9240d8bd1	resourcelifetime	middleware/secure/secure_test.go:236:16	resourcelifetime/missing-release	true-positive	getAppWithMiddleware terminates with ctx.HTML(200, OK), so successful response has a nonempty Body; test inspects headers/status and never closes Body (secure_test.go:236,377-385).
teambition/gear	183e49112fcd64f5010bbd68c37235a9240d8bd1	resourcelifetime	middleware/secure/secure_test.go:255:16	resourcelifetime/missing-release	true-positive	getAppWithMiddleware terminates with ctx.HTML(200, OK), so successful response has a nonempty Body; test inspects headers/status and never closes Body (secure_test.go:255,377-385).
teambition/gear	183e49112fcd64f5010bbd68c37235a9240d8bd1	resourcelifetime	middleware/secure/secure_test.go:25:16	resourcelifetime/missing-release	true-positive	getAppWithMiddleware terminates with ctx.HTML(200, OK), so successful response has a nonempty Body; test inspects headers/status and never closes Body (secure_test.go:25,377-385).
teambition/gear	183e49112fcd64f5010bbd68c37235a9240d8bd1	resourcelifetime	middleware/secure/secure_test.go:273:16	resourcelifetime/missing-release	true-positive	getAppWithMiddleware terminates with ctx.HTML(200, OK), so successful response has a nonempty Body; test inspects headers/status and never closes Body (secure_test.go:273,377-385).
teambition/gear	183e49112fcd64f5010bbd68c37235a9240d8bd1	resourcelifetime	middleware/secure/secure_test.go:289:16	resourcelifetime/missing-release	true-positive	getAppWithMiddleware terminates with ctx.HTML(200, OK), so successful response has a nonempty Body; test inspects headers/status and never closes Body (secure_test.go:289,377-385).
teambition/gear	183e49112fcd64f5010bbd68c37235a9240d8bd1	resourcelifetime	middleware/secure/secure_test.go:305:16	resourcelifetime/missing-release	true-positive	getAppWithMiddleware terminates with ctx.HTML(200, OK), so successful response has a nonempty Body; test inspects headers/status and never closes Body (secure_test.go:305,377-385).
teambition/gear	183e49112fcd64f5010bbd68c37235a9240d8bd1	resourcelifetime	middleware/secure/secure_test.go:325:16	resourcelifetime/missing-release	true-positive	getAppWithMiddleware terminates with ctx.HTML(200, OK), so successful response has a nonempty Body; test inspects headers/status and never closes Body (secure_test.go:325,377-385).
teambition/gear	183e49112fcd64f5010bbd68c37235a9240d8bd1	resourcelifetime	middleware/secure/secure_test.go:345:16	resourcelifetime/missing-release	true-positive	getAppWithMiddleware terminates with ctx.HTML(200, OK), so successful response has a nonempty Body; test inspects headers/status and never closes Body (secure_test.go:345,377-385).
teambition/gear	183e49112fcd64f5010bbd68c37235a9240d8bd1	resourcelifetime	middleware/secure/secure_test.go:361:16	resourcelifetime/missing-release	true-positive	getAppWithMiddleware terminates with ctx.HTML(200, OK), so successful response has a nonempty Body; test inspects headers/status and never closes Body (secure_test.go:361,377-385).
teambition/gear	183e49112fcd64f5010bbd68c37235a9240d8bd1	resourcelifetime	middleware/secure/secure_test.go:39:16	resourcelifetime/missing-release	true-positive	getAppWithMiddleware terminates with ctx.HTML(200, OK), so successful response has a nonempty Body; test inspects headers/status and never closes Body (secure_test.go:39,377-385).
teambition/gear	183e49112fcd64f5010bbd68c37235a9240d8bd1	resourcelifetime	middleware/secure/secure_test.go:55:16	resourcelifetime/missing-release	true-positive	getAppWithMiddleware terminates with ctx.HTML(200, OK), so successful response has a nonempty Body; test inspects headers/status and never closes Body (secure_test.go:55,377-385).
teambition/gear	183e49112fcd64f5010bbd68c37235a9240d8bd1	resourcelifetime	middleware/secure/secure_test.go:69:16	resourcelifetime/missing-release	true-positive	getAppWithMiddleware terminates with ctx.HTML(200, OK), so successful response has a nonempty Body; test inspects headers/status and never closes Body (secure_test.go:69,377-385).
teambition/gear	183e49112fcd64f5010bbd68c37235a9240d8bd1	resourcelifetime	middleware/secure/secure_test.go:84:16	resourcelifetime/missing-release	true-positive	getAppWithMiddleware terminates with ctx.HTML(200, OK), so successful response has a nonempty Body; test inspects headers/status and never closes Body (secure_test.go:84,377-385).
teler-sh/teler-waf	cf8eee099742ca534d7c89903d0d554f144b2152	resourcelifetime	teler_test.go:105:11	resourcelifetime/missing-release	true-positive	Test calls shared http.Client.Do and discards successful response; no Body.Close in teler_test.go, while defer ts.Close only shuts test server (teler_test.go:105; client at :29). Repository scan incomplete outside emitted site.
teler-sh/teler-waf	cf8eee099742ca534d7c89903d0d554f144b2152	resourcelifetime	teler_test.go:126:11	resourcelifetime/missing-release	true-positive	Test calls shared http.Client.Do and discards successful response; no Body.Close in teler_test.go, while defer ts.Close only shuts test server (teler_test.go:126; client at :29). Repository scan incomplete outside emitted site.
teler-sh/teler-waf	cf8eee099742ca534d7c89903d0d554f144b2152	resourcelifetime	teler_test.go:147:11	resourcelifetime/missing-release	true-positive	Test calls shared http.Client.Do and discards successful response; no Body.Close in teler_test.go, while defer ts.Close only shuts test server (teler_test.go:147; client at :29). Repository scan incomplete outside emitted site.
teler-sh/teler-waf	cf8eee099742ca534d7c89903d0d554f144b2152	resourcelifetime	teler_test.go:175:11	resourcelifetime/missing-release	true-positive	Test calls shared http.Client.Do and discards successful response; no Body.Close in teler_test.go, while defer ts.Close only shuts test server (teler_test.go:175; client at :29). Repository scan incomplete outside emitted site.
teler-sh/teler-waf	cf8eee099742ca534d7c89903d0d554f144b2152	resourcelifetime	teler_test.go:196:11	resourcelifetime/missing-release	true-positive	Test calls shared http.Client.Do and discards successful response; no Body.Close in teler_test.go, while defer ts.Close only shuts test server (teler_test.go:196; client at :29). Repository scan incomplete outside emitted site.
teler-sh/teler-waf	cf8eee099742ca534d7c89903d0d554f144b2152	resourcelifetime	teler_test.go:220:11	resourcelifetime/missing-release	true-positive	Test calls shared http.Client.Do and discards successful response; no Body.Close in teler_test.go, while defer ts.Close only shuts test server (teler_test.go:220; client at :29). Repository scan incomplete outside emitted site.
teler-sh/teler-waf	cf8eee099742ca534d7c89903d0d554f144b2152	resourcelifetime	teler_test.go:251:12	resourcelifetime/missing-release	true-positive	Test calls shared http.Client.Do and discards successful response; no Body.Close in teler_test.go, while defer ts.Close only shuts test server (teler_test.go:251; client at :29). Repository scan incomplete outside emitted site.
teler-sh/teler-waf	cf8eee099742ca534d7c89903d0d554f144b2152	resourcelifetime	teler_test.go:283:12	resourcelifetime/missing-release	true-positive	Test calls shared http.Client.Do and discards successful response; no Body.Close in teler_test.go, while defer ts.Close only shuts test server (teler_test.go:283; client at :29). Repository scan incomplete outside emitted site.
teler-sh/teler-waf	cf8eee099742ca534d7c89903d0d554f144b2152	resourcelifetime	teler_test.go:316:12	resourcelifetime/missing-release	true-positive	Test calls shared http.Client.Do and discards successful response; no Body.Close in teler_test.go, while defer ts.Close only shuts test server (teler_test.go:316; client at :29). Repository scan incomplete outside emitted site.
teler-sh/teler-waf	cf8eee099742ca534d7c89903d0d554f144b2152	resourcelifetime	teler_test.go:354:12	resourcelifetime/missing-release	true-positive	Test calls shared http.Client.Do and discards successful response; no Body.Close in teler_test.go, while defer ts.Close only shuts test server (teler_test.go:354; client at :29). Repository scan incomplete outside emitted site.
teler-sh/teler-waf	cf8eee099742ca534d7c89903d0d554f144b2152	resourcelifetime	teler_test.go:376:11	resourcelifetime/missing-release	true-positive	Test calls shared http.Client.Do and discards successful response; no Body.Close in teler_test.go, while defer ts.Close only shuts test server (teler_test.go:376; client at :29). Repository scan incomplete outside emitted site.
teler-sh/teler-waf	cf8eee099742ca534d7c89903d0d554f144b2152	resourcelifetime	teler_test.go:407:12	resourcelifetime/missing-release	true-positive	Test calls shared http.Client.Do and discards successful response; no Body.Close in teler_test.go, while defer ts.Close only shuts test server (teler_test.go:407; client at :29). Repository scan incomplete outside emitted site.
teler-sh/teler-waf	cf8eee099742ca534d7c89903d0d554f144b2152	resourcelifetime	teler_test.go:441:12	resourcelifetime/missing-release	true-positive	Test calls shared http.Client.Do and discards successful response; no Body.Close in teler_test.go, while defer ts.Close only shuts test server (teler_test.go:441; client at :29). Repository scan incomplete outside emitted site.
teler-sh/teler-waf	cf8eee099742ca534d7c89903d0d554f144b2152	resourcelifetime	teler_test.go:465:11	resourcelifetime/missing-release	true-positive	Test calls shared http.Client.Do and discards successful response; no Body.Close in teler_test.go, while defer ts.Close only shuts test server (teler_test.go:465; client at :29). Repository scan incomplete outside emitted site.
teler-sh/teler-waf	cf8eee099742ca534d7c89903d0d554f144b2152	resourcelifetime	teler_test.go:504:12	resourcelifetime/missing-release	true-positive	Test calls shared http.Client.Do and discards successful response; no Body.Close in teler_test.go, while defer ts.Close only shuts test server (teler_test.go:504; client at :29). Repository scan incomplete outside emitted site.
teler-sh/teler-waf	cf8eee099742ca534d7c89903d0d554f144b2152	resourcelifetime	teler_test.go:590:12	resourcelifetime/missing-release	true-positive	Test calls shared http.Client.Do and discards successful response; no Body.Close in teler_test.go, while defer ts.Close only shuts test server (teler_test.go:590; client at :29). Repository scan incomplete outside emitted site.
teler-sh/teler-waf	cf8eee099742ca534d7c89903d0d554f144b2152	resourcelifetime	teler_test.go:628:12	resourcelifetime/missing-release	true-positive	Test calls shared http.Client.Do and discards successful response; no Body.Close in teler_test.go, while defer ts.Close only shuts test server (teler_test.go:628; client at :29). Repository scan incomplete outside emitted site.
teler-sh/teler-waf	cf8eee099742ca534d7c89903d0d554f144b2152	resourcelifetime	teler_test.go:662:11	resourcelifetime/missing-release	true-positive	Test calls shared http.Client.Do and discards successful response; no Body.Close in teler_test.go, while defer ts.Close only shuts test server (teler_test.go:662; client at :29). Repository scan incomplete outside emitted site.
teler-sh/teler-waf	cf8eee099742ca534d7c89903d0d554f144b2152	resourcelifetime	teler_test.go:695:11	resourcelifetime/missing-release	true-positive	Test calls shared http.Client.Do and discards successful response; no Body.Close in teler_test.go, while defer ts.Close only shuts test server (teler_test.go:695; client at :29). Repository scan incomplete outside emitted site.
teler-sh/teler-waf	cf8eee099742ca534d7c89903d0d554f144b2152	resourcelifetime	teler_test.go:733:12	resourcelifetime/missing-release	true-positive	Test calls shared http.Client.Do and discards successful response; no Body.Close in teler_test.go, while defer ts.Close only shuts test server (teler_test.go:733; client at :29). Repository scan incomplete outside emitted site.
teler-sh/teler-waf	cf8eee099742ca534d7c89903d0d554f144b2152	resourcelifetime	teler_test.go:774:12	resourcelifetime/missing-release	true-positive	Test calls shared http.Client.Do and discards successful response; no Body.Close in teler_test.go, while defer ts.Close only shuts test server (teler_test.go:774; client at :29). Repository scan incomplete outside emitted site.
teler-sh/teler-waf	cf8eee099742ca534d7c89903d0d554f144b2152	resourcelifetime	teler_test.go:808:11	resourcelifetime/missing-release	true-positive	Test calls shared http.Client.Do and discards successful response; no Body.Close in teler_test.go, while defer ts.Close only shuts test server (teler_test.go:808; client at :29). Repository scan incomplete outside emitted site.
teler-sh/teler-waf	cf8eee099742ca534d7c89903d0d554f144b2152	resourcelifetime	teler_test.go:834:11	resourcelifetime/missing-release	true-positive	Test calls shared http.Client.Do and discards successful response; no Body.Close in teler_test.go, while defer ts.Close only shuts test server (teler_test.go:834; client at :29). Repository scan incomplete outside emitted site.
teler-sh/teler-waf	cf8eee099742ca534d7c89903d0d554f144b2152	resourcelifetime	teler_test.go:84:11	resourcelifetime/missing-release	true-positive	Test calls shared http.Client.Do and discards successful response; no Body.Close in teler_test.go, while defer ts.Close only shuts test server (teler_test.go:84; client at :29). Repository scan incomplete outside emitted site.
teler-sh/teler-waf	cf8eee099742ca534d7c89903d0d554f144b2152	resourcelifetime	teler_test.go:860:11	resourcelifetime/missing-release	true-positive	Test calls shared http.Client.Do and discards successful response; no Body.Close in teler_test.go, while defer ts.Close only shuts test server (teler_test.go:860; client at :29). Repository scan incomplete outside emitted site.
teler-sh/teler-waf	cf8eee099742ca534d7c89903d0d554f144b2152	resourcelifetime	teler_test.go:886:11	resourcelifetime/missing-release	true-positive	Test calls shared http.Client.Do and discards successful response; no Body.Close in teler_test.go, while defer ts.Close only shuts test server (teler_test.go:886; client at :29). Repository scan incomplete outside emitted site.
theHamdiz/it	9304e928f94ad5dab92c770576d053e5e9a2d98d	resourcelifetime	cfg/config.go:46:19	resourcelifetime/missing-release	false-positive	Configure deliberately installs opened file as process-wide logger output via logger.SetLogOutput, which stores LogWriter{file} globally; a single configuration retains intended long-lived ownership, and replacement leak is a separate sequence not proven by this site alone (config.go:45-49; logger.go:120-122).
theHamdiz/it	9304e928f94ad5dab92c770576d053e5e9a2d98d	resourcelifetime	it.go:693:16	resourcelifetime/missing-release	false-positive	InitFromEnv deliberately installs opened file as process-wide logger output via SetLogOutput, which stores LogWriter{file} globally; a single configuration retains intended long-lived ownership, and replacement leak is a separate sequence not proven by this site alone (it.go:691-697; logger.go:120-122).
theHamdiz/it	9304e928f94ad5dab92c770576d053e5e9a2d98d	resourcelifetime	it_test.go:164:18	resourcelifetime/missing-release	true-positive	TestLogging creates tmpFile, defers pathname removal only, and installs it as global logger output; later tests replace logger output via SetLogOutput without closing this old file, so its handle leaks (it_test.go:164-195,453-464; logger.go:120-122).
theHamdiz/it	9304e928f94ad5dab92c770576d053e5e9a2d98d	resourcelifetime	it_test.go:453:18	resourcelifetime/missing-release	true-positive	TestStructuredLogging creates tmpFile, defers pathname removal only, and installs it as global logger output; later SetLogOutput replaces stored LogWriter without closing old file (it_test.go:453-464,723-752; logger.go:120-122).
theHamdiz/it	9304e928f94ad5dab92c770576d053e5e9a2d98d	resourcelifetime	it_test.go:723:18	resourcelifetime/missing-release	true-positive	TestInitFromEnv creates tempFile only to pass its Name as LOG_FILE, then defers pathname removal but never closes the original handle; InitFromEnv opens a second handle, not the first (it_test.go:723 onward; it.go:691-697).
theHamdiz/it	9304e928f94ad5dab92c770576d053e5e9a2d98d	resourcelifetime	it_test.go:817:18	resourcelifetime/missing-release	true-positive	TestConcurrentLogging creates tmpFile, defers pathname removal only, then installs it as global logger output; later SetLogOutput replacements omit Close on prior LogWriter (it_test.go:817-828; logger.go:120-122).
thewizardshell/froggit	82120a1067128a17e76d584bdc3ca5cc8a92a77d	resourcelifetime	internal/updater/updater.go:79:14	resourcelifetime/missing-release	true-positive	applyUpdate successfully creates tmp zip, defers only pathname removal, then io.Copy error returns before tmp.Close at line 88, leaking opened file (updater.go:79-96).
tobgu/qframe	edb23855dc466ccea4b89d245aa06adc94cba431	resourcelifetime	qframe_sql_test.go:156:11	resourcelifetime/missing-release	true-positive	Test begins sql.Tx, passes to qf.ToSQL, then returns without Commit or Rollback; ToSQL only Execs and does not settle transaction (qframe_sql_test.go:154-164; qframe.go:1212-1235). Repository scan incomplete elsewhere.
twitchdev/twitch-cli	fd7dac646eea56c9ac9c1d36893e611de855c21e	resourcelifetime	internal/api/client_test.go:42:11	resourcelifetime/missing-release	false-positive	Test deliberately sends malformed URL potato to c.Do and asserts nonnil error at client_test.go:41-43; result is discarded but no successful HTTP response/body is acquired on this path.
twitchdev/twitch-cli	fd7dac646eea56c9ac9c1d36893e611de855c21e	resourcelifetime	internal/mock_api/authentication/authentication_test.go:63:15	resourcelifetime/missing-release	true-positive	Mock API test gets expected HTTP 401 via DefaultClient.Do, then inspects or overwrites resp without Body.Close or ownership transfer (internal/mock_api/authentication/authentication_test.go:63); mock handler returns a response body on this path. Test-server Close does not close client Body.
twitchdev/twitch-cli	fd7dac646eea56c9ac9c1d36893e611de855c21e	resourcelifetime	internal/mock_api/authentication/authentication_test.go:67:14	resourcelifetime/missing-release	true-positive	Mock API test gets expected HTTP 401 via DefaultClient.Do, then inspects or overwrites resp without Body.Close or ownership transfer (internal/mock_api/authentication/authentication_test.go:67); mock handler returns a response body on this path. Test-server Close does not close client Body.
twitchdev/twitch-cli	fd7dac646eea56c9ac9c1d36893e611de855c21e	resourcelifetime	internal/mock_api/authentication/authentication_test.go:72:14	resourcelifetime/missing-release	true-positive	Mock API test gets expected HTTP 401 via DefaultClient.Do, then inspects or overwrites resp without Body.Close or ownership transfer (internal/mock_api/authentication/authentication_test.go:72); mock handler returns a response body on this path. Test-server Close does not close client Body.
twitchdev/twitch-cli	fd7dac646eea56c9ac9c1d36893e611de855c21e	resourcelifetime	internal/mock_api/authentication/authentication_test.go:77:14	resourcelifetime/missing-release	true-positive	Mock API test gets expected HTTP 200 via DefaultClient.Do, then inspects or overwrites resp without Body.Close or ownership transfer (internal/mock_api/authentication/authentication_test.go:77); mock handler returns a response body on this path. Test-server Close does not close client Body.
twitchdev/twitch-cli	fd7dac646eea56c9ac9c1d36893e611de855c21e	resourcelifetime	internal/mock_api/authentication/authentication_test.go:82:14	resourcelifetime/missing-release	true-positive	Mock API test gets expected HTTP 401 via DefaultClient.Do, then inspects or overwrites resp without Body.Close or ownership transfer (internal/mock_api/authentication/authentication_test.go:82); mock handler returns a response body on this path. Test-server Close does not close client Body.
twitchdev/twitch-cli	fd7dac646eea56c9ac9c1d36893e611de855c21e	resourcelifetime	internal/mock_api/authentication/authentication_test.go:87:14	resourcelifetime/missing-release	true-positive	Mock API test gets expected HTTP 401 via DefaultClient.Do, then inspects or overwrites resp without Body.Close or ownership transfer (internal/mock_api/authentication/authentication_test.go:87); mock handler returns a response body on this path. Test-server Close does not close client Body.
twitchdev/twitch-cli	fd7dac646eea56c9ac9c1d36893e611de855c21e	resourcelifetime	internal/mock_api/endpoints/bits/bits_test.go:21:15	resourcelifetime/missing-release	true-positive	Mock API test gets successful response (asserted nonnil/no request error) via DefaultClient.Do, then inspects or overwrites resp without Body.Close or ownership transfer (internal/mock_api/endpoints/bits/bits_test.go:21); mock handler returns a response body on this path. Test-server Close does not close client Body.
twitchdev/twitch-cli	fd7dac646eea56c9ac9c1d36893e611de855c21e	resourcelifetime	internal/mock_api/endpoints/bits/bits_test.go:35:15	resourcelifetime/missing-release	true-positive	Mock API test gets expected HTTP http.StatusOK via DefaultClient.Do, then inspects or overwrites resp without Body.Close or ownership transfer (internal/mock_api/endpoints/bits/bits_test.go:35); mock handler returns a response body on this path. Test-server Close does not close client Body.
twitchdev/twitch-cli	fd7dac646eea56c9ac9c1d36893e611de855c21e	resourcelifetime	internal/mock_api/endpoints/bits/bits_test.go:42:14	resourcelifetime/missing-release	true-positive	Mock API test gets expected HTTP http.StatusOK via DefaultClient.Do, then inspects or overwrites resp without Body.Close or ownership transfer (internal/mock_api/endpoints/bits/bits_test.go:42); mock handler returns a response body on this path. Test-server Close does not close client Body.
twitchdev/twitch-cli	fd7dac646eea56c9ac9c1d36893e611de855c21e	resourcelifetime	internal/mock_api/endpoints/bits/bits_test.go:49:14	resourcelifetime/missing-release	true-positive	Mock API test gets expected HTTP http.StatusOK via DefaultClient.Do, then inspects or overwrites resp without Body.Close or ownership transfer (internal/mock_api/endpoints/bits/bits_test.go:49); mock handler returns a response body on this path. Test-server Close does not close client Body.
twitchdev/twitch-cli	fd7dac646eea56c9ac9c1d36893e611de855c21e	resourcelifetime	internal/mock_api/endpoints/bits/bits_test.go:56:14	resourcelifetime/missing-release	true-positive	Mock API test gets expected HTTP http.StatusOK via DefaultClient.Do, then inspects or overwrites resp without Body.Close or ownership transfer (internal/mock_api/endpoints/bits/bits_test.go:56); mock handler returns a response body on this path. Test-server Close does not close client Body.
twitchdev/twitch-cli	fd7dac646eea56c9ac9c1d36893e611de855c21e	resourcelifetime	internal/mock_api/endpoints/bits/bits_test.go:63:14	resourcelifetime/missing-release	true-positive	Mock API test gets expected HTTP http.StatusBadRequest via DefaultClient.Do, then inspects or overwrites resp without Body.Close or ownership transfer (internal/mock_api/endpoints/bits/bits_test.go:63); mock handler returns a response body on this path. Test-server Close does not close client Body.
twitchdev/twitch-cli	fd7dac646eea56c9ac9c1d36893e611de855c21e	resourcelifetime	internal/mock_api/endpoints/bits/bits_test.go:71:14	resourcelifetime/missing-release	true-positive	Mock API test gets expected HTTP http.StatusOK via DefaultClient.Do, then inspects or overwrites resp without Body.Close or ownership transfer (internal/mock_api/endpoints/bits/bits_test.go:71); mock handler returns a response body on this path. Test-server Close does not close client Body.
twitchdev/twitch-cli	fd7dac646eea56c9ac9c1d36893e611de855c21e	resourcelifetime	internal/mock_api/endpoints/bits/bits_test.go:78:14	resourcelifetime/missing-release	true-positive	Mock API test gets expected HTTP http.StatusBadRequest via DefaultClient.Do, then inspects or overwrites resp without Body.Close or ownership transfer (internal/mock_api/endpoints/bits/bits_test.go:78); mock handler returns a response body on this path. Test-server Close does not close client Body.
twitchdev/twitch-cli	fd7dac646eea56c9ac9c1d36893e611de855c21e	resourcelifetime	internal/mock_api/endpoints/bits/bits_test.go:85:14	resourcelifetime/missing-release	true-positive	Mock API test gets expected HTTP http.StatusBadRequest via DefaultClient.Do, then inspects or overwrites resp without Body.Close or ownership transfer (internal/mock_api/endpoints/bits/bits_test.go:85); mock handler returns a response body on this path. Test-server Close does not close client Body.
twitchdev/twitch-cli	fd7dac646eea56c9ac9c1d36893e611de855c21e	resourcelifetime	internal/mock_api/endpoints/bits/bits_test.go:92:14	resourcelifetime/missing-release	true-positive	Mock API test gets expected HTTP http.StatusBadRequest via DefaultClient.Do, then inspects or overwrites resp without Body.Close or ownership transfer (internal/mock_api/endpoints/bits/bits_test.go:92); mock handler returns a response body on this path. Test-server Close does not close client Body.
twitchdev/twitch-cli	fd7dac646eea56c9ac9c1d36893e611de855c21e	resourcelifetime	internal/mock_api/endpoints/categories/categories_test.go:20:15	resourcelifetime/missing-release	true-positive	Mock API test gets successful response (asserted nonnil/no request error) via DefaultClient.Do, then inspects or overwrites resp without Body.Close or ownership transfer (internal/mock_api/endpoints/categories/categories_test.go:20); mock handler returns a response body on this path. Test-server Close does not close client Body.
twitchdev/twitch-cli	fd7dac646eea56c9ac9c1d36893e611de855c21e	resourcelifetime	internal/mock_api/endpoints/categories/categories_test.go:27:14	resourcelifetime/missing-release	true-positive	Mock API test gets expected HTTP http.StatusOK via DefaultClient.Do, then inspects or overwrites resp without Body.Close or ownership transfer (internal/mock_api/endpoints/categories/categories_test.go:27); mock handler returns a response body on this path. Test-server Close does not close client Body.
twitchdev/twitch-cli	fd7dac646eea56c9ac9c1d36893e611de855c21e	resourcelifetime	internal/mock_api/endpoints/categories/categories_test.go:34:14	resourcelifetime/missing-release	true-positive	Mock API test gets expected HTTP http.StatusOK via DefaultClient.Do, then inspects or overwrites resp without Body.Close or ownership transfer (internal/mock_api/endpoints/categories/categories_test.go:34); mock handler returns a response body on this path. Test-server Close does not close client Body.
twitchdev/twitch-cli	fd7dac646eea56c9ac9c1d36893e611de855c21e	resourcelifetime	internal/mock_api/endpoints/categories/categories_test.go:48:15	resourcelifetime/missing-release	true-positive	Mock API test gets expected HTTP http.StatusOK via DefaultClient.Do, then inspects or overwrites resp without Body.Close or ownership transfer (internal/mock_api/endpoints/categories/categories_test.go:48); mock handler returns a response body on this path. Test-server Close does not close client Body.
twitchdev/twitch-cli	fd7dac646eea56c9ac9c1d36893e611de855c21e	resourcelifetime	internal/mock_api/endpoints/ccl/ccl_test.go:21:15	resourcelifetime/missing-release	true-positive	Mock API test gets expected HTTP 200 via DefaultClient.Do, then inspects or overwrites resp without Body.Close or ownership transfer (internal/mock_api/endpoints/ccl/ccl_test.go:21); mock handler returns a response body on this path. Test-server Close does not close client Body.
twitchdev/twitch-cli	fd7dac646eea56c9ac9c1d36893e611de855c21e	resourcelifetime	internal/mock_api/endpoints/channel_points/channel_points_test.go:104:14	resourcelifetime/missing-release	true-positive	Mock API test gets expected HTTP 400 via DefaultClient.Do, then inspects or overwrites resp without Body.Close or ownership transfer (internal/mock_api/endpoints/channel_points/channel_points_test.go:104); mock handler returns a response body on this path. Test-server Close does not close client Body.
twitchdev/twitch-cli	fd7dac646eea56c9ac9c1d36893e611de855c21e	resourcelifetime	internal/mock_api/endpoints/channel_points/channel_points_test.go:110:14	resourcelifetime/missing-release	true-positive	Mock API test gets expected HTTP 200 via DefaultClient.Do, then inspects or overwrites resp without Body.Close or ownership transfer (internal/mock_api/endpoints/channel_points/channel_points_test.go:110); mock handler returns a response body on this path. Test-server Close does not close client Body.
twitchdev/twitch-cli	fd7dac646eea56c9ac9c1d36893e611de855c21e	resourcelifetime	internal/mock_api/endpoints/channel_points/channel_points_test.go:116:14	resourcelifetime/missing-release	true-positive	Mock API test gets expected HTTP 200 via DefaultClient.Do, then inspects or overwrites resp without Body.Close or ownership transfer (internal/mock_api/endpoints/channel_points/channel_points_test.go:116); mock handler returns a response body on this path. Test-server Close does not close client Body.
twitchdev/twitch-cli	fd7dac646eea56c9ac9c1d36893e611de855c21e	resourcelifetime	internal/mock_api/endpoints/channel_points/channel_points_test.go:129:14	resourcelifetime/missing-release	true-positive	Mock API test gets expected HTTP 404 via DefaultClient.Do, then inspects or overwrites resp without Body.Close or ownership transfer (internal/mock_api/endpoints/channel_points/channel_points_test.go:129); mock handler returns a response body on this path. Test-server Close does not close client Body.
twitchdev/twitch-cli	fd7dac646eea56c9ac9c1d36893e611de855c21e	resourcelifetime	internal/mock_api/endpoints/channel_points/channel_points_test.go:137:14	resourcelifetime/missing-release	true-positive	Mock API test gets expected HTTP 400 via DefaultClient.Do, then inspects or overwrites resp without Body.Close or ownership transfer (internal/mock_api/endpoints/channel_points/channel_points_test.go:137); mock handler returns a response body on this path. Test-server Close does not close client Body.
twitchdev/twitch-cli	fd7dac646eea56c9ac9c1d36893e611de855c21e	resourcelifetime	internal/mock_api/endpoints/channel_points/channel_points_test.go:146:14	resourcelifetime/missing-release	true-positive	Mock API test gets expected HTTP 200 via DefaultClient.Do, then inspects or overwrites resp without Body.Close or ownership transfer (internal/mock_api/endpoints/channel_points/channel_points_test.go:146); mock handler returns a response body on this path. Test-server Close does not close client Body.
twitchdev/twitch-cli	fd7dac646eea56c9ac9c1d36893e611de855c21e	resourcelifetime	internal/mock_api/endpoints/channel_points/channel_points_test.go:154:14	resourcelifetime/missing-release	true-positive	Mock API test gets expected HTTP 400 via DefaultClient.Do, then inspects or overwrites resp without Body.Close or ownership transfer (internal/mock_api/endpoints/channel_points/channel_points_test.go:154); mock handler returns a response body on this path. Test-server Close does not close client Body.
twitchdev/twitch-cli	fd7dac646eea56c9ac9c1d36893e611de855c21e	resourcelifetime	internal/mock_api/endpoints/channel_points/channel_points_test.go:179:15	resourcelifetime/missing-release	true-positive	Mock API test gets successful response (asserted nonnil/no request error) via DefaultClient.Do, then inspects or overwrites resp without Body.Close or ownership transfer (internal/mock_api/endpoints/channel_points/channel_points_test.go:179); mock handler returns a response body on this path. Test-server Close does not close client Body.
twitchdev/twitch-cli	fd7dac646eea56c9ac9c1d36893e611de855c21e	resourcelifetime	internal/mock_api/endpoints/channel_points/channel_points_test.go:188:14	resourcelifetime/missing-release	true-positive	Mock API test gets expected HTTP 400 via DefaultClient.Do, then inspects or overwrites resp without Body.Close or ownership transfer (internal/mock_api/endpoints/channel_points/channel_points_test.go:188); mock handler returns a response body on this path. Test-server Close does not close client Body.
twitchdev/twitch-cli	fd7dac646eea56c9ac9c1d36893e611de855c21e	resourcelifetime	internal/mock_api/endpoints/channel_points/channel_points_test.go:196:14	resourcelifetime/missing-release	true-positive	Mock API test gets expected HTTP 401 via DefaultClient.Do, then inspects or overwrites resp without Body.Close or ownership transfer (internal/mock_api/endpoints/channel_points/channel_points_test.go:196); mock handler returns a response body on this path. Test-server Close does not close client Body.
twitchdev/twitch-cli	fd7dac646eea56c9ac9c1d36893e611de855c21e	resourcelifetime	internal/mock_api/endpoints/channel_points/channel_points_test.go:207:14	resourcelifetime/missing-release	true-positive	Mock API test gets expected HTTP 400 via DefaultClient.Do, then inspects or overwrites resp without Body.Close or ownership transfer (internal/mock_api/endpoints/channel_points/channel_points_test.go:207); mock handler returns a response body on this path. Test-server Close does not close client Body.
twitchdev/twitch-cli	fd7dac646eea56c9ac9c1d36893e611de855c21e	resourcelifetime	internal/mock_api/endpoints/channel_points/channel_points_test.go:216:14	resourcelifetime/missing-release	true-positive	Mock API test gets expected HTTP 400 via DefaultClient.Do, then inspects or overwrites resp without Body.Close or ownership transfer (internal/mock_api/endpoints/channel_points/channel_points_test.go:216); mock handler returns a response body on this path. Test-server Close does not close client Body.
twitchdev/twitch-cli	fd7dac646eea56c9ac9c1d36893e611de855c21e	resourcelifetime	internal/mock_api/endpoints/channel_points/channel_points_test.go:225:14	resourcelifetime/missing-release	true-positive	Mock API test gets expected HTTP 400 via DefaultClient.Do, then inspects or overwrites resp without Body.Close or ownership transfer (internal/mock_api/endpoints/channel_points/channel_points_test.go:225); mock handler returns a response body on this path. Test-server Close does not close client Body.
twitchdev/twitch-cli	fd7dac646eea56c9ac9c1d36893e611de855c21e	resourcelifetime	internal/mock_api/endpoints/channel_points/channel_points_test.go:235:14	resourcelifetime/missing-release	true-positive	Mock API test gets expected HTTP 200 via DefaultClient.Do, then inspects or overwrites resp without Body.Close or ownership transfer (internal/mock_api/endpoints/channel_points/channel_points_test.go:235); mock handler returns a response body on this path. Test-server Close does not close client Body.
twitchdev/twitch-cli	fd7dac646eea56c9ac9c1d36893e611de855c21e	resourcelifetime	internal/mock_api/endpoints/channel_points/channel_points_test.go:241:14	resourcelifetime/missing-release	true-positive	Mock API test gets expected HTTP 200 via DefaultClient.Do, then inspects or overwrites resp without Body.Close or ownership transfer (internal/mock_api/endpoints/channel_points/channel_points_test.go:241); mock handler returns a response body on this path. Test-server Close does not close client Body.
twitchdev/twitch-cli	fd7dac646eea56c9ac9c1d36893e611de855c21e	resourcelifetime	internal/mock_api/endpoints/channel_points/channel_points_test.go:248:14	resourcelifetime/missing-release	true-positive	Mock API test gets expected HTTP 401 via DefaultClient.Do, then inspects or overwrites resp without Body.Close or ownership transfer (internal/mock_api/endpoints/channel_points/channel_points_test.go:248); mock handler returns a response body on this path. Test-server Close does not close client Body.
twitchdev/twitch-cli	fd7dac646eea56c9ac9c1d36893e611de855c21e	resourcelifetime	internal/mock_api/endpoints/channel_points/channel_points_test.go:259:14	resourcelifetime/missing-release	true-positive	Mock API test gets expected HTTP 400 via DefaultClient.Do, then inspects or overwrites resp without Body.Close or ownership transfer (internal/mock_api/endpoints/channel_points/channel_points_test.go:259); mock handler returns a response body on this path. Test-server Close does not close client Body.
twitchdev/twitch-cli	fd7dac646eea56c9ac9c1d36893e611de855c21e	resourcelifetime	internal/mock_api/endpoints/channel_points/channel_points_test.go:268:14	resourcelifetime/missing-release	true-positive	Mock API test gets expected HTTP 401 via DefaultClient.Do, then inspects or overwrites resp without Body.Close or ownership transfer (internal/mock_api/endpoints/channel_points/channel_points_test.go:268); mock handler returns a response body on this path. Test-server Close does not close client Body.
twitchdev/twitch-cli	fd7dac646eea56c9ac9c1d36893e611de855c21e	resourcelifetime	internal/mock_api/endpoints/channel_points/channel_points_test.go:279:14	resourcelifetime/missing-release	true-positive	Mock API test gets expected HTTP 200 via DefaultClient.Do, then inspects or overwrites resp without Body.Close or ownership transfer (internal/mock_api/endpoints/channel_points/channel_points_test.go:279); mock handler returns a response body on this path. Test-server Close does not close client Body.
twitchdev/twitch-cli	fd7dac646eea56c9ac9c1d36893e611de855c21e	resourcelifetime	internal/mock_api/endpoints/channel_points/channel_points_test.go:291:14	resourcelifetime/missing-release	true-positive	Mock API test gets expected HTTP 400 via DefaultClient.Do, then inspects or overwrites resp without Body.Close or ownership transfer (internal/mock_api/endpoints/channel_points/channel_points_test.go:291); mock handler returns a response body on this path. Test-server Close does not close client Body.
twitchdev/twitch-cli	fd7dac646eea56c9ac9c1d36893e611de855c21e	resourcelifetime	internal/mock_api/endpoints/channel_points/channel_points_test.go:305:14	resourcelifetime/missing-release	true-positive	Mock API test gets expected HTTP 400 via DefaultClient.Do, then inspects or overwrites resp without Body.Close or ownership transfer (internal/mock_api/endpoints/channel_points/channel_points_test.go:305); mock handler returns a response body on this path. Test-server Close does not close client Body.
twitchdev/twitch-cli	fd7dac646eea56c9ac9c1d36893e611de855c21e	resourcelifetime	internal/mock_api/endpoints/channel_points/channel_points_test.go:316:14	resourcelifetime/missing-release	true-positive	Mock API test gets expected HTTP 400 via DefaultClient.Do, then inspects or overwrites resp without Body.Close or ownership transfer (internal/mock_api/endpoints/channel_points/channel_points_test.go:316); mock handler returns a response body on this path. Test-server Close does not close client Body.
twitchdev/twitch-cli	fd7dac646eea56c9ac9c1d36893e611de855c21e	resourcelifetime	internal/mock_api/endpoints/channel_points/channel_points_test.go:328:14	resourcelifetime/missing-release	true-positive	Mock API test gets expected HTTP 400 via DefaultClient.Do, then inspects or overwrites resp without Body.Close or ownership transfer (internal/mock_api/endpoints/channel_points/channel_points_test.go:328); mock handler returns a response body on this path. Test-server Close does not close client Body.
twitchdev/twitch-cli	fd7dac646eea56c9ac9c1d36893e611de855c21e	resourcelifetime	internal/mock_api/endpoints/channel_points/channel_points_test.go:338:14	resourcelifetime/missing-release	true-positive	Mock API test gets expected HTTP 401 via DefaultClient.Do, then inspects or overwrites resp without Body.Close or ownership transfer (internal/mock_api/endpoints/channel_points/channel_points_test.go:338); mock handler returns a response body on this path. Test-server Close does not close client Body.
twitchdev/twitch-cli	fd7dac646eea56c9ac9c1d36893e611de855c21e	resourcelifetime	internal/mock_api/endpoints/channel_points/channel_points_test.go:346:14	resourcelifetime/missing-release	true-positive	Mock API test gets expected HTTP 400 via DefaultClient.Do, then inspects or overwrites resp without Body.Close or ownership transfer (internal/mock_api/endpoints/channel_points/channel_points_test.go:346); mock handler returns a response body on this path. Test-server Close does not close client Body.
twitchdev/twitch-cli	fd7dac646eea56c9ac9c1d36893e611de855c21e	resourcelifetime	internal/mock_api/endpoints/channel_points/channel_points_test.go:354:14	resourcelifetime/missing-release	true-positive	Mock API test gets expected HTTP 404 via DefaultClient.Do, then inspects or overwrites resp without Body.Close or ownership transfer (internal/mock_api/endpoints/channel_points/channel_points_test.go:354); mock handler returns a response body on this path. Test-server Close does not close client Body.
twitchdev/twitch-cli	fd7dac646eea56c9ac9c1d36893e611de855c21e	resourcelifetime	internal/mock_api/endpoints/channel_points/channel_points_test.go:363:14	resourcelifetime/missing-release	false-positive	Test asserts HTTP 204 No Content after successful DefaultClient.Do; net/http forbids a response body for 204 and exposes http.NoBody, so omitted Close cannot leak an acquired body (internal/mock_api/endpoints/channel_points/channel_points_test.go:363; Go transfer.go bodyAllowedForStatus).
twitchdev/twitch-cli	fd7dac646eea56c9ac9c1d36893e611de855c21e	resourcelifetime	internal/mock_api/endpoints/channel_points/channel_points_test.go:84:15	resourcelifetime/missing-release	true-positive	Mock API test gets expected HTTP 400 via DefaultClient.Do, then inspects or overwrites resp without Body.Close or ownership transfer (internal/mock_api/endpoints/channel_points/channel_points_test.go:84); mock handler returns a response body on this path. Test-server Close does not close client Body.
twitchdev/twitch-cli	fd7dac646eea56c9ac9c1d36893e611de855c21e	resourcelifetime	internal/mock_api/endpoints/channel_points/channel_points_test.go:91:14	resourcelifetime/missing-release	true-positive	Mock API test gets expected HTTP 401 via DefaultClient.Do, then inspects or overwrites resp without Body.Close or ownership transfer (internal/mock_api/endpoints/channel_points/channel_points_test.go:91); mock handler returns a response body on this path. Test-server Close does not close client Body.
twitchdev/twitch-cli	fd7dac646eea56c9ac9c1d36893e611de855c21e	resourcelifetime	internal/mock_api/endpoints/channel_points/channel_points_test.go:98:14	resourcelifetime/missing-release	true-positive	Mock API test gets expected HTTP 200 via DefaultClient.Do, then inspects or overwrites resp without Body.Close or ownership transfer (internal/mock_api/endpoints/channel_points/channel_points_test.go:98); mock handler returns a response body on this path. Test-server Close does not close client Body.
twitchdev/twitch-cli	fd7dac646eea56c9ac9c1d36893e611de855c21e	resourcelifetime	internal/mock_api/endpoints/channels/channels_test.go:102:15	resourcelifetime/missing-release	true-positive	Mock API test gets expected HTTP 400 via DefaultClient.Do, then inspects or overwrites resp without Body.Close or ownership transfer (internal/mock_api/endpoints/channels/channels_test.go:102); mock handler returns a response body on this path. Test-server Close does not close client Body.
twitchdev/twitch-cli	fd7dac646eea56c9ac9c1d36893e611de855c21e	resourcelifetime	internal/mock_api/endpoints/channels/channels_test.go:109:14	resourcelifetime/missing-release	true-positive	Mock API test gets expected HTTP 200 via DefaultClient.Do, then inspects or overwrites resp without Body.Close or ownership transfer (internal/mock_api/endpoints/channels/channels_test.go:109); mock handler returns a response body on this path. Test-server Close does not close client Body.
twitchdev/twitch-cli	fd7dac646eea56c9ac9c1d36893e611de855c21e	resourcelifetime	internal/mock_api/endpoints/channels/channels_test.go:118:14	resourcelifetime/missing-release	false-positive	Test asserts HTTP 204 No Content after successful DefaultClient.Do; net/http forbids a response body for 204 and exposes http.NoBody, so omitted Close cannot leak an acquired body (internal/mock_api/endpoints/channels/channels_test.go:118; Go transfer.go bodyAllowedForStatus).
twitchdev/twitch-cli	fd7dac646eea56c9ac9c1d36893e611de855c21e	resourcelifetime	internal/mock_api/endpoints/channels/channels_test.go:125:14	resourcelifetime/missing-release	true-positive	Mock API test gets expected HTTP 404 via DefaultClient.Do, then inspects or overwrites resp without Body.Close or ownership transfer (internal/mock_api/endpoints/channels/channels_test.go:125); mock handler returns a response body on this path. Test-server Close does not close client Body.
twitchdev/twitch-cli	fd7dac646eea56c9ac9c1d36893e611de855c21e	resourcelifetime	internal/mock_api/endpoints/channels/channels_test.go:132:14	resourcelifetime/missing-release	true-positive	Mock API test gets expected HTTP 400 via DefaultClient.Do, then inspects or overwrites resp without Body.Close or ownership transfer (internal/mock_api/endpoints/channels/channels_test.go:132); mock handler returns a response body on this path. Test-server Close does not close client Body.
twitchdev/twitch-cli	fd7dac646eea56c9ac9c1d36893e611de855c21e	resourcelifetime	internal/mock_api/endpoints/channels/channels_test.go:145:15	resourcelifetime/missing-release	true-positive	Mock API test gets expected HTTP 400 via DefaultClient.Do, then inspects or overwrites resp without Body.Close or ownership transfer (internal/mock_api/endpoints/channels/channels_test.go:145); mock handler returns a response body on this path. Test-server Close does not close client Body.
twitchdev/twitch-cli	fd7dac646eea56c9ac9c1d36893e611de855c21e	resourcelifetime	internal/mock_api/endpoints/channels/channels_test.go:151:14	resourcelifetime/missing-release	true-positive	Mock API test gets expected HTTP 200 via DefaultClient.Do, then inspects or overwrites resp without Body.Close or ownership transfer (internal/mock_api/endpoints/channels/channels_test.go:151); mock handler returns a response body on this path. Test-server Close does not close client Body.
twitchdev/twitch-cli	fd7dac646eea56c9ac9c1d36893e611de855c21e	resourcelifetime	internal/mock_api/endpoints/channels/channels_test.go:166:14	resourcelifetime/missing-release	true-positive	Mock API test gets expected HTTP 400 via DefaultClient.Do, then inspects or overwrites resp without Body.Close or ownership transfer (internal/mock_api/endpoints/channels/channels_test.go:166); mock handler returns a response body on this path. Test-server Close does not close client Body.
twitchdev/twitch-cli	fd7dac646eea56c9ac9c1d36893e611de855c21e	resourcelifetime	internal/mock_api/endpoints/channels/channels_test.go:173:14	resourcelifetime/missing-release	true-positive	Mock API test gets expected HTTP 401 via DefaultClient.Do, then inspects or overwrites resp without Body.Close or ownership transfer (internal/mock_api/endpoints/channels/channels_test.go:173); mock handler returns a response body on this path. Test-server Close does not close client Body.
twitchdev/twitch-cli	fd7dac646eea56c9ac9c1d36893e611de855c21e	resourcelifetime	internal/mock_api/endpoints/channels/channels_test.go:180:14	resourcelifetime/missing-release	false-positive	Test asserts HTTP 204 No Content after successful DefaultClient.Do; net/http forbids a response body for 204 and exposes http.NoBody, so omitted Close cannot leak an acquired body (internal/mock_api/endpoints/channels/channels_test.go:180; Go transfer.go bodyAllowedForStatus).
twitchdev/twitch-cli	fd7dac646eea56c9ac9c1d36893e611de855c21e	resourcelifetime	internal/mock_api/endpoints/channels/channels_test.go:188:14	resourcelifetime/missing-release	true-positive	Mock API test gets expected HTTP 400 via DefaultClient.Do, then inspects or overwrites resp without Body.Close or ownership transfer (internal/mock_api/endpoints/channels/channels_test.go:188); mock handler returns a response body on this path. Test-server Close does not close client Body.
twitchdev/twitch-cli	fd7dac646eea56c9ac9c1d36893e611de855c21e	resourcelifetime	internal/mock_api/endpoints/channels/channels_test.go:201:15	resourcelifetime/missing-release	true-positive	Mock API test gets expected HTTP 400 via DefaultClient.Do, then inspects or overwrites resp without Body.Close or ownership transfer (internal/mock_api/endpoints/channels/channels_test.go:201); mock handler returns a response body on this path. Test-server Close does not close client Body.
twitchdev/twitch-cli	fd7dac646eea56c9ac9c1d36893e611de855c21e	resourcelifetime	internal/mock_api/endpoints/channels/channels_test.go:207:14	resourcelifetime/missing-release	true-positive	Mock API test gets expected HTTP 200 via DefaultClient.Do, then inspects or overwrites resp without Body.Close or ownership transfer (internal/mock_api/endpoints/channels/channels_test.go:207); mock handler returns a response body on this path. Test-server Close does not close client Body.
twitchdev/twitch-cli	fd7dac646eea56c9ac9c1d36893e611de855c21e	resourcelifetime	internal/mock_api/endpoints/channels/channels_test.go:213:14	resourcelifetime/missing-release	true-positive	Mock API test gets expected HTTP 200 via DefaultClient.Do, then inspects or overwrites resp without Body.Close or ownership transfer (internal/mock_api/endpoints/channels/channels_test.go:213); mock handler returns a response body on this path. Test-server Close does not close client Body.
twitchdev/twitch-cli	fd7dac646eea56c9ac9c1d36893e611de855c21e	resourcelifetime	internal/mock_api/endpoints/channels/channels_test.go:226:15	resourcelifetime/missing-release	true-positive	Mock API test gets expected HTTP 400 via DefaultClient.Do, then inspects or overwrites resp without Body.Close or ownership transfer (internal/mock_api/endpoints/channels/channels_test.go:226); mock handler returns a response body on this path. Test-server Close does not close client Body.
twitchdev/twitch-cli	fd7dac646eea56c9ac9c1d36893e611de855c21e	resourcelifetime	internal/mock_api/endpoints/channels/channels_test.go:232:14	resourcelifetime/missing-release	true-positive	Mock API test gets expected HTTP 200 via DefaultClient.Do, then inspects or overwrites resp without Body.Close or ownership transfer (internal/mock_api/endpoints/channels/channels_test.go:232); mock handler returns a response body on this path. Test-server Close does not close client Body.
twitchdev/twitch-cli	fd7dac646eea56c9ac9c1d36893e611de855c21e	resourcelifetime	internal/mock_api/endpoints/channels/channels_test.go:238:14	resourcelifetime/missing-release	true-positive	Mock API test gets expected HTTP 200 via DefaultClient.Do, then inspects or overwrites resp without Body.Close or ownership transfer (internal/mock_api/endpoints/channels/channels_test.go:238); mock handler returns a response body on this path. Test-server Close does not close client Body.
twitchdev/twitch-cli	fd7dac646eea56c9ac9c1d36893e611de855c21e	resourcelifetime	internal/mock_api/endpoints/channels/channels_test.go:42:15	resourcelifetime/missing-release	true-positive	Mock API test gets expected HTTP 200 via DefaultClient.Do, then inspects or overwrites resp without Body.Close or ownership transfer (internal/mock_api/endpoints/channels/channels_test.go:42); mock handler returns a response body on this path. Test-server Close does not close client Body.
twitchdev/twitch-cli	fd7dac646eea56c9ac9c1d36893e611de855c21e	resourcelifetime	internal/mock_api/endpoints/channels/channels_test.go:50:14	resourcelifetime/missing-release	true-positive	Mock API test gets expected HTTP 400 via DefaultClient.Do, then inspects or overwrites resp without Body.Close or ownership transfer (internal/mock_api/endpoints/channels/channels_test.go:50); mock handler returns a response body on this path. Test-server Close does not close client Body.
twitchdev/twitch-cli	fd7dac646eea56c9ac9c1d36893e611de855c21e	resourcelifetime	internal/mock_api/endpoints/channels/channels_test.go:58:14	resourcelifetime/missing-release	true-positive	Mock API test gets expected HTTP 401 via DefaultClient.Do, then inspects or overwrites resp without Body.Close or ownership transfer (internal/mock_api/endpoints/channels/channels_test.go:58); mock handler returns a response body on this path. Test-server Close does not close client Body.
twitchdev/twitch-cli	fd7dac646eea56c9ac9c1d36893e611de855c21e	resourcelifetime	internal/mock_api/endpoints/channels/channels_test.go:65:14	resourcelifetime/missing-release	true-positive	Mock API test gets expected HTTP 400 via DefaultClient.Do, then inspects or overwrites resp without Body.Close or ownership transfer (internal/mock_api/endpoints/channels/channels_test.go:65); mock handler returns a response body on this path. Test-server Close does not close client Body.
twitchdev/twitch-cli	fd7dac646eea56c9ac9c1d36893e611de855c21e	resourcelifetime	internal/mock_api/endpoints/channels/channels_test.go:77:15	resourcelifetime/missing-release	true-positive	Mock API test gets expected HTTP 400 via DefaultClient.Do, then inspects or overwrites resp without Body.Close or ownership transfer (internal/mock_api/endpoints/channels/channels_test.go:77); mock handler returns a response body on this path. Test-server Close does not close client Body.
twitchdev/twitch-cli	fd7dac646eea56c9ac9c1d36893e611de855c21e	resourcelifetime	internal/mock_api/endpoints/channels/channels_test.go:83:14	resourcelifetime/missing-release	true-positive	Mock API test gets expected HTTP 401 via DefaultClient.Do, then inspects or overwrites resp without Body.Close or ownership transfer (internal/mock_api/endpoints/channels/channels_test.go:83); mock handler returns a response body on this path. Test-server Close does not close client Body.
twitchdev/twitch-cli	fd7dac646eea56c9ac9c1d36893e611de855c21e	resourcelifetime	internal/mock_api/endpoints/channels/channels_test.go:89:14	resourcelifetime/missing-release	true-positive	Mock API test gets expected HTTP 200 via DefaultClient.Do, then inspects or overwrites resp without Body.Close or ownership transfer (internal/mock_api/endpoints/channels/channels_test.go:89); mock handler returns a response body on this path. Test-server Close does not close client Body.
twitchdev/twitch-cli	fd7dac646eea56c9ac9c1d36893e611de855c21e	resourcelifetime	internal/mock_api/endpoints/charity/charity_test.go:21:15	resourcelifetime/missing-release	true-positive	Mock API test gets expected HTTP 401 via DefaultClient.Do, then inspects or overwrites resp without Body.Close or ownership transfer (internal/mock_api/endpoints/charity/charity_test.go:21); mock handler returns a response body on this path. Test-server Close does not close client Body.
twitchdev/twitch-cli	fd7dac646eea56c9ac9c1d36893e611de855c21e	resourcelifetime	internal/mock_api/endpoints/charity/charity_test.go:27:14	resourcelifetime/missing-release	true-positive	Mock API test gets expected HTTP 200 via DefaultClient.Do, then inspects or overwrites resp without Body.Close or ownership transfer (internal/mock_api/endpoints/charity/charity_test.go:27); mock handler returns a response body on this path. Test-server Close does not close client Body.
twitchdev/twitch-cli	fd7dac646eea56c9ac9c1d36893e611de855c21e	resourcelifetime	internal/mock_api/endpoints/charity/charity_test.go:40:15	resourcelifetime/missing-release	true-positive	Mock API test gets expected HTTP 401 via DefaultClient.Do, then inspects or overwrites resp without Body.Close or ownership transfer (internal/mock_api/endpoints/charity/charity_test.go:40); mock handler returns a response body on this path. Test-server Close does not close client Body.
twitchdev/twitch-cli	fd7dac646eea56c9ac9c1d36893e611de855c21e	resourcelifetime	internal/mock_api/endpoints/charity/charity_test.go:46:14	resourcelifetime/missing-release	true-positive	Mock API test gets expected HTTP 200 via DefaultClient.Do, then inspects or overwrites resp without Body.Close or ownership transfer (internal/mock_api/endpoints/charity/charity_test.go:46); mock handler returns a response body on this path. Test-server Close does not close client Body.
twitchdev/twitch-cli	fd7dac646eea56c9ac9c1d36893e611de855c21e	resourcelifetime	internal/mock_api/endpoints/charity/charity_test.go:52:14	resourcelifetime/missing-release	true-positive	Mock API test gets expected HTTP 400 via DefaultClient.Do, then inspects or overwrites resp without Body.Close or ownership transfer (internal/mock_api/endpoints/charity/charity_test.go:52); mock handler returns a response body on this path. Test-server Close does not close client Body.
twitchdev/twitch-cli	fd7dac646eea56c9ac9c1d36893e611de855c21e	resourcelifetime	internal/mock_api/endpoints/chat/chat_test.go:106:15	resourcelifetime/missing-release	true-positive	Mock API test gets expected HTTP 401 via DefaultClient.Do, then inspects or overwrites resp without Body.Close or ownership transfer (internal/mock_api/endpoints/chat/chat_test.go:106); mock handler returns a response body on this path. Test-server Close does not close client Body.
twitchdev/twitch-cli	fd7dac646eea56c9ac9c1d36893e611de855c21e	resourcelifetime	internal/mock_api/endpoints/chat/chat_test.go:120:14	resourcelifetime/missing-release	false-positive	Test asserts HTTP 204 No Content after successful DefaultClient.Do; net/http forbids a response body for 204 and exposes http.NoBody, so omitted Close cannot leak an acquired body (internal/mock_api/endpoints/chat/chat_test.go:120; Go transfer.go bodyAllowedForStatus).
twitchdev/twitch-cli	fd7dac646eea56c9ac9c1d36893e611de855c21e	resourcelifetime	internal/mock_api/endpoints/chat/chat_test.go:133:15	resourcelifetime/missing-release	true-positive	Mock API test gets expected HTTP 401 via DefaultClient.Do, then inspects or overwrites resp without Body.Close or ownership transfer (internal/mock_api/endpoints/chat/chat_test.go:133); mock handler returns a response body on this path. Test-server Close does not close client Body.
twitchdev/twitch-cli	fd7dac646eea56c9ac9c1d36893e611de855c21e	resourcelifetime	internal/mock_api/endpoints/chat/chat_test.go:140:14	resourcelifetime/missing-release	true-positive	Mock API test gets expected HTTP 200 via DefaultClient.Do, then inspects or overwrites resp without Body.Close or ownership transfer (internal/mock_api/endpoints/chat/chat_test.go:140); mock handler returns a response body on this path. Test-server Close does not close client Body.
twitchdev/twitch-cli	fd7dac646eea56c9ac9c1d36893e611de855c21e	resourcelifetime	internal/mock_api/endpoints/chat/chat_test.go:153:15	resourcelifetime/missing-release	true-positive	Mock API test gets expected HTTP 400 via DefaultClient.Do, then inspects or overwrites resp without Body.Close or ownership transfer (internal/mock_api/endpoints/chat/chat_test.go:153); mock handler returns a response body on this path. Test-server Close does not close client Body.
twitchdev/twitch-cli	fd7dac646eea56c9ac9c1d36893e611de855c21e	resourcelifetime	internal/mock_api/endpoints/chat/chat_test.go:159:14	resourcelifetime/missing-release	true-positive	Mock API test gets expected HTTP 200 via DefaultClient.Do, then inspects or overwrites resp without Body.Close or ownership transfer (internal/mock_api/endpoints/chat/chat_test.go:159); mock handler returns a response body on this path. Test-server Close does not close client Body.
twitchdev/twitch-cli	fd7dac646eea56c9ac9c1d36893e611de855c21e	resourcelifetime	internal/mock_api/endpoints/chat/chat_test.go:172:15	resourcelifetime/missing-release	true-positive	Mock API test gets expected HTTP 400 via DefaultClient.Do, then inspects or overwrites resp without Body.Close or ownership transfer (internal/mock_api/endpoints/chat/chat_test.go:172); mock handler returns a response body on this path. Test-server Close does not close client Body.
twitchdev/twitch-cli	fd7dac646eea56c9ac9c1d36893e611de855c21e	resourcelifetime	internal/mock_api/endpoints/chat/chat_test.go:179:14	resourcelifetime/missing-release	true-positive	Mock API test gets expected HTTP 200 via DefaultClient.Do, then inspects or overwrites resp without Body.Close or ownership transfer (internal/mock_api/endpoints/chat/chat_test.go:179); mock handler returns a response body on this path. Test-server Close does not close client Body.
twitchdev/twitch-cli	fd7dac646eea56c9ac9c1d36893e611de855c21e	resourcelifetime	internal/mock_api/endpoints/chat/chat_test.go:192:15	resourcelifetime/missing-release	true-positive	Mock API test gets expected HTTP 401 via DefaultClient.Do, then inspects or overwrites resp without Body.Close or ownership transfer (internal/mock_api/endpoints/chat/chat_test.go:192); mock handler returns a response body on this path. Test-server Close does not close client Body.
twitchdev/twitch-cli	fd7dac646eea56c9ac9c1d36893e611de855c21e	resourcelifetime	internal/mock_api/endpoints/chat/chat_test.go:200:14	resourcelifetime/missing-release	false-positive	Test asserts HTTP 204 No Content after successful DefaultClient.Do; net/http forbids a response body for 204 and exposes http.NoBody, so omitted Close cannot leak an acquired body (internal/mock_api/endpoints/chat/chat_test.go:200; Go transfer.go bodyAllowedForStatus).
twitchdev/twitch-cli	fd7dac646eea56c9ac9c1d36893e611de855c21e	resourcelifetime	internal/mock_api/endpoints/chat/chat_test.go:23:15	resourcelifetime/missing-release	true-positive	Mock API test gets expected HTTP 200 via DefaultClient.Do, then inspects or overwrites resp without Body.Close or ownership transfer (internal/mock_api/endpoints/chat/chat_test.go:23); mock handler returns a response body on this path. Test-server Close does not close client Body.
twitchdev/twitch-cli	fd7dac646eea56c9ac9c1d36893e611de855c21e	resourcelifetime	internal/mock_api/endpoints/chat/chat_test.go:36:15	resourcelifetime/missing-release	true-positive	Mock API test gets expected HTTP 400 via DefaultClient.Do, then inspects or overwrites resp without Body.Close or ownership transfer (internal/mock_api/endpoints/chat/chat_test.go:36); mock handler returns a response body on this path. Test-server Close does not close client Body.
twitchdev/twitch-cli	fd7dac646eea56c9ac9c1d36893e611de855c21e	resourcelifetime	internal/mock_api/endpoints/chat/chat_test.go:42:14	resourcelifetime/missing-release	true-positive	Mock API test gets expected HTTP 200 via DefaultClient.Do, then inspects or overwrites resp without Body.Close or ownership transfer (internal/mock_api/endpoints/chat/chat_test.go:42); mock handler returns a response body on this path. Test-server Close does not close client Body.
twitchdev/twitch-cli	fd7dac646eea56c9ac9c1d36893e611de855c21e	resourcelifetime	internal/mock_api/endpoints/chat/chat_test.go:55:15	resourcelifetime/missing-release	true-positive	Mock API test gets expected HTTP 200 via DefaultClient.Do, then inspects or overwrites resp without Body.Close or ownership transfer (internal/mock_api/endpoints/chat/chat_test.go:55); mock handler returns a response body on this path. Test-server Close does not close client Body.
twitchdev/twitch-cli	fd7dac646eea56c9ac9c1d36893e611de855c21e	resourcelifetime	internal/mock_api/endpoints/chat/chat_test.go:68:15	resourcelifetime/missing-release	true-positive	Mock API test gets expected HTTP 400 via DefaultClient.Do, then inspects or overwrites resp without Body.Close or ownership transfer (internal/mock_api/endpoints/chat/chat_test.go:68); mock handler returns a response body on this path. Test-server Close does not close client Body.
twitchdev/twitch-cli	fd7dac646eea56c9ac9c1d36893e611de855c21e	resourcelifetime	internal/mock_api/endpoints/chat/chat_test.go:74:14	resourcelifetime/missing-release	true-positive	Mock API test gets expected HTTP 200 via DefaultClient.Do, then inspects or overwrites resp without Body.Close or ownership transfer (internal/mock_api/endpoints/chat/chat_test.go:74); mock handler returns a response body on this path. Test-server Close does not close client Body.
twitchdev/twitch-cli	fd7dac646eea56c9ac9c1d36893e611de855c21e	resourcelifetime	internal/mock_api/endpoints/chat/chat_test.go:87:15	resourcelifetime/missing-release	true-positive	Mock API test gets expected HTTP 400 via DefaultClient.Do, then inspects or overwrites resp without Body.Close or ownership transfer (internal/mock_api/endpoints/chat/chat_test.go:87); mock handler returns a response body on this path. Test-server Close does not close client Body.
twitchdev/twitch-cli	fd7dac646eea56c9ac9c1d36893e611de855c21e	resourcelifetime	internal/mock_api/endpoints/chat/chat_test.go:93:14	resourcelifetime/missing-release	true-positive	Mock API test gets expected HTTP 200 via DefaultClient.Do, then inspects or overwrites resp without Body.Close or ownership transfer (internal/mock_api/endpoints/chat/chat_test.go:93); mock handler returns a response body on this path. Test-server Close does not close client Body.
twitchdev/twitch-cli	fd7dac646eea56c9ac9c1d36893e611de855c21e	resourcelifetime	internal/mock_api/endpoints/clips/clips_test.go:36:15	resourcelifetime/missing-release	true-positive	Mock API test gets expected HTTP 400 via DefaultClient.Do, then inspects or overwrites resp without Body.Close or ownership transfer (internal/mock_api/endpoints/clips/clips_test.go:36); mock handler returns a response body on this path. Test-server Close does not close client Body.
twitchdev/twitch-cli	fd7dac646eea56c9ac9c1d36893e611de855c21e	resourcelifetime	internal/mock_api/endpoints/clips/clips_test.go:42:14	resourcelifetime/missing-release	true-positive	Mock API test gets expected HTTP 200 via DefaultClient.Do, then inspects or overwrites resp without Body.Close or ownership transfer (internal/mock_api/endpoints/clips/clips_test.go:42); mock handler returns a response body on this path. Test-server Close does not close client Body.
twitchdev/twitch-cli	fd7dac646eea56c9ac9c1d36893e611de855c21e	resourcelifetime	internal/mock_api/endpoints/clips/clips_test.go:48:14	resourcelifetime/missing-release	true-positive	Mock API test gets expected HTTP 400 via DefaultClient.Do, then inspects or overwrites resp without Body.Close or ownership transfer (internal/mock_api/endpoints/clips/clips_test.go:48); mock handler returns a response body on this path. Test-server Close does not close client Body.
twitchdev/twitch-cli	fd7dac646eea56c9ac9c1d36893e611de855c21e	resourcelifetime	internal/mock_api/endpoints/clips/clips_test.go:54:14	resourcelifetime/missing-release	true-positive	Mock API test gets expected HTTP 200 via DefaultClient.Do, then inspects or overwrites resp without Body.Close or ownership transfer (internal/mock_api/endpoints/clips/clips_test.go:54); mock handler returns a response body on this path. Test-server Close does not close client Body.
twitchdev/twitch-cli	fd7dac646eea56c9ac9c1d36893e611de855c21e	resourcelifetime	internal/mock_api/endpoints/clips/clips_test.go:60:14	resourcelifetime/missing-release	true-positive	Mock API test gets expected HTTP 200 via DefaultClient.Do, then inspects or overwrites resp without Body.Close or ownership transfer (internal/mock_api/endpoints/clips/clips_test.go:60); mock handler returns a response body on this path. Test-server Close does not close client Body.
twitchdev/twitch-cli	fd7dac646eea56c9ac9c1d36893e611de855c21e	resourcelifetime	internal/mock_api/endpoints/clips/clips_test.go:68:14	resourcelifetime/missing-release	true-positive	Mock API test gets expected HTTP 400 via DefaultClient.Do, then inspects or overwrites resp without Body.Close or ownership transfer (internal/mock_api/endpoints/clips/clips_test.go:68); mock handler returns a response body on this path. Test-server Close does not close client Body.
twitchdev/twitch-cli	fd7dac646eea56c9ac9c1d36893e611de855c21e	resourcelifetime	internal/mock_api/endpoints/clips/clips_test.go:74:14	resourcelifetime/missing-release	true-positive	Mock API test gets expected HTTP 200 via DefaultClient.Do, then inspects or overwrites resp without Body.Close or ownership transfer (internal/mock_api/endpoints/clips/clips_test.go:74); mock handler returns a response body on this path. Test-server Close does not close client Body.
twitchdev/twitch-cli	fd7dac646eea56c9ac9c1d36893e611de855c21e	resourcelifetime	internal/mock_api/endpoints/clips/clips_test.go:80:14	resourcelifetime/missing-release	true-positive	Mock API test gets expected HTTP 400 via DefaultClient.Do, then inspects or overwrites resp without Body.Close or ownership transfer (internal/mock_api/endpoints/clips/clips_test.go:80); mock handler returns a response body on this path. Test-server Close does not close client Body.
twitchdev/twitch-cli	fd7dac646eea56c9ac9c1d36893e611de855c21e	resourcelifetime	internal/mock_api/endpoints/drops/drops_test.go:56:15	resourcelifetime/missing-release	true-positive	Mock API test gets expected HTTP 200 via DefaultClient.Do, then inspects or overwrites resp without Body.Close or ownership transfer (internal/mock_api/endpoints/drops/drops_test.go:56); mock handler returns a response body on this path. Test-server Close does not close client Body.
twitchdev/twitch-cli	fd7dac646eea56c9ac9c1d36893e611de855c21e	resourcelifetime	internal/mock_api/endpoints/drops/drops_test.go:74:14	resourcelifetime/missing-release	true-positive	Mock API test gets expected HTTP 200 via DefaultClient.Do, then inspects or overwrites resp without Body.Close or ownership transfer (internal/mock_api/endpoints/drops/drops_test.go:74); mock handler returns a response body on this path. Test-server Close does not close client Body.
twitchdev/twitch-cli	fd7dac646eea56c9ac9c1d36893e611de855c21e	resourcelifetime	internal/mock_api/endpoints/drops/drops_test.go:84:14	resourcelifetime/missing-release	true-positive	Mock API test gets expected HTTP 400 via DefaultClient.Do, then inspects or overwrites resp without Body.Close or ownership transfer (internal/mock_api/endpoints/drops/drops_test.go:84); mock handler returns a response body on this path. Test-server Close does not close client Body.
twitchdev/twitch-cli	fd7dac646eea56c9ac9c1d36893e611de855c21e	resourcelifetime	internal/mock_api/endpoints/goals/goals_test.go:21:15	resourcelifetime/missing-release	true-positive	Mock API test gets expected HTTP 401 via DefaultClient.Do, then inspects or overwrites resp without Body.Close or ownership transfer (internal/mock_api/endpoints/goals/goals_test.go:21); mock handler returns a response body on this path. Test-server Close does not close client Body.
twitchdev/twitch-cli	fd7dac646eea56c9ac9c1d36893e611de855c21e	resourcelifetime	internal/mock_api/endpoints/goals/goals_test.go:27:14	resourcelifetime/missing-release	true-positive	Mock API test gets expected HTTP 200 via DefaultClient.Do, then inspects or overwrites resp without Body.Close or ownership transfer (internal/mock_api/endpoints/goals/goals_test.go:27); mock handler returns a response body on this path. Test-server Close does not close client Body.
twitchdev/twitch-cli	fd7dac646eea56c9ac9c1d36893e611de855c21e	resourcelifetime	internal/mock_api/endpoints/hype_train/hype_train_test.go:21:15	resourcelifetime/missing-release	true-positive	Mock API test gets expected HTTP 401 via DefaultClient.Do, then inspects or overwrites resp without Body.Close or ownership transfer (internal/mock_api/endpoints/hype_train/hype_train_test.go:21); mock handler returns a response body on this path. Test-server Close does not close client Body.
twitchdev/twitch-cli	fd7dac646eea56c9ac9c1d36893e611de855c21e	resourcelifetime	internal/mock_api/endpoints/hype_train/hype_train_test.go:27:14	resourcelifetime/missing-release	true-positive	Mock API test gets expected HTTP 200 via DefaultClient.Do, then inspects or overwrites resp without Body.Close or ownership transfer (internal/mock_api/endpoints/hype_train/hype_train_test.go:27); mock handler returns a response body on this path. Test-server Close does not close client Body.
twitchdev/twitch-cli	fd7dac646eea56c9ac9c1d36893e611de855c21e	resourcelifetime	internal/mock_api/endpoints/hype_train/hype_train_test.go:33:14	resourcelifetime/missing-release	true-positive	Mock API test gets expected HTTP 400 via DefaultClient.Do, then inspects or overwrites resp without Body.Close or ownership transfer (internal/mock_api/endpoints/hype_train/hype_train_test.go:33); mock handler returns a response body on this path. Test-server Close does not close client Body.
twitchdev/twitch-cli	fd7dac646eea56c9ac9c1d36893e611de855c21e	resourcelifetime	internal/mock_api/endpoints/moderation/moderation_test.go:107:14	resourcelifetime/missing-release	true-positive	Mock API test gets expected HTTP 400 via DefaultClient.Do, then inspects or overwrites resp without Body.Close or ownership transfer (internal/mock_api/endpoints/moderation/moderation_test.go:107); mock handler returns a response body on this path. Test-server Close does not close client Body.
twitchdev/twitch-cli	fd7dac646eea56c9ac9c1d36893e611de855c21e	resourcelifetime	internal/mock_api/endpoints/moderation/moderation_test.go:116:14	resourcelifetime/missing-release	true-positive	Mock API test gets expected HTTP 200 via DefaultClient.Do, then inspects or overwrites resp without Body.Close or ownership transfer (internal/mock_api/endpoints/moderation/moderation_test.go:116); mock handler returns a response body on this path. Test-server Close does not close client Body.
twitchdev/twitch-cli	fd7dac646eea56c9ac9c1d36893e611de855c21e	resourcelifetime	internal/mock_api/endpoints/moderation/moderation_test.go:128:15	resourcelifetime/missing-release	true-positive	Mock API test gets expected HTTP 401 via DefaultClient.Do, then inspects or overwrites resp without Body.Close or ownership transfer (internal/mock_api/endpoints/moderation/moderation_test.go:128); mock handler returns a response body on this path. Test-server Close does not close client Body.
twitchdev/twitch-cli	fd7dac646eea56c9ac9c1d36893e611de855c21e	resourcelifetime	internal/mock_api/endpoints/moderation/moderation_test.go:134:14	resourcelifetime/missing-release	true-positive	Mock API test gets expected HTTP 200 via DefaultClient.Do, then inspects or overwrites resp without Body.Close or ownership transfer (internal/mock_api/endpoints/moderation/moderation_test.go:134); mock handler returns a response body on this path. Test-server Close does not close client Body.
twitchdev/twitch-cli	fd7dac646eea56c9ac9c1d36893e611de855c21e	resourcelifetime	internal/mock_api/endpoints/moderation/moderation_test.go:140:14	resourcelifetime/missing-release	true-positive	Mock API test gets expected HTTP 200 via DefaultClient.Do, then inspects or overwrites resp without Body.Close or ownership transfer (internal/mock_api/endpoints/moderation/moderation_test.go:140); mock handler returns a response body on this path. Test-server Close does not close client Body.
twitchdev/twitch-cli	fd7dac646eea56c9ac9c1d36893e611de855c21e	resourcelifetime	internal/mock_api/endpoints/moderation/moderation_test.go:153:15	resourcelifetime/missing-release	true-positive	Mock API test gets expected HTTP 401 via DefaultClient.Do, then inspects or overwrites resp without Body.Close or ownership transfer (internal/mock_api/endpoints/moderation/moderation_test.go:153); mock handler returns a response body on this path. Test-server Close does not close client Body.
twitchdev/twitch-cli	fd7dac646eea56c9ac9c1d36893e611de855c21e	resourcelifetime	internal/mock_api/endpoints/moderation/moderation_test.go:160:14	resourcelifetime/missing-release	true-positive	Mock API test gets expected HTTP 400 via DefaultClient.Do, then inspects or overwrites resp without Body.Close or ownership transfer (internal/mock_api/endpoints/moderation/moderation_test.go:160); mock handler returns a response body on this path. Test-server Close does not close client Body.
twitchdev/twitch-cli	fd7dac646eea56c9ac9c1d36893e611de855c21e	resourcelifetime	internal/mock_api/endpoints/moderation/moderation_test.go:174:14	resourcelifetime/missing-release	true-positive	Mock API test gets expected HTTP 200 via DefaultClient.Do, then inspects or overwrites resp without Body.Close or ownership transfer (internal/mock_api/endpoints/moderation/moderation_test.go:174); mock handler returns a response body on this path. Test-server Close does not close client Body.
twitchdev/twitch-cli	fd7dac646eea56c9ac9c1d36893e611de855c21e	resourcelifetime	internal/mock_api/endpoints/moderation/moderation_test.go:183:14	resourcelifetime/missing-release	true-positive	Mock API test gets expected HTTP 400 via DefaultClient.Do, then inspects or overwrites resp without Body.Close or ownership transfer (internal/mock_api/endpoints/moderation/moderation_test.go:183); mock handler returns a response body on this path. Test-server Close does not close client Body.
twitchdev/twitch-cli	fd7dac646eea56c9ac9c1d36893e611de855c21e	resourcelifetime	internal/mock_api/endpoints/moderation/moderation_test.go:190:14	resourcelifetime/missing-release	false-positive	Test asserts HTTP 204 No Content after successful DefaultClient.Do; net/http forbids a response body for 204 and exposes http.NoBody, so omitted Close cannot leak an acquired body (internal/mock_api/endpoints/moderation/moderation_test.go:190; Go transfer.go bodyAllowedForStatus).
twitchdev/twitch-cli	fd7dac646eea56c9ac9c1d36893e611de855c21e	resourcelifetime	internal/mock_api/endpoints/moderation/moderation_test.go:22:15	resourcelifetime/missing-release	true-positive	Mock API test gets expected HTTP 401 via DefaultClient.Do, then inspects or overwrites resp without Body.Close or ownership transfer (internal/mock_api/endpoints/moderation/moderation_test.go:22); mock handler returns a response body on this path. Test-server Close does not close client Body.
twitchdev/twitch-cli	fd7dac646eea56c9ac9c1d36893e611de855c21e	resourcelifetime	internal/mock_api/endpoints/moderation/moderation_test.go:28:14	resourcelifetime/missing-release	true-positive	Mock API test gets expected HTTP 200 via DefaultClient.Do, then inspects or overwrites resp without Body.Close or ownership transfer (internal/mock_api/endpoints/moderation/moderation_test.go:28); mock handler returns a response body on this path. Test-server Close does not close client Body.
twitchdev/twitch-cli	fd7dac646eea56c9ac9c1d36893e611de855c21e	resourcelifetime	internal/mock_api/endpoints/moderation/moderation_test.go:34:14	resourcelifetime/missing-release	true-positive	Mock API test gets expected HTTP 200 via DefaultClient.Do, then inspects or overwrites resp without Body.Close or ownership transfer (internal/mock_api/endpoints/moderation/moderation_test.go:34); mock handler returns a response body on this path. Test-server Close does not close client Body.
twitchdev/twitch-cli	fd7dac646eea56c9ac9c1d36893e611de855c21e	resourcelifetime	internal/mock_api/endpoints/moderation/moderation_test.go:53:15	resourcelifetime/missing-release	false-positive	Test asserts HTTP 204 No Content after successful DefaultClient.Do; net/http forbids a response body for 204 and exposes http.NoBody, so omitted Close cannot leak an acquired body (internal/mock_api/endpoints/moderation/moderation_test.go:53; Go transfer.go bodyAllowedForStatus).
twitchdev/twitch-cli	fd7dac646eea56c9ac9c1d36893e611de855c21e	resourcelifetime	internal/mock_api/endpoints/moderation/moderation_test.go:61:14	resourcelifetime/missing-release	true-positive	Mock API test gets expected HTTP 401 via DefaultClient.Do, then inspects or overwrites resp without Body.Close or ownership transfer (internal/mock_api/endpoints/moderation/moderation_test.go:61); mock handler returns a response body on this path. Test-server Close does not close client Body.
twitchdev/twitch-cli	fd7dac646eea56c9ac9c1d36893e611de855c21e	resourcelifetime	internal/mock_api/endpoints/moderation/moderation_test.go:70:14	resourcelifetime/missing-release	true-positive	Mock API test gets expected HTTP 400 via DefaultClient.Do, then inspects or overwrites resp without Body.Close or ownership transfer (internal/mock_api/endpoints/moderation/moderation_test.go:70); mock handler returns a response body on this path. Test-server Close does not close client Body.
twitchdev/twitch-cli	fd7dac646eea56c9ac9c1d36893e611de855c21e	resourcelifetime	internal/mock_api/endpoints/moderation/moderation_test.go:79:14	resourcelifetime/missing-release	true-positive	Mock API test gets expected HTTP 400 via DefaultClient.Do, then inspects or overwrites resp without Body.Close or ownership transfer (internal/mock_api/endpoints/moderation/moderation_test.go:79); mock handler returns a response body on this path. Test-server Close does not close client Body.
twitchdev/twitch-cli	fd7dac646eea56c9ac9c1d36893e611de855c21e	resourcelifetime	internal/mock_api/endpoints/moderation/moderation_test.go:99:15	resourcelifetime/missing-release	true-positive	Mock API test gets expected HTTP 401 via DefaultClient.Do, then inspects or overwrites resp without Body.Close or ownership transfer (internal/mock_api/endpoints/moderation/moderation_test.go:99); mock handler returns a response body on this path. Test-server Close does not close client Body.
twitchdev/twitch-cli	fd7dac646eea56c9ac9c1d36893e611de855c21e	resourcelifetime	internal/mock_api/endpoints/polls/polls_test.go:106:14	resourcelifetime/missing-release	true-positive	Mock API test gets expected HTTP 200 via DefaultClient.Do, then inspects or overwrites resp without Body.Close or ownership transfer (internal/mock_api/endpoints/polls/polls_test.go:106); mock handler returns a response body on this path. Test-server Close does not close client Body.
twitchdev/twitch-cli	fd7dac646eea56c9ac9c1d36893e611de855c21e	resourcelifetime	internal/mock_api/endpoints/polls/polls_test.go:114:14	resourcelifetime/missing-release	true-positive	Mock API test gets expected HTTP 401 via DefaultClient.Do, then inspects or overwrites resp without Body.Close or ownership transfer (internal/mock_api/endpoints/polls/polls_test.go:114); mock handler returns a response body on this path. Test-server Close does not close client Body.
twitchdev/twitch-cli	fd7dac646eea56c9ac9c1d36893e611de855c21e	resourcelifetime	internal/mock_api/endpoints/polls/polls_test.go:123:14	resourcelifetime/missing-release	true-positive	Mock API test gets expected HTTP 400 via DefaultClient.Do, then inspects or overwrites resp without Body.Close or ownership transfer (internal/mock_api/endpoints/polls/polls_test.go:123); mock handler returns a response body on this path. Test-server Close does not close client Body.
twitchdev/twitch-cli	fd7dac646eea56c9ac9c1d36893e611de855c21e	resourcelifetime	internal/mock_api/endpoints/polls/polls_test.go:132:14	resourcelifetime/missing-release	true-positive	Mock API test gets expected HTTP 400 via DefaultClient.Do, then inspects or overwrites resp without Body.Close or ownership transfer (internal/mock_api/endpoints/polls/polls_test.go:132); mock handler returns a response body on this path. Test-server Close does not close client Body.
twitchdev/twitch-cli	fd7dac646eea56c9ac9c1d36893e611de855c21e	resourcelifetime	internal/mock_api/endpoints/polls/polls_test.go:23:15	resourcelifetime/missing-release	true-positive	Mock API test gets expected HTTP 401 via DefaultClient.Do, then inspects or overwrites resp without Body.Close or ownership transfer (internal/mock_api/endpoints/polls/polls_test.go:23); mock handler returns a response body on this path. Test-server Close does not close client Body.
twitchdev/twitch-cli	fd7dac646eea56c9ac9c1d36893e611de855c21e	resourcelifetime	internal/mock_api/endpoints/polls/polls_test.go:30:14	resourcelifetime/missing-release	true-positive	Mock API test gets expected HTTP 200 via DefaultClient.Do, then inspects or overwrites resp without Body.Close or ownership transfer (internal/mock_api/endpoints/polls/polls_test.go:30); mock handler returns a response body on this path. Test-server Close does not close client Body.
twitchdev/twitch-cli	fd7dac646eea56c9ac9c1d36893e611de855c21e	resourcelifetime	internal/mock_api/endpoints/polls/polls_test.go:37:14	resourcelifetime/missing-release	true-positive	Mock API test gets expected HTTP 200 via DefaultClient.Do, then inspects or overwrites resp without Body.Close or ownership transfer (internal/mock_api/endpoints/polls/polls_test.go:37); mock handler returns a response body on this path. Test-server Close does not close client Body.
twitchdev/twitch-cli	fd7dac646eea56c9ac9c1d36893e611de855c21e	resourcelifetime	internal/mock_api/endpoints/polls/polls_test.go:57:14	resourcelifetime/missing-release	true-positive	Mock API test gets expected HTTP 200 via DefaultClient.Do, then inspects or overwrites resp without Body.Close or ownership transfer (internal/mock_api/endpoints/polls/polls_test.go:57); mock handler returns a response body on this path. Test-server Close does not close client Body.
twitchdev/twitch-cli	fd7dac646eea56c9ac9c1d36893e611de855c21e	resourcelifetime	internal/mock_api/endpoints/polls/polls_test.go:65:14	resourcelifetime/missing-release	true-positive	Mock API test gets expected HTTP 401 via DefaultClient.Do, then inspects or overwrites resp without Body.Close or ownership transfer (internal/mock_api/endpoints/polls/polls_test.go:65); mock handler returns a response body on this path. Test-server Close does not close client Body.
twitchdev/twitch-cli	fd7dac646eea56c9ac9c1d36893e611de855c21e	resourcelifetime	internal/mock_api/endpoints/polls/polls_test.go:74:14	resourcelifetime/missing-release	true-positive	Mock API test gets expected HTTP 400 via DefaultClient.Do, then inspects or overwrites resp without Body.Close or ownership transfer (internal/mock_api/endpoints/polls/polls_test.go:74); mock handler returns a response body on this path. Test-server Close does not close client Body.
twitchdev/twitch-cli	fd7dac646eea56c9ac9c1d36893e611de855c21e	resourcelifetime	internal/mock_api/endpoints/polls/polls_test.go:83:14	resourcelifetime/missing-release	true-positive	Mock API test gets expected HTTP 400 via DefaultClient.Do, then inspects or overwrites resp without Body.Close or ownership transfer (internal/mock_api/endpoints/polls/polls_test.go:83); mock handler returns a response body on this path. Test-server Close does not close client Body.
twitchdev/twitch-cli	fd7dac646eea56c9ac9c1d36893e611de855c21e	resourcelifetime	internal/mock_api/endpoints/polls/polls_test.go:92:14	resourcelifetime/missing-release	true-positive	Mock API test gets expected HTTP 400 via DefaultClient.Do, then inspects or overwrites resp without Body.Close or ownership transfer (internal/mock_api/endpoints/polls/polls_test.go:92); mock handler returns a response body on this path. Test-server Close does not close client Body.
twitchdev/twitch-cli	fd7dac646eea56c9ac9c1d36893e611de855c21e	resourcelifetime	internal/mock_api/endpoints/predictions/predictions_test.go:110:14	resourcelifetime/missing-release	true-positive	Mock API test gets expected HTTP 200 via DefaultClient.Do, then inspects or overwrites resp without Body.Close or ownership transfer (internal/mock_api/endpoints/predictions/predictions_test.go:110); mock handler returns a response body on this path. Test-server Close does not close client Body.
twitchdev/twitch-cli	fd7dac646eea56c9ac9c1d36893e611de855c21e	resourcelifetime	internal/mock_api/endpoints/predictions/predictions_test.go:118:14	resourcelifetime/missing-release	true-positive	Mock API test gets expected HTTP 401 via DefaultClient.Do, then inspects or overwrites resp without Body.Close or ownership transfer (internal/mock_api/endpoints/predictions/predictions_test.go:118); mock handler returns a response body on this path. Test-server Close does not close client Body.
twitchdev/twitch-cli	fd7dac646eea56c9ac9c1d36893e611de855c21e	resourcelifetime	internal/mock_api/endpoints/predictions/predictions_test.go:127:14	resourcelifetime/missing-release	true-positive	Mock API test gets expected HTTP 400 via DefaultClient.Do, then inspects or overwrites resp without Body.Close or ownership transfer (internal/mock_api/endpoints/predictions/predictions_test.go:127); mock handler returns a response body on this path. Test-server Close does not close client Body.
twitchdev/twitch-cli	fd7dac646eea56c9ac9c1d36893e611de855c21e	resourcelifetime	internal/mock_api/endpoints/predictions/predictions_test.go:136:14	resourcelifetime/missing-release	true-positive	Mock API test gets expected HTTP 400 via DefaultClient.Do, then inspects or overwrites resp without Body.Close or ownership transfer (internal/mock_api/endpoints/predictions/predictions_test.go:136); mock handler returns a response body on this path. Test-server Close does not close client Body.
twitchdev/twitch-cli	fd7dac646eea56c9ac9c1d36893e611de855c21e	resourcelifetime	internal/mock_api/endpoints/predictions/predictions_test.go:145:14	resourcelifetime/missing-release	true-positive	Mock API test gets expected HTTP 400 via DefaultClient.Do, then inspects or overwrites resp without Body.Close or ownership transfer (internal/mock_api/endpoints/predictions/predictions_test.go:145); mock handler returns a response body on this path. Test-server Close does not close client Body.
twitchdev/twitch-cli	fd7dac646eea56c9ac9c1d36893e611de855c21e	resourcelifetime	internal/mock_api/endpoints/predictions/predictions_test.go:23:15	resourcelifetime/missing-release	true-positive	Mock API test gets expected HTTP 401 via DefaultClient.Do, then inspects or overwrites resp without Body.Close or ownership transfer (internal/mock_api/endpoints/predictions/predictions_test.go:23); mock handler returns a response body on this path. Test-server Close does not close client Body.
twitchdev/twitch-cli	fd7dac646eea56c9ac9c1d36893e611de855c21e	resourcelifetime	internal/mock_api/endpoints/predictions/predictions_test.go:30:14	resourcelifetime/missing-release	true-positive	Mock API test gets expected HTTP 200 via DefaultClient.Do, then inspects or overwrites resp without Body.Close or ownership transfer (internal/mock_api/endpoints/predictions/predictions_test.go:30); mock handler returns a response body on this path. Test-server Close does not close client Body.
twitchdev/twitch-cli	fd7dac646eea56c9ac9c1d36893e611de855c21e	resourcelifetime	internal/mock_api/endpoints/predictions/predictions_test.go:37:14	resourcelifetime/missing-release	true-positive	Mock API test gets expected HTTP 200 via DefaultClient.Do, then inspects or overwrites resp without Body.Close or ownership transfer (internal/mock_api/endpoints/predictions/predictions_test.go:37); mock handler returns a response body on this path. Test-server Close does not close client Body.
twitchdev/twitch-cli	fd7dac646eea56c9ac9c1d36893e611de855c21e	resourcelifetime	internal/mock_api/endpoints/predictions/predictions_test.go:52:14	resourcelifetime/missing-release	true-positive	Mock API test gets expected HTTP 200 via DefaultClient.Do, then inspects or overwrites resp without Body.Close or ownership transfer (internal/mock_api/endpoints/predictions/predictions_test.go:52); mock handler returns a response body on this path. Test-server Close does not close client Body.
twitchdev/twitch-cli	fd7dac646eea56c9ac9c1d36893e611de855c21e	resourcelifetime	internal/mock_api/endpoints/predictions/predictions_test.go:60:14	resourcelifetime/missing-release	true-positive	Mock API test gets expected HTTP 401 via DefaultClient.Do, then inspects or overwrites resp without Body.Close or ownership transfer (internal/mock_api/endpoints/predictions/predictions_test.go:60); mock handler returns a response body on this path. Test-server Close does not close client Body.
twitchdev/twitch-cli	fd7dac646eea56c9ac9c1d36893e611de855c21e	resourcelifetime	internal/mock_api/endpoints/predictions/predictions_test.go:69:14	resourcelifetime/missing-release	true-positive	Mock API test gets expected HTTP 400 via DefaultClient.Do, then inspects or overwrites resp without Body.Close or ownership transfer (internal/mock_api/endpoints/predictions/predictions_test.go:69); mock handler returns a response body on this path. Test-server Close does not close client Body.
twitchdev/twitch-cli	fd7dac646eea56c9ac9c1d36893e611de855c21e	resourcelifetime	internal/mock_api/endpoints/predictions/predictions_test.go:78:14	resourcelifetime/missing-release	true-positive	Mock API test gets expected HTTP 400 via DefaultClient.Do, then inspects or overwrites resp without Body.Close or ownership transfer (internal/mock_api/endpoints/predictions/predictions_test.go:78); mock handler returns a response body on this path. Test-server Close does not close client Body.
twitchdev/twitch-cli	fd7dac646eea56c9ac9c1d36893e611de855c21e	resourcelifetime	internal/mock_api/endpoints/predictions/predictions_test.go:95:14	resourcelifetime/missing-release	true-positive	Mock API test gets expected HTTP 400 via DefaultClient.Do, then inspects or overwrites resp without Body.Close or ownership transfer (internal/mock_api/endpoints/predictions/predictions_test.go:95); mock handler returns a response body on this path. Test-server Close does not close client Body.
twitchdev/twitch-cli	fd7dac646eea56c9ac9c1d36893e611de855c21e	resourcelifetime	internal/mock_api/endpoints/raids/raids_test.go:21:15	resourcelifetime/missing-release	true-positive	Mock API test gets expected HTTP 401 via DefaultClient.Do, then inspects or overwrites resp without Body.Close or ownership transfer (internal/mock_api/endpoints/raids/raids_test.go:21); mock handler returns a response body on this path. Test-server Close does not close client Body.
twitchdev/twitch-cli	fd7dac646eea56c9ac9c1d36893e611de855c21e	resourcelifetime	internal/mock_api/endpoints/raids/raids_test.go:27:14	resourcelifetime/missing-release	true-positive	Mock API test gets expected HTTP 400 via DefaultClient.Do, then inspects or overwrites resp without Body.Close or ownership transfer (internal/mock_api/endpoints/raids/raids_test.go:27); mock handler returns a response body on this path. Test-server Close does not close client Body.
twitchdev/twitch-cli	fd7dac646eea56c9ac9c1d36893e611de855c21e	resourcelifetime	internal/mock_api/endpoints/raids/raids_test.go:34:14	resourcelifetime/missing-release	true-positive	Mock API test gets expected HTTP 200 via DefaultClient.Do, then inspects or overwrites resp without Body.Close or ownership transfer (internal/mock_api/endpoints/raids/raids_test.go:34); mock handler returns a response body on this path. Test-server Close does not close client Body.
twitchdev/twitch-cli	fd7dac646eea56c9ac9c1d36893e611de855c21e	resourcelifetime	internal/mock_api/endpoints/raids/raids_test.go:43:14	resourcelifetime/missing-release	true-positive	Mock API test gets expected HTTP 401 via DefaultClient.Do, then inspects or overwrites resp without Body.Close or ownership transfer (internal/mock_api/endpoints/raids/raids_test.go:43); mock handler returns a response body on this path. Test-server Close does not close client Body.
twitchdev/twitch-cli	fd7dac646eea56c9ac9c1d36893e611de855c21e	resourcelifetime	internal/mock_api/endpoints/raids/raids_test.go:50:14	resourcelifetime/missing-release	false-positive	Test asserts HTTP 204 No Content after successful DefaultClient.Do; net/http forbids a response body for 204 and exposes http.NoBody, so omitted Close cannot leak an acquired body (internal/mock_api/endpoints/raids/raids_test.go:50; Go transfer.go bodyAllowedForStatus).
twitchdev/twitch-cli	fd7dac646eea56c9ac9c1d36893e611de855c21e	resourcelifetime	internal/mock_api/endpoints/schedule/schedule_test.go:104:14	resourcelifetime/missing-release	true-positive	Mock API test gets expected HTTP 200 via DefaultClient.Do, then inspects or overwrites resp without Body.Close or ownership transfer (internal/mock_api/endpoints/schedule/schedule_test.go:104); mock handler returns a response body on this path. Test-server Close does not close client Body.
twitchdev/twitch-cli	fd7dac646eea56c9ac9c1d36893e611de855c21e	resourcelifetime	internal/mock_api/endpoints/schedule/schedule_test.go:116:15	resourcelifetime/missing-release	true-positive	Mock API test gets expected HTTP 400 via DefaultClient.Do, then inspects or overwrites resp without Body.Close or ownership transfer (internal/mock_api/endpoints/schedule/schedule_test.go:116); mock handler returns a response body on this path. Test-server Close does not close client Body.
twitchdev/twitch-cli	fd7dac646eea56c9ac9c1d36893e611de855c21e	resourcelifetime	internal/mock_api/endpoints/schedule/schedule_test.go:122:14	resourcelifetime/missing-release	true-positive	Mock API test gets expected HTTP 200 via DefaultClient.Do, then inspects or overwrites resp without Body.Close or ownership transfer (internal/mock_api/endpoints/schedule/schedule_test.go:122); mock handler returns a response body on this path. Test-server Close does not close client Body.
twitchdev/twitch-cli	fd7dac646eea56c9ac9c1d36893e611de855c21e	resourcelifetime	internal/mock_api/endpoints/schedule/schedule_test.go:147:15	resourcelifetime/missing-release	true-positive	Mock API test gets expected HTTP 200 via DefaultClient.Do, then inspects or overwrites resp without Body.Close or ownership transfer (internal/mock_api/endpoints/schedule/schedule_test.go:147); mock handler returns a response body on this path. Test-server Close does not close client Body.
twitchdev/twitch-cli	fd7dac646eea56c9ac9c1d36893e611de855c21e	resourcelifetime	internal/mock_api/endpoints/schedule/schedule_test.go:157:14	resourcelifetime/missing-release	true-positive	Mock API test gets expected HTTP 200 via DefaultClient.Do, then inspects or overwrites resp without Body.Close or ownership transfer (internal/mock_api/endpoints/schedule/schedule_test.go:157); mock handler returns a response body on this path. Test-server Close does not close client Body.
twitchdev/twitch-cli	fd7dac646eea56c9ac9c1d36893e611de855c21e	resourcelifetime	internal/mock_api/endpoints/schedule/schedule_test.go:165:14	resourcelifetime/missing-release	true-positive	Mock API test gets expected HTTP 401 via DefaultClient.Do, then inspects or overwrites resp without Body.Close or ownership transfer (internal/mock_api/endpoints/schedule/schedule_test.go:165); mock handler returns a response body on this path. Test-server Close does not close client Body.
twitchdev/twitch-cli	fd7dac646eea56c9ac9c1d36893e611de855c21e	resourcelifetime	internal/mock_api/endpoints/schedule/schedule_test.go:175:14	resourcelifetime/missing-release	true-positive	Mock API test gets expected HTTP 400 via DefaultClient.Do, then inspects or overwrites resp without Body.Close or ownership transfer (internal/mock_api/endpoints/schedule/schedule_test.go:175); mock handler returns a response body on this path. Test-server Close does not close client Body.
twitchdev/twitch-cli	fd7dac646eea56c9ac9c1d36893e611de855c21e	resourcelifetime	internal/mock_api/endpoints/schedule/schedule_test.go:184:14	resourcelifetime/missing-release	true-positive	Mock API test gets expected HTTP 400 via DefaultClient.Do, then inspects or overwrites resp without Body.Close or ownership transfer (internal/mock_api/endpoints/schedule/schedule_test.go:184); mock handler returns a response body on this path. Test-server Close does not close client Body.
twitchdev/twitch-cli	fd7dac646eea56c9ac9c1d36893e611de855c21e	resourcelifetime	internal/mock_api/endpoints/schedule/schedule_test.go:195:14	resourcelifetime/missing-release	true-positive	Mock API test gets expected HTTP 400 via DefaultClient.Do, then inspects or overwrites resp without Body.Close or ownership transfer (internal/mock_api/endpoints/schedule/schedule_test.go:195); mock handler returns a response body on this path. Test-server Close does not close client Body.
twitchdev/twitch-cli	fd7dac646eea56c9ac9c1d36893e611de855c21e	resourcelifetime	internal/mock_api/endpoints/schedule/schedule_test.go:204:14	resourcelifetime/missing-release	true-positive	Mock API test gets expected HTTP 401 via DefaultClient.Do, then inspects or overwrites resp without Body.Close or ownership transfer (internal/mock_api/endpoints/schedule/schedule_test.go:204); mock handler returns a response body on this path. Test-server Close does not close client Body.
twitchdev/twitch-cli	fd7dac646eea56c9ac9c1d36893e611de855c21e	resourcelifetime	internal/mock_api/endpoints/schedule/schedule_test.go:216:14	resourcelifetime/missing-release	true-positive	Mock API test gets expected HTTP 200 via DefaultClient.Do, then inspects or overwrites resp without Body.Close or ownership transfer (internal/mock_api/endpoints/schedule/schedule_test.go:216); mock handler returns a response body on this path. Test-server Close does not close client Body.
twitchdev/twitch-cli	fd7dac646eea56c9ac9c1d36893e611de855c21e	resourcelifetime	internal/mock_api/endpoints/schedule/schedule_test.go:224:14	resourcelifetime/missing-release	false-positive	Test asserts HTTP 204 No Content after successful DefaultClient.Do; net/http forbids a response body for 204 and exposes http.NoBody, so omitted Close cannot leak an acquired body (internal/mock_api/endpoints/schedule/schedule_test.go:224; Go transfer.go bodyAllowedForStatus).
twitchdev/twitch-cli	fd7dac646eea56c9ac9c1d36893e611de855c21e	resourcelifetime	internal/mock_api/endpoints/schedule/schedule_test.go:230:14	resourcelifetime/missing-release	false-positive	Test asserts HTTP 204 No Content after successful DefaultClient.Do; net/http forbids a response body for 204 and exposes http.NoBody, so omitted Close cannot leak an acquired body (internal/mock_api/endpoints/schedule/schedule_test.go:230; Go transfer.go bodyAllowedForStatus).
twitchdev/twitch-cli	fd7dac646eea56c9ac9c1d36893e611de855c21e	resourcelifetime	internal/mock_api/endpoints/schedule/schedule_test.go:236:14	resourcelifetime/missing-release	true-positive	Mock API test gets expected HTTP 401 via DefaultClient.Do, then inspects or overwrites resp without Body.Close or ownership transfer (internal/mock_api/endpoints/schedule/schedule_test.go:236); mock handler returns a response body on this path. Test-server Close does not close client Body.
twitchdev/twitch-cli	fd7dac646eea56c9ac9c1d36893e611de855c21e	resourcelifetime	internal/mock_api/endpoints/schedule/schedule_test.go:260:15	resourcelifetime/missing-release	true-positive	Mock API test gets expected HTTP 401 via DefaultClient.Do, then inspects or overwrites resp without Body.Close or ownership transfer (internal/mock_api/endpoints/schedule/schedule_test.go:260); mock handler returns a response body on this path. Test-server Close does not close client Body.
twitchdev/twitch-cli	fd7dac646eea56c9ac9c1d36893e611de855c21e	resourcelifetime	internal/mock_api/endpoints/schedule/schedule_test.go:269:14	resourcelifetime/missing-release	false-positive	Test asserts HTTP 204 No Content after successful DefaultClient.Do; net/http forbids a response body for 204 and exposes http.NoBody, so omitted Close cannot leak an acquired body (internal/mock_api/endpoints/schedule/schedule_test.go:269; Go transfer.go bodyAllowedForStatus).
twitchdev/twitch-cli	fd7dac646eea56c9ac9c1d36893e611de855c21e	resourcelifetime	internal/mock_api/endpoints/schedule/schedule_test.go:277:14	resourcelifetime/missing-release	false-positive	Test asserts HTTP 204 No Content after successful DefaultClient.Do; net/http forbids a response body for 204 and exposes http.NoBody, so omitted Close cannot leak an acquired body (internal/mock_api/endpoints/schedule/schedule_test.go:277; Go transfer.go bodyAllowedForStatus).
twitchdev/twitch-cli	fd7dac646eea56c9ac9c1d36893e611de855c21e	resourcelifetime	internal/mock_api/endpoints/schedule/schedule_test.go:285:14	resourcelifetime/missing-release	true-positive	Mock API test gets expected HTTP 400 via DefaultClient.Do, then inspects or overwrites resp without Body.Close or ownership transfer (internal/mock_api/endpoints/schedule/schedule_test.go:285); mock handler returns a response body on this path. Test-server Close does not close client Body.
twitchdev/twitch-cli	fd7dac646eea56c9ac9c1d36893e611de855c21e	resourcelifetime	internal/mock_api/endpoints/schedule/schedule_test.go:293:14	resourcelifetime/missing-release	false-positive	Test asserts HTTP 204 No Content after successful DefaultClient.Do; net/http forbids a response body for 204 and exposes http.NoBody, so omitted Close cannot leak an acquired body (internal/mock_api/endpoints/schedule/schedule_test.go:293; Go transfer.go bodyAllowedForStatus).
twitchdev/twitch-cli	fd7dac646eea56c9ac9c1d36893e611de855c21e	resourcelifetime	internal/mock_api/endpoints/schedule/schedule_test.go:302:14	resourcelifetime/missing-release	true-positive	Mock API test gets expected HTTP 400 via DefaultClient.Do, then inspects or overwrites resp without Body.Close or ownership transfer (internal/mock_api/endpoints/schedule/schedule_test.go:302); mock handler returns a response body on this path. Test-server Close does not close client Body.
twitchdev/twitch-cli	fd7dac646eea56c9ac9c1d36893e611de855c21e	resourcelifetime	internal/mock_api/endpoints/schedule/schedule_test.go:311:14	resourcelifetime/missing-release	true-positive	Mock API test gets expected HTTP 400 via DefaultClient.Do, then inspects or overwrites resp without Body.Close or ownership transfer (internal/mock_api/endpoints/schedule/schedule_test.go:311); mock handler returns a response body on this path. Test-server Close does not close client Body.
twitchdev/twitch-cli	fd7dac646eea56c9ac9c1d36893e611de855c21e	resourcelifetime	internal/mock_api/endpoints/schedule/schedule_test.go:320:14	resourcelifetime/missing-release	true-positive	Mock API test gets expected HTTP 400 via DefaultClient.Do, then inspects or overwrites resp without Body.Close or ownership transfer (internal/mock_api/endpoints/schedule/schedule_test.go:320); mock handler returns a response body on this path. Test-server Close does not close client Body.
twitchdev/twitch-cli	fd7dac646eea56c9ac9c1d36893e611de855c21e	resourcelifetime	internal/mock_api/endpoints/schedule/schedule_test.go:67:15	resourcelifetime/missing-release	true-positive	Mock API test gets expected HTTP 400 via DefaultClient.Do, then inspects or overwrites resp without Body.Close or ownership transfer (internal/mock_api/endpoints/schedule/schedule_test.go:67); mock handler returns a response body on this path. Test-server Close does not close client Body.
twitchdev/twitch-cli	fd7dac646eea56c9ac9c1d36893e611de855c21e	resourcelifetime	internal/mock_api/endpoints/schedule/schedule_test.go:73:14	resourcelifetime/missing-release	true-positive	Mock API test gets expected HTTP 200 via DefaultClient.Do, then inspects or overwrites resp without Body.Close or ownership transfer (internal/mock_api/endpoints/schedule/schedule_test.go:73); mock handler returns a response body on this path. Test-server Close does not close client Body.
twitchdev/twitch-cli	fd7dac646eea56c9ac9c1d36893e611de855c21e	resourcelifetime	internal/mock_api/endpoints/schedule/schedule_test.go:79:14	resourcelifetime/missing-release	true-positive	Mock API test gets expected HTTP 200 via DefaultClient.Do, then inspects or overwrites resp without Body.Close or ownership transfer (internal/mock_api/endpoints/schedule/schedule_test.go:79); mock handler returns a response body on this path. Test-server Close does not close client Body.
twitchdev/twitch-cli	fd7dac646eea56c9ac9c1d36893e611de855c21e	resourcelifetime	internal/mock_api/endpoints/schedule/schedule_test.go:86:14	resourcelifetime/missing-release	true-positive	Mock API test gets expected HTTP 200 via DefaultClient.Do, then inspects or overwrites resp without Body.Close or ownership transfer (internal/mock_api/endpoints/schedule/schedule_test.go:86); mock handler returns a response body on this path. Test-server Close does not close client Body.
twitchdev/twitch-cli	fd7dac646eea56c9ac9c1d36893e611de855c21e	resourcelifetime	internal/mock_api/endpoints/schedule/schedule_test.go:92:14	resourcelifetime/missing-release	true-positive	Mock API test gets expected HTTP 200 via DefaultClient.Do, then inspects or overwrites resp without Body.Close or ownership transfer (internal/mock_api/endpoints/schedule/schedule_test.go:92); mock handler returns a response body on this path. Test-server Close does not close client Body.
twitchdev/twitch-cli	fd7dac646eea56c9ac9c1d36893e611de855c21e	resourcelifetime	internal/mock_api/endpoints/schedule/schedule_test.go:98:14	resourcelifetime/missing-release	true-positive	Mock API test gets expected HTTP 400 via DefaultClient.Do, then inspects or overwrites resp without Body.Close or ownership transfer (internal/mock_api/endpoints/schedule/schedule_test.go:98); mock handler returns a response body on this path. Test-server Close does not close client Body.
twitchdev/twitch-cli	fd7dac646eea56c9ac9c1d36893e611de855c21e	resourcelifetime	internal/mock_api/endpoints/search/search_test.go:21:15	resourcelifetime/missing-release	true-positive	Mock API test gets expected HTTP 400 via DefaultClient.Do, then inspects or overwrites resp without Body.Close or ownership transfer (internal/mock_api/endpoints/search/search_test.go:21); mock handler returns a response body on this path. Test-server Close does not close client Body.
twitchdev/twitch-cli	fd7dac646eea56c9ac9c1d36893e611de855c21e	resourcelifetime	internal/mock_api/endpoints/search/search_test.go:28:14	resourcelifetime/missing-release	true-positive	Mock API test gets expected HTTP 200 via DefaultClient.Do, then inspects or overwrites resp without Body.Close or ownership transfer (internal/mock_api/endpoints/search/search_test.go:28); mock handler returns a response body on this path. Test-server Close does not close client Body.
twitchdev/twitch-cli	fd7dac646eea56c9ac9c1d36893e611de855c21e	resourcelifetime	internal/mock_api/endpoints/search/search_test.go:41:15	resourcelifetime/missing-release	true-positive	Mock API test gets expected HTTP 400 via DefaultClient.Do, then inspects or overwrites resp without Body.Close or ownership transfer (internal/mock_api/endpoints/search/search_test.go:41); mock handler returns a response body on this path. Test-server Close does not close client Body.
twitchdev/twitch-cli	fd7dac646eea56c9ac9c1d36893e611de855c21e	resourcelifetime	internal/mock_api/endpoints/search/search_test.go:48:14	resourcelifetime/missing-release	true-positive	Mock API test gets expected HTTP 200 via DefaultClient.Do, then inspects or overwrites resp without Body.Close or ownership transfer (internal/mock_api/endpoints/search/search_test.go:48); mock handler returns a response body on this path. Test-server Close does not close client Body.
twitchdev/twitch-cli	fd7dac646eea56c9ac9c1d36893e611de855c21e	resourcelifetime	internal/mock_api/endpoints/streams/streams_test.go:111:15	resourcelifetime/missing-release	true-positive	Mock API test gets expected HTTP 200 via DefaultClient.Do, then inspects or overwrites resp without Body.Close or ownership transfer (internal/mock_api/endpoints/streams/streams_test.go:111); mock handler returns a response body on this path. Test-server Close does not close client Body.
twitchdev/twitch-cli	fd7dac646eea56c9ac9c1d36893e611de855c21e	resourcelifetime	internal/mock_api/endpoints/streams/streams_test.go:117:14	resourcelifetime/missing-release	true-positive	Mock API test gets expected HTTP 200 via DefaultClient.Do, then inspects or overwrites resp without Body.Close or ownership transfer (internal/mock_api/endpoints/streams/streams_test.go:117); mock handler returns a response body on this path. Test-server Close does not close client Body.
twitchdev/twitch-cli	fd7dac646eea56c9ac9c1d36893e611de855c21e	resourcelifetime	internal/mock_api/endpoints/streams/streams_test.go:123:14	resourcelifetime/missing-release	true-positive	Mock API test gets expected HTTP 200 via DefaultClient.Do, then inspects or overwrites resp without Body.Close or ownership transfer (internal/mock_api/endpoints/streams/streams_test.go:123); mock handler returns a response body on this path. Test-server Close does not close client Body.
twitchdev/twitch-cli	fd7dac646eea56c9ac9c1d36893e611de855c21e	resourcelifetime	internal/mock_api/endpoints/streams/streams_test.go:130:14	resourcelifetime/missing-release	true-positive	Mock API test gets expected HTTP 200 via DefaultClient.Do, then inspects or overwrites resp without Body.Close or ownership transfer (internal/mock_api/endpoints/streams/streams_test.go:130); mock handler returns a response body on this path. Test-server Close does not close client Body.
twitchdev/twitch-cli	fd7dac646eea56c9ac9c1d36893e611de855c21e	resourcelifetime	internal/mock_api/endpoints/streams/streams_test.go:140:14	resourcelifetime/missing-release	true-positive	Mock API test gets expected HTTP 200 via DefaultClient.Do, then inspects or overwrites resp without Body.Close or ownership transfer (internal/mock_api/endpoints/streams/streams_test.go:140); mock handler returns a response body on this path. Test-server Close does not close client Body.
twitchdev/twitch-cli	fd7dac646eea56c9ac9c1d36893e611de855c21e	resourcelifetime	internal/mock_api/endpoints/streams/streams_test.go:23:15	resourcelifetime/missing-release	true-positive	Mock API test gets expected HTTP 401 via DefaultClient.Do, then inspects or overwrites resp without Body.Close or ownership transfer (internal/mock_api/endpoints/streams/streams_test.go:23); mock handler returns a response body on this path. Test-server Close does not close client Body.
twitchdev/twitch-cli	fd7dac646eea56c9ac9c1d36893e611de855c21e	resourcelifetime	internal/mock_api/endpoints/streams/streams_test.go:29:14	resourcelifetime/missing-release	true-positive	Mock API test gets expected HTTP 200 via DefaultClient.Do, then inspects or overwrites resp without Body.Close or ownership transfer (internal/mock_api/endpoints/streams/streams_test.go:29); mock handler returns a response body on this path. Test-server Close does not close client Body.
twitchdev/twitch-cli	fd7dac646eea56c9ac9c1d36893e611de855c21e	resourcelifetime	internal/mock_api/endpoints/streams/streams_test.go:42:15	resourcelifetime/missing-release	true-positive	Mock API test gets expected HTTP 400 via DefaultClient.Do, then inspects or overwrites resp without Body.Close or ownership transfer (internal/mock_api/endpoints/streams/streams_test.go:42); mock handler returns a response body on this path. Test-server Close does not close client Body.
twitchdev/twitch-cli	fd7dac646eea56c9ac9c1d36893e611de855c21e	resourcelifetime	internal/mock_api/endpoints/streams/streams_test.go:48:14	resourcelifetime/missing-release	true-positive	Mock API test gets expected HTTP 200 via DefaultClient.Do, then inspects or overwrites resp without Body.Close or ownership transfer (internal/mock_api/endpoints/streams/streams_test.go:48); mock handler returns a response body on this path. Test-server Close does not close client Body.
twitchdev/twitch-cli	fd7dac646eea56c9ac9c1d36893e611de855c21e	resourcelifetime	internal/mock_api/endpoints/streams/streams_test.go:54:14	resourcelifetime/missing-release	true-positive	Mock API test gets expected HTTP 400 via DefaultClient.Do, then inspects or overwrites resp without Body.Close or ownership transfer (internal/mock_api/endpoints/streams/streams_test.go:54); mock handler returns a response body on this path. Test-server Close does not close client Body.
twitchdev/twitch-cli	fd7dac646eea56c9ac9c1d36893e611de855c21e	resourcelifetime	internal/mock_api/endpoints/streams/streams_test.go:61:14	resourcelifetime/missing-release	true-positive	Mock API test gets expected HTTP 400 via DefaultClient.Do, then inspects or overwrites resp without Body.Close or ownership transfer (internal/mock_api/endpoints/streams/streams_test.go:61); mock handler returns a response body on this path. Test-server Close does not close client Body.
twitchdev/twitch-cli	fd7dac646eea56c9ac9c1d36893e611de855c21e	resourcelifetime	internal/mock_api/endpoints/streams/streams_test.go:72:14	resourcelifetime/missing-release	true-positive	Mock API test gets successful response (asserted nonnil/no request error) via DefaultClient.Do, then inspects or overwrites resp without Body.Close or ownership transfer (internal/mock_api/endpoints/streams/streams_test.go:72); mock handler returns a response body on this path. Test-server Close does not close client Body.
twitchdev/twitch-cli	fd7dac646eea56c9ac9c1d36893e611de855c21e	resourcelifetime	internal/mock_api/endpoints/streams/streams_test.go:78:14	resourcelifetime/missing-release	true-positive	Mock API test gets expected HTTP 400 via DefaultClient.Do, then inspects or overwrites resp without Body.Close or ownership transfer (internal/mock_api/endpoints/streams/streams_test.go:78); mock handler returns a response body on this path. Test-server Close does not close client Body.
twitchdev/twitch-cli	fd7dac646eea56c9ac9c1d36893e611de855c21e	resourcelifetime	internal/mock_api/endpoints/streams/streams_test.go:91:15	resourcelifetime/missing-release	true-positive	Mock API test gets expected HTTP 401 via DefaultClient.Do, then inspects or overwrites resp without Body.Close or ownership transfer (internal/mock_api/endpoints/streams/streams_test.go:91); mock handler returns a response body on this path. Test-server Close does not close client Body.
twitchdev/twitch-cli	fd7dac646eea56c9ac9c1d36893e611de855c21e	resourcelifetime	internal/mock_api/endpoints/streams/streams_test.go:98:14	resourcelifetime/missing-release	true-positive	Mock API test gets expected HTTP 200 via DefaultClient.Do, then inspects or overwrites resp without Body.Close or ownership transfer (internal/mock_api/endpoints/streams/streams_test.go:98); mock handler returns a response body on this path. Test-server Close does not close client Body.
twitchdev/twitch-cli	fd7dac646eea56c9ac9c1d36893e611de855c21e	resourcelifetime	internal/mock_api/endpoints/subscriptions/subscriptions_test.go:21:15	resourcelifetime/missing-release	true-positive	Mock API test gets expected HTTP 401 via DefaultClient.Do, then inspects or overwrites resp without Body.Close or ownership transfer (internal/mock_api/endpoints/subscriptions/subscriptions_test.go:21); mock handler returns a response body on this path. Test-server Close does not close client Body.
twitchdev/twitch-cli	fd7dac646eea56c9ac9c1d36893e611de855c21e	resourcelifetime	internal/mock_api/endpoints/subscriptions/subscriptions_test.go:27:14	resourcelifetime/missing-release	true-positive	Mock API test gets expected HTTP 200 via DefaultClient.Do, then inspects or overwrites resp without Body.Close or ownership transfer (internal/mock_api/endpoints/subscriptions/subscriptions_test.go:27); mock handler returns a response body on this path. Test-server Close does not close client Body.
twitchdev/twitch-cli	fd7dac646eea56c9ac9c1d36893e611de855c21e	resourcelifetime	internal/mock_api/endpoints/subscriptions/subscriptions_test.go:40:15	resourcelifetime/missing-release	true-positive	Mock API test gets expected HTTP 401 via DefaultClient.Do, then inspects or overwrites resp without Body.Close or ownership transfer (internal/mock_api/endpoints/subscriptions/subscriptions_test.go:40); mock handler returns a response body on this path. Test-server Close does not close client Body.
twitchdev/twitch-cli	fd7dac646eea56c9ac9c1d36893e611de855c21e	resourcelifetime	internal/mock_api/endpoints/subscriptions/subscriptions_test.go:46:14	resourcelifetime/missing-release	true-positive	Mock API test gets expected HTTP 400 via DefaultClient.Do, then inspects or overwrites resp without Body.Close or ownership transfer (internal/mock_api/endpoints/subscriptions/subscriptions_test.go:46); mock handler returns a response body on this path. Test-server Close does not close client Body.
twitchdev/twitch-cli	fd7dac646eea56c9ac9c1d36893e611de855c21e	resourcelifetime	internal/mock_api/endpoints/subscriptions/subscriptions_test.go:52:14	resourcelifetime/missing-release	true-positive	Mock API test gets expected HTTP 200 via DefaultClient.Do, then inspects or overwrites resp without Body.Close or ownership transfer (internal/mock_api/endpoints/subscriptions/subscriptions_test.go:52); mock handler returns a response body on this path. Test-server Close does not close client Body.
twitchdev/twitch-cli	fd7dac646eea56c9ac9c1d36893e611de855c21e	resourcelifetime	internal/mock_api/endpoints/teams/teams_test.go:21:15	resourcelifetime/missing-release	true-positive	Mock API test gets expected HTTP 400 via DefaultClient.Do, then inspects or overwrites resp without Body.Close or ownership transfer (internal/mock_api/endpoints/teams/teams_test.go:21); mock handler returns a response body on this path. Test-server Close does not close client Body.
twitchdev/twitch-cli	fd7dac646eea56c9ac9c1d36893e611de855c21e	resourcelifetime	internal/mock_api/endpoints/teams/teams_test.go:27:14	resourcelifetime/missing-release	true-positive	Mock API test gets expected HTTP 200 via DefaultClient.Do, then inspects or overwrites resp without Body.Close or ownership transfer (internal/mock_api/endpoints/teams/teams_test.go:27); mock handler returns a response body on this path. Test-server Close does not close client Body.
twitchdev/twitch-cli	fd7dac646eea56c9ac9c1d36893e611de855c21e	resourcelifetime	internal/mock_api/endpoints/teams/teams_test.go:33:14	resourcelifetime/missing-release	true-positive	Mock API test gets expected HTTP 400 via DefaultClient.Do, then inspects or overwrites resp without Body.Close or ownership transfer (internal/mock_api/endpoints/teams/teams_test.go:33); mock handler returns a response body on this path. Test-server Close does not close client Body.
twitchdev/twitch-cli	fd7dac646eea56c9ac9c1d36893e611de855c21e	resourcelifetime	internal/mock_api/endpoints/teams/teams_test.go:46:15	resourcelifetime/missing-release	true-positive	Mock API test gets expected HTTP 400 via DefaultClient.Do, then inspects or overwrites resp without Body.Close or ownership transfer (internal/mock_api/endpoints/teams/teams_test.go:46); mock handler returns a response body on this path. Test-server Close does not close client Body.
twitchdev/twitch-cli	fd7dac646eea56c9ac9c1d36893e611de855c21e	resourcelifetime	internal/mock_api/endpoints/teams/teams_test.go:52:14	resourcelifetime/missing-release	true-positive	Mock API test gets expected HTTP 200 via DefaultClient.Do, then inspects or overwrites resp without Body.Close or ownership transfer (internal/mock_api/endpoints/teams/teams_test.go:52); mock handler returns a response body on this path. Test-server Close does not close client Body.
twitchdev/twitch-cli	fd7dac646eea56c9ac9c1d36893e611de855c21e	resourcelifetime	internal/mock_api/endpoints/users/users_test.go:106:14	resourcelifetime/missing-release	true-positive	Mock API test gets expected HTTP 400 via DefaultClient.Do, then inspects or overwrites resp without Body.Close or ownership transfer (internal/mock_api/endpoints/users/users_test.go:106); mock handler returns a response body on this path. Test-server Close does not close client Body.
twitchdev/twitch-cli	fd7dac646eea56c9ac9c1d36893e611de855c21e	resourcelifetime	internal/mock_api/endpoints/users/users_test.go:112:14	resourcelifetime/missing-release	false-positive	Test asserts HTTP 204 No Content after successful DefaultClient.Do; net/http forbids a response body for 204 and exposes http.NoBody, so omitted Close cannot leak an acquired body (internal/mock_api/endpoints/users/users_test.go:112; Go transfer.go bodyAllowedForStatus).
twitchdev/twitch-cli	fd7dac646eea56c9ac9c1d36893e611de855c21e	resourcelifetime	internal/mock_api/endpoints/users/users_test.go:21:15	resourcelifetime/missing-release	true-positive	Mock API test gets expected HTTP 200 via DefaultClient.Do, then inspects or overwrites resp without Body.Close or ownership transfer (internal/mock_api/endpoints/users/users_test.go:21); mock handler returns a response body on this path. Test-server Close does not close client Body.
twitchdev/twitch-cli	fd7dac646eea56c9ac9c1d36893e611de855c21e	resourcelifetime	internal/mock_api/endpoints/users/users_test.go:29:14	resourcelifetime/missing-release	true-positive	Mock API test gets expected HTTP 200 via DefaultClient.Do, then inspects or overwrites resp without Body.Close or ownership transfer (internal/mock_api/endpoints/users/users_test.go:29); mock handler returns a response body on this path. Test-server Close does not close client Body.
twitchdev/twitch-cli	fd7dac646eea56c9ac9c1d36893e611de855c21e	resourcelifetime	internal/mock_api/endpoints/users/users_test.go:37:14	resourcelifetime/missing-release	true-positive	Mock API test gets expected HTTP 400 via DefaultClient.Do, then inspects or overwrites resp without Body.Close or ownership transfer (internal/mock_api/endpoints/users/users_test.go:37); mock handler returns a response body on this path. Test-server Close does not close client Body.
twitchdev/twitch-cli	fd7dac646eea56c9ac9c1d36893e611de855c21e	resourcelifetime	internal/mock_api/endpoints/users/users_test.go:43:14	resourcelifetime/missing-release	true-positive	Mock API test gets expected HTTP 200 via DefaultClient.Do, then inspects or overwrites resp without Body.Close or ownership transfer (internal/mock_api/endpoints/users/users_test.go:43); mock handler returns a response body on this path. Test-server Close does not close client Body.
twitchdev/twitch-cli	fd7dac646eea56c9ac9c1d36893e611de855c21e	resourcelifetime	internal/mock_api/endpoints/users/users_test.go:56:15	resourcelifetime/missing-release	true-positive	Mock API test gets expected HTTP 401 via DefaultClient.Do, then inspects or overwrites resp without Body.Close or ownership transfer (internal/mock_api/endpoints/users/users_test.go:56); mock handler returns a response body on this path. Test-server Close does not close client Body.
twitchdev/twitch-cli	fd7dac646eea56c9ac9c1d36893e611de855c21e	resourcelifetime	internal/mock_api/endpoints/users/users_test.go:62:14	resourcelifetime/missing-release	true-positive	Mock API test gets expected HTTP 200 via DefaultClient.Do, then inspects or overwrites resp without Body.Close or ownership transfer (internal/mock_api/endpoints/users/users_test.go:62); mock handler returns a response body on this path. Test-server Close does not close client Body.
twitchdev/twitch-cli	fd7dac646eea56c9ac9c1d36893e611de855c21e	resourcelifetime	internal/mock_api/endpoints/users/users_test.go:70:14	resourcelifetime/missing-release	true-positive	Mock API test gets expected HTTP 400 via DefaultClient.Do, then inspects or overwrites resp without Body.Close or ownership transfer (internal/mock_api/endpoints/users/users_test.go:70); mock handler returns a response body on this path. Test-server Close does not close client Body.
twitchdev/twitch-cli	fd7dac646eea56c9ac9c1d36893e611de855c21e	resourcelifetime	internal/mock_api/endpoints/users/users_test.go:76:14	resourcelifetime/missing-release	true-positive	Mock API test gets expected HTTP 400 via DefaultClient.Do, then inspects or overwrites resp without Body.Close or ownership transfer (internal/mock_api/endpoints/users/users_test.go:76); mock handler returns a response body on this path. Test-server Close does not close client Body.
twitchdev/twitch-cli	fd7dac646eea56c9ac9c1d36893e611de855c21e	resourcelifetime	internal/mock_api/endpoints/users/users_test.go:84:14	resourcelifetime/missing-release	false-positive	Test asserts HTTP 204 No Content after successful DefaultClient.Do; net/http forbids a response body for 204 and exposes http.NoBody, so omitted Close cannot leak an acquired body (internal/mock_api/endpoints/users/users_test.go:84; Go transfer.go bodyAllowedForStatus).
twitchdev/twitch-cli	fd7dac646eea56c9ac9c1d36893e611de855c21e	resourcelifetime	internal/mock_api/endpoints/users/users_test.go:91:14	resourcelifetime/missing-release	true-positive	Mock API test gets expected HTTP 400 via DefaultClient.Do, then inspects or overwrites resp without Body.Close or ownership transfer (internal/mock_api/endpoints/users/users_test.go:91); mock handler returns a response body on this path. Test-server Close does not close client Body.
twitchdev/twitch-cli	fd7dac646eea56c9ac9c1d36893e611de855c21e	resourcelifetime	internal/mock_api/endpoints/users/users_test.go:98:14	resourcelifetime/missing-release	true-positive	Mock API test gets expected HTTP 400 via DefaultClient.Do, then inspects or overwrites resp without Body.Close or ownership transfer (internal/mock_api/endpoints/users/users_test.go:98); mock handler returns a response body on this path. Test-server Close does not close client Body.
twitchdev/twitch-cli	fd7dac646eea56c9ac9c1d36893e611de855c21e	resourcelifetime	internal/mock_api/endpoints/videos/videos_test.go:21:15	resourcelifetime/missing-release	true-positive	Mock API test gets expected HTTP 400 via DefaultClient.Do, then inspects or overwrites resp without Body.Close or ownership transfer (internal/mock_api/endpoints/videos/videos_test.go:21); mock handler returns a response body on this path. Test-server Close does not close client Body.
twitchdev/twitch-cli	fd7dac646eea56c9ac9c1d36893e611de855c21e	resourcelifetime	internal/mock_api/endpoints/videos/videos_test.go:27:14	resourcelifetime/missing-release	true-positive	Mock API test gets expected HTTP 200 via DefaultClient.Do, then inspects or overwrites resp without Body.Close or ownership transfer (internal/mock_api/endpoints/videos/videos_test.go:27); mock handler returns a response body on this path. Test-server Close does not close client Body.
twitchdev/twitch-cli	fd7dac646eea56c9ac9c1d36893e611de855c21e	resourcelifetime	internal/mock_api/endpoints/videos/videos_test.go:36:14	resourcelifetime/missing-release	true-positive	Mock API test gets expected HTTP 200 via DefaultClient.Do, then inspects or overwrites resp without Body.Close or ownership transfer (internal/mock_api/endpoints/videos/videos_test.go:36); mock handler returns a response body on this path. Test-server Close does not close client Body.
twitchdev/twitch-cli	fd7dac646eea56c9ac9c1d36893e611de855c21e	resourcelifetime	internal/mock_api/endpoints/videos/videos_test.go:42:14	resourcelifetime/missing-release	true-positive	Mock API test gets expected HTTP 400 via DefaultClient.Do, then inspects or overwrites resp without Body.Close or ownership transfer (internal/mock_api/endpoints/videos/videos_test.go:42); mock handler returns a response body on this path. Test-server Close does not close client Body.
twitchdev/twitch-cli	fd7dac646eea56c9ac9c1d36893e611de855c21e	resourcelifetime	internal/mock_api/endpoints/videos/videos_test.go:48:14	resourcelifetime/missing-release	true-positive	Mock API test gets expected HTTP 400 via DefaultClient.Do, then inspects or overwrites resp without Body.Close or ownership transfer (internal/mock_api/endpoints/videos/videos_test.go:48); mock handler returns a response body on this path. Test-server Close does not close client Body.
twitchdev/twitch-cli	fd7dac646eea56c9ac9c1d36893e611de855c21e	resourcelifetime	internal/mock_api/endpoints/videos/videos_test.go:55:14	resourcelifetime/missing-release	true-positive	Mock API test gets expected HTTP 400 via DefaultClient.Do, then inspects or overwrites resp without Body.Close or ownership transfer (internal/mock_api/endpoints/videos/videos_test.go:55); mock handler returns a response body on this path. Test-server Close does not close client Body.
twitchdev/twitch-cli	fd7dac646eea56c9ac9c1d36893e611de855c21e	resourcelifetime	internal/mock_api/endpoints/videos/videos_test.go:62:14	resourcelifetime/missing-release	true-positive	Mock API test gets expected HTTP 400 via DefaultClient.Do, then inspects or overwrites resp without Body.Close or ownership transfer (internal/mock_api/endpoints/videos/videos_test.go:62); mock handler returns a response body on this path. Test-server Close does not close client Body.
twitchdev/twitch-cli	fd7dac646eea56c9ac9c1d36893e611de855c21e	resourcelifetime	internal/mock_api/endpoints/videos/videos_test.go:70:14	resourcelifetime/missing-release	true-positive	Mock API test gets expected HTTP 400 via DefaultClient.Do, then inspects or overwrites resp without Body.Close or ownership transfer (internal/mock_api/endpoints/videos/videos_test.go:70); mock handler returns a response body on this path. Test-server Close does not close client Body.
twitchdev/twitch-cli	fd7dac646eea56c9ac9c1d36893e611de855c21e	resourcelifetime	internal/mock_api/endpoints/videos/videos_test.go:76:14	resourcelifetime/missing-release	true-positive	Mock API test gets expected HTTP 200 via DefaultClient.Do, then inspects or overwrites resp without Body.Close or ownership transfer (internal/mock_api/endpoints/videos/videos_test.go:76); mock handler returns a response body on this path. Test-server Close does not close client Body.
twitchdev/twitch-cli	fd7dac646eea56c9ac9c1d36893e611de855c21e	resourcelifetime	internal/mock_api/endpoints/whispers/whispers_test.go:23:15	resourcelifetime/missing-release	true-positive	Mock API test gets expected HTTP 401 via DefaultClient.Do, then inspects or overwrites resp without Body.Close or ownership transfer (internal/mock_api/endpoints/whispers/whispers_test.go:23); mock handler returns a response body on this path. Test-server Close does not close client Body.
twitchdev/twitch-cli	fd7dac646eea56c9ac9c1d36893e611de855c21e	resourcelifetime	internal/mock_api/endpoints/whispers/whispers_test.go:30:14	resourcelifetime/missing-release	true-positive	Mock API test gets expected HTTP 400 via DefaultClient.Do, then inspects or overwrites resp without Body.Close or ownership transfer (internal/mock_api/endpoints/whispers/whispers_test.go:30); mock handler returns a response body on this path. Test-server Close does not close client Body.
twitchdev/twitch-cli	fd7dac646eea56c9ac9c1d36893e611de855c21e	resourcelifetime	internal/mock_api/endpoints/whispers/whispers_test.go:41:14	resourcelifetime/missing-release	false-positive	Test asserts HTTP 204 No Content after successful DefaultClient.Do; net/http forbids a response body for 204 and exposes http.NoBody, so omitted Close cannot leak an acquired body (internal/mock_api/endpoints/whispers/whispers_test.go:41; Go transfer.go bodyAllowedForStatus).
twitchdev/twitch-cli	fd7dac646eea56c9ac9c1d36893e611de855c21e	resourcelifetime	internal/mock_auth/mock_auth_test.go:105:14	resourcelifetime/missing-release	true-positive	Mock authentication test obtains successful DefaultClient.Do response and inspects its status, then overwrites/returns without resp.Body.Close or transfer (mock_auth_test.go:105 onward); httptest server shutdown does not close client Body.
twitchdev/twitch-cli	fd7dac646eea56c9ac9c1d36893e611de855c21e	resourcelifetime	internal/mock_auth/mock_auth_test.go:116:14	resourcelifetime/missing-release	true-positive	Mock authentication test obtains successful DefaultClient.Do response and inspects its status, then overwrites/returns without resp.Body.Close or transfer (mock_auth_test.go:116 onward); httptest server shutdown does not close client Body.
twitchdev/twitch-cli	fd7dac646eea56c9ac9c1d36893e611de855c21e	resourcelifetime	internal/mock_auth/mock_auth_test.go:128:15	resourcelifetime/missing-release	true-positive	Mock authentication test obtains successful DefaultClient.Do response and inspects its status, then overwrites/returns without resp.Body.Close or transfer (mock_auth_test.go:128 onward); httptest server shutdown does not close client Body.
twitchdev/twitch-cli	fd7dac646eea56c9ac9c1d36893e611de855c21e	resourcelifetime	internal/mock_auth/mock_auth_test.go:139:14	resourcelifetime/missing-release	true-positive	Mock authentication test obtains successful DefaultClient.Do response and inspects its status, then overwrites/returns without resp.Body.Close or transfer (mock_auth_test.go:139 onward); httptest server shutdown does not close client Body.
twitchdev/twitch-cli	fd7dac646eea56c9ac9c1d36893e611de855c21e	resourcelifetime	internal/mock_auth/mock_auth_test.go:145:14	resourcelifetime/missing-release	true-positive	Mock authentication test obtains successful DefaultClient.Do response and inspects its status, then overwrites/returns without resp.Body.Close or transfer (mock_auth_test.go:145 onward); httptest server shutdown does not close client Body.
twitchdev/twitch-cli	fd7dac646eea56c9ac9c1d36893e611de855c21e	resourcelifetime	internal/mock_auth/mock_auth_test.go:44:15	resourcelifetime/missing-release	true-positive	Mock authentication test obtains successful DefaultClient.Do response and inspects its status, then overwrites/returns without resp.Body.Close or transfer (mock_auth_test.go:44 onward); httptest server shutdown does not close client Body.
twitchdev/twitch-cli	fd7dac646eea56c9ac9c1d36893e611de855c21e	resourcelifetime	internal/mock_auth/mock_auth_test.go:56:14	resourcelifetime/missing-release	true-positive	Mock authentication test obtains successful DefaultClient.Do response and inspects its status, then overwrites/returns without resp.Body.Close or transfer (mock_auth_test.go:56 onward); httptest server shutdown does not close client Body.
twitchdev/twitch-cli	fd7dac646eea56c9ac9c1d36893e611de855c21e	resourcelifetime	internal/mock_auth/mock_auth_test.go:62:14	resourcelifetime/missing-release	true-positive	Mock authentication test obtains successful DefaultClient.Do response and inspects its status, then overwrites/returns without resp.Body.Close or transfer (mock_auth_test.go:62 onward); httptest server shutdown does not close client Body.
twitchdev/twitch-cli	fd7dac646eea56c9ac9c1d36893e611de855c21e	resourcelifetime	internal/mock_auth/mock_auth_test.go:68:14	resourcelifetime/missing-release	true-positive	Mock authentication test obtains successful DefaultClient.Do response and inspects its status, then overwrites/returns without resp.Body.Close or transfer (mock_auth_test.go:68 onward); httptest server shutdown does not close client Body.
twitchdev/twitch-cli	fd7dac646eea56c9ac9c1d36893e611de855c21e	resourcelifetime	internal/mock_auth/mock_auth_test.go:75:14	resourcelifetime/missing-release	true-positive	Mock authentication test obtains successful DefaultClient.Do response and inspects its status, then overwrites/returns without resp.Body.Close or transfer (mock_auth_test.go:75 onward); httptest server shutdown does not close client Body.
twitchdev/twitch-cli	fd7dac646eea56c9ac9c1d36893e611de855c21e	resourcelifetime	internal/mock_auth/mock_auth_test.go:85:15	resourcelifetime/missing-release	true-positive	Mock authentication test obtains successful DefaultClient.Do response and inspects its status, then overwrites/returns without resp.Body.Close or transfer (mock_auth_test.go:85 onward); httptest server shutdown does not close client Body.
twitchdev/twitch-cli	fd7dac646eea56c9ac9c1d36893e611de855c21e	resourcelifetime	internal/mock_auth/mock_auth_test.go:90:14	resourcelifetime/missing-release	true-positive	Mock authentication test obtains successful DefaultClient.Do response and inspects its status, then overwrites/returns without resp.Body.Close or transfer (mock_auth_test.go:90 onward); httptest server shutdown does not close client Body.
ulikunitz/xz	6ead826b4d3c7c9856f2daa905cf06403b9daddc	resourcelifetime	cmd/gxz/file.go:329:14	resourcelifetime/missing-release	true-positive	openFile opens path then returns nil,error on f.Stat failure, nonregular result, or special bits without closing f; success return transfers owner, but error branches leak (file.go:329-343).
ungerik/go-dry	076d5065bbf00e1faf8df5594d91f52d9e8b7bf3	resourcelifetime	file.go:619:11	resourcelifetime/missing-release	true-positive	FileCopyDir os.Open's destination merely to test existence; when it exists, Open succeeds and !os.IsNotExist branch returns Destination already exists without closing the opened directory/file (file.go:619-622).
ungerik/go-dry	076d5065bbf00e1faf8df5594d91f52d9e8b7bf3	resourcelifetime	http.go:108:19	resourcelifetime/missing-release	true-positive	HTTPDelete successfully DefaultClient.Do's request and returns only status code/text, discarding response without Body.Close (http.go:102-113).
ungerik/go-dry	076d5065bbf00e1faf8df5594d91f52d9e8b7bf3	resourcelifetime	http.go:122:19	resourcelifetime/missing-release	true-positive	HTTPPostForm successfully DefaultClient.Do's request and returns only status code/text, discarding response without Body.Close (http.go:115-127).
ungerik/go-dry	076d5065bbf00e1faf8df5594d91f52d9e8b7bf3	resourcelifetime	http.go:136:19	resourcelifetime/missing-release	true-positive	HTTPPutForm successfully DefaultClient.Do's request and returns only status code/text, discarding response without Body.Close (http.go:129-140).
userstyles-world/userstyles.world	2f6a31cc73168796ce7962fee56c122e9001e30b	resourcelifetime	cmd/userstyles-fonts/main.go:104:18	resourcelifetime/missing-release	true-positive	zip.OpenReader archive is iterated for extraction and extractArchive returns without archive.Close on success or error (main.go:104-155). Repository scan incomplete elsewhere.
userstyles-world/userstyles.world	2f6a31cc73168796ce7962fee56c122e9001e30b	resourcelifetime	cmd/userstyles-fonts/main.go:112:15	resourcelifetime/missing-release	true-positive	Per-font os.OpenFile output and file.Open source are copied, but extract closure returns without closing either handle on success or error (main.go:109-126). Repository scan incomplete elsewhere.
userstyles-world/userstyles.world	2f6a31cc73168796ce7962fee56c122e9001e30b	resourcelifetime	cmd/userstyles-fonts/main.go:39:15	resourcelifetime/missing-release	true-positive	getAsset reads successful http.Get response Body then returns from read/JSON/asset checks or success without Body.Close (main.go:38-62). Repository scan incomplete elsewhere.
userstyles-world/userstyles.world	2f6a31cc73168796ce7962fee56c122e9001e30b	resourcelifetime	cmd/userstyles-fonts/main.go:72:18	resourcelifetime/missing-release	true-positive	getArchive downloads archive and io.ReadAll's Body but never closes it on read/write error or success (main.go:64-86). Repository scan incomplete elsewhere.
userstyles-world/userstyles.world	2f6a31cc73168796ce7962fee56c122e9001e30b	resourcelifetime	handlers/core/CSP_test.go:101:14	resourcelifetime/missing-release	false-positive	Fiber v2.52.5 App.Test uses in-memory testConn backed by bytes.Buffer, waits for ServeConn, then http.ReadResponse over buffered bytes; testConn.Close is no-op. Returned Body has no socket/file/pool resource to release, so missing Close is style, not a proven leak (handlers/core/CSP_test.go:101:14; Fiber app.go:914-981, helpers.go:725-732). Repository scan incomplete elsewhere.
userstyles-world/userstyles.world	2f6a31cc73168796ce7962fee56c122e9001e30b	resourcelifetime	handlers/core/CSP_test.go:25:14	resourcelifetime/missing-release	false-positive	Fiber v2.52.5 App.Test uses in-memory testConn backed by bytes.Buffer, waits for ServeConn, then http.ReadResponse over buffered bytes; testConn.Close is no-op. Returned Body has no socket/file/pool resource to release, so missing Close is style, not a proven leak (handlers/core/CSP_test.go:25:14; Fiber app.go:914-981, helpers.go:725-732). Repository scan incomplete elsewhere.
userstyles-world/userstyles.world	2f6a31cc73168796ce7962fee56c122e9001e30b	resourcelifetime	handlers/core/CSP_test.go:58:14	resourcelifetime/missing-release	false-positive	Fiber v2.52.5 App.Test uses in-memory testConn backed by bytes.Buffer, waits for ServeConn, then http.ReadResponse over buffered bytes; testConn.Close is no-op. Returned Body has no socket/file/pool resource to release, so missing Close is style, not a proven leak (handlers/core/CSP_test.go:58:14; Fiber app.go:914-981, helpers.go:725-732). Repository scan incomplete elsewhere.
userstyles-world/userstyles.world	2f6a31cc73168796ce7962fee56c122e9001e30b	resourcelifetime	handlers/core/CSP_test.go:73:13	resourcelifetime/missing-release	false-positive	Fiber v2.52.5 App.Test uses in-memory testConn backed by bytes.Buffer, waits for ServeConn, then http.ReadResponse over buffered bytes; testConn.Close is no-op. Returned Body has no socket/file/pool resource to release, so missing Close is style, not a proven leak (handlers/core/CSP_test.go:73:13; Fiber app.go:914-981, helpers.go:725-732). Repository scan incomplete elsewhere.
userstyles-world/userstyles.world	2f6a31cc73168796ce7962fee56c122e9001e30b	resourcelifetime	handlers/core/HSTS_test.go:25:14	resourcelifetime/missing-release	false-positive	Fiber v2.52.5 App.Test uses in-memory testConn backed by bytes.Buffer, waits for ServeConn, then http.ReadResponse over buffered bytes; testConn.Close is no-op. Returned Body has no socket/file/pool resource to release, so missing Close is style, not a proven leak (handlers/core/HSTS_test.go:25:14; Fiber app.go:914-981, helpers.go:725-732). Repository scan incomplete elsewhere.
userstyles-world/userstyles.world	2f6a31cc73168796ce7962fee56c122e9001e30b	resourcelifetime	handlers/core/errors_test.go:34:14	resourcelifetime/missing-release	false-positive	Fiber v2.52.5 App.Test uses in-memory testConn backed by bytes.Buffer, waits for ServeConn, then http.ReadResponse over buffered bytes; testConn.Close is no-op. Returned Body has no socket/file/pool resource to release, so missing Close is style, not a proven leak (handlers/core/errors_test.go:34:14; Fiber app.go:914-981, helpers.go:725-732). Repository scan incomplete elsewhere.
userstyles-world/userstyles.world	2f6a31cc73168796ce7962fee56c122e9001e30b	resourcelifetime	handlers/core/errors_test.go:46:13	resourcelifetime/missing-release	false-positive	Fiber v2.52.5 App.Test uses in-memory testConn backed by bytes.Buffer, waits for ServeConn, then http.ReadResponse over buffered bytes; testConn.Close is no-op. Returned Body has no socket/file/pool resource to release, so missing Close is style, not a proven leak (handlers/core/errors_test.go:46:13; Fiber app.go:914-981, helpers.go:725-732). Repository scan incomplete elsewhere.
userstyles-world/userstyles.world	2f6a31cc73168796ce7962fee56c122e9001e30b	resourcelifetime	handlers/core/errors_test.go:77:14	resourcelifetime/missing-release	false-positive	Fiber v2.52.5 App.Test uses in-memory testConn backed by bytes.Buffer, waits for ServeConn, then http.ReadResponse over buffered bytes; testConn.Close is no-op. Returned Body has no socket/file/pool resource to release, so missing Close is style, not a proven leak (handlers/core/errors_test.go:77:14; Fiber app.go:914-981, helpers.go:725-732). Repository scan incomplete elsewhere.
userstyles-world/userstyles.world	2f6a31cc73168796ce7962fee56c122e9001e30b	resourcelifetime	handlers/core/errors_test.go:99:13	resourcelifetime/missing-release	false-positive	Fiber v2.52.5 App.Test uses in-memory testConn backed by bytes.Buffer, waits for ServeConn, then http.ReadResponse over buffered bytes; testConn.Close is no-op. Returned Body has no socket/file/pool resource to release, so missing Close is style, not a proven leak (handlers/core/errors_test.go:99:13; Fiber app.go:914-981, helpers.go:725-732). Repository scan incomplete elsewhere.
userstyles-world/userstyles.world	2f6a31cc73168796ce7962fee56c122e9001e30b	resourcelifetime	handlers/core/proxy.go:109:12	resourcelifetime/missing-release	true-positive	Successful os.Open f transfers to Fiber SendStream on success (fasthttp closes BodyStream), but f.Stat error at proxy.go:115-118 returns before transfer without f.Close. Repository scan incomplete elsewhere.
userstyles-world/userstyles.world	2f6a31cc73168796ce7962fee56c122e9001e30b	resourcelifetime	modules/images/images.go:47:14	resourcelifetime/missing-release	true-positive	GenerateFromURL closes HTTP Body only after checking status 200; non-200 successful response returns at images.go:52-54 before deferred Body.Close at :55. Repository scan incomplete elsewhere.
vmware-tanzu/cartographer	db183fc31dd4aed345503482ed60bf0a204685a7	goroutineownership	pkg/testing/run.go:75:2	goroutineownership/unjoined	true-positive	Runner goroutine sends command.Run result on unbuffered errC. ctx.Done branch returns without receiving; CommandContext may stop child, but worker then blocks forever sending to errC with no receiver (run.go:68-90). Repository scan incomplete elsewhere.
vmware-tanzu/cartographer	db183fc31dd4aed345503482ed60bf0a204685a7	resourcelifetime	pkg/testing/ytt.go:82:12	resourcelifetime/missing-release	true-positive	ToTempFile creates f and transfers it only on success; Cmd.RunWithOutput error at :87-90 or f.Write error at :92-95 returns nil,error without f.Close (ytt.go:82-97). Repository scan incomplete elsewhere.
vmware-tanzu/cartographer	db183fc31dd4aed345503482ed60bf0a204685a7	resourcelifetime	tests/helpers/kubeconfig.go:33:25	resourcelifetime/missing-release	true-positive	GenerateConfigFile creates kubeconfigFile, returns on KubeConfig or Write errors without Close and returns only pathname on success, also without Close; no owner receives open *os.File (kubeconfig.go:33-47). Repository scan incomplete elsewhere.
vormadev/vorma	0a94922d52668205b2fdcb35410302b2bcea5502	nilargument	kit/csrf/csrf_test.go:1102:7	nilargument/dereferenced-nil	false-positive	NewProtector receives a ProtectorConfig with nonnil CookieManager from createTestCookieManager and nonnil GetSessionID; NewProtector checks required fields then returns &Protector, so no definite nil field at call (csrf_test.go:1098-1107; csrf.go:66-113).
vormadev/vorma	0a94922d52668205b2fdcb35410302b2bcea5502	nilargument	kit/csrf/csrf_test.go:1156:10	nilargument/dereferenced-nil	false-positive	NewProtector receives nonnil CookieManager and GetSessionID from this test literal; constructor checks required fields and returns &Protector, so no definite nil field at call (csrf_test.go:1156 onward; csrf.go:66-113).
vormadev/vorma	0a94922d52668205b2fdcb35410302b2bcea5502	nilargument	kit/csrf/csrf_test.go:1178:8	nilargument/dereferenced-nil	false-positive	NewProtector receives nonnil CookieManager and GetSessionID from this test literal; constructor checks required fields and returns &Protector, so no definite nil field at call (csrf_test.go:1178 onward; csrf.go:66-113).
vormadev/vorma	0a94922d52668205b2fdcb35410302b2bcea5502	nilargument	kit/csrf/csrf_test.go:1197:8	nilargument/dereferenced-nil	false-positive	NewProtector receives nonnil CookieManager and GetSessionID from this test literal; constructor checks required fields and returns &Protector, so no definite nil field at call (csrf_test.go:1197 onward; csrf.go:66-113).
vormadev/vorma	0a94922d52668205b2fdcb35410302b2bcea5502	nilargument	kit/csrf/csrf_test.go:1239:14	nilargument/dereferenced-nil	false-positive	expiredCfg sets CookieManager via createTestCookieManager and a nonnil GetSessionID before NewProtector; constructor has no definite nil field to dereference (csrf_test.go:1231-1239; csrf.go:66-113).
vormadev/vorma	0a94922d52668205b2fdcb35410302b2bcea5502	nilargument	kit/csrf/csrf_test.go:1249:14	nilargument/dereferenced-nil	false-positive	NewProtector receives nonnil CookieManager and GetSessionID from this test literal; constructor checks required fields and returns &Protector, so no definite nil field at call (csrf_test.go:1249 onward; csrf.go:66-113).
vormadev/vorma	0a94922d52668205b2fdcb35410302b2bcea5502	nilargument	kit/csrf/csrf_test.go:1260:23	nilargument/dereferenced-nil	false-positive	NewProtector receives nonnil CookieManager and GetSessionID from this test literal; constructor checks required fields and returns &Protector, so no definite nil field at call (csrf_test.go:1260 onward; csrf.go:66-113).
vormadev/vorma	0a94922d52668205b2fdcb35410302b2bcea5502	nilargument	kit/csrf/csrf_test.go:1431:7	nilargument/dereferenced-nil	false-positive	NewProtector receives nonnil CookieManager and GetSessionID from this test literal; constructor checks required fields and returns &Protector, so no definite nil field at call (csrf_test.go:1431 onward; csrf.go:66-113).
vormadev/vorma	0a94922d52668205b2fdcb35410302b2bcea5502	nilargument	kit/csrf/csrf_test.go:1498:15	nilargument/dereferenced-nil	false-positive	NewProtector receives nonnil CookieManager and GetSessionID from this test literal; constructor checks required fields and returns &Protector, so no definite nil field at call (csrf_test.go:1498 onward; csrf.go:66-113).
vormadev/vorma	0a94922d52668205b2fdcb35410302b2bcea5502	nilargument	kit/csrf/csrf_test.go:1578:15	nilargument/dereferenced-nil	false-positive	NewProtector receives nonnil CookieManager and GetSessionID from this test literal; constructor checks required fields and returns &Protector, so no definite nil field at call (csrf_test.go:1578 onward; csrf.go:66-113).
vormadev/vorma	0a94922d52668205b2fdcb35410302b2bcea5502	nilargument	kit/csrf/csrf_test.go:46:9	nilargument/dereferenced-nil	false-positive	createTestProtector cfg sets CookieManager via createTestCookieManager and nonnil GetSessionID before NewProtector; NewProtector checks required fields, so no definite nil field at call (csrf_test.go:39-46; csrf.go:66-113).
vormadev/vorma	0a94922d52668205b2fdcb35410302b2bcea5502	nilargument	kit/csrf/csrf_test.go:479:7	nilargument/dereferenced-nil	false-positive	NewProtector receives cfg with CookieManager from createTestCookieManager and nonnil GetSessionID, so no definite nil field at call (csrf_test.go:473-479; csrf.go:66-113).
vormadev/vorma	0a94922d52668205b2fdcb35410302b2bcea5502	nilargument	kit/csrf/csrf_test.go:679:9	nilargument/dereferenced-nil	false-positive	NewProtector receives cfg with CookieManager from cookies.NewManager and nonnil GetSessionID; NewManager returns &Manager, so no definite nil field at call (csrf_test.go:672-682; cookies.go:46-60; csrf.go:66-113).
vormadev/vorma	0a94922d52668205b2fdcb35410302b2bcea5502	nilargument	kit/csrf/csrf_test.go:732:19	nilargument/dereferenced-nil	false-positive	NewProtector receives nonnil production CookieManager and GetSessionID from this test literal; optional GetIsDev is nil but cookies.Manager.GetIsDev nil-guards it (csrf_test.go:729-739; cookies.go:62-64).
vormadev/vorma	0a94922d52668205b2fdcb35410302b2bcea5502	nilargument	kit/csrf/csrf_test.go:743:18	nilargument/dereferenced-nil	false-positive	NewProtector receives nonnil development CookieManager from cookies.NewManager and nonnil GetSessionID; no definitely nil required field (csrf_test.go:740-749; cookies.go:46-60; csrf.go:66-113).
vormadev/vorma	0a94922d52668205b2fdcb35410302b2bcea5502	nilargument	kit/csrf/csrf_test.go:870:7	nilargument/dereferenced-nil	false-positive	NewProtector receives nonnil CookieManager from createTestCookieManager and nonnil GetSessionID; optional header name is provided too, so no definite nil field at call (csrf_test.go:867-875; csrf.go:66-113).
vormadev/vorma	0a94922d52668205b2fdcb35410302b2bcea5502	processownership	kit/grace/grace_test.go:194:14	processownership/missing-wait	false-positive	Test passes started cmd.Process to TerminateProcess at line 198; helper starts a goroutine that calls process.Wait at grace.go:114-119, reaping child after exit/Kill. Timeout arm may strand goroutine on unbuffered done send, but processownership missing-wait claim is false.
vormadev/vorma	0a94922d52668205b2fdcb35410302b2bcea5502	resourcelifetime	wave/internal/ki/dumb_little_helpers.go:142:16	resourcelifetime/missing-release	true-positive	Readiness loop http.Get's endpoint and never closes successful resp.Body on ready status or retry/non-ready status; each repeated probe can retain an HTTP body (dumb_little_helpers.go:135-156).
wjlab/Darksteel	3101ceb3a89ee121b9fdf2f80af50624298ee836	resourcelifetime	process/outfile.go:26:12	resourcelifetime/missing-release	true-positive	OutFile opens f and registers defer f.Close only after io.WriteString; WriteString error at outfile.go:31-34 returns before defer, leaking successful descriptor. Repository scan incomplete elsewhere.
xeol-io/xeol	fec1277e24d6d71bfc17b5f7e5a07b74d4da7f4a	resourcelifetime	internal/file/tar.go:84:14	resourcelifetime/missing-release	true-positive	Tar extraction opens target f, but copyWithLimits error returns before f.Close at tar.go:94; successful open handle leaks on copy/error or size-limit path.
xeol-io/xeol	fec1277e24d6d71bfc17b5f7e5a07b74d4da7f4a	resourcelifetime	xeol/pkg/purl_provider.go:110:12	resourcelifetime/missing-release	true-positive	openPurlFile successfully os.Open's f, then !fileHasContent branch returns nil,error without closing f; ordinary nonempty success transfers file to caller (purl_provider.go:110-119).
xeol-io/xeol	fec1277e24d6d71bfc17b5f7e5a07b74d4da7f4a	resourcelifetime	xeol/pkg/syft_sbom_provider.go:174:12	resourcelifetime/missing-release	true-positive	openFile successfully os.Open's f, then !fileHasContent branch returns nil,error without closing f; ordinary nonempty success transfers file to caller (syft_sbom_provider.go:174-183).
yqchilde/wxbot	de1c09009fcd06fc8286867eb94db6c280b99480	resourcelifetime	engine/pkg/sqlite/sqlite.go:23:16	resourcelifetime/missing-release	true-positive	CreateDBFile calls os.Create to establish path, discards returned open *File, then returns; later GORM open is a separate DB handle and does not close that descriptor (sqlite.go:16-45). Repository scan incomplete elsewhere.
yqchilde/wxbot	de1c09009fcd06fc8286867eb94db6c280b99480	resourcelifetime	plugins/memepicture/main.go:102:16	resourcelifetime/missing-release	true-positive	Successful http.Get response Body is closed only after os.Create and io.Copy succeed; Create or copy error returns at :109-115 before Body.Close at :117 (memepicture/main.go:102-118). Repository scan incomplete elsewhere.
yqchilde/wxbot	de1c09009fcd06fc8286867eb94db6c280b99480	resourcelifetime	plugins/memepicture/main.go:108:16	resourcelifetime/missing-release	true-positive	Successful os.Create tmp image is closed only after io.Copy succeeds; copy error at :113-115 returns before file.Close at :118 (memepicture/main.go:108-118). Repository scan incomplete elsewhere.
yznts/kyoto	e8f4bbf4427ecacdc7a08a0a2311c250467f277f	resourcelifetime	component/state.server.go:68:22	resourcelifetime/missing-release	true-positive	Marshal creates temporary file, JSON-encodes, and returns only basename without closing open tmp; cleanup removes path later, not descriptor (state.server.go:65-83).
zladovan/gorched	cfe6f8445a0e0a2b8c5389ea809c6dd9784b95e2	resourcelifetime	demo/demo.go:47:15	resourcelifetime/missing-release	true-positive	LoadFromFile successfully os.Open's script, passes handle to ParseScript(io.Reader), and returns on parse error or success without file.Close; ParseScript receives only Reader, not ownership (demo.go:47-54; parser.go:50).
zsrv/supermicro-product-key	bc805c7ff55bc7e6f4b3ec1fda32fe6661b29427	goroutineownership	pkg/nonjson/brute_force.go:48:3	goroutineownership/unjoined	true-positive	One worker per MAC block sends to unbuffered result/done. Parent returns immediately on first result at :53-54, leaving other workers or winning worker's subsequent done send blocked without receiver (brute_force.go:28-60).
zsrv/supermicro-product-key	bc805c7ff55bc7e6f4b3ec1fda32fe6661b29427	goroutineownership	pkg/oob/brute_force.go:67:3	goroutineownership/unjoined	true-positive	One worker per MAC block sends to unbuffered result/done. Parent returns immediately on first result at :72-73, leaving other workers or winning worker's subsequent done send blocked without receiver (brute_force.go:46-79).
