# repository	revision	analyzer	position	checks	verdict	reason
AlexSSD7/linsk	4c98a8500c4e73ecadeb0c354f07a6375eceb4d9	goroutineownership	cmd/runvm/runvm.go:46:2	goroutineownership/unjoined	true-positive	RunVM starts vi.Run worker but InitLVM failure or vi.Cancel error paths return before wg.Wait at line127, leaving worker unjoined (runvm.go:46-51,87-138).
AlexSSD7/linsk	4c98a8500c4e73ecadeb0c354f07a6375eceb4d9	goroutineownership	vm/filemanager.go:134:3	goroutineownership/unjoined	true-positive	Password writer goroutine is joined only after successful sess.Wait; an error from sess.Wait returns before wWG.Wait, so blocked stdinPipe.Write worker may remain active (filemanager.go:134-167).
AliyunContainerService/image-syncer	c6f20faf0358a7057ee34504e25e75d03dbf71fd	resourcelifetime	pkg/client/client.go:166:16	resourcelifetime/missing-release	true-positive	Client opens successImagesFile, writes via JSON/YAML encoder, and returns on encode error or success without ever closing file (client.go:166-186).
AliyunContainerService/image-syncer	c6f20faf0358a7057ee34504e25e75d03dbf71fd	resourcelifetime	pkg/client/config.go:81:15	resourcelifetime/missing-release	true-positive	Config reader opens file and decodes YAML/JSON, but returns on decode error or success without Close (config.go:81-101).
Clivern/Beaver	bd68afd9d44386b789e46d303f7f4a865ac4cc68	nilargument	core/controller/channel.go:132:12	nilargument/dereferenced-nil	false-positive	Controller constructs API channel and calls Init before this method; Init calls RedisDriver.Connect, which assigns Client=redis.NewClient (or existing nonnil instance) before Ping. The frozen claim that Driver.Client is definitely nil is unsupported (core/api/channel.go Init; core/driver/redis.go:27-65).
Clivern/Beaver	bd68afd9d44386b789e46d303f7f4a865ac4cc68	nilargument	core/controller/channel.go:170:12	nilargument/dereferenced-nil	false-positive	Controller constructs API channel and calls Init before this method; Init calls RedisDriver.Connect, which assigns Client=redis.NewClient (or existing nonnil instance) before Ping. The frozen claim that Driver.Client is definitely nil is unsupported (core/api/channel.go Init; core/driver/redis.go:27-65).
Clivern/Beaver	bd68afd9d44386b789e46d303f7f4a865ac4cc68	nilargument	core/controller/channel.go:229:30	nilargument/dereferenced-nil	false-positive	Controller constructs API channel and calls Init before this method; Init calls RedisDriver.Connect, which assigns Client=redis.NewClient (or existing nonnil instance) before Ping. The frozen claim that Driver.Client is definitely nil is unsupported (core/api/channel.go Init; core/driver/redis.go:27-65).
Clivern/Beaver	bd68afd9d44386b789e46d303f7f4a865ac4cc68	nilargument	core/controller/channel.go:243:13	nilargument/dereferenced-nil	false-positive	Controller constructs API channel and calls Init before this method; Init calls RedisDriver.Connect, which assigns Client=redis.NewClient (or existing nonnil instance) before Ping. The frozen claim that Driver.Client is definitely nil is unsupported (core/api/channel.go Init; core/driver/redis.go:27-65).
Clivern/Beaver	bd68afd9d44386b789e46d303f7f4a865ac4cc68	nilargument	core/controller/channel.go:43:24	nilargument/dereferenced-nil	false-positive	Controller constructs API channel and calls Init before this method; Init calls RedisDriver.Connect, which assigns Client=redis.NewClient (or existing nonnil instance) before Ping. The frozen claim that Driver.Client is definitely nil is unsupported (core/api/channel.go Init; core/driver/redis.go:27-65).
Clivern/Beaver	bd68afd9d44386b789e46d303f7f4a865ac4cc68	nilargument	core/controller/channel.go:57:25	nilargument/dereferenced-nil	false-positive	Controller constructs API channel and calls Init before this method; Init calls RedisDriver.Connect, which assigns Client=redis.NewClient (or existing nonnil instance) before Ping. The frozen claim that Driver.Client is definitely nil is unsupported (core/api/channel.go Init; core/driver/redis.go:27-65).
Clivern/Beaver	bd68afd9d44386b789e46d303f7f4a865ac4cc68	nilargument	core/controller/channel.go:58:25	nilargument/dereferenced-nil	false-positive	Controller constructs API channel and calls Init before this method; Init calls RedisDriver.Connect, which assigns Client=redis.NewClient (or existing nonnil instance) before Ping. The frozen claim that Driver.Client is definitely nil is unsupported (core/api/channel.go Init; core/driver/redis.go:27-65).
Clivern/Beaver	bd68afd9d44386b789e46d303f7f4a865ac4cc68	nilargument	core/controller/channel.go:59:25	nilargument/dereferenced-nil	false-positive	Controller constructs API channel and calls Init before this method; Init calls RedisDriver.Connect, which assigns Client=redis.NewClient (or existing nonnil instance) before Ping. The frozen claim that Driver.Client is definitely nil is unsupported (core/api/channel.go Init; core/driver/redis.go:27-65).
Clivern/Beaver	bd68afd9d44386b789e46d303f7f4a865ac4cc68	nilargument	core/controller/channel.go:60:25	nilargument/dereferenced-nil	false-positive	Controller constructs API channel and calls Init before this method; Init calls RedisDriver.Connect, which assigns Client=redis.NewClient (or existing nonnil instance) before Ping. The frozen claim that Driver.Client is definitely nil is unsupported (core/api/channel.go Init; core/driver/redis.go:27-65).
Clivern/Beaver	bd68afd9d44386b789e46d303f7f4a865ac4cc68	nilargument	core/controller/channel.go:70:24	nilargument/dereferenced-nil	false-positive	Controller constructs API channel and calls Init before this method; Init calls RedisDriver.Connect, which assigns Client=redis.NewClient (or existing nonnil instance) before Ping. The frozen claim that Driver.Client is definitely nil is unsupported (core/api/channel.go Init; core/driver/redis.go:27-65).
Clivern/Beaver	bd68afd9d44386b789e46d303f7f4a865ac4cc68	nilargument	core/controller/channel.go:71:24	nilargument/dereferenced-nil	false-positive	Controller constructs API channel and calls Init before this method; Init calls RedisDriver.Connect, which assigns Client=redis.NewClient (or existing nonnil instance) before Ping. The frozen claim that Driver.Client is definitely nil is unsupported (core/api/channel.go Init; core/driver/redis.go:27-65).
Clivern/Beaver	bd68afd9d44386b789e46d303f7f4a865ac4cc68	nilargument	core/controller/client.go:126:12	nilargument/dereferenced-nil	false-positive	Controller constructs API client and calls Init before this method; Init calls RedisDriver.Connect, which assigns Client=redis.NewClient (or existing nonnil instance) before Ping. The frozen claim that Driver.Client is definitely nil is unsupported (core/api/client.go Init; core/driver/redis.go:27-65).
Clivern/Beaver	bd68afd9d44386b789e46d303f7f4a865ac4cc68	nilargument	core/controller/client.go:169:12	nilargument/dereferenced-nil	false-positive	Controller constructs API client and calls Init before this method; Init calls RedisDriver.Connect, which assigns Client=redis.NewClient (or existing nonnil instance) before Ping. The frozen claim that Driver.Client is definitely nil is unsupported (core/api/client.go Init; core/driver/redis.go:27-65).
Clivern/Beaver	bd68afd9d44386b789e46d303f7f4a865ac4cc68	nilargument	core/controller/client.go:246:12	nilargument/dereferenced-nil	false-positive	Controller constructs API client and calls Init before this method; Init calls RedisDriver.Connect, which assigns Client=redis.NewClient (or existing nonnil instance) before Ping. The frozen claim that Driver.Client is definitely nil is unsupported (core/api/client.go Init; core/driver/redis.go:27-65).
Clivern/Beaver	bd68afd9d44386b789e46d303f7f4a865ac4cc68	nilargument	core/controller/client.go:323:12	nilargument/dereferenced-nil	false-positive	Controller constructs API client and calls Init before this method; Init calls RedisDriver.Connect, which assigns Client=redis.NewClient (or existing nonnil instance) before Ping. The frozen claim that Driver.Client is definitely nil is unsupported (core/api/client.go Init; core/driver/redis.go:27-65).
Clivern/Beaver	bd68afd9d44386b789e46d303f7f4a865ac4cc68	nilargument	core/controller/client.go:42:23	nilargument/dereferenced-nil	false-positive	Controller constructs API client and calls Init before this method; Init calls RedisDriver.Connect, which assigns Client=redis.NewClient (or existing nonnil instance) before Ping. The frozen claim that Driver.Client is definitely nil is unsupported (core/api/client.go Init; core/driver/redis.go:27-65).
Clivern/Beaver	bd68afd9d44386b789e46d303f7f4a865ac4cc68	nilargument	core/controller/config.go:107:11	nilargument/dereferenced-nil	false-positive	Controller constructs API config and calls Init before this method; Init calls RedisDriver.Connect, which assigns Client=redis.NewClient (or existing nonnil instance) before Ping. The frozen claim that Driver.Client is definitely nil is unsupported (core/api/config.go Init; core/driver/redis.go:27-65).
Clivern/Beaver	bd68afd9d44386b789e46d303f7f4a865ac4cc68	nilargument	core/controller/config.go:143:12	nilargument/dereferenced-nil	false-positive	Controller constructs API config and calls Init before this method; Init calls RedisDriver.Connect, which assigns Client=redis.NewClient (or existing nonnil instance) before Ping. The frozen claim that Driver.Client is definitely nil is unsupported (core/api/config.go Init; core/driver/redis.go:27-65).
Clivern/Beaver	bd68afd9d44386b789e46d303f7f4a865ac4cc68	nilargument	core/controller/config.go:201:11	nilargument/dereferenced-nil	false-positive	Controller constructs API config and calls Init before this method; Init calls RedisDriver.Connect, which assigns Client=redis.NewClient (or existing nonnil instance) before Ping. The frozen claim that Driver.Client is definitely nil is unsupported (core/api/config.go Init; core/driver/redis.go:27-65).
Clivern/Beaver	bd68afd9d44386b789e46d303f7f4a865ac4cc68	nilargument	core/controller/config.go:39:16	nilargument/dereferenced-nil	false-positive	Controller constructs API config and calls Init before this method; Init calls RedisDriver.Connect, which assigns Client=redis.NewClient (or existing nonnil instance) before Ping. The frozen claim that Driver.Client is definitely nil is unsupported (core/api/config.go Init; core/driver/redis.go:27-65).
Clivern/Beaver	bd68afd9d44386b789e46d303f7f4a865ac4cc68	nilargument	core/controller/socket.go:118:23	nilargument/dereferenced-nil	false-positive	Controller constructs API socket and calls Init before this method; Init calls RedisDriver.Connect, which assigns Client=redis.NewClient (or existing nonnil instance) before Ping. The frozen claim that Driver.Client is definitely nil is unsupported (core/api/socket.go Init; core/driver/redis.go:27-65).
Clivern/Beaver	bd68afd9d44386b789e46d303f7f4a865ac4cc68	nilargument	core/controller/socket.go:211:12	nilargument/dereferenced-nil	false-positive	Socket controller does not test channel.Init result here, but RedisDriver.Connect still assigns Client before its Ping failure, so even this error path does not establish a definitely nil Driver.Client (core/controller/socket.go:211; core/api/channel.go Init; core/driver/redis.go:27-65).
Clivern/Beaver	bd68afd9d44386b789e46d303f7f4a865ac4cc68	nilargument	core/controller/socket.go:284:11	nilargument/dereferenced-nil	false-positive	Controller constructs API socket and calls Init before this method; Init calls RedisDriver.Connect, which assigns Client=redis.NewClient (or existing nonnil instance) before Ping. The frozen claim that Driver.Client is definitely nil is unsupported (core/api/socket.go Init; core/driver/redis.go:27-65).
Clivern/Beaver	bd68afd9d44386b789e46d303f7f4a865ac4cc68	nilargument	core/controller/socket.go:351:10	nilargument/dereferenced-nil	false-positive	Controller constructs API socket and calls Init before this method; Init calls RedisDriver.Connect, which assigns Client=redis.NewClient (or existing nonnil instance) before Ping. The frozen claim that Driver.Client is definitely nil is unsupported (core/api/socket.go Init; core/driver/redis.go:27-65).
Code-Hex/pget	7cb7dea95a0f9b510dc7a64e8c1f521178734e6f	resourcelifetime	requests.go:117:15	resourcelifetime/missing-release	true-positive	getMirrorInfo obtains successful HEAD response, then returns on unsupported Accept-Ranges or invalid ContentLength, or returns mirrorInfo, without ever closing resp.Body (requests.go:117-150).
HikariKnight/quickpassthrough	f8e0ae3a59c8ea34e223afbcbf3289be5a4e073e	resourcelifetime	pkg/untar/untar.go:69:14	resourcelifetime/missing-release	true-positive	Tar extraction opens output file and normally closes after io.Copy, but copy error returns before f.Close (untar.go:69-80).
Kuingsmile/clash-core	f4355233c6bf2c1b2dd8d2e288281876f13b7424	resourcelifetime	component/fakeip/pool_test.go:34:12	resourcelifetime/missing-release	true-positive	createCachefileStore creates temp file f, then separately opens its pathname with bbolt.Open, but never closes the original f (pool_test.go:34-44).
Kuingsmile/clash-core	f4355233c6bf2c1b2dd8d2e288281876f13b7424	resourcelifetime	listener/http/proxy.go:75:17	resourcelifetime/missing-release	true-positive	HandleConn obtains an HTTP response then calls resp.Write(conn). Response.Write normally closes Body in transferWriter.writeBody, but a header-write error can return before writeBody and HandleConn breaks without closing Body (proxy.go:75-97; net/http/response.go:249-335).
Monibuca/engine	b73a7422dfa02e4307e02a8335949e5a2dc5f5ef	cancellationownership	track/ring_test.go:17:12	cancellationownership/release	true-positive	WithTimeout creates 10-second context; reader2 can return immediately on ReadNext error at lines48-54 before its <-ctx.Done wait, leaving timer and two context-driven workers active with no cancel (ring_test.go:17-54).
Monibuca/engine	b73a7422dfa02e4307e02a8335949e5a2dc5f5ef	nilargument	main.go:106:4	nilargument/dereferenced-nil	true-positive	Local logger is zero-valued; logger.Lang has value receiver and initializes only a copy stored in log.LocaleLogger, so ParseLevel error path calls logger.Error with nil embedded *zap.Logger (main.go:106; log/log.go:72-78,131-133).
Naturehi666/searchall	76fc52f52b02c94f412b4fb559effd4a5d94cb7c	goroutineownership	search/search.go:233:2	goroutineownership/unjoined	true-positive	Search starts filepath.Walk goroutine before output file Open; Open error returns without receiving its unbuffered result/error sends. Also fastCodeHistoryChan close can cause early return before worker join (search.go:233-355). Repository scan incomplete, but site has direct source evidence.
SleepingBag945/dddd	4c428a7c171275bfbb5fa72c2fb4bd7b48f4ff4a	resourcelifetime	lib/dnsx/internal/runner/runner.go:164:11	resourcelifetime/missing-release	true-positive	InputWorkerStream opens a hosts file and installs it as scanner source but never closes the owned f after scanning; stdin alternate does not remove the file path leak (runner.go:160-170 onward).
SleepingBag945/dddd	4c428a7c171275bfbb5fa72c2fb4bd7b48f4ff4a	resourcelifetime	lib/dnsx/internal/runner/runner.go:257:21	resourcelifetime/missing-release	true-positive	Run creates temporary stdinFile and closes it after io.Copy, but an io.Copy error returns first without Close (runner.go:257-267).
SpatiumPortae/portal	e51984e186dc2ea1176f082c0690eeb5719d353d	goroutineownership	internal/receiver/receiver.go:36:2	goroutineownership/unjoined	true-positive	SecureConnection starts PAKE init worker that sends on unbuffered pakeCh, but rc.WriteMsg or rc.ReadMsg errors return before <-pakeCh, leaving sender blocked (receiver.go:36-55).
SpatiumPortae/portal	e51984e186dc2ea1176f082c0690eeb5719d353d	resourcelifetime	cmd/portal/commands/receive.go:127:15	resourcelifetime/missing-release	true-positive	Receive creates temp file and later transfers it to Unpacker whose Close closes underlying r, but portal.Receive/Seek/NewUnpacker errors return first without closing temp (receive.go:127-144; file.go:83-112).
SpatiumPortae/portal	e51984e186dc2ea1176f082c0690eeb5719d353d	resourcelifetime	cmd/portal/tui/receiver/receiver.go:364:16	resourcelifetime/missing-release	true-positive	TUI receiveCmd creates temp; receiver.Receive or Seek errors return without Close. Success transfers temp in receiveDoneMsg to Unpacker, but error paths leak (receiver.go:364-374,187-222).
Versent/saml2aws	65195ee65d15f68a7a12da97876f6efbb8618cca	resourcelifetime	pkg/awsconfig/awsconfig.go:226:11	resourcelifetime/missing-release	true-positive	createAndSaveProfile discards successful os.Create handle then calls saveProfile by pathname; original descriptor is never closed (awsconfig.go:217-231).
Versent/saml2aws	65195ee65d15f68a7a12da97876f6efbb8618cca	resourcelifetime	pkg/provider/adfs2/ntlm.go:28:14	resourcelifetime/missing-release	true-positive	ac.client.Do response Body is read but never closed, including read and parse error returns (ntlm.go:28-43).
Versent/saml2aws	65195ee65d15f68a7a12da97876f6efbb8618cca	resourcelifetime	pkg/provider/adfs2/rsa.go:119:14	resourcelifetime/missing-release	true-positive	getLoginForm passes HTTP response Body to goquery.NewDocumentFromReader but never closes it after parse error or success (rsa.go:116-139).
Versent/saml2aws	65195ee65d15f68a7a12da97876f6efbb8618cca	resourcelifetime	pkg/provider/adfs2/rsa.go:152:14	resourcelifetime/missing-release	true-positive	postPasscodeForm passes HTTP response Body to goquery.NewDocumentFromReader but never closes it after parse error or success (rsa.go:140-164).
Versent/saml2aws	65195ee65d15f68a7a12da97876f6efbb8618cca	resourcelifetime	pkg/provider/adfs2/rsa.go:176:14	resourcelifetime/missing-release	true-positive	postRSAForm reads HTTP response Body but never closes it on read/parse error or success (rsa.go:167-192).
Versent/saml2aws	65195ee65d15f68a7a12da97876f6efbb8618cca	resourcelifetime	pkg/provider/adfs2/rsa.go:95:14	resourcelifetime/missing-release	true-positive	postLoginForm passes HTTP response Body to goquery.NewDocumentFromReader but never closes it after parse error or success (rsa.go:84-115).
Versent/saml2aws	65195ee65d15f68a7a12da97876f6efbb8618cca	resourcelifetime	pkg/provider/adfs2/rsa_test.go:71:15	resourcelifetime/missing-release	true-positive	Test opens HTML fixture and passes it as io.Reader to goquery/extractFormData but never closes file (rsa_test.go:69-81).
Versent/saml2aws	65195ee65d15f68a7a12da97876f6efbb8618cca	resourcelifetime	pkg/provider/pingntlm/pingntlm.go:103:14	resourcelifetime/missing-release	true-positive	follow passes HTTP response Body into goquery, then may return or recurse without closing original response (pingntlm.go:102-160).
Versent/saml2aws	65195ee65d15f68a7a12da97876f6efbb8618cca	resourcelifetime	pkg/provider/pingntlm/pingntlm.go:210:15	resourcelifetime/missing-release	true-positive	Each polling iteration reads HTTP response Body but never closes before next iteration or return (pingntlm.go:207-230).
Versent/saml2aws	65195ee65d15f68a7a12da97876f6efbb8618cca	resourcelifetime	pkg/provider/shibbolethecp/shibbolethecp_test.go:36:15	resourcelifetime/missing-release	true-positive	Test opens SOAP fixture and passes io.Reader into extractAssertion, which does not own or close; unlike production caller with deferred Body.Close, test omits Close (shibbolethecp_test.go:35-42; shibbolethecp.go:112).
Versent/saml2aws	65195ee65d15f68a7a12da97876f6efbb8618cca	resourcelifetime	pkg/samlcache/samlcache_test.go:93:16	resourcelifetime/missing-release	true-positive	CreateTemp file stays open; returned pathname and b64 encoder Close do not close underlying newfile, and error paths also return without file Close (samlcache_test.go:91-114).
WICG/webpackage	87293d0879e75d2b35260bdde4e87f816124cbf3	resourcelifetime	go/signedexchange/cmd/dump-signedexchange/main.go:86:16	resourcelifetime/missing-release	true-positive	HTTP client Do succeeds but unexpected Content-Type returns before resp.Body.Close is deferred; matching type later transfers Body to input and defers Close (main.go:86-95).
Yawning/obfs4	c3e2d44b1033e03645cc971565175e56d86a8200	nilargument	internal/x25519ell2/x25519ell2.go:109:2	nilargument/dereferenced-nil	false-positive	Frozen claims yExt/zExt nil, but pinned edwards25519 v1.0.0 ExtendedCoordinates returns pointers into a local [4]field.Element, not nil; both arguments to Add are nonnil (x25519ell2.go:107-109; edwards25519/extra.go:18-25).
Yawning/obfs4	c3e2d44b1033e03645cc971565175e56d86a8200	nilargument	internal/x25519ell2/x25519ell2.go:110:2	nilargument/dereferenced-nil	false-positive	Frozen claims yExt/zExt nil, but pinned edwards25519 v1.0.0 ExtendedCoordinates returns pointers into a local [4]field.Element, not nil; both arguments to Subtract are nonnil (x25519ell2.go:107-110; edwards25519/extra.go:18-25).
aacebedo/dnsdock	dd30c474dc044df36334fcc169aa4dec7c79d209	resourcelifetime	internal/servers/http_test.go:87:11	resourcelifetime/missing-release	true-positive	Test PUT request returns successful HTTP response from DefaultClient.Do but discards it, never closing Body (http_test.go:87-94).
alecthomas/kong	a60008c6dae2b98a1fbec12d1aebd43ac5ab76e0	nilargument	mapper_test.go:890:21	nilargument/dereferenced-nil	false-positive	Test parses an existing file, asserts Parse success, and FileMapper opens and stores nonnil file in cli.File; a possible failed parse would fail test but does not make this success-path Close definitely nil (mapper_test.go:884-891; mapper.go:640-655).
alecthomas/kong	a60008c6dae2b98a1fbec12d1aebd43ac5ab76e0	resourcelifetime	mapper.go:648:16	resourcelifetime/missing-release	false-positive	Existing-file mapper opens file and transfers it into target reflect.Value, which caller test later closes via cli.File.Close; local mapper does not discard ownership (mapper.go:640-654; mapper_test.go:884-891).
allaboutapps/integresql	9e395cd7cbc7a0edf40c8d6348f0c0d215c6f7a0	lockorder	pkg/pool/pool.go:133:3	lockorder/missing-release	true-positive	HashPool.Stop takes pool.Lock then returns immediately when already stopped without pool.Unlock; later callers can block permanently (pool.go:129-140).
apolloconfig/agollo	2ced0e9caf6aecd5a4fa9c6ec98658c8431766ba	resourcelifetime	env/config/json/json_config_test.go:161:13	resourcelifetime/missing-release	false-positive	Test intentionally writes to impossible /a/a/a/a/s.k path and asserts os.Open fails with nil file; no successful descriptor to close (json_config_test.go:158-163).
apolloconfig/agollo	2ced0e9caf6aecd5a4fa9c6ec98658c8431766ba	resourcelifetime	env/config/json/json_config_test.go:166:12	resourcelifetime/missing-release	false-positive	Second intentional invalid-path write/open asserts an error and nil file, so no successful descriptor is acquired (json_config_test.go:164-169).
arttor/helmify	c64d55f12c22f9305898916c9d71e3b443fa45f2	resourcelifetime	pkg/file/reader.go:35:16	resourcelifetime/missing-release	true-positive	Nonrecursive Walk opens dir and calls ReadDir; if ReadDir fails it returns without closing dir, and the shown success path also has no dir.Close (reader.go:35-50 onward).
bebop/poly	a8bb76dd651f0b3bc06079e331e023e4b8fb55b2	resourcelifetime	io/genbank/example_test.go:107:13	resourcelifetime/missing-release	true-positive	ExampleParseMulti opens multiGbk_test.seq and passes it to ParseMulti but never closes the file (example_test.go:107-113).
bebop/poly	a8bb76dd651f0b3bc06079e331e023e4b8fb55b2	resourcelifetime	io/genbank/example_test.go:58:13	resourcelifetime/missing-release	true-positive	ExampleParse opens puc19.gbk and passes it as reader to genbank.Parse but never closes the file before return (example_test.go:58-64).
bebop/poly	a8bb76dd651f0b3bc06079e331e023e4b8fb55b2	resourcelifetime	io/gff/example_test.go:33:13	resourcelifetime/missing-release	true-positive	ExampleParse opens a GFF fixture and passes it as io.Reader to gff.Parse but never closes the file (example_test.go:33-39).
bebop/poly	a8bb76dd651f0b3bc06079e331e023e4b8fb55b2	resourcelifetime	io/pileup/pileup_test.go:154:14	resourcelifetime/missing-release	true-positive	Test reopens data/test.pileup, reads all bytes and compares them, but never closes this second file handle (pileup_test.go:154-166).
bebop/poly	a8bb76dd651f0b3bc06079e331e023e4b8fb55b2	resourcelifetime	io/polyjson/example_test.go:67:13	resourcelifetime/missing-release	true-positive	ExampleParse opens cat.json and passes it to polyjson.Parse but never closes the file (example_test.go:67-73).
bebop/poly	a8bb76dd651f0b3bc06079e331e023e4b8fb55b2	resourcelifetime	io/slow5/slow5_test.go:166:19	resourcelifetime/missing-release	true-positive	Test creates testFile for Write, reads its pathname separately with os.ReadFile and removes pathname, but never closes the original testFile descriptor (slow5_test.go:166-204).
bndr/gojenkins	b53358041d6023d4cc7bfff8e26e9e3228e0b45b	nilargument	pipeline_test.go:193:18	nilargument/dereferenced-nil	false-positive	Test stores nonnil newMockJenkins in Job.Jenkins and that Job in PipelineRun immediately before GetPendingInputActions; the reported definite-nil field is initialized (pipeline_test.go:181-193; mock_requester_test.go:149-154).
bndr/gojenkins	b53358041d6023d4cc7bfff8e26e9e3228e0b45b	nilargument	pipeline_test.go:219:18	nilargument/dereferenced-nil	false-positive	Test stores nonnil newMockJenkins in Job.Jenkins and that Job in PipelineRun before GetPendingInputActions; error-response setup does not make the field nil (pipeline_test.go:207-219; mock_requester_test.go:149-154).
bndr/gojenkins	b53358041d6023d4cc7bfff8e26e9e3228e0b45b	nilargument	pipeline_test.go:240:18	nilargument/dereferenced-nil	false-positive	Test stores nonnil newMockJenkins in Job.Jenkins and that Job in PipelineRun before GetArtifacts; definite-nil field claim is unsupported (pipeline_test.go:228-240; mock_requester_test.go:149-154).
bndr/gojenkins	b53358041d6023d4cc7bfff8e26e9e3228e0b45b	nilargument	pipeline_test.go:263:20	nilargument/dereferenced-nil	false-positive	Test stores nonnil newMockJenkins in Job.Jenkins and that Job in PipelineRun before GetArtifacts; error-response setup does not make the field nil (pipeline_test.go:251-263; mock_requester_test.go:149-154).
bndr/gojenkins	b53358041d6023d4cc7bfff8e26e9e3228e0b45b	nilargument	pipeline_test.go:292:15	nilargument/dereferenced-nil	false-positive	Test stores nonnil newMockJenkins in Job.Jenkins and that Job in PipelineRun before GetNode; the reported field is initialized (pipeline_test.go:280-292; mock_requester_test.go:149-154).
bndr/gojenkins	b53358041d6023d4cc7bfff8e26e9e3228e0b45b	nilargument	pipeline_test.go:316:15	nilargument/dereferenced-nil	false-positive	Test stores nonnil newMockJenkins in Job.Jenkins and that Job in PipelineRun before GetNode; error-response setup does not make the field nil (pipeline_test.go:304-316; mock_requester_test.go:149-154).
bndr/gojenkins	b53358041d6023d4cc7bfff8e26e9e3228e0b45b	resourcelifetime	cli/jenkinsctl/jenkins/jenkins.go:577:12	resourcelifetime/missing-release	true-positive	HTTP Get response is discarded without closing Body before return (jenkins.go:576-581).
bndr/gojenkins	b53358041d6023d4cc7bfff8e26e9e3228e0b45b	resourcelifetime	jenkins_test.go:123:12	resourcelifetime/missing-release	true-positive	Integration-gated fixture os.Open is handed to parseBuildHistory(io.Reader) without closing the opened file (jenkins_test.go:119-129).
bndr/gojenkins	b53358041d6023d4cc7bfff8e26e9e3228e0b45b	resourcelifetime	request.go:239:22	resourcelifetime/missing-release	true-positive	Client.Do response is not closed on the X-Error header early return at 249-252 or DumpResponse error; success readers defer Body.Close only later (request.go:239-282).
bradfitz/shotizam	0d542970ef0e8cdf2ed3352d36c24ea8b00ea97f	processownership	cmd/oldgosize/gosize.go:48:13	processownership/missing-wait	true-positive	Starts objdump and scans its StdoutPipe but never calls cmd.Wait to reap the child (gosize.go:48 onward).
bradfitz/shotizam	0d542970ef0e8cdf2ed3352d36c24ea8b00ea97f	processownership	shotizam.go:281:13	processownership/missing-wait	true-positive	The -sqlite plus -mode=nameinfo path starts child before mode switch then returns at about line363 before cmd.Wait at 369; ordinary mode's Wait does not cover this branch (shotizam.go:281-369).
chanify/chanify	cc4bf1bf3ad9540ef005c9bfbe253731e3c3d9be	resourcelifetime	core/sender_test.go:647:15	resourcelifetime/missing-release	true-positive	Test creates f for a filesystem fixture; Close is called only under err != nil, so successful Create leaves f open while later test proceeds (sender_test.go:647-654).
chengshiwen/influxdb-cluster	194fcaae32ff8e5d7486d60590af55f278e3cee7	deferinloop	tsdb/series_set.go:116:3	deferinloop/cleanup-lifetime	false-positive	The deferred RUnlock intentionally retains each bitmap read lock through the later FastOr; this is the protected aggregation interval, not an unbounded accidental cleanup delay (series_set.go:116 onward).
chengshiwen/influxdb-cluster	194fcaae32ff8e5d7486d60590af55f278e3cee7	goroutineownership	tsdb/index_test.go:739:3	goroutineownership/unjoined	true-positive	Benchmark waits during iterations but starts a fresh counted worker at each iteration tail; the final worker is never joined and its begin channel may never close (index_test.go:739 onward).
chengshiwen/influxdb-cluster	194fcaae32ff8e5d7486d60590af55f278e3cee7	lockorder	pkg/radix/tree.go:183:6	lockorder/read-lock-write	true-positive	Tree.Insert holds only t.mu.RLock while mutating tree node/size/buffer; concurrent readers can enter under the same shared lock (tree.go:183 onward).
chengshiwen/influxdb-cluster	194fcaae32ff8e5d7486d60590af55f278e3cee7	lockorder	pkg/radix/tree.go:210:6	lockorder/read-lock-write	true-positive	Tree.Insert mutates protected tree state while holding t.mu.RLock, which allows concurrent readers (tree.go:210 onward).
chengshiwen/influxdb-cluster	194fcaae32ff8e5d7486d60590af55f278e3cee7	lockorder	pkg/radix/tree.go:224:5	lockorder/read-lock-write	true-positive	Tree.Insert mutates node/buffer state while holding only t.mu.RLock, so read lock is insufficient (tree.go:224 onward).
chengshiwen/influxdb-cluster	194fcaae32ff8e5d7486d60590af55f278e3cee7	nilargument	coordinator/points_writer.go:259:9	nilargument/dereferenced-nil	false-positive	sg is explicitly checked for nil immediately before ShardFor; this call cannot have the reported definitely nil receiver (points_writer.go:259 surrounding guard).
chengshiwen/influxdb-cluster	194fcaae32ff8e5d7486d60590af55f278e3cee7	nilargument	tsdb/index/tsi1/index_test.go:879:13	nilargument/dereferenced-nil	false-positive	Test assigns idx.Index and SeriesFile before calling Open, so the reported definite-nil fields are initialized (index_test.go:879 surrounding setup).
chengshiwen/influxdb-cluster	194fcaae32ff8e5d7486d60590af55f278e3cee7	nilargument	tsdb/index/tsi1/index_test.go:938:14	nilargument/dereferenced-nil	false-positive	Test assigns idx.Index and SeriesFile before calling Open, so the reported definite-nil fields are initialized (index_test.go:938 surrounding setup).
chengshiwen/influxdb-cluster	194fcaae32ff8e5d7486d60590af55f278e3cee7	nilargument	tsdb/shard_test.go:1053:3	nilargument/dereferenced-nil	false-positive	sh is freshly assigned NewShard(index) immediately before Open; the reported definitely nil receiver is unsupported (shard_test.go:1053 surrounding setup).
chengshiwen/influxdb-cluster	194fcaae32ff8e5d7486d60590af55f278e3cee7	resourcelifetime	client/influxdb_test.go:399:12	resourcelifetime/missing-release	true-positive	Standalone http.Get test response is never closed after its Body is used (influxdb_test.go:399 onward).
chengshiwen/influxdb-cluster	194fcaae32ff8e5d7486d60590af55f278e3cee7	resourcelifetime	client/v2/client.go:603:15	resourcelifetime/missing-release	true-positive	checkResponse error returns without closing resp.Body; only success transfers it to ChunkedResponse owner (client.go:603 onward).
chengshiwen/influxdb-cluster	194fcaae32ff8e5d7486d60590af55f278e3cee7	resourcelifetime	client/v2/client_test.go:658:12	resourcelifetime/missing-release	true-positive	Standalone http.Get test response is never closed after use (client_test.go:658 onward).
chengshiwen/influxdb-cluster	194fcaae32ff8e5d7486d60590af55f278e3cee7	resourcelifetime	cmd/influx_inspect/dumptsm/dumptsm.go:70:12	resourcelifetime/missing-release	true-positive	f.Stat or NewTSMReader error returns with opened f still live; successful reader path owns and closes it (dumptsm.go:70 onward).
chengshiwen/influxdb-cluster	194fcaae32ff8e5d7486d60590af55f278e3cee7	resourcelifetime	cmd/influx_inspect/report/report.go:89:16	resourcelifetime/missing-release	true-positive	NewTSMReader failure returns without closing opened file; successful reader.Close closes it (report.go:89 onward).
chengshiwen/influxdb-cluster	194fcaae32ff8e5d7486d60590af55f278e3cee7	resourcelifetime	cmd/influx_stress/influx_stress.go:27:13	resourcelifetime/missing-release	true-positive	CPU profile file is created and never closed; deferred StopCPUProfile stops profiling but does not release underlying os.File (influx_stress.go:27 onward).
chengshiwen/influxdb-cluster	194fcaae32ff8e5d7486d60590af55f278e3cee7	resourcelifetime	cmd/influxd/backup/backup.go:451:13	resourcelifetime/missing-release	false-positive	Immediately deferred errors2.Capture(&retErr,f.Close)() closes the acquired file on return (backup.go:451 onward).
chengshiwen/influxdb-cluster	194fcaae32ff8e5d7486d60590af55f278e3cee7	resourcelifetime	cmd/influxd/backup_util/backup_util.go:59:12	resourcelifetime/missing-release	false-positive	Immediately deferred errors2.Capture(&retErr,f.Close)() closes the acquired file on return (backup_util.go:59 onward).
chengshiwen/influxdb-cluster	194fcaae32ff8e5d7486d60590af55f278e3cee7	resourcelifetime	cmd/influxd/restore/restore.go:246:12	resourcelifetime/missing-release	true-positive	Opened metastore file is never closed before restore returns (restore.go:246 onward).
chengshiwen/influxdb-cluster	194fcaae32ff8e5d7486d60590af55f278e3cee7	resourcelifetime	flux/client/http.go:72:15	resourcelifetime/missing-release	true-positive	checkError failure returns without closing HTTP response body; only success transfers it through csv.Decode to resultIterator whose Release closes it (http.go:72 onward).
chengshiwen/influxdb-cluster	194fcaae32ff8e5d7486d60590af55f278e3cee7	resourcelifetime	pkg/tar/untar.go:72:12	resourcelifetime/missing-release	false-positive	Immediately deferred errors2.Capture(&retErr,f.Close)() closes the extracted output file on return (untar.go:72 onward).
chengshiwen/influxdb-cluster	194fcaae32ff8e5d7486d60590af55f278e3cee7	resourcelifetime	services/collectd/service.go:49:16	resourcelifetime/missing-release	true-positive	TypesDBFile opens a file and passes it to parsing API without closing the acquired descriptor (service.go:49 onward).
chengshiwen/influxdb-cluster	194fcaae32ff8e5d7486d60590af55f278e3cee7	resourcelifetime	services/hh/queue.go:478:12	resourcelifetime/missing-release	true-positive	os.Stat or s.open/truncate error exits newSegment without closing f; success returns a segment owner (queue.go:478 onward).
chengshiwen/influxdb-cluster	194fcaae32ff8e5d7486d60590af55f278e3cee7	resourcelifetime	stress/v2/stressql/parser.go:125:12	resourcelifetime/missing-release	true-positive	Parse error returns before f.Close; successful path closes parser file (parser.go:125 onward).
chengshiwen/influxdb-cluster	194fcaae32ff8e5d7486d60590af55f278e3cee7	resourcelifetime	tsdb/engine/tsm1/engine.go:956:13	resourcelifetime/missing-release	true-positive	NewTSMReader error returns without closing f; successful r.Close closes the file later (engine.go:956 onward).
chengshiwen/influxdb-cluster	194fcaae32ff8e5d7486d60590af55f278e3cee7	resourcelifetime	tsdb/engine/tsm1/wal.go:216:15	resourcelifetime/missing-release	true-positive	Seek error after OpenFile returns without closing fd; success transfers it to WALSegmentWriter (wal.go:216 onward).
chengshiwen/influxdb-cluster	194fcaae32ff8e5d7486d60590af55f278e3cee7	resourcelifetime	tsdb/index/tsi1/partition.go:284:14	resourcelifetime/missing-release	false-positive	Immediately deferred errors2.Capture(&retErr,dir.Close)() closes opened directory on return (partition.go:284 onward).
chengshiwen/influxdb-cluster	194fcaae32ff8e5d7486d60590af55f278e3cee7	resourcelifetime	tsdb/store_test.go:596:16	resourcelifetime/missing-release	true-positive	Test creates standalone os.File to make invalid on-disk path and discards handle without Close; defer s.Close only closes Store (store_test.go:596 onward).
chengshiwen/influxdb-cluster	194fcaae32ff8e5d7486d60590af55f278e3cee7	resourcelifetime	tsdb/store_test.go:624:23	resourcelifetime/missing-release	true-positive	Test creates standalone os.File to make invalid on-disk path and discards handle without Close; defer s.Close only closes Store (store_test.go:624 onward).
chengshiwen/influxdb-cluster	194fcaae32ff8e5d7486d60590af55f278e3cee7	resourcelifetime	tsdb/store_test.go:654:23	resourcelifetime/missing-release	true-positive	Test creates standalone os.File to make invalid on-disk path and discards handle without Close; defer s.Close only closes Store (store_test.go:654 onward).
csznet/tgState	a4e654f96aa3f35786ee3770212f5ca17bd0f61a	resourcelifetime	control/control.go:95:15	resourcelifetime/missing-release	true-positive	HTTP Get response Body is never closed; non-image Content-Type returns immediately and image path also lacks Body.Close (control.go:95 onward).
dave/jennifer	b477ff8272a1bf199b1bef8bc05d5e666f471c34	nilargument	jen/group_test.go:19:2	nilargument/dereferenced-nil	false-positive	BlockFunc invokes callback synchronously (generated.go:226-235), assigning g before g.Qual, so g is nonnil (group_test.go:14-19).
dave/jennifer	b477ff8272a1bf199b1bef8bc05d5e666f471c34	nilargument	jen/group_test.go:27:9	nilargument/dereferenced-nil	false-positive	BlockFunc invokes callback synchronously and assigns g before later RenderWithFile, so g is nonnil (group_test.go:14-27; generated.go:226-235).
edgelesssys/ego	839b68bd0baa462b8a00d107d6da58f8d77e06a6	resourcelifetime	ego/cli/bundle_test.go:199:26	resourcelifetime/missing-release	true-positive	Test opens testContentFile but mistakenly defers testElfFile.Close and Remove again, leaving testContentFile unclosed (bundle_test.go:194-203). Repository scan incomplete; this site has direct source evidence.
edgelesssys/ego	839b68bd0baa462b8a00d107d6da58f8d77e06a6	resourcelifetime	ego/cmd/integration-test/main.go:39:21	resourcelifetime/missing-release	true-positive	Integration test opens root directory, reads names, and never closes dirContent before it is reassigned (main.go:39-43,68). Repository scan incomplete; this site has direct source evidence.
edgelesssys/ego	839b68bd0baa462b8a00d107d6da58f8d77e06a6	resourcelifetime	ego/cmd/integration-test/main.go:68:20	resourcelifetime/missing-release	true-positive	Integration test opens /memfs directory, reads one name, and never closes dirContent before function return (main.go:68-72). Repository scan incomplete; this site has direct source evidence.
ejoffe/spr	0767a458e50fa1f7ae203b73e50298ab201c80bb	nilargument	git/realgit/realcmd.go:23:9	nilargument/dereferenced-nil	false-positive	NewGitCmd receives cfg as parameter; real callers pass DefaultConfig or parsed cfg, and DefaultConfig initializes User via EmptyConfig. A possibly nil field is not definitely nil (realcmd.go:23; config constructors).
ejoffe/spr	0767a458e50fa1f7ae203b73e50298ab201c80bb	processownership	spr/spr.go:591:9	processownership/missing-wait	false-positive	On successful cmd.Start, control reaches cmd.Wait unconditionally at line602; the signal goroutine only kills the process, and failed Start exits through check(err) (spr.go:591-603).
ejoffe/spr	0767a458e50fa1f7ae203b73e50298ab201c80bb	resourcelifetime	github/githubclient/client.go:44:12	resourcelifetime/missing-release	true-positive	Successful os.Open of config file is passed to YAML decoder and function returns without closing file on success or decode error (client.go:44 onward).
ejoffe/spr	0767a458e50fa1f7ae203b73e50298ab201c80bb	resourcelifetime	github/githubclient/client.go:70:12	resourcelifetime/missing-release	true-positive	Second config loading path opens file and passes it to YAML decoder, but never closes the file on success or decode error (client.go:70 onward).
enfein/mieru	006534db91249434765fe75597f285d4b1afcdd8	resourcelifetime	pkg/common/debug.go:71:25	resourcelifetime/missing-release	true-positive	StartCPUProfile creates cpuProfileFile; if pprof.StartCPUProfile fails it returns without closing file, although normal later StopCPUProfile would close global owner (debug.go:71-89).
enfein/mieru	006534db91249434765fe75597f285d4b1afcdd8	resourcelifetime	pkg/version/updater/checker.go:97:15	resourcelifetime/missing-release	true-positive	HTTP response with non-OK status returns before deferred resp.Body.Close at line101, leaking Body on status-error path (checker.go:97-105).
equinix-labs/otel-cli	8f86e487b5f5badc8a4de50f0108e04bb38a7b4d	resourcelifetime	otlpclient/otlp_client_http.go:72:16	resourcelifetime/missing-release	true-positive	HTTP client Do succeeds; io.ReadAll(resp.Body) error returns before Body.Close at line80, leaking response on that path (otlp_client_http.go:72-82).
ergo-services/ergo	301097b967006d6c2329de23f0cc352fd340a3c7	goroutineownership	node/application.go:192:2	goroutineownership/unjoined	true-positive	runStartCallback launches behavior.Start worker then selects done or timeout; timeout returns with callback still potentially running (application.go:188-207).
ergo-services/ergo	301097b967006d6c2329de23f0cc352fd340a3c7	goroutineownership	node/application.go:213:2	goroutineownership/unjoined	true-positive	runStopCallback launches behavior.Stop worker then selects done or timeout; timeout returns with callback still potentially running (application.go:209-228).
failsafe-go/failsafe-go	5759a5e6d557eace215f820f5b5e663d5c05c3ee	cancellationownership	test/cancellation_test.go:45:14	cancellationownership/release	false-positive	Test setup returns a 100ms deadline context to execution that explicitly waits for cancellation and asserts DeadlineExceeded before test returns; timer has fired by that point (cancellation_test.go:40-57). This exact elapsed-deadline case does not justify a general timeout exemption.
failsafe-go/failsafe-go	5759a5e6d557eace215f820f5b5e663d5c05c3ee	cancellationownership	test/circuitbreaker_test.go:232:14	cancellationownership/release	true-positive	Test creates WithCancel context, discards cancel, then uses context in circuitbreaker callback assertion; no cancellation or ownership transfer appears before test return (circuitbreaker_test.go:229-246).
failsafe-go/failsafe-go	5759a5e6d557eace215f820f5b5e663d5c05c3ee	resourcelifetime	failsafehttp/common_test.go:196:12	resourcelifetime/missing-release	true-positive	Test server writes nonempty success body; client.Do response is discarded while only err is asserted, so response body is not closed (common_test.go:175-203).
failsafe-go/failsafe-go	5759a5e6d557eace215f820f5b5e663d5c05c3ee	resourcelifetime	internal/util/util_test.go:19:16	resourcelifetime/missing-release	false-positive	TestErrorAs intentionally opens absent relative path foobar to obtain os.PathError for type comparisons; successful file acquisition is outside intended test path (util_test.go:17-45).
fasthttp/router	a90f305c450b81b40943f41904d685d243766b02	nilargument	path_test.go:77:3	nilargument/dereferenced-nil	false-positive	Test uses uri := req.URI() from nonnil new(fasthttp.Request); pinned fasthttp v1.58.0 URI returns &req.uri, so receiver of SetPath is nonnil (path_test.go:73-77; fasthttp/http.go:938-941).
fasthttp/router	a90f305c450b81b40943f41904d685d243766b02	nilargument	path_test.go:78:28	nilargument/dereferenced-nil	false-positive	Same uri is &req.uri from pinned fasthttp Request.URI, so receiver of Path is nonnil (path_test.go:73-78; fasthttp/http.go:938-941).
fasthttp/router	a90f305c450b81b40943f41904d685d243766b02	nilargument	path_test.go:82:3	nilargument/dereferenced-nil	false-positive	Same uri is &req.uri from pinned fasthttp Request.URI and remains nonnil across loop, so SetPath receiver is nonnil (path_test.go:73-82; fasthttp/http.go:938-941).
fasthttp/router	a90f305c450b81b40943f41904d685d243766b02	nilargument	path_test.go:83:28	nilargument/dereferenced-nil	false-positive	Same uri is &req.uri from pinned fasthttp Request.URI and remains nonnil across loop, so Path receiver is nonnil (path_test.go:73-83; fasthttp/http.go:938-941).
fgeller/kt	e062ed5a98cf8a7df36d8fa8480a30977490ba02	goroutineownership	consume_test.go:506:2	goroutineownership/unjoined	true-positive	Test launches consume worker then waits on end only up to one second; timeout arm reports error, closes end, and returns without joining the worker (consume_test.go:506-546). The signal may let it exit later but is not a completion proof.
friendsofgo/killgrave	2424d0a3c275d4b41a323bdaba2b0656100de975	resourcelifetime	internal/server/http/proxy_test.go:50:11	resourcelifetime/missing-release	true-positive	Proxy test performs successful http.Get against frontend and discards response without closing Body; server Close defers do not close this client response (proxy_test.go:46-53).
gabriel-vasile/mimetype	217b553614a71f808d5cf7472c968c3f2a97b72d	resourcelifetime	mimetype_test.go:523:10	resourcelifetime/missing-release	false-positive	TestFaultyInput opens literal inexistent.file specifically to exercise failed DetectReader path, after independently asserting DetectFile also fails on it (mimetype_test.go:515-528).
git-lfs/lfs-test-server	d27ad23fddc1949ecd9a4ba6a3d074bc6a567084	resourcelifetime	server_test.go:228:14	resourcelifetime/missing-release	true-positive	Test PUT obtains successful HTTP response and checks status but never closes res.Body; separately deferred content-store reader Close does not release response (server_test.go:228-249).
git-lfs/lfs-test-server	d27ad23fddc1949ecd9a4ba6a3d074bc6a567084	resourcelifetime	tus.go:115:14	resourcelifetime/missing-release	true-positive	Tus client POST obtains response and reads status/Location, but returns on error or success without closing res.Body (tus.go:115-128).
github/freno	117e993eee6dee62b381488d777eb2bc9ba05907	nilargument	pkg/throttle/throttler.go:106:2	nilargument/dereferenced-nil	false-positive	NewThrottler composite initializes throttledApps with cache.New before ThrottleApp call; frozen claim that throttledApps.cache is definitely nil is unsupported (throttler.go:84-106).
gliderlabs/ssh	909fa952d4e4cea072e860c61ecdd365764b4dce	goroutineownership	server_test.go:101:2	goroutineownership/unjoined	true-positive	Test launches client-session worker that waits on closeDoneChan; timeout arm at 100ms returns without waiting for clientDoneChan, so worker may outlive test (server_test.go:101-124).
go-masonry/mortar	7c9438445d5ac3c5070e21196882d2975b7b11bd	goroutineownership	http/server/server.go:92:2	goroutineownership/unjoined	true-positive	Shutdown launches goroutine that wg.Wait then sends on unbuffered allClosed; ctx.Done arm can return first, leaving sender blocked even after all shutdown tasks finish (server.go:92-105).
go-sonic/sonic	53db5562b4fb8da9b7a7be694233ff7bcff0b35b	deferinloop	service/theme/property_scanner.go:195:3	deferinloop/cleanup-lifetime	false-positive	The loop iterates over ThemeSettingFilenames, a fixed [2]string array, so at most two handles remain deferred to function exit; no unbounded retention (property_scanner.go:195 onward). Repository scan incomplete, but this source bound is direct.
go-sonic/sonic	53db5562b4fb8da9b7a7be694233ff7bcff0b35b	deferinloop	service/theme/property_scanner.go:91:3	deferinloop/cleanup-lifetime	false-positive	The loop iterates over ThemePropertyFilenames, a fixed [2]string array, so at most two handles remain deferred to function exit; no unbounded retention (property_scanner.go:91 onward). Repository scan incomplete, but this source bound is direct.
google/go-cmp	b133f1f1932e48f466f597a3346ce6f5a49a0dc1	nilargument	cmp/compare_test.go:1434:3	nilargument/dereferenced-nil	false-positive	PrivateStruct returns address of embedded privateStruct value, so SetPrivate receiver is nonnil for ParentStructA zero value (compare_test.go:1429-1435; internal/teststructs/structs.go:190). Corrected committed-head nilargument replay emits no finding.
google/go-cmp	b133f1f1932e48f466f597a3346ce6f5a49a0dc1	nilargument	cmp/compare_test.go:1448:3	nilargument/dereferenced-nil	false-positive	PrivateStruct returns address of embedded privateStruct value, so SetPrivate receiver is nonnil for ParentStructC zero value (compare_test.go:1445-1451; internal/teststructs/structs.go:191). Corrected committed-head nilargument replay emits no finding.
google/go-cmp	b133f1f1932e48f466f597a3346ce6f5a49a0dc1	nilargument	cmp/compare_test.go:1466:3	nilargument/dereferenced-nil	false-positive	PrivateStruct returns address of embedded privateStruct value, so SetPrivate receiver is nonnil for ParentStructE zero value (compare_test.go:1463-1469; internal/teststructs/structs.go:192). Corrected committed-head nilargument replay emits no finding.
google/go-cmp	b133f1f1932e48f466f597a3346ce6f5a49a0dc1	nilargument	cmp/compare_test.go:1475:3	nilargument/dereferenced-nil	false-positive	PrivateStruct returns address of embedded privateStruct value, so SetPrivate receiver is nonnil for ParentStructF zero value (compare_test.go:1472-1479; internal/teststructs/structs.go:193). Corrected committed-head nilargument replay emits no finding.
gorcon/rcon-cli	a2f1a07de9f4b9c0bf5bb0221451070ee628a39c	resourcelifetime	internal/config/config_test.go:126:15	resourcelifetime/missing-release	true-positive	Test createFile helper opens with os.Create, writes content, and returns without closing the created file (config_test.go:126 onward).
gorcon/rcon-cli	a2f1a07de9f4b9c0bf5bb0221451070ee628a39c	resourcelifetime	internal/executor/executor_test.go:763:15	resourcelifetime/missing-release	true-positive	Test createFile helper opens with os.Create, writes content, and returns without closing the created file (executor_test.go:763 onward).
gorilla/handlers	9c61bd81e701cf500437e1b516b675cdd3b73ca7	resourcelifetime	canonical_test.go:112:12	resourcelifetime/missing-release	true-positive	Test http.Get succeeds but discards response; server.Close and log buffer flush do not close this client resp.Body (canonical_test.go:108-120).
gotomicro/ego	5eb2a4041b0d8ba0cd94603af40794f20621e5cd	lockorder	ego.go:329:2	lockorder/recursive-acquire	true-positive	Stop takes e.smu.RLock at line272, never RUnlocks, then takes RLock again at line329; a pending writer can block the second read lock while first is held, and no release is present (ego.go:272-343).
gotomicro/ego	5eb2a4041b0d8ba0cd94603af40794f20621e5cd	resourcelifetime	client/ehttp/container_test.go:15:15	resourcelifetime/missing-release	true-positive	Test opens config_test/conf.toml and passes file as io.Reader to LoadFromReader but never closes its own descriptor (container_test.go:15-22).
gsamokovarov/jump	aa3567011948040ee84bff88c9a01e835f340536	nilargument	scoring/entries_test.go:33:17	nilargument/dereferenced-nil	false-positive	Test constructs Entries{e1,e2} with nonnil Score values; Less indexes those entries and CalculateScore receives their initialized fields, so the reported definite-nil field claim is unsupported (scoring/entries_test.go:around 20-35).
guumaster/hostctl	d6d96999f81952fa8d2ea3121ae5e3cce08afed6	resourcelifetime	cmd/hostctl/actions/add_replace.go:101:12	resourcelifetime/missing-release	true-positive	Default branch opens profile file and passes it as io.Reader to ParseProfile, which only scans, then returns without closing owned file (add_replace.go:101-108; parser.go:170-185).
guumaster/hostctl	d6d96999f81952fa8d2ea3121ae5e3cce08afed6	resourcelifetime	cmd/hostctl/actions/restore_test.go:19:13	resourcelifetime/missing-release	true-positive	Integration test creates to temp file but defers only Remove of pathname; Runner.Clean closes its own c.file, not this separate to handle (restore_test.go:19-28; integration_runner_test.go:164-167).
hanwen/go-fuse	99dba22daba7175a92ba06d7678bd50e2a754cee	concurrentcapture	fuse/test/cache_test.go:247:5	concurrentcapture/shared-capture	true-positive	One hundred launched goroutines write shared statErr without synchronization; wg.Wait joins only after racing writes (cache_test.go:241-257).
hanwen/go-fuse	99dba22daba7175a92ba06d7678bd50e2a754cee	deferinloop	fuse/test/file_lock_test.go:38:3	deferinloop/cleanup-lifetime	false-positive	Test intentionally retains each /dev/null descriptor until function exit to force subsequent Fd()>3; loop stops once low-numbered descriptors are occupied (file_lock_test.go:33-42).
hanwen/go-fuse	99dba22daba7175a92ba06d7678bd50e2a754cee	deferinloop	posixtest/test.go:721:3	deferinloop/cleanup-lifetime	false-positive	f1 remains open across lock query by f2; loop covers exactly two syscall commands, so deferred cleanup retains only a bounded test set (posixtest/test.go:714-743).
hanwen/go-fuse	99dba22daba7175a92ba06d7678bd50e2a754cee	deferinloop	posixtest/test.go:735:3	deferinloop/cleanup-lifetime	false-positive	f2 remains open for each lock test; same exactly-two-iteration loop retains at most four test descriptors until function exit (posixtest/test.go:714-743).
hanwen/go-fuse	99dba22daba7175a92ba06d7678bd50e2a754cee	goroutineownership	fs/simple_test.go:657:3	goroutineownership/unjoined	true-positive	waitTimeout returns on timeout arm without joining worker blocked in wg.Wait; external cmd.Wait may not settle promptly despite Kill (simple_test.go:655-667).
hanwen/go-fuse	99dba22daba7175a92ba06d7678bd50e2a754cee	nilargument	fs/cache_test.go:213:14	nilargument/dereferenced-nil	false-positive	Local countingSymlink link is passed to root.NewPersistentInode; bridge.newInodeUnlocked initializes embedded Inode bridge before NotifyContent, so reported nil bridge is not established (cache_test.go:175-213; fs/bridge.go:106-139).
hanwen/go-fuse	99dba22daba7175a92ba06d7678bd50e2a754cee	processownership	fs/interrupt_test.go:64:12	processownership/missing-wait	true-positive	Test starts child then calls Process.Kill but never Wait/reap before returning (interrupt_test.go:63-76).
hanwen/go-fuse	99dba22daba7175a92ba06d7678bd50e2a754cee	processownership	fuse/test/delete_linux_test.go:86:8	processownership/missing-wait	true-positive	Test starts tail -f; deferred Kill and Sleep do not reap process with Wait (delete_linux_test.go:81-94).
hanwen/go-fuse	99dba22daba7175a92ba06d7678bd50e2a754cee	resourcelifetime	benchmark/stat_test.go:114:12	resourcelifetime/missing-release	true-positive	readdir returns on Readdirnames error without closing successfully opened f (stat_test.go:113-121).
hanwen/go-fuse	99dba22daba7175a92ba06d7678bd50e2a754cee	resourcelifetime	example/loopback/main.go:67:13	resourcelifetime/missing-release	true-positive	CPU profile file is passed to StartCPUProfile and only StopCPUProfile is deferred; underlying file descriptor is never closed (main.go:63-74).
hanwen/go-fuse	99dba22daba7175a92ba06d7678bd50e2a754cee	resourcelifetime	example/statfs/main.go:44:19	resourcelifetime/missing-release	true-positive	Profile output file is created and used for CPU profile, but Start/StopCPUProfile does not close underlying profFile (main.go:41-50,72-89).
hanwen/go-fuse	99dba22daba7175a92ba06d7678bd50e2a754cee	resourcelifetime	example/statfs/main.go:50:22	resourcelifetime/missing-release	true-positive	Heap profile file is created and passed to WriteHeapProfile, but no memProfFile.Close occurs (main.go:41-53,85-89).
hanwen/go-fuse	99dba22daba7175a92ba06d7678bd50e2a754cee	resourcelifetime	example/zipfs/main.go:41:19	resourcelifetime/missing-release	true-positive	Profile output file is created and used for CPU profile, but Start/StopCPUProfile does not close underlying descriptor (main.go:38-51,70-86).
hanwen/go-fuse	99dba22daba7175a92ba06d7678bd50e2a754cee	resourcelifetime	example/zipfs/main.go:47:22	resourcelifetime/missing-release	true-positive	Heap profile file is created and passed to WriteHeapProfile, but no file Close occurs (main.go:38-51,83-86).
hanwen/go-fuse	99dba22daba7175a92ba06d7678bd50e2a754cee	resourcelifetime	fs/zipfs_example_test.go:123:16	resourcelifetime/missing-release	true-positive	zip.OpenReader returns file-owning ReadCloser; only its embedded Reader is stored in mounted root, and server.Wait returns without zfile.Close (zipfs_example_test.go:117-138).
hanwen/go-fuse	99dba22daba7175a92ba06d7678bd50e2a754cee	resourcelifetime	fuse/test/loopback_linux_test.go:61:12	resourcelifetime/missing-release	true-positive	os.Create handle is discarded; later pathname operations do not close the opened descriptor (loopback_linux_test.go:57-80).
hanwen/go-fuse	99dba22daba7175a92ba06d7678bd50e2a754cee	resourcelifetime	fuse/test/loopback_test.go:139:12	resourcelifetime/missing-release	false-positive	Test intentionally opens nonexistent /doesnotexist path and checks error; no successful resource acquisition on the intended path (loopback_test.go:136-142).
hanwen/go-fuse	99dba22daba7175a92ba06d7678bd50e2a754cee	resourcelifetime	splice/copy_test.go:21:12	resourcelifetime/missing-release	true-positive	TestCopyFile creates src temp file and uses only its Name afterward, never closing the handle (copy_test.go:20-39).
hanwen/go-fuse	99dba22daba7175a92ba06d7678bd50e2a754cee	resourcelifetime	splice/copy_test.go:26:12	resourcelifetime/missing-release	true-positive	TestCopyFile creates dst temp file and uses only its Name afterward, never closing the handle (copy_test.go:20-39).
hanwen/go-fuse	99dba22daba7175a92ba06d7678bd50e2a754cee	resourcelifetime	splice/copy_test.go:52:13	resourcelifetime/missing-release	true-positive	Reopened src file closes only when pool.get returns nonnil p; alternate branch returns without src.Close (copy_test.go:52-71).
hanwen/go-fuse	99dba22daba7175a92ba06d7678bd50e2a754cee	resourcelifetime	splice/copy_test.go:54:14	resourcelifetime/missing-release	true-positive	Reopened dst file closes only when pool.get returns nonnil p; alternate branch returns without dst.Close (copy_test.go:54-71).
hanwen/go-fuse	99dba22daba7175a92ba06d7678bd50e2a754cee	resourcelifetime	virtiofs/ramdisk_test.go:541:12	resourcelifetime/missing-release	true-positive	os.Create f is passed to gzip.NewWriter, but gzip writer Close does not close underlying f; error paths and completion omit f.Close (ramdisk_test.go:541-554).
hanwen/go-fuse	99dba22daba7175a92ba06d7678bd50e2a754cee	resourcelifetime	zipfs/multizip_test.go:43:12	resourcelifetime/missing-release	false-positive	TestMultiZipReadonly expects os.Create on mounted read-only MultiZipFs to fail; root implements no Create, so intended path acquires no handle (multizip_test.go:39-46).
hanwen/go-fuse	99dba22daba7175a92ba06d7678bd50e2a754cee	resourcelifetime	zipfs/multizip_test.go:48:11	resourcelifetime/missing-release	false-positive	TestMultiZipReadonly expects os.OpenFile O_WRONLY on mounted read-only MultiZipFs to fail; intended path acquires no handle (multizip_test.go:48-51).
ipinfo/cli	301d0e1692397d64da244fd7a515eb9635d51744	resourcelifetime	lib/iputil/ip_list.go:182:12	resourcelifetime/missing-release	true-positive	IPListFromFile opens f, passes it to IPListFromReader, and returns the parsed slice without closing the file (ip_list.go:182-187).
ipinfo/cli	301d0e1692397d64da244fd7a515eb9635d51744	resourcelifetime	lib/iputil/ip_list_write.go:237:12	resourcelifetime/missing-release	true-positive	IPListWriteFromFile opens f, passes it to IPListWriteFromReader, and returns without closing the file (ip_list_write.go:237-243).
jaeles-project/jaeles	d40305ffe42a831b2b144e48d0428de4def4270a	resourcelifetime	utils/helper.go:177:12	resourcelifetime/missing-release	true-positive	AppendToContent opens f for append, but Write error returns before f.Close (helper.go:177-187). Repository scan incomplete; this site has direct source evidence.
jaeles-project/jaeles	d40305ffe42a831b2b144e48d0428de4def4270a	resourcelifetime	utils/log.go:40:13	resourcelifetime/missing-release	true-positive	InitLog opens f for log MultiWriter but never closes it; normal Verbose/default branches then replace logger output with stdout/discard, dropping the only owner (log.go:40-65). Repository scan incomplete; this site has direct source evidence.
jaypipes/ghw	28bab225960d5784faffacbe43792ad64e7ebd83	resourcelifetime	pkg/snapshot/clonetree.go:221:12	resourcelifetime/missing-release	true-positive	copyPseudoFile creates f, but a Write error returns before f.Close (clonetree.go:221-230). Repository scan incomplete due dependencies; this site has direct source evidence.
jaypipes/ghw	28bab225960d5784faffacbe43792ad64e7ebd83	resourcelifetime	pkg/snapshot/clonetree_block_linux.go:142:14	resourcelifetime/missing-release	true-positive	A regular block-device pseudo-file is created, but its Write error returns before f.Close (clonetree_block_linux.go:142-149). Repository scan incomplete due dependencies; this site has direct source evidence.
jaypipes/ghw	28bab225960d5784faffacbe43792ad64e7ebd83	resourcelifetime	pkg/snapshot/clonetree_block_linux.go:174:12	resourcelifetime/missing-release	true-positive	The rotational pseudo-file is created, but its Write error returns before f.Close (clonetree_block_linux.go:174-182). Repository scan incomplete due dependencies; this site has direct source evidence.
jaypipes/ghw	28bab225960d5784faffacbe43792ad64e7ebd83	resourcelifetime	pkg/snapshot/clonetree_block_linux.go:223:14	resourcelifetime/missing-release	true-positive	A partition pseudo-file is created, but its Write error returns before f.Close (clonetree_block_linux.go:223-230). Repository scan incomplete due dependencies; this site has direct source evidence.
jaypipes/ghw	28bab225960d5784faffacbe43792ad64e7ebd83	resourcelifetime	pkg/snapshot/unpack.go:89:16	resourcelifetime/missing-release	true-positive	Tar unpack opens dst, then an io.Copy error returns before dst.Close (unpack.go:89-99). Repository scan incomplete due dependencies; this site has direct source evidence.
jehiah/json2csv	0bd0bb4e06a282ff4c9ec979a52159c379bf9652	resourcelifetime	main.go:51:16	resourcelifetime/missing-release	true-positive	CLI opens output file, wraps it in csv.Writer and calls json2csv but never closes the underlying os.File before main returns (main.go:51-70).
jlaffaye/ftp	81e548ee536a72acd8b6a4ffedc92ef0e34072b1	nilargument	ftp.go:170:7	nilargument/dereferenced-nil	false-positive	Frozen diagnostic claims conn.Writer.W definitely nil, but c.conn comes from textproto.NewConn, whose standard constructor initializes Writer.W with bufio.NewWriter(conn); Quit receiver field is nonnil (ftp.go:160-170; net/textproto.NewConn).
jlaffaye/ftp	81e548ee536a72acd8b6a4ffedc92ef0e34072b1	nilargument	ftp.go:176:8	nilargument/dereferenced-nil	false-positive	Explicit-TLS auth error Quit uses same initialized textproto.NewConn; Writer.W is set by constructor and not definitely nil (ftp.go:160-176; net/textproto.NewConn).
jonssonyan/h-ui	8f17df9fe03a560f068e662b2a8894cf4d6c47fd	concurrentcapture	service/cron.go:89:9	concurrentcapture/shared-capture	true-positive	saveAccountTraffic launches one worker per userList and each writes same captured outer err at line89; outer trafficMutex serializes calls, not those workers (service/cron.go:62-95). Repository scan incomplete because frontend dist files absent.
jonssonyan/h-ui	8f17df9fe03a560f068e662b2a8894cf4d6c47fd	goroutineownership	proxy/process.go:186:2	goroutineownership/unjoined	false-positive	handleLogs consumes stdoutChan and stderrChan until both are closed; stdout scanner closes its channel after completion, so return establishes this worker finished (process.go:181-228). Repository scan incomplete because frontend dist files absent.
jonssonyan/h-ui	8f17df9fe03a560f068e662b2a8894cf4d6c47fd	goroutineownership	proxy/process.go:197:2	goroutineownership/unjoined	false-positive	handleLogs consumes stdoutChan and stderrChan until both are closed; stderr scanner closes its channel after completion, so return establishes this worker finished (process.go:181-228). Repository scan incomplete because frontend dist files absent.
jonssonyan/h-ui	8f17df9fe03a560f068e662b2a8894cf4d6c47fd	resourcelifetime	service/hysteria2.go:64:15	resourcelifetime/missing-release	true-positive	setHysteria2ConfigYAML opens config file then returns on WriteString error or success without calling Close (hysteria2.go:59-74). Repository scan incomplete because frontend dist files absent.
juzeon/SydneyQt	02b167cd57a6e2e3470e2c066f5d3c317ce8a7cf	nilargument	sydney/stream.go:424:9	nilargument/dereferenced-nil	false-positive	websocket.Dial succeeds before wrapper Conn{Conn:connRaw} is used; pinned nhooyr v1.8.11 newConn initializes readMu and msgWriter, so the embedded writer field is not definitely nil (stream.go:396-424; nhooyr dial.go:150-168, conn.go:115-120). Repository scan incomplete.
juzeon/SydneyQt	02b167cd57a6e2e3470e2c066f5d3c317ce8a7cf	nilargument	sydney/stream.go:431:3	nilargument/dereferenced-nil	false-positive	The successful websocket.Dial path yields newConn with initialized readMu and msgWriter before ReadWithTimeout on the wrapper; definite-nil embedded field claim is unsupported (stream.go:396-431; pinned nhooyr conn.go:115-120). Repository scan incomplete.
juzeon/SydneyQt	02b167cd57a6e2e3470e2c066f5d3c317ce8a7cf	nilargument	sydney/stream.go:432:9	nilargument/dereferenced-nil	false-positive	Wrapper embeds connRaw from successful websocket.Dial; pinned nhooyr newConn initializes readMu and msgWriter before use (stream.go:396-432; nhooyr conn.go:115-120). Repository scan incomplete.
juzeon/SydneyQt	02b167cd57a6e2e3470e2c066f5d3c317ce8a7cf	nilargument	sydney/stream.go:497:9	nilargument/dereferenced-nil	false-positive	Successful websocket.Dial returned initialized newConn, and wrapper delegates WriteWithTimeout to it; msgWriter is not definitely nil (stream.go:396-408,423,497; pinned nhooyr conn.go:115-120). Repository scan incomplete.
juzeon/SydneyQt	02b167cd57a6e2e3470e2c066f5d3c317ce8a7cf	nilargument	sydney/stream.go:511:21	nilargument/dereferenced-nil	false-positive	Successful websocket.Dial returned initialized newConn, and wrapper delegates ReadWithTimeout to it; readMu is not definitely nil (stream.go:396-408,423,511; pinned nhooyr conn.go:115-120). Repository scan incomplete.
juzeon/SydneyQt	02b167cd57a6e2e3470e2c066f5d3c317ce8a7cf	nilargument	sydney/stream.go:519:11	nilargument/dereferenced-nil	false-positive	Successful websocket.Dial returned initialized newConn, and wrapper delegates WriteWithTimeout to it; msgWriter is not definitely nil (stream.go:396-408,423,519; pinned nhooyr conn.go:115-120). Repository scan incomplete.
lemonlove7/EHole_magic	d0dac36a28a29dcb40534faf8d3eced9fdc7bc2d	goroutineownership	module/finger/finger.go:1807:5	goroutineownership/unjoined	true-positive	FTP scanner launches worker per credential; when stopChan becomes ready, loop can return before later wg.Wait/resultChan range, leaving outstanding workers unjoined (finger.go:1775-1842).
lemonlove7/EHole_magic	d0dac36a28a29dcb40534faf8d3eced9fdc7bc2d	resourcelifetime	module/finger/source/fofa.go:206:15	resourcelifetime/missing-release	true-positive	keyword_ips opens local file, scans IPs and returns without closing file (fofa.go:206 onward).
lemonlove7/EHole_magic	d0dac36a28a29dcb40534faf8d3eced9fdc7bc2d	resourcelifetime	module/finger/source/localfile.go:13:15	resourcelifetime/missing-release	true-positive	LocalFile opens file, scans URLs and returns without file.Close (localfile.go:13-30).
lotusdblabs/lotusdb	97f2a01e5fc15f325a223920fe118af3918ddf5d	lockorder	db.go:210:3	lockorder/missing-release	true-positive	Close takes db.flushLock at line205 then returns if storeDeprecatedEntryMeta fails before deferred Unlock is installed at line212 (db.go:205-212).
lotusdblabs/lotusdb	97f2a01e5fc15f325a223920fe118af3918ddf5d	lockorder	db.go:513:2	lockorder/contradictory-order	false-positive	The apparent mu->flushLock in Close and flushLock->mu in flushMemtable cannot overlap through production callers: Close closes flushChan and waits for listenMemtableFlush completion before acquiring mu; that worker sends completion only after flushMemtable returns. Open calls flushMemtable before returning DB (db.go:151-160,181-205,424-513,561-570). No concurrent direct caller established.
lotusdblabs/lotusdb	97f2a01e5fc15f325a223920fe118af3918ddf5d	resourcelifetime	db.go:926:15	resourcelifetime/missing-release	true-positive	loadDeprecatedEntryMeta opens metadata file then Seek/Read can fail and function returns without Close; successful path also reaches return without closing (db.go:925-949).
lotusdblabs/lotusdb	97f2a01e5fc15f325a223920fe118af3918ddf5d	resourcelifetime	db.go:954:15	resourcelifetime/missing-release	true-positive	storeDeprecatedEntryMeta opens metadata file, returns on Seek/Write failures without Close, and only closes on success (db.go:952-981).
lotusdblabs/lotusdb	97f2a01e5fc15f325a223920fe118af3918ddf5d	resourcelifetime	db_test.go:1093:15	resourcelifetime/missing-release	true-positive	SimpleIO creates output file and writes/syncs in count loop, but returns on errors or completion without file.Close (db_test.go:1092-1118).
lxzan/gws	6b5d48abfe14ffb09e3cdbc44d8fc50d8f6da2a3	nilargument	writer_test.go:938:13	nilargument/dereferenced-nil	false-positive	Test constructs fw with two nonnil bytes.Buffer pointers before Flush; Flush takes buffers[0], so no definitely nil buffer receiver exists (writer_test.go:929-939; writefile.go:215-231).
meilisearch/meilisearch-go	75f1af413cbf6b7786c8934808770e102753a774	resourcelifetime	client.go:392:15	resourcelifetime/missing-release	true-positive	Retryable response is closed when another retry is scheduled and ordinary final response is returned, but when retriesCount has reached maxRetries the retry loop breaks and returns MaxRetriesExceeded without closing this final resp.Body (client.go:392-438).
metoro-io/mcp-golang	e5d629c5cd43e3470dcd3bf4cbc675a90bfcf513	processownership	examples/client/main.go:25:12	processownership/missing-wait	true-positive	Example starts child server process and only defers Process.Kill; it never calls cmd.Wait to reap the started child (examples/client/main.go:25 onward).
metoro-io/mcp-golang	e5d629c5cd43e3470dcd3bf4cbc675a90bfcf513	processownership	integration_test.go:118:8	processownership/missing-wait	true-positive	Integration test starts serverProc and only defers Process.Kill; it never Waits for the child after start (integration_test.go:118 onward).
michaelmacinnis/oh	61bd14f0578341d966b457f727ebfce43ae9c230	nilargument	internal/reader/parser/parser.go:210:8	nilargument/dereferenced-nil	false-positive	Parser.peek returns a token from the supplied item callback, not a known nil; production reader callback loops while lexer.Token is nil and returns only a nonnil token (parser.go:142-151,207-211; reader.go:34-50). No definite nil is established.
michaelmacinnis/oh	61bd14f0578341d966b457f727ebfce43ae9c230	resourcelifetime	internal/engine/commands/file.go:54:12	resourcelifetime/missing-release	false-positive	file command returns the opened os.File inside pipe.New(r,w), which stores it as the pipe's owned endpoint and installs a Close finalizer; local function transfers ownership rather than discarding f (file.go:54-72; pipe.go:38-57).
mkchoi212/fac	d232b05149564701ca3a21cd1a07be2540266cb2	resourcelifetime	editor/content_test.go:21:12	resourcelifetime/missing-release	true-positive	TestCreateContentFromFile creates temp file f and writes to it, then reads by pathname but never closes its own f descriptor (content_test.go:20-29).
mochi-mqtt/server	5b7f94bde4072edf6db62b69345f9454cae4936f	goroutineownership	server_test.go:2755:4	goroutineownership/unjoined	true-positive	Test worker reads net.Pipe and sends result to unbuffered recv; for iteration i==2 caller skips <-recv, so after w.Close the worker can block forever sending (server_test.go:2749-2780).
mochi-mqtt/server	5b7f94bde4072edf6db62b69345f9454cae4936f	nilargument	server.go:201:20	nilargument/dereferenced-nil	false-positive	Inline client intentionally passes nil net.Conn to NewClient, whose newClient checks c != nil before accessing RemoteAddr or constructing buffered reader; nil connection is supported (server.go:201; clients.go:164-190).
mylxsw/aidea-server	01f2422b6c3a55b7fa35161744bb3414944bac1a	resourcelifetime	pkg/ai/baidu/baidu.go:371:19	resourcelifetime/missing-release	true-positive	Successful HTTP Do followed by non-2xx status returns at 376-377 before the success-path worker installs its deferred Body.Close at 382-384. Repository scan was incomplete due dependency download errors; this finding has direct source evidence.
mylxsw/aidea-server	01f2422b6c3a55b7fa35161744bb3414944bac1a	resourcelifetime	pkg/ai/google/gemini.go:202:19	resourcelifetime/missing-release	true-positive	Non-2xx branch reads response Body then returns on JSON/empty/error at 207-218 before the success worker's deferred close. Repository scan was incomplete due dependency download errors; this finding has direct source evidence.
mylxsw/aidea-server	01f2422b6c3a55b7fa35161744bb3414944bac1a	resourcelifetime	pkg/ai/leap/leap.go:239:14	resourcelifetime/missing-release	true-positive	Non-200 branch reads Body and returns at 244-255 before defer res.Body.Close is registered only on success at 257. Repository scan was incomplete due dependency download errors; this finding has direct source evidence.
mylxsw/aidea-server	01f2422b6c3a55b7fa35161744bb3414944bac1a	resourcelifetime	pkg/ai/leap/leap.go:460:14	resourcelifetime/missing-release	true-positive	Non-200 branch reads Body and returns at 465-476 before defer res.Body.Close is registered only on success at 478. Repository scan was incomplete due dependency download errors; this finding has direct source evidence.
mylxsw/aidea-server	01f2422b6c3a55b7fa35161744bb3414944bac1a	resourcelifetime	pkg/ai/stabilityai/stabilityai.go:114:33	resourcelifetime/missing-release	true-positive	Successful os.Open of initImageFile is copied into multipart part without Close; closing the multipart writer only finalizes the wrapper (114-135). Repository scan was incomplete due dependency download errors; this finding has direct source evidence.
mylxsw/aidea-server	01f2422b6c3a55b7fa35161744bb3414944bac1a	resourcelifetime	pkg/ai/stabilityai/stabilityai.go:208:33	resourcelifetime/missing-release	true-positive	Successful os.Open of initImageFile is copied into multipart part without Close; closing the multipart writer only finalizes the wrapper (208-223). Repository scan was incomplete due dependency download errors; this finding has direct source evidence.
mylxsw/aidea-server	01f2422b6c3a55b7fa35161744bb3414944bac1a	resourcelifetime	pkg/ai/stabilityai/v3.go:172:33	resourcelifetime/missing-release	true-positive	Successful os.Open of req.InitImage is copied into multipart part without closing the underlying file (172-190). Repository scan was incomplete due dependency download errors; this finding has direct source evidence.
mylxsw/aidea-server	01f2422b6c3a55b7fa35161744bb3414944bac1a	resourcelifetime	pkg/ai/stabilityai/video.go:112:25	resourcelifetime/missing-release	true-positive	Successful os.Open of imageFile is copied into multipart part without file Close; writer.Close at 132 only finalizes multipart (112-135). Repository scan was incomplete due dependency download errors; this finding has direct source evidence.
mylxsw/aidea-server	01f2422b6c3a55b7fa35161744bb3414944bac1a	resourcelifetime	pkg/dingding/dingding.go:153:15	resourcelifetime/missing-release	true-positive	Slack HTTP response Body is not closed on status error, read error, or success (153-167). Repository scan was incomplete due dependency download errors; this finding has direct source evidence.
mylxsw/aidea-server	01f2422b6c3a55b7fa35161744bb3414944bac1a	resourcelifetime	pkg/dingding/dingding.go:198:15	resourcelifetime/missing-release	true-positive	DingDing response Body is read and error branches return without Close (198-216). Repository scan was incomplete due dependency download errors; this finding has direct source evidence.
myzhan/boomer	f1c3b61eaaca9f8b917ecc881f8f4c66e379f422	goroutineownership	utils.go:59:2	goroutineownership/unjoined	true-positive	waitTimeout launches a goroutine blocked in wg.Wait; timeout arm returns true without joining it, so an unsettled group leaves that waiter active (utils.go:56-70).
nilslice/protolock	ac27b429a112f822ea45a16082e20ac2b86f0c4b	concurrentcapture	cmd/protolock/plugins.go:106:11	concurrentcapture/shared-capture	true-positive	Parallel plugin goroutines write enclosing runPlugins err via path,err=exec.LookPath(name) and json.Encode flow, so the captured variable is shared without synchronization (plugins.go:106 onward).
nilslice/protolock	ac27b429a112f822ea45a16082e20ac2b86f0c4b	resourcelifetime	order_test.go:19:12	resourcelifetime/missing-release	true-positive	Test opens lockfile f and passes it to FromReader but never closes the owned file (order_test.go:19 onward).
nilslice/protolock	ac27b429a112f822ea45a16082e20ac2b86f0c4b	resourcelifetime	plugin-samples/plugin-sample/main.go:16:15	resourcelifetime/missing-release	true-positive	Plugin creates violations.txt, writes through that file in callback, and exits without closing the file (main.go:16 onward).
nlpodyssey/spago	3130dda657565c0b6b8e494070d8c35a037eee4e	goroutineownership	optimizers/optimizer.go:55:4	goroutineownership/unjoined	true-positive	Optimize launches a worker and waits on the error path, but the normal path closes errCh and returns without wg.Wait; the worker can remain active after return (optimizers/optimizer.go:55 onward).
oklog/run	c769e58231538f7fd0d007938f68e8caae45608c	goroutineownership	group_test.go:14:2	goroutineownership/unjoined	true-positive	TestZero launches g.Run worker that sends on unbuffered res; timeout arm returns without receiving, so worker can remain blocked even after g.Run finishes (group_test.go:14-24).
oklog/run	c769e58231538f7fd0d007938f68e8caae45608c	goroutineownership	group_test.go:30:2	goroutineownership/unjoined	true-positive	TestOne launches g.Run worker that sends on unbuffered res; timeout arm returns without receiving, leaving sender blocked (group_test.go:30-40).
oklog/run	c769e58231538f7fd0d007938f68e8caae45608c	goroutineownership	group_test.go:48:2	goroutineownership/unjoined	true-positive	TestMany launches g.Run worker that sends on unbuffered res; timeout arm returns without receiving, leaving sender blocked (group_test.go:48-58).
peak/s5cmd	54d6a8a955688f07e5acc40d61f9c42ceac6c33b	concurrentcapture	orderedwriter/orderedwriter_test.go:294:8	concurrentcapture/shared-capture	false-positive	Channel distributes each unique chunk once, so only offset==0 task assigns blockingTask and parent reads only after wg.Wait; no concurrent competing writes or unordered read (orderedwriter_test.go:294 surrounding worker loop).
peak/s5cmd	54d6a8a955688f07e5acc40d61f9c42ceac6c33b	goroutineownership	command/cp.go:449:2	goroutineownership/unjoined	true-positive	After worker launch, client.Stat or wildcard-regex errors can return before waiter.Wait and <-errDoneCh, leaving launched worker/error collector unjoined (cp.go:449 onward).
peak/s5cmd	54d6a8a955688f07e5acc40d61f9c42ceac6c33b	goroutineownership	command/run.go:92:2	goroutineownership/unjoined	true-positive	Shellquote.Split error returns after worker launch but before waiter.Wait and <-errDoneCh (run.go:92 onward).
peak/s5cmd	54d6a8a955688f07e5acc40d61f9c42ceac6c33b	goroutineownership	command/select.go:317:2	goroutineownership/unjoined	true-positive	createRegexFromWildcard error returns before waiting on errDoneCh/writeDoneCh; launched writer may still await resultCh closure (select.go:317 onward).
peak/s5cmd	54d6a8a955688f07e5acc40d61f9c42ceac6c33b	goroutineownership	command/select.go:325:2	goroutineownership/unjoined	true-positive	createRegexFromWildcard error returns before waits on errDoneCh/writeDoneCh, leaving launched worker and writer completion unproven (select.go:325 onward).
peak/s5cmd	54d6a8a955688f07e5acc40d61f9c42ceac6c33b	goroutineownership	command/sync.go:217:2	goroutineownership/unjoined	true-positive	planRun producer is implicitly joined by reader EOF on success, but NewRun can return on shellquote parse error first, leaving producer/error collector active or blocked (sync.go:217 onward).
peak/s5cmd	54d6a8a955688f07e5acc40d61f9c42ceac6c33b	nilargument	command/rm.go:117:11	nilargument/dereferenced-nil	false-positive	Frozen diagnostic claims src.index element definitely nil in Delete.Run, but newURLs populates slice with nonnil url.New values and Before validates at least one source; no definite nil indexed element (rm.go:117; newURLs/Before flow).
peer-calls/peer-calls	48bc32669d748171d07d3f70ca39bcf74c05b0d0	nilargument	server/servertransport/track_local.go:72:9	nilargument/dereferenced-nil	true-positive	Write declares var packet *rtp.Packet without initialization and immediately calls packet.Unmarshal(b); receiver is definitely nil on every entry (track_local.go:70-73).
peer-calls/peer-calls	48bc32669d748171d07d3f70ca39bcf74c05b0d0	resourcelifetime	server/server_test.go:70:14	resourcelifetime/missing-release	true-positive	Test HTTP client Do succeeds, Body is read and asserted, but res.Body is never closed before return (server_test.go:65-77).
peterbourgon/ff	012e82713b8ac4f2a59810ababd78e034c57f8c6	nilargument	ffval/collections_test.go:23:29	nilargument/dereferenced-nil	false-positive	List[int].Get calls initialize before dereferencing Pointer; initialize replaces nil Pointer with a fresh pointer (collections.go:91-99,118-120). Test deliberately starts from zero value.
peterbourgon/ff	012e82713b8ac4f2a59810ababd78e034c57f8c6	nilargument	ffval/collections_test.go:273:30	nilargument/dereferenced-nil	false-positive	Enum[myint].Get calls initialize before dereferencing Pointer; initialize allocates it if nil (collections.go:378 onward,420-422).
peterbourgon/ff	012e82713b8ac4f2a59810ababd78e034c57f8c6	nilargument	ffval/collections_test.go:35:29	nilargument/dereferenced-nil	false-positive	List[int].Get initializes nil Pointer before any dereference (collections.go:91-99,118-120); this later test call is safe whether Pointer is already initialized or not.
peterbourgon/ff	012e82713b8ac4f2a59810ababd78e034c57f8c6	nilargument	ffval/collections_test.go:67:29	nilargument/dereferenced-nil	false-positive	UniqueList[int].Get calls initialize before dereferencing Pointer; initialize replaces nil Pointer first (collections.go:223-229,257-259).
peterbourgon/ff	012e82713b8ac4f2a59810ababd78e034c57f8c6	nilargument	ffval/collections_test.go:79:29	nilargument/dereferenced-nil	false-positive	UniqueList[int].Get initializes nil Pointer before any dereference (collections.go:223-229,257-259); this later test call is safe whether already initialized or not.
peterbourgon/ff	012e82713b8ac4f2a59810ababd78e034c57f8c6	nilargument	ffval/value_test.go:35:23	nilargument/dereferenced-nil	false-positive	Int.Get calls initialize before dereferencing Pointer, and initialize allocates it if nil (value.go:90-96,114-116).
peterbourgon/ff	012e82713b8ac4f2a59810ababd78e034c57f8c6	nilargument	ffval/value_test.go:66:33	nilargument/dereferenced-nil	false-positive	Value[string].Get calls initialize before dereferencing Pointer, and initialize allocates it if nil (value.go:90-96,114-116).
peterbourgon/ff	012e82713b8ac4f2a59810ababd78e034c57f8c6	nilargument	ffval/value_test.go:82:33	nilargument/dereferenced-nil	false-positive	Value[string].Get initializes nil Pointer before any dereference (value.go:90-96,114-116); this later test call is safe whether already initialized or not.
peterldowns/pgtestdb	d39d3dc2ee55c99345b24611a5eeae43459414a5	resourcelifetime	testdb_test.go:351:13	resourcelifetime/missing-release	false-positive	Test intentionally leaves tx open to verify ForceTerminateConnections=false reports cleanup failure, then calls tt.DoCleanup and asserts tt.Failed; this is the negative test's expected behavior, not an accidental leak (testdb_test.go:341-355).
peterldowns/pgtestdb	d39d3dc2ee55c99345b24611a5eeae43459414a5	resourcelifetime	testdb_test.go:377:13	resourcelifetime/missing-release	false-positive	Test intentionally leaves tx open to verify ForceTerminateConnections=true force-terminates it during tt.DoCleanup, then asserts cleanup succeeded; framework cleanup owns this transaction (testdb_test.go:365-381).
philippgille/chromem-go	0622e2f6bedd056ce0c76103042c07cada9b33e6	resourcelifetime	db_test.go:57:13	resourcelifetime/missing-release	true-positive	Test creates a temp file only to make an existing-file path, defers pathname Remove but never closes the successfully opened f (db_test.go:56-66).
projectdiscovery/chaos-client	17a19d75e790394de3b8efbafcb8157f455a5a0b	resourcelifetime	internal/runner/runner.go:130:15	resourcelifetime/missing-release	true-positive	processList opens DomainsFile and scans it but does not close the owned file before function exit; stdin alternate does not cover DomainsFile path (runner.go:123-146).
projectdiscovery/notify	2d6ef20689e805c957c195471d9d2e926ba6a758	resourcelifetime	internal/runner/runner.go:92:17	resourcelifetime/missing-release	true-positive	On the -data path Run opens inFile and scans it, but never closes that owned file before return; the alternate os.Stdin path does not erase this feasible leak (runner.go:87-110 onward).
projectdiscovery/notify	2d6ef20689e805c957c195471d9d2e926ba6a758	resourcelifetime	pkg/providers/custom/custom.go:105:12	resourcelifetime/missing-release	true-positive	Custom notifier calls httpreq.NewClient().Do, discards its returned *http.Response, and never closes Body after a successful request (custom.go:105-113; httpreq.go Do).
projectdiscovery/notify	2d6ef20689e805c957c195471d9d2e926ba6a758	resourcelifetime	pkg/providers/discord/discord_api.go:35:11	resourcelifetime/missing-release	true-positive	Discord notifier calls httpreq.NewClient().Do, discards its returned *http.Response, and returns without closing Body (discord_api.go:35-40; httpreq.go Do).
projectdiscovery/notify	2d6ef20689e805c957c195471d9d2e926ba6a758	resourcelifetime	pkg/utils/httpreq/httpreq.go:49:14	resourcelifetime/missing-release	true-positive	Client helper obtains res from c.httpClient.Do and decodes res.Body, but never closes it on either decode error or successful return (httpreq.go:49-57).
projectdiscovery/proxify	cb351162a2389e4e25c702fc60c98e8e6fa988fa	resourcelifetime	cmd/replay/replay.go:172:12	resourcelifetime/missing-release	true-positive	Replay closure calls httpclient.Do(request), discards successful response and returns only err, so its body cannot be closed by caller (replay.go:155-174).
projectdiscovery/proxify	cb351162a2389e4e25c702fc60c98e8e6fa988fa	resourcelifetime	pkg/logger/file/file.go:60:12	resourcelifetime/missing-release	true-positive	writeToFile opens output file but returns on fmt.Fprint error before f.Close at line68, leaking the descriptor on a feasible write failure (file.go:59-68).
proullon/ramsql	2cf07310d51d8df66a1d8c08a27966cabb72c7f4	resourcelifetime	cli/cli.go:37:15	resourcelifetime/missing-release	true-positive	CLI query rows are used for Columns/Next/Scan but never closed, including errors from Columns or Scan (cli.go:37 onward).
proullon/ramsql	2cf07310d51d8df66a1d8c08a27966cabb72c7f4	resourcelifetime	driver/driver_test.go:191:11	resourcelifetime/missing-release	true-positive	TestSelectCamelCase runs a valid SELECT and discards returned *sql.Rows without Close (driver_test.go:191 onward).
proullon/ramsql	2cf07310d51d8df66a1d8c08a27966cabb72c7f4	resourcelifetime	driver/driver_test.go:196:11	resourcelifetime/missing-release	true-positive	TestSelectCamelCase runs second valid SELECT and discards returned *sql.Rows without Close (driver_test.go:196 onward).
proullon/ramsql	2cf07310d51d8df66a1d8c08a27966cabb72c7f4	resourcelifetime	driver/driver_test.go:2703:11	resourcelifetime/missing-release	true-positive	Test runs valid SELECT and discards its returned *sql.Rows without Close (driver_test.go:2703 onward).
proullon/ramsql	2cf07310d51d8df66a1d8c08a27966cabb72c7f4	resourcelifetime	driver/driver_test.go:297:15	resourcelifetime/missing-release	true-positive	LoadUserAddresses iterates returned rows but never closes them on success or Scan error (driver_test.go:297 onward).
proullon/ramsql	2cf07310d51d8df66a1d8c08a27966cabb72c7f4	resourcelifetime	driver/tx_test.go:167:11	resourcelifetime/missing-release	false-positive	Test deliberately selects nonexistent attribute and asserts Query error; no successful *sql.Rows is expected from this acquisition (tx_test.go:167 onward).
proullon/ramsql	2cf07310d51d8df66a1d8c08a27966cabb72c7f4	resourcelifetime	driver/tx_test.go:173:15	resourcelifetime/missing-release	false-positive	Second deliberate invalid-attribute query asserts error and discards nil rows; no successfully acquired *sql.Rows requires Close (tx_test.go:173 onward).
psanford/wormhole-william	1d80e82bbbece062fcf2af2b3c754f2faf5e8896	goroutineownership	wormhole/file_transport.go:239:4	goroutineownership/unjoined	true-positive	connectDirect launches a worker per hint that sends to unbuffered successChan/failChan; timeout arm cancels Dial contexts but remains selectable and the bounded receive loop can return before all worker sends/termination, leaving a worker blocked (file_transport.go:229-260,293-344).
px-org/PanIndex	eecc1340d3de9f8587bfd12649f93b86eeb79287	resourcelifetime	boot/boot.go:169:21	resourcelifetime/missing-release	true-positive	LoadFromFile opens configFile and decodes JSON, then returns success or decode error without closing file (boot.go:169-178).
rabbitmq/amqp091-go	a0195c6baf35db642d13651cb28938f899062e7c	lockorder	connection.go:1660:3	lockorder/contradictory-order	false-positive	Reconnect locks destructorM then closeM then m; shutdown locks destructorM then m and calls IsRecoveryEnabled which takes closeM. Although m/closeM order reverses, both paths hold the same outer destructorM throughout, so the critical sections cannot overlap (connection.go:799-856,1658-1686,1760-1767).
reugn/go-quartz	139dd893183179ae3820dd78c26fdec9613ee31f	goroutineownership	quartz/scheduler.go:377:2	goroutineownership/unjoined	true-positive	StdScheduler.Wait starts a goroutine blocked on sched.wg.Wait, but returns when caller ctx is canceled without joining that waiter (scheduler.go:374-382).
reugn/go-streams	86444ed50ec3919596ef7bf9e97f69bc5a3fef3d	resourcelifetime	internal/sysmonitor/fs_test.go:95:11	resourcelifetime/missing-release	false-positive	TestOSFileSystem_Open calls fs.Open on tempDir/nonexistent.txt specifically to assert os.IsNotExist; a successful handle cannot result from that fixture path (fs_test.go:66-102).
rulego/rulego	167cb8938fd452a77892f2cb8f0fb2326d805170	goroutineownership	engine/rule_context_test.go:587:4	goroutineownership/unjoined	false-positive	Helper goroutine only sleeps fixed 50ms then closes done; cancellation branch may return without receiving done, but worker exits independently and close cannot block, so no persistent orphan (rule_context_test.go:587 onward). Repository scan incomplete.
rulego/rulego	167cb8938fd452a77892f2cb8f0fb2326d805170	lockorder	builtin/aspect/endpoint_aspect.go:473:4	lockorder/read-lock-write	true-positive	Destroy holds only e.RLock while replacing e.endpoints map; concurrent readers can enter under shared lock during mutation (endpoint_aspect.go:473 onward). Repository scan incomplete.
rulego/rulego	167cb8938fd452a77892f2cb8f0fb2326d805170	nilargument	engine/node_output_cache_test.go:201:28	nilargument/dereferenced-nil	false-positive	aggregatorResult is assigned by OnDebug callback, and test WaitGroup-joins callback before accessing Metadata; no definitely nil value (node_output_cache_test.go:201 surrounding flow). Repository scan incomplete.
rulego/rulego	167cb8938fd452a77892f2cb8f0fb2326d805170	nilargument	engine/node_output_cache_test.go:289:31	nilargument/dereferenced-nil	false-positive	functionResult is assigned by OnDebug callback, and test WaitGroup-joins callback before Metadata access; no definitely nil value (node_output_cache_test.go:289 surrounding flow). Repository scan incomplete.
rulego/rulego	167cb8938fd452a77892f2cb8f0fb2326d805170	nilargument	engine/restore_test.go:141:13	nilargument/dereferenced-nil	false-positive	lastMsg is populated through WithOnEnd callback, and test guards GetMetadata()==nil before GetValue; reported definite-nil receiver unsupported (restore_test.go:141 surrounding flow). Repository scan incomplete.
rulego/rulego	167cb8938fd452a77892f2cb8f0fb2326d805170	nilargument	engine/restore_test.go:198:6	nilargument/dereferenced-nil	false-positive	lastMsg is populated through WithOnEnd callback; callback order might permit a missing value, but source does not prove definitely nil receiver claimed by this check (restore_test.go:198 surrounding flow). Repository scan incomplete.
rulego/rulego	167cb8938fd452a77892f2cb8f0fb2326d805170	nilargument	engine/restore_test.go:65:13	nilargument/dereferenced-nil	false-positive	lastMsg is populated through WithOnEnd callback, and test explicitly guards GetMetadata()==nil before GetValue; reported definite-nil receiver unsupported (restore_test.go:65 surrounding flow). Repository scan incomplete.
sajari/docconv	785a29a00de4b976c379fd38299c220307220684	resourcelifetime	doc.go:77:22	resourcelifetime/missing-release	true-positive	Document conversion goroutine creates outputFile, defers only pathname Remove, then reads from file and sends result without closing the descriptor (doc.go:77-95).
samber/oops	a635f5aaea5da7793ca7053b0c986d48d074f690	resourcelifetime	oops_test.go:51:17	resourcelifetime/missing-release	false-positive	Test deliberately expires a 1ms context before http.DefaultClient.Do and asserts an error; no successful response/Body is expected on this acquisition (oops_test.go:47-59).
santhosh-tekuri/jsonschema	044d629dc1cb70d1d8ae72bcd650cd16e742946e	nilargument	util.go:413:18	nilargument/dereferenced-nil	false-positive	Frozen diagnostic claims argument to (*big.Int).Bytes is definitely nil, but for ordinary numeric v, big.Rat.SetString(fmt.Sprint(v)) succeeds and num.Num() returns a nonnil numerator. NaN/Inf may make SetString return nil and panic earlier; they do not prove this definite-nil Bytes claim (util.go:408-414).
sarulabs/di	b5ae2490d139cb4c7ab627c1682e4c6650da7f88	resourcelifetime	http_test.go:141:12	resourcelifetime/missing-release	true-positive	Second middleware test http.Get succeeds and discards response without closing Body (http_test.go:141-145).
sarulabs/di	b5ae2490d139cb4c7ab627c1682e4c6650da7f88	resourcelifetime	http_test.go:95:12	resourcelifetime/missing-release	true-positive	Middleware test http.Get succeeds and discards response; httptest server Close does not close client resp.Body (http_test.go:95-99).
sensepost/ruler	1fe118cf168be711c3288032c880a53201f9b94d	concurrentcapture	autodiscover/brute.go:200:7	concurrentcapture/shared-capture	true-positive	The brute-force goroutine writes captured stp while the caller reads it without synchronization; completion occurs only after the potential racing read (autodiscover/brute.go around 190-210).
sensepost/ruler	1fe118cf168be711c3288032c880a53201f9b94d	concurrentcapture	autodiscover/brute.go:245:7	concurrentcapture/shared-capture	true-positive	The launched worker writes shared captured stp and its caller may read stp without a lock before joining the worker (autodiscover/brute.go around 235-255).
sensepost/ruler	1fe118cf168be711c3288032c880a53201f9b94d	concurrentcapture	autodiscover/brute.go:298:5	concurrentcapture/shared-capture	true-positive	The launched worker mutates captured stp while the caller checks it without synchronization on a feasible path (autodiscover/brute.go around 285-310).
sensepost/ruler	1fe118cf168be711c3288032c880a53201f9b94d	resourcelifetime	autodiscover/autodiscover.go:236:13	resourcelifetime/missing-release	true-positive	OpenFile returns a writable file used by autodiscovery output; the function writes and returns without closing the successful handle (autodiscover/autodiscover.go:236 onward).
sensepost/ruler	1fe118cf168be711c3288032c880a53201f9b94d	resourcelifetime	autodiscover/brute.go:96:15	resourcelifetime/missing-release	true-positive	Successful client.Do response is read on the autodiscovery path but Body is never closed (autodiscover/brute.go:96 onward).
sensepost/ruler	1fe118cf168be711c3288032c880a53201f9b94d	resourcelifetime	http-ntlm/ntlmtransport.go:77:15	resourcelifetime/missing-release	true-positive	RoundTrip transfers ordinary responses and closes the 401 Body after draining it, but io.Copy of that Body can fail and return at lines 86-88 before Body.Close at line 90, leaking the successful response on that feasible error path.
sensepost/ruler	1fe118cf168be711c3288032c880a53201f9b94d	resourcelifetime	ruler.go:127:14	resourcelifetime/missing-release	true-positive	A successfully opened output file is written by the command and no Close is registered before return (ruler.go:127 onward).
sensepost/ruler	1fe118cf168be711c3288032c880a53201f9b94d	resourcelifetime	ruler.go:140:14	resourcelifetime/missing-release	true-positive	Successful HTTP Get yields a response whose Body remains open across the return path (ruler.go:140 onward).
sensepost/ruler	1fe118cf168be711c3288032c880a53201f9b94d	resourcelifetime	ruler.go:630:15	resourcelifetime/missing-release	true-positive	Output file opened for writing is not closed on the successful command path or its later errors (ruler.go:630 onward).
superfly/litefs	a51e72d84eeb96ad210ef407230161192120ab96	cancellationownership	cmd/litefs/main.go:85:17	cancellationownership/release	true-positive	runMount derives a cancelable context; signal branch returns on cmd.Process.Signal or ExecCh wait errors before cancel at line161, so those normal error returns lose cancel (main.go:81-163). Repository scan incomplete due dependencies.
uber/tchannel-go	ddd3ce192bb2ef1e799c6b881c841564c143a0d3	deferinloop	thrift/thrift-gen/compile_test.go:277:4	deferinloop/cleanup-lifetime	true-positive	createAdditionalTestFile loops over arbitrary input lines and opens a new output for each //Go code: marker, deferring each Close until EOF; retained descriptors scale with markers (compile_test.go:255-285).
uber/tchannel-go	ddd3ce192bb2ef1e799c6b881c841564c143a0d3	goroutineownership	testutils/wait.go:56:2	goroutineownership/unjoined	true-positive	WaitWG starts a goroutine that waits for wg then sends on unbuffered wgC; timeout arm returns with no receiver, so even a later wg completion leaves sender blocked (wait.go:52-66).
umuterturk/email-verifier	3fc2113a1ef2913db3cd8ad2814899157298ca59	lockorder	pkg/cache/redis.go:52:3	lockorder/read-lock-write	true-positive	MockCache.Get holds only mu.RLock yet deletes expired key from shared m.data; concurrent readers can enter and read map during write (redis.go:42-54).
umuterturk/email-verifier	3fc2113a1ef2913db3cd8ad2814899157298ca59	lockorder	pkg/cache/redis.go:53:3	lockorder/read-lock-write	true-positive	MockCache.Get holds only mu.RLock yet deletes expired key from shared m.ttls; concurrent readers can enter and read map during write (redis.go:42-54).
whalebrew/whalebrew	64f6e373afc26da1e8f7cb9dc396d5814ffeff34	deferinloop	actions/release/main.go:82:3	deferinloop/cleanup-lifetime	false-positive	checksums is a fixed literal map of exactly three hash algorithms, so uploadAsset retains at most three checksum input files until return; no unbounded cleanup accumulation (main.go:37-42,76-111).
whalebrew/whalebrew	64f6e373afc26da1e8f7cb9dc396d5814ffeff34	resourcelifetime	actions/release/main.go:117:13	resourcelifetime/missing-release	true-positive	getReleaseChangeLog opens fd then scans and returns on next section or EOF without closing the file (main.go:115-139).
yliu7949/KouShare-dl	9d1d67d05f0cac5dbe288df475b4945fe5e43553	resourcelifetime	live/live.go:382:18	resourcelifetime/missing-release	true-positive	Merge opens dstFile and closes after loop, but os.ReadFile or buffered Write errors return from loop before dstFile.Close (live.go:382-404).
yliu7949/KouShare-dl	9d1d67d05f0cac5dbe288df475b4945fe5e43553	resourcelifetime	slide/pdf.go:21:18	resourcelifetime/missing-release	true-positive	optimizePDF opens pdfFile and closes after object loop, but Read/Write error returns inside loop before Close (pdf.go:21-56).
yliu7949/KouShare-dl	9d1d67d05f0cac5dbe288df475b4945fe5e43553	resourcelifetime	slide/slide.go:143:18	resourcelifetime/missing-release	true-positive	Slide downloader opens dstFile and closes after io.Copy, but copy error returns before dstFile.Close (slide.go:143-153).
yliu7949/KouShare-dl	9d1d67d05f0cac5dbe288df475b4945fe5e43553	resourcelifetime	video/video.go:279:15	resourcelifetime/missing-release	true-positive	Video size probe obtains successful HTTP response via proxy.Client.Do and inspects Content-Range but never closes resp.Body (video.go:279-290).
zema1/watchvuln	f05d1aa30285da2dd9bde795919055829f911113	concurrentcapture	ctrl/ctrl.go:365:5	concurrentcapture/shared-capture	true-positive	initData launches one errgroup worker per grabber with limit len(grabbers); multiple workers can append to shared fail slice concurrently without a mutex (ctrl.go:353-381).
zema1/watchvuln	f05d1aa30285da2dd9bde795919055829f911113	concurrentcapture	ctrl/ctrl.go:375:4	concurrentcapture/shared-capture	true-positive	Multiple errgroup workers can append to shared success slice concurrently before eg.Wait; SetLimit(len(grabbers)) permits all grabbers and no lock protects the slice (ctrl.go:353-382).
zeromicro/go-queue	afd6f3b6673eb64d94967a090bbda5b4ecf7974f	nilargument	kq/internal/trace_test.go:47:2	nilargument/dereferenced-nil	false-positive	MessageCarrier wraps &msg where msg is a concrete Message containing &kafka.Message before Set; m.msg is nonnil (trace_test.go:41-47; trace.go:23-24).
zeromicro/go-queue	afd6f3b6673eb64d94967a090bbda5b4ecf7974f	nilargument	kq/internal/trace_test.go:48:2	nilargument/dereferenced-nil	false-positive	Second Set uses the same nonnil MessageCarrier.msg initialized from &msg; prior Set does not clear it (trace_test.go:41-50; trace.go:23-24).
zeromicro/go-queue	afd6f3b6673eb64d94967a090bbda5b4ecf7974f	nilargument	kq/internal/trace_test.go:49:2	nilargument/dereferenced-nil	false-positive	Third Set uses the same nonnil MessageCarrier.msg initialized from &msg; no path assigns nil to it (trace_test.go:41-50; trace.go:23-24).
zeromicro/go-queue	afd6f3b6673eb64d94967a090bbda5b4ecf7974f	nilargument	kq/internal/trace_test.go:50:2	nilargument/dereferenced-nil	false-positive	Fourth Set uses the same nonnil MessageCarrier.msg initialized from &msg; no path assigns nil to it (trace_test.go:41-50; trace.go:23-24).
zknill/sqledge	cf037715c113bbdc7cb8802c7ccd7f46fbe18aee	resourcelifetime	pkg/sqlgen/driver.go:74:15	resourcelifetime/missing-release	true-positive	CurrentSchema obtains *sql.Rows from s.db.Query, iterates and returns or errors without rows.Close; no ownership transfer (driver.go:74-102).
zorchenhimer/MovieNight	a9b1fbd3be3989959c3128fb0232490fd5af7fe2	resourcelifetime	files/files.go:58:17	resourcelifetime/missing-release	true-positive	WriteFiles probes existing directory with os.Open but discards successful file handle; when directory exists, errors.Is(nil,ErrNotExist) is false and opened descriptor is never closed (files.go:58-64).
zorchenhimer/MovieNight	a9b1fbd3be3989959c3128fb0232490fd5af7fe2	resourcelifetime	files/files.go:71:14	resourcelifetime/missing-release	true-positive	WriteFiles probes existing file with os.Open, discards successful handle, then continues without Close when err==nil (files.go:71-75).
