# repository	revision	analyzer	position	checks	verdict	reason
Autumn-27/ARTEX	bf7f414477832b77d2152539c0723dc691086522	resourcelifetime	db/exploration.go:1024:19	resourcelifetime/missing-release	true-positive	FindingLineage delegates to scanNodes, which returns early on scanNode error without closing rows. Unlike neighboring callers, FindingLineage never defers nodeRows.Close, so that error path leaks the query rows.
Autumn-27/ARTEX	bf7f414477832b77d2152539c0723dc691086522	resourcelifetime	traffic/traffic.go:1159:13	resourcelifetime/missing-release	false-positive	The acquired transaction is stored in stage.tx. Every later error calls fail, whose closure invokes stage.rollbackLocked and rolls that transaction back; success transfers the stage with documented Commit/Rollback ownership to the caller.
GoogleCloudPlatform/cloud-run-button	cdfc83adfe0327100f75d5f53edc72ca04a5d994	resourcelifetime	cmd/instrumentless/instrumentless.go:38:14	resourcelifetime/missing-release	true-positive	GetCoupon returns on a non-200 response before installing the deferred Body.Close, leaving error response bodies unclosed.
Gouryella/drip	027a60efdced31a5452545b99d6cf71552357a4a	goroutineownership	internal/client/cli/start.go:167:2	goroutineownership/unjoined	true-positive	The signal waiter is outside the tunnel wait group and blocks only on sigChan. If tunnel startup fails and the tunnel workers finish without an OS signal, the parent can return while the signal goroutine remains blocked.
Gouryella/drip	027a60efdced31a5452545b99d6cf71552357a4a	processownership	internal/client/cli/daemon.go:256:12	processownership/detached	inconclusive	The command deliberately launches a persistent daemon, waits for its readiness metadata, and exits without waiting for daemon termination. Missing Wait at this explicit daemonization boundary does not alone demonstrate an actionable process leak.
JioTV-Go/jiotv_go	d2b1bd4d70df32bb527a6a6b063a39d40765f87b	processownership	cmd/background.go:50:8	processownership/missing-wait	true-positive	After successful Start, failure writing the PID file returns before the cmd.Wait goroutine is launched, leaving the new server child without a reap owner on that error path.
JioTV-Go/jiotv_go	d2b1bd4d70df32bb527a6a6b063a39d40765f87b	resourcelifetime	cmd/autostart.go:115:15	resourcelifetime/missing-release	true-positive	grep returns immediately when a matching line is found, bypassing file.Close at the bottom.
JioTV-Go/jiotv_go	d2b1bd4d70df32bb527a6a6b063a39d40765f87b	resourcelifetime	cmd/autostart.go:135:15	resourcelifetime/missing-release	true-positive	addToBashrc returns on Fprintln error before file.Close, leaving the successful open unreleased.
JioTV-Go/jiotv_go	d2b1bd4d70df32bb527a6a6b063a39d40765f87b	resourcelifetime	cmd/autostart.go:47:16	resourcelifetime/missing-release	true-positive	AutoStart discards the newly created bashrc file handle; later path-based opens do not close that original handle.
JioTV-Go/jiotv_go	d2b1bd4d70df32bb527a6a6b063a39d40765f87b	resourcelifetime	cmd/epg_test.go:23:15	resourcelifetime/missing-release	true-positive	TestGenEPG discards the file returned by os.Create and defers only os.Remove; deleting the path does not close the descriptor.
JioTV-Go/jiotv_go	d2b1bd4d70df32bb527a6a6b063a39d40765f87b	resourcelifetime	cmd/epg_test.go:46:15	resourcelifetime/missing-release	true-positive	TestDeleteEPG creates a dummy file and discards its handle; DeleteEPG removes the path but has no way to close that original descriptor.
JioTV-Go/jiotv_go	d2b1bd4d70df32bb527a6a6b063a39d40765f87b	resourcelifetime	internal/config/config_test.go:130:18	resourcelifetime/missing-release	true-positive	TestCommonFileExists creates a temporary file, renames/removes its path, and never closes tmpFile; path cleanup does not release the handle.
RedTeamPentesting/monsoon	e0f1027cb0c256853b835d8e20d8d206a96e44ed	resourcelifetime	cmd/fuzz/main.go:403:16	resourcelifetime/missing-release	true-positive	The opened legacy wordlist is wrapped in producer.File and retained by Multiplexer, but File stores only io.ReadSeeker and neither File nor Multiplexer exposes a Close operation. Reading or seeking the source never releases the descriptor.
RedTeamPentesting/monsoon	e0f1027cb0c256853b835d8e20d8d206a96e44ed	resourcelifetime	cmd/fuzz/main.go:440:15	resourcelifetime/missing-release	true-positive	Replacement-rule files are retained in producer.File/Multiplexer without any closing protocol; subsequent rule-validation errors also abandon already-opened sources.
STRRL/cloudflare-tunnel-ingress-controller	627362f269d42ae4cb7fdfba1933d9bb078a95b0	resourcelifetime	test/e2e/suite_test.go:450:15	resourcelifetime/missing-release	true-positive	Write failure removes the pathname but returns without closing the temporary file handle.
SenseUnit/dumbproxy	b370484cab894e08e366aa48afdf8bbbbf374367	cancellationownership	dialer/command.go:52:19	cancellationownership/release	inconclusive	Pre-Start pipe/start errors omit kill, but killCtx is an untimed child of Background and no successful subprocess exists on those returns. Success transfers kill into PipeConn. Missing cancellation is visible, but a retained live resource on the error paths is not established.
SenseUnit/dumbproxy	b370484cab894e08e366aa48afdf8bbbbf374367	cancellationownership	dialer/h2.go:253:21	cancellationownership/release	true-positive	The HTTP2 dialer creates connCtx from the caller context and returns on RoundTrip or non-200 errors without connCl; only success transfers cancellation into h2Conn. These errors retain the child registration on a live cancelable parent.
SenseUnit/dumbproxy	b370484cab894e08e366aa48afdf8bbbbf374367	cancellationownership	main.go:783:20	cancellationownership/release	true-positive	The signal.NotifyContext stop function is discarded, so the signal subscription cannot be unregistered or default signal behavior restored by shutdown cleanup. Operational impact is limited by the CLI process lifetime.
SolarLune/masterplan	71601b25c20bbbfed2f339b06d13fbd4c211dfa5	deferinloop	build_script/build.go:191:3	deferinloop/cleanup-lifetime	true-positive	Each archive output is deferred until the whole build-compression function returns, so prior outputs remain open during later versions. This is lifetime extension in a bounded build list, not evidence of large-scale descriptor exhaustion.
abhinav/git-spice	87c660b2b3738596c04d6bd98015bb62cee51ef4	resourcelifetime	internal/spice/stack_edit.go:115:12	resourcelifetime/missing-release	true-positive	editStackFile opens the edited file and scans it without Close on success, invalid branch, scanner error, or abort paths. bufio.Scanner does not own or close the descriptor.
alajmo/mani	ca8160952af5867429b54659a66cff3cc4ba656f	resourcelifetime	core/dao/config.go:542:12	resourcelifetime/missing-release	true-positive	Configuration initialization returns on template.Execute error before closing the created mani.yaml file.
alajmo/sake	86986df901293db0f7d1e548ef34c849bb1f709d	concurrentcapture	core/run/table.go:193:7	concurrentcapture/shared-capture	false-positive	Step mode forces forks=1 before making waitChan; taskContinue reads and writes occur only in Step mode and inside the send/acquire then receive/release semaphore region, serializing all accesses.
alajmo/sake	86986df901293db0f7d1e548ef34c849bb1f709d	concurrentcapture	core/run/table.go:434:8	concurrentcapture/shared-capture	false-positive	The batch path sets forks=1 whenever Step is true, and accesses taskContinue only under Step while holding the capacity-one waitChan semaphore. Non-Step parallel execution does not access this boolean.
alajmo/sake	86986df901293db0f7d1e548ef34c849bb1f709d	concurrentcapture	core/run/text.go:179:7	concurrentcapture/shared-capture	false-positive	Step mode selects capacity-one waitChan; all taskContinue reads/writes are guarded by Step and occur between acquiring and releasing that semaphore.
alajmo/sake	86986df901293db0f7d1e548ef34c849bb1f709d	concurrentcapture	core/run/text.go:436:8	concurrentcapture/shared-capture	false-positive	The per-server batch workers access taskContinue only while Step is enabled, which sets forks=1; their waitChan send/receive region serializes those accesses.
alajmo/sake	86986df901293db0f7d1e548ef34c849bb1f709d	lockorder	core/run/exec.go:1081:3	lockorder/missing-release	false-positive	confirmExecute creates a local mutex that is never shared or escaped. Returning on input error while it remains locked cannot block another participant or later acquisition.
alajmo/sake	86986df901293db0f7d1e548ef34c849bb1f709d	lockorder	core/run/exec.go:1099:3	lockorder/missing-release	true-positive	StepTaskExecute locks a caller-supplied shared mutex and returns on ReadString error without unlocking; later task prompts can block permanently.
alajmo/sake	86986df901293db0f7d1e548ef34c849bb1f709d	lockorder	core/run/ssh.go:328:3	lockorder/missing-release	true-positive	askIsHostTrusted locks the caller-supplied prompt mutex and returns false on input error without unlocking it, blocking subsequent users of that shared mutex.
alajmo/sake	86986df901293db0f7d1e548ef34c849bb1f709d	resourcelifetime	core/dao/config.go:549:12	resourcelifetime/missing-release	true-positive	Configuration initialization creates sake.yaml then returns on template.Execute error before f.Close, leaking the output file on write failure.
anatol/booster	55ef72ad974c850ef56dc837dbd965b7369bfa51	processownership	tests/supplantation_premise_test.go:49:21	processownership/missing-wait	true-positive	startSwtpmTCP registers only Process.Kill in t.Cleanup; neither the helper nor returned string carries a Wait owner, so killing the test daemon does not reap it.
anatol/booster	55ef72ad974c850ef56dc837dbd965b7369bfa51	processownership	tests/util.go:78:12	processownership/missing-wait	true-positive	startSwtpm transfers Process on success, but waitForFile failure after successful Start returns nil without kill or wait, losing the started child.
anatol/booster	55ef72ad974c850ef56dc837dbd965b7369bfa51	resourcelifetime	generator/unpack.go:210:17	resourcelifetime/missing-release	true-positive	The regular-file extraction callback creates fout and copies content but never closes it on either success or io.Copy error, accumulating descriptors across archive entries.
anatol/booster	55ef72ad974c850ef56dc837dbd965b7369bfa51	resourcelifetime	generator/unpack.go:95:16	resourcelifetime/missing-release	true-positive	processImage opens the input archive without Close; filetype errors return immediately and gzip/zstd reader cleanup does not close the underlying os.File.
anatol/booster	55ef72ad974c850ef56dc837dbd965b7369bfa51	resourcelifetime	init/plymouth.go:91:15	resourcelifetime/missing-release	true-positive	The /dev/kmsg file is closed after successful command Start only; Start failure returns while the parent still owns the opened file.
apenella/go-ansible	26b23438805ed0c3ec184e2c49f1d17329a2c27f	deferinloop	examples/ansibleplaybook-simple-embedfs/ansibleplaybook-simple-embedfs.go:86:4	deferinloop/cleanup-lifetime	true-positive	copyDir defers each created destination file Close until the entire directory call returns, retaining prior files through later entries instead of closing after each copy.
asciimoo/omnom	1f0c1a314b96c9a10efc7ea91c5de0bf511fb931	resourcelifetime	storage/fs/fs.go:234:12	resourcelifetime/missing-release	true-positive	SaveStream creates a file and copies content but never closes f on success or error; renaming or removing its path does not release the descriptor.
atlassian/escalator	a09f24f99035c45260f4ed057b7efd824ce4dc38	resourcelifetime	cmd/main.go:96:21	resourcelifetime/missing-release	true-positive	setupNodeGroups opens the configuration file and passes it to UnmarshalNodeGroupOptions, which only decodes an io.Reader; no path closes the file before returning parsed options or an error.
automuteus/automuteus	301211d98e60be29a0e8f566639c055d6ccc6d41	resourcelifetime	main.go:74:16	resourcelifetime/missing-release	inconclusive	File is retained by process-wide logging through io.MultiWriter; no explicit close is available, but intended process-lifetime ownership prevents establishing an actionable leak from this local diagnostic alone.
aviator-co/av	6a11f1eda486032e5415f1bdb586f0d8069993b6	processownership	internal/utils/browser/browser.go:64:12	processownership/detached	true-positive	Browser opener Cmd is started and discarded without Wait; CommandContext cancellation does not reap it.
aviator-co/av	6a11f1eda486032e5415f1bdb586f0d8069993b6	resourcelifetime	internal/editor/editor.go:105:12	resourcelifetime/missing-release	true-positive	parseResult opens a file for scanning and never closes it on return; Scanner does not own or close its input.
aws/amazon-eks-pod-identity-webhook	81bcb64a91e08b9de60c9d8f9df299f57075b09f	resourcelifetime	pkg/filesystem/file_watcher_test.go:58:15	resourcelifetime/missing-release	true-positive	The Empty-file setup creates a file and discards the handle. Subsequent watcher operations receive only the path and cannot release this descriptor.
bjarneo/ku	731168a38ba72307fea93c424e0e6220d26c60c2	processownership	internal/ui/docs.go:106:9	processownership/detached	true-positive	openBrowser starts and discards the browser-opener Cmd; the continuing UI never Waits, so exited opener processes are not reaped.
boostsecurityio/poutine	bd4c1f86fe8cfe61b456f1ea2b2106ce0cac51d6	goroutineownership	analyze/analyze.go:140:2	goroutineownership/unjoined	true-positive	Semaphore Acquire error returns before closing pkgChan or waiting pkgWg. The collector remains blocked ranging pkgChan, and previously started workers can still append into the returned slice.
cloudflare/artifact-fs	2b87a48691ef4ae82d391b7bbe4976c06c7fadf7	resourcelifetime	internal/fusefs/fuse_unix.go:275:18	resourcelifetime/missing-release	false-positive	pinOpenHandles installs the opened file in fh.cacheFile and closes the replaced file. The handle is already retained by fs.fileHandles; ReleaseFileHandle invokes fh.release to close its cached file.
cloudflare/artifact-fs	2b87a48691ef4ae82d391b7bbe4976c06c7fadf7	resourcelifetime	internal/fusefs/fuse_unix.go:277:18	resourcelifetime/missing-release	false-positive	The fallback read-only file follows the same fh.cacheFile ownership transfer and ReleaseFileHandle/fh.release cleanup as the primary open; no post-success error bypasses that transfer.
criyle/go-judge	c7d71e3cc2b18d2a43387a462f314b8e40e89183	resourcelifetime	envexec/file_pipe_linux_test.go:120:23	resourcelifetime/missing-release	true-positive	The initial CreateTemp handle is used only for Name and never closed. Subtests open separate handles by that path; closing those handles or removing the path does not close the original descriptor.
criyle/go-judge	c7d71e3cc2b18d2a43387a462f314b8e40e89183	resourcelifetime	envexec/file_pipe_linux_test.go:33:20	resourcelifetime/missing-release	true-positive	mainOutFile CreateTemp remains open; dd writes to its pathname rather than inheriting this handle. Deferred os.Remove only unlinks the path and does not close the original descriptor.
criyle/go-judge	c7d71e3cc2b18d2a43387a462f314b8e40e89183	resourcelifetime	envexec/file_pipe_linux_test.go:34:23	resourcelifetime/missing-release	true-positive	The initial sideBufferFile CreateTemp handle is used only for Name and never closed. newStore opens separate handles; closing those or removing the path does not close this descriptor.
cvilsmeier/go-sqlite-bench	8120500994fdd09dfd0e51695e734c5fa7d12923	concurrentcapture	app/app.go:544:4	concurrentcapture/shared-capture	true-positive	Concurrent benchmark workers overwrite the outer users slice and iterate it without synchronization; each worker has its own DB but not its own users variable.
cyrilgdn/terraform-provider-postgresql	38060527b58f1edc9e2f71bbdc608bf68d22a3f7	resourcelifetime	postgresql/resource_postgresql_grant.go:380:15	resourcelifetime/missing-release	false-positive	Rows belong to the supplied sql.Tx. Both readRolePrivileges callers defer deferredRollback(txn) immediately after acquisition and return its result; the column helper is only called through it. Exhaustion closes rows normally and parent transaction rollback closes remaining rows on Scan error/early break. Missing caller-owned parent cleanup evidence, not an unowned result set.
cyrilgdn/terraform-provider-postgresql	38060527b58f1edc9e2f71bbdc608bf68d22a3f7	resourcelifetime	postgresql/resource_postgresql_grant.go:475:15	resourcelifetime/missing-release	false-positive	Rows belong to the supplied sql.Tx. Both readRolePrivileges callers defer deferredRollback(txn) immediately after acquisition and return its result; the column helper is only called through it. Exhaustion closes rows normally and parent transaction rollback closes remaining rows on Scan error/early break. Missing caller-owned parent cleanup evidence, not an unowned result set.
cyrilgdn/terraform-provider-postgresql	38060527b58f1edc9e2f71bbdc608bf68d22a3f7	resourcelifetime	postgresql/resource_postgresql_grant.go:497:15	resourcelifetime/missing-release	false-positive	Rows belong to the supplied sql.Tx. Both readRolePrivileges callers defer deferredRollback(txn) immediately after acquisition and return its result; the column helper is only called through it. Exhaustion closes rows normally and parent transaction rollback closes remaining rows on Scan error/early break. Missing caller-owned parent cleanup evidence, not an unowned result set.
databacker/mysql-backup	7510e3fc2f2ff27e60d74056ffbfb03277a27747	resourcelifetime	pkg/archive/tar.go:111:14	resourcelifetime/missing-release	true-positive	Untar opens the target file then returns directly on io.Copy error, before its normal-path Close; no deferred cleanup covers copy failures.
databacker/mysql-backup	7510e3fc2f2ff27e60d74056ffbfb03277a27747	resourcelifetime	pkg/archive/tar.go:52:13	resourcelifetime/missing-release	true-positive	Tar's walk callback opens a source file then returns on io.Copy failure before Close. Outer archive/writer cleanup does not close this input file.
databacker/mysql-backup	7510e3fc2f2ff27e60d74056ffbfb03277a27747	resourcelifetime	test/backup_test.go:760:28	resourcelifetime/missing-release	true-positive	The opened backup file is passed as io.Reader to gunzipUntarScanFilter, which only closes its gzip reader. gzip.Reader.Close does not close its underlying file, and the caller never closes the file.
decke/smtprelay	0df87cab3b0f25c33f82eb7da6a55d7159ccf482	resourcelifetime	smtp.go:356:12	resourcelifetime/missing-release	false-positive	TLS SendMail defers conn.Close before calling NewClient(conn); NewClient wraps that same connection in textproto.Conn and Client.Close only closes the same underlying connection. The inferred wrapper obligation is already discharged by the deferred original connection Close on every return.
deviceinsight/kafkactl	9005d01a0bf1c925b663c62629e450f1815794c9	concurrentcapture	internal/consumergroupoffsets/consumer-group-offset-operation.go:127:4	concurrentcapture/shared-capture	true-positive	Parallel partition/topic workers assign shared outer err (and shared led in readTopic); completion channels/errgroup.Wait do not serialize those concurrent accesses.
deviceinsight/kafkactl	9005d01a0bf1c925b663c62629e450f1815794c9	concurrentcapture	internal/consumergroupoffsets/consumer-group-offset-operation.go:237:4	concurrentcapture/shared-capture	true-positive	Parallel partition/topic workers assign shared outer err (and shared led in readTopic); completion channels/errgroup.Wait do not serialize those concurrent accesses.
deviceinsight/kafkactl	9005d01a0bf1c925b663c62629e450f1815794c9	concurrentcapture	internal/partition/partition-operation.go:205:20	concurrentcapture/shared-capture	true-positive	Parallel partition/topic workers assign shared outer err (and shared led in readTopic); completion channels/errgroup.Wait do not serialize those concurrent accesses.
deviceinsight/kafkactl	9005d01a0bf1c925b663c62629e450f1815794c9	concurrentcapture	internal/topic/topic-operation.go:853:25	concurrentcapture/shared-capture	true-positive	Parallel partition/topic workers assign shared outer err (and shared led in readTopic); completion channels/errgroup.Wait do not serialize those concurrent accesses.
deviceinsight/kafkactl	9005d01a0bf1c925b663c62629e450f1815794c9	concurrentcapture	internal/topic/topic-operation.go:863:8	concurrentcapture/shared-capture	true-positive	Parallel partition/topic workers assign shared outer err (and shared led in readTopic); completion channels/errgroup.Wait do not serialize those concurrent accesses.
deviceinsight/kafkactl	9005d01a0bf1c925b663c62629e450f1815794c9	goroutineownership	internal/producer/producer-operation.go:165:3	goroutineownership/unjoined	true-positive	Signal-waiting worker has no exit path when input processing completes without a signal; caller neither stops signal subscription nor joins/cancels worker.
deviceinsight/kafkactl	9005d01a0bf1c925b663c62629e450f1815794c9	processownership	internal/k8s/runner.go:74:9	processownership/missing-wait	true-positive	filterOutput write/read failure returns before cmd.Wait after successful cmd.Start.
deviceinsight/kafkactl	9005d01a0bf1c925b663c62629e450f1815794c9	resourcelifetime	internal/producer/producer-operation.go:190:23	resourcelifetime/missing-release	true-positive	File input is opened into io.Reader and scanned without Close on completion or error.
digitalocean/csi-digitalocean	7044622250dcdfc38ae1c1d0393b6b937f5ffa19	cancellationownership	driver/controller_test.go:603:14	cancellationownership/release	true-positive	TestWaitAction discards timeout cancellation. The completion case returns after three polling ticks before the five-second deadline, leaving the timer live; the separate timeout case naturally expires but does not cover the successful case.
dim-an/cod	26309c9a8b93cabcf88300b6580a9e28c11742b3	processownership	daemon.go:63:8	processownership/detached	inconclusive	daemonMain intentionally starts a persistent forked-daemon and returns after its readiness signal so it can outlive the launcher. Missing Wait alone does not establish actionable failure for this daemonization boundary.
dim-an/cod	26309c9a8b93cabcf88300b6580a9e28c11742b3	processownership	test/lib.go:127:9	processownership/missing-wait	true-positive	LaunchFakeShell retains Process in fakeShellProcMap; explicit KillFakeShell waits, but Workbench.Close only kills remaining processes and deletes map entries without Wait. Cleanup-only test paths can leave children unreaped.
dim-an/cod	26309c9a8b93cabcf88300b6580a9e28c11742b3	processownership	test/smoke_test.go:32:9	processownership/missing-wait	true-positive	TestDaemonSmoke defers Process.Kill but never waits for the foreground child; Workbench.Close does not own this Cmd.
dim-an/cod	26309c9a8b93cabcf88300b6580a9e28c11742b3	resourcelifetime	commands.go:300:17	resourcelifetime/missing-release	true-positive	learnMain creates a server client backed by a connection and performs Request without calling Client.Close, including the ordinary dry-run return.
dim-an/cod	26309c9a8b93cabcf88300b6580a9e28c11742b3	resourcelifetime	datastore/sqlitedb.go:243:15	resourcelifetime/missing-release	true-positive	GetAllCompletions returns immediately on rows.Scan failure without closing rows; normal iterator exhaustion closes rows but does not cover this early exit.
edoardottt/csprecon	4ccfc64005d4b92d25658771360c590e969bda8a	resourcelifetime	pkg/csprecon/csprecon.go:41:13	resourcelifetime/missing-release	true-positive	New discards the file returned by os.Create and retains only the output path; no handle is available to close.
encodeous/nylon	c4a96c804f7aa08512721dec7994907eab100bc8	cancellationownership	core/nylon.go:83:17	cancellationownership/release	true-positive	NewNylon returns on log-directory/file setup errors without invoking the cancel created earlier. Successful construction transfers Cancel into Nylon, but those earlier error paths do not.
encodeous/nylon	c4a96c804f7aa08512721dec7994907eab100bc8	lockorder	polyamide/device/channels.go:127:4	lockorder/recursive-acquire	false-positive	The loop consumes per-work containers; retaining a lock on one does not prove the next received container is the same locked instance. Returned containers are reset to sync.Mutex{} in GetInbound/OutboundElementsContainer before reuse; pipeline decryption/encryption unlocks before sequential consumption. This is a loop-generation/ownership identity gap, not a demonstrated recursive acquisition.
encodeous/nylon	c4a96c804f7aa08512721dec7994907eab100bc8	lockorder	polyamide/device/channels.go:94:4	lockorder/recursive-acquire	false-positive	The loop consumes per-work containers; retaining a lock on one does not prove the next received container is the same locked instance. Returned containers are reset to sync.Mutex{} in GetInbound/OutboundElementsContainer before reuse; pipeline decryption/encryption unlocks before sequential consumption. This is a loop-generation/ownership identity gap, not a demonstrated recursive acquisition.
encodeous/nylon	c4a96c804f7aa08512721dec7994907eab100bc8	lockorder	polyamide/device/device.go:244:2	lockorder/contradictory-order	true-positive	SetPrivateKey locks staticIdentity then peers. SendKeepalivesToPeersWithCurrentKeypair retains peers.RLock while SendKeepalive can call SendStagedPackets, SendHandshakeInitiation, and CreateMessageInitiation taking staticIdentity.RLock when the key nonce expires. The reverse order concerns the same device locks.
encodeous/nylon	c4a96c804f7aa08512721dec7994907eab100bc8	lockorder	polyamide/device/device.go:481:2	lockorder/contradictory-order	true-positive	BindSetMark holds net.Lock before peers.RLock. SendKeepalivesToPeersWithCurrentKeypair holds peers.RLock while the nonce-expired handshake path synchronously reaches SendBuffers and net.RLock, establishing the opposite order with a writer lock.
encodeous/nylon	c4a96c804f7aa08512721dec7994907eab100bc8	lockorder	polyamide/device/noise-protocol.go:542:3	lockorder/contradictory-order	true-positive	ConsumeMessageResponse holds handshake.RLock while requesting staticIdentity.RLock. SetPrivateKey holds staticIdentity.Lock through ExpireCurrentKeypairs, which requests that peer handshake.Lock. These same-instance operations can wait on one another.
encodeous/nylon	c4a96c804f7aa08512721dec7994907eab100bc8	lockorder	polyamide/device/peer.go:231:2	lockorder/contradictory-order	inconclusive	Start holds its peer state lock before its handshake lock. The apparent reverse path in SetPrivateKey unlocks the removed peer handshake before Stop takes that peer state lock, retaining only other peers handshakes. A feasible cross-peer cycle has not been established or excluded by the bounded source review.
encodeous/nylon	c4a96c804f7aa08512721dec7994907eab100bc8	lockorder	polyamide/device/receive.go:179:6	lockorder/recursive-acquire	false-positive	Lock occurs only for a missing peer-map entry, on a newly obtained container whose mutex is reset by GetInboundElementsContainer. Subsequent packets for the same peer reuse the map entry without locking again; treating the loop SSA value as one persistent locked mutex is false.
encodeous/nylon	c4a96c804f7aa08512721dec7994907eab100bc8	lockorder	polyamide/device/receive.go:445:3	lockorder/recursive-acquire	false-positive	The loop consumes per-work containers; retaining a lock on one does not prove the next received container is the same locked instance. Returned containers are reset to sync.Mutex{} in GetInbound/OutboundElementsContainer before reuse; pipeline decryption/encryption unlocks before sequential consumption. This is a loop-generation/ownership identity gap, not a demonstrated recursive acquisition.
encodeous/nylon	c4a96c804f7aa08512721dec7994907eab100bc8	lockorder	polyamide/device/send.go:336:4	lockorder/recursive-acquire	false-positive	The loop consumes per-work containers; retaining a lock on one does not prove the next received container is the same locked instance. Returned containers are reset to sync.Mutex{} in GetInbound/OutboundElementsContainer before reuse; pipeline decryption/encryption unlocks before sequential consumption. This is a loop-generation/ownership identity gap, not a demonstrated recursive acquisition.
encodeous/nylon	c4a96c804f7aa08512721dec7994907eab100bc8	lockorder	polyamide/device/send.go:518:4	lockorder/recursive-acquire	false-positive	The loop consumes per-work containers; retaining a lock on one does not prove the next received container is the same locked instance. Returned containers are reset to sync.Mutex{} in GetInbound/OutboundElementsContainer before reuse; pipeline decryption/encryption unlocks before sequential consumption. This is a loop-generation/ownership identity gap, not a demonstrated recursive acquisition.
encodeous/nylon	c4a96c804f7aa08512721dec7994907eab100bc8	lockorder	polyamide/device/send.go:527:3	lockorder/recursive-acquire	false-positive	The loop consumes per-work containers; retaining a lock on one does not prove the next received container is the same locked instance. Returned containers are reset to sync.Mutex{} in GetInbound/OutboundElementsContainer before reuse; pipeline decryption/encryption unlocks before sequential consumption. This is a loop-generation/ownership identity gap, not a demonstrated recursive acquisition.
encodeous/nylon	c4a96c804f7aa08512721dec7994907eab100bc8	resourcelifetime	core/nylon.go:128:13	resourcelifetime/missing-release	inconclusive	Log file is retained by text handler and Nylon logger, but Cleanup exposes no file close. Operational defect depends on Nylon lifecycle/reinitialization versus process-long ownership; do not call retention alone a proven leak.
encodeous/nylon	c4a96c804f7aa08512721dec7994907eab100bc8	resourcelifetime	polyamide/main.go:186:18	resourcelifetime/missing-release	inconclusive	DevNull descriptor is intentionally passed in daemon child ProcAttr, then parent releases child and returns from main. No explicit Close occurs, but parent process exit closes its copies; not a demonstrated accumulating leak.
encodeous/nylon	c4a96c804f7aa08512721dec7994907eab100bc8	resourcelifetime	polyamide/main.go:190:18	resourcelifetime/missing-release	inconclusive	DevNull descriptor is intentionally passed in daemon child ProcAttr, then parent releases child and returns from main. No explicit Close occurs, but parent process exit closes its copies; not a demonstrated accumulating leak.
encodeous/nylon	c4a96c804f7aa08512721dec7994907eab100bc8	resourcelifetime	polyamide/main.go:191:18	resourcelifetime/missing-release	inconclusive	DevNull descriptor is intentionally passed in daemon child ProcAttr, then parent releases child and returns from main. No explicit Close occurs, but parent process exit closes its copies; not a demonstrated accumulating leak.
encodeous/nylon	c4a96c804f7aa08512721dec7994907eab100bc8	resourcelifetime	polyamide/main.go:192:18	resourcelifetime/missing-release	inconclusive	DevNull descriptor is intentionally passed in daemon child ProcAttr, then parent releases child and returns from main. No explicit Close occurs, but parent process exit closes its copies; not a demonstrated accumulating leak.
epinio/epinio	79a39e68855077d9efce0e8d6a4030dad876fefe	producerlifecycle	internal/api/v1/proxy/proxy.go:204:4	producerlifecycle/abandoned-send	true-positive	Two copying goroutines can send errors to the same unbuffered localError, but the parent receives only once before returning. If the other copy errors first, this send has no receiver or cancellation alternative.
epinio/epinio	79a39e68855077d9efce0e8d6a4030dad876fefe	producerlifecycle	internal/api/v1/proxy/proxy.go:214:4	producerlifecycle/abandoned-send	true-positive	The parent can return on remoteDone or the first copy error while this copy sends another non-net.ErrClosed error to unbuffered localError; connection cleanup cannot unblock an already blocked channel send.
epinio/epinio	79a39e68855077d9efce0e8d6a4030dad876fefe	producerlifecycle	pkg/api/core/v1/client/portforwarder.go:207:4	producerlifecycle/abandoned-send	true-positive	Both directional copy workers share an unbuffered error channel and the parent accepts one event only; a concurrent non-closed network error in the other direction can leave this sender blocked forever.
epinio/epinio	79a39e68855077d9efce0e8d6a4030dad876fefe	producerlifecycle	pkg/api/core/v1/client/portforwarder.go:219:4	producerlifecycle/abandoned-send	true-positive	This copy worker sends without cancellation after the parent may already return on remoteDone or another error; deferred socket Close does not release a sender already blocked on localError.
epinio/epinio	79a39e68855077d9efce0e8d6a4030dad876fefe	resourcelifetime	acceptance/api/v1/helpers_test.go:78:15	resourcelifetime/missing-release	true-positive	uploadApplication reads and decodes the HTTP response body but returns only a parsed UploadResponse, never closing the body on success or assertion-failure paths.
epinio/epinio	79a39e68855077d9efce0e8d6a4030dad876fefe	resourcelifetime	acceptance/helpers/catalog/misc.go:314:15	resourcelifetime/missing-release	true-positive	The temporary JSON file is encoded and passed to kubectl by filename; eventual os.Remove removes the path but no code closes the original file descriptor.
epinio/epinio	79a39e68855077d9efce0e8d6a4030dad876fefe	resourcelifetime	acceptance/helpers/exec.go:21:18	resourcelifetime/missing-release	true-positive	CreateTmpFile returns immediately on Write failure before its success-path Close; returning the filename does not transfer the open file handle.
epinio/epinio	79a39e68855077d9efce0e8d6a4030dad876fefe	resourcelifetime	acceptance/helpers/machine/users.go:69:15	resourcelifetime/missing-release	true-positive	The user-secret JSON file is created and encoded, then its path is used by kubectl and removed, without closing the open file descriptor.
epinio/epinio	79a39e68855077d9efce0e8d6a4030dad876fefe	resourcelifetime	internal/api/v1/application/part.go:156:15	resourcelifetime/missing-release	true-positive	The chart file lacks a close on Stat error; success also passes only bufio.Reader into DataFromReader, which does not convey the underlying file Close obligation.
epinio/epinio	79a39e68855077d9efce0e8d6a4030dad876fefe	resourcelifetime	internal/cli/server/server.go:182:22	resourcelifetime/missing-release	true-positive	swaggerHandler opens swagger.json and decodes it without closing on either error or successful JSON response, leaking a descriptor on repeated requests.
epinio/epinio	79a39e68855077d9efce0e8d6a4030dad876fefe	resourcelifetime	internal/urlcache/urlcache.go:124:19	resourcelifetime/missing-release	true-positive	fetchFile returns for HTTP status>=400 before registering the deferred Body.Close; error responses therefore retain an unclosed body.
etcd-io/raft	3cbf6a74be3fa392edd8b64253fcd11c3ce5649b	producerlifecycle	node_test.go:323:6	producerlifecycle/abandoned-send	inconclusive	Unbuffered send acknowledges a proposed configuration change and caller consumes expected acknowledgments before stopping and joining worker. A blocked send would require extra/repeated protocol delivery; this local finding does not prove that path, nor does source inspection establish full raft delivery invariants.
etcd-io/raft	3cbf6a74be3fa392edd8b64253fcd11c3ce5649b	producerlifecycle	node_test.go:753:6	producerlifecycle/abandoned-send	inconclusive	Unbuffered send acknowledges a proposed configuration change and caller consumes expected acknowledgments before stopping and joining worker. A blocked send would require extra/repeated protocol delivery; this local finding does not prove that path, nor does source inspection establish full raft delivery invariants.
fclairamb/ftpserver	e072b7c5cccd481b85dc19aa4ea9243825736c8d	resourcelifetime	main.go:67:18	resourcelifetime/missing-release	inconclusive	File is retained by io.MultiWriter and slog.TextHandler for process-lifetime logging in main; no explicit Close exists, but the retained logger is used until process exit, so a harmful resource leak is not established.
fencesandbox/fence	737751a82b49f287b41f8a3e62ec62919d7b9224	processownership	internal/sandbox/linux.go:304:12	processownership/detached	false-positive	The HTTP process is retained in bridge.httpProcess. Subsequent startup failures call bridge.Cleanup, which kills and waits both processes; success returns the bridge owner for later Cleanup.
fencesandbox/fence	737751a82b49f287b41f8a3e62ec62919d7b9224	processownership	internal/sandbox/linux.go:317:12	processownership/detached	false-positive	The SOCKS process is retained in bridge.socksProcess; timeout calls Cleanup with Wait, and successful startup transfers the bridge with that cleanup method.
fencesandbox/fence	737751a82b49f287b41f8a3e62ec62919d7b9224	processownership	internal/sandbox/linux.go:529:13	processownership/missing-wait	false-positive	startLeg appends every started process to bridge.processes; later failures invoke Cleanup, which iterates that collection and kills/waits each Cmd, while success returns the owning bridge.
fluxcd/helm-controller	9e3b557701a90cfd1a488631e656f6ff9b78e0b4	resourcelifetime	internal/oomwatch/watch_test.go:132:15	resourcelifetime/missing-release	true-positive	os.Create creates the memory-current fixture but its returned handle is discarded. Later code passes only its path to Watcher; t.TempDir cleanup unlinks files without closing this descriptor.
fluxcd/helm-controller	9e3b557701a90cfd1a488631e656f6ff9b78e0b4	resourcelifetime	internal/oomwatch/watch_test.go:151:13	resourcelifetime/missing-release	true-positive	os.Create creates the memory-current fixture but its returned handle is discarded. Later code passes only its path to Watcher; t.TempDir cleanup unlinks files without closing this descriptor.
fluxcd/helm-controller	9e3b557701a90cfd1a488631e656f6ff9b78e0b4	resourcelifetime	internal/oomwatch/watch_test.go:38:13	resourcelifetime/missing-release	true-positive	os.Create creates the memory-current fixture but its returned handle is discarded. Later code passes only its path to Watcher; t.TempDir cleanup unlinks files without closing this descriptor.
fluxcd/helm-controller	9e3b557701a90cfd1a488631e656f6ff9b78e0b4	resourcelifetime	internal/oomwatch/watch_test.go:63:14	resourcelifetime/missing-release	true-positive	os.Create creates the memory-current fixture but its returned handle is discarded. Later code passes only its path to Watcher; t.TempDir cleanup unlinks files without closing this descriptor.
fosrl/newt	268d97cc40b0fc9cf7b90c7335efeca9470e89f3	resourcelifetime	examples/logger_examples.go:120:20	resourcelifetime/missing-release	true-positive	Example creates an owned file writer then retains it in a local logging wrapper without closing it; all wrappers are discarded at function return and expose no automatic cleanup.
fosrl/newt	268d97cc40b0fc9cf7b90c7335efeca9470e89f3	resourcelifetime	examples/logger_examples.go:96:19	resourcelifetime/missing-release	true-positive	Example creates an owned file writer then retains it in a local logging wrapper without closing it; all wrappers are discarded at function return and expose no automatic cleanup.
fosrl/newt	268d97cc40b0fc9cf7b90c7335efeca9470e89f3	resourcelifetime	nativessh/server.go:197:17	resourcelifetime/missing-release	true-positive	PTY can be acquired by pty-req followed by exec, which returns before the end-of-loop !started cleanup. Shell-started goroutine cleanup does not cover that request sequence.
gabe565/CastSponsorSkip	f51d5e7eac0ac6c8976b68e0c0a1fabb383468c1	resourcelifetime	internal/config/completions.go:134:19	resourcelifetime/missing-release	true-positive	JSON Decode failure returns before response.Body.Close. Deferred request cancellation does not fulfill the response-body Close obligation.
gmhafiz/go8	d671634a949cb39cfea2236beaf1c4059e8c699b	resourcelifetime	e2e/main.go:236:13	resourcelifetime/missing-release	true-positive	Readiness poll discards successful response without closing it. The local readiness handler writes JSON on success and errors, so the body is not invariably empty.
gmhafiz/go8	d671634a949cb39cfea2236beaf1c4059e8c699b	resourcelifetime	e2e/main.go:255:14	resourcelifetime/missing-release	true-positive	Readiness poll discards successful response without closing it. The local readiness handler writes JSON on success and errors, so the body is not invariably empty.
go-flutter-desktop/hover	7931f85fdcb7f1f2f1089e97493843f811ef4315	resourcelifetime	cmd/plugins.go:576:14	resourcelifetime/missing-release	true-positive	HTTP response body is read but never closed, including read/JSON failure paths.
go-flutter-desktop/hover	7931f85fdcb7f1f2f1089e97493843f811ef4315	resourcelifetime	internal/enginecache/cache.go:73:19	resourcelifetime/missing-release	true-positive	Archive entry Open failure returns after creating output file but before closing it.
go-graphite/go-carbon	76c7e5af3be64e7b3f55d788e57c518bfdca46fa	resourcelifetime	carbon/grace.go:70:15	resourcelifetime/missing-release	true-positive	DumpBinary or flush failure returns before closing dump/xlog files; xlog creation failure also leaves dump open.
go-graphite/go-carbon	76c7e5af3be64e7b3f55d788e57c518bfdca46fa	resourcelifetime	carbon/grace.go:77:15	resourcelifetime/missing-release	true-positive	DumpBinary or flush failure returns before closing dump/xlog files; xlog creation failure also leaves dump open.
go-graphite/go-carbon	76c7e5af3be64e7b3f55d788e57c518bfdca46fa	resourcelifetime	carbonserver/flc.go:145:20	resourcelifetime/missing-release	true-positive	gzip.NewReader failure or unsupported version returns without closing the successfully opened file.
go-graphite/go-carbon	76c7e5af3be64e7b3f55d788e57c518bfdca46fa	resourcelifetime	helper/atomicfiles/atomicfiles.go:11:18	resourcelifetime/missing-release	true-positive	Write or Sync failure returns before temporary file Close.
go-graphite/go-carbon	76c7e5af3be64e7b3f55d788e57c518bfdca46fa	resourcelifetime	receiver/http/http_test.go:86:16	resourcelifetime/missing-release	true-positive	Error HTTP status branch omits response Body.Close; HTTP error status does not imply a transport error or absent response body.
go101/golds	1688da261ff16395a16f2ed751ac43e9e1be290d	processownership	internal/util/openbrowser.go:24:9	processownership/detached	true-positive	OpenBrowser starts a browser-opener helper and discards Cmd without Wait or transfer; its callers continue serving documentation, so an exited helper can remain unreaped during the long-lived server.
golang/exp	85c1c2202aba13ab812be55279024d8594344c1f	lockorder	trace/flightrecorder.go:166:4	lockorder/missing-release	true-positive	Flight recorder takes ringMu then returns on zero frequency before Unlock, leaving it held on the explicit malformed-trace error path.
golang/exp	85c1c2202aba13ab812be55279024d8594344c1f	resourcelifetime	cmd/apidiff/main.go:225:12	resourcelifetime/missing-release	true-positive	writeModuleExportData returns on WriteBundle error before normal f.Close.
golang/exp	85c1c2202aba13ab812be55279024d8594344c1f	resourcelifetime	errors/example_test.go:40:12	resourcelifetime/missing-release	false-positive	Negative error example/test intentionally opens non-existing relative file to inspect PathError. The pinned package supplies no such file or setup creating it, so no resource is acquired in its intended fixture. Do not generalize this into a filename exemption.
golang/exp	85c1c2202aba13ab812be55279024d8594344c1f	resourcelifetime	errors/wrap_test.go:85:13	resourcelifetime/missing-release	false-positive	Negative error example/test intentionally opens non-existing relative file to inspect PathError. The pinned package supplies no such file or setup creating it, so no resource is acquired in its intended fixture. Do not generalize this into a filename exemption.
golang/exp	85c1c2202aba13ab812be55279024d8594344c1f	resourcelifetime	io/i2c/example/displayip/main.go:22:12	resourcelifetime/missing-release	true-positive	I2C example opens a device connection and never calls Device.Close; one example also overwrites its first device. Examples without Output are not test-executed, but demonstrate an unclosed acquisition when used.
golang/exp	85c1c2202aba13ab812be55279024d8594344c1f	resourcelifetime	io/i2c/example/displayip/main.go:27:13	resourcelifetime/missing-release	true-positive	I2C example opens a device connection and never calls Device.Close; one example also overwrites its first device. Examples without Output are not test-executed, but demonstrate an unclosed acquisition when used.
golang/exp	85c1c2202aba13ab812be55279024d8594344c1f	resourcelifetime	io/i2c/example_test.go:12:12	resourcelifetime/missing-release	true-positive	I2C example opens a device connection and never calls Device.Close; one example also overwrites its first device. Examples without Output are not test-executed, but demonstrate an unclosed acquisition when used.
golang/exp	85c1c2202aba13ab812be55279024d8594344c1f	resourcelifetime	io/i2c/example_test.go:18:11	resourcelifetime/missing-release	true-positive	I2C example opens a device connection and never calls Device.Close; one example also overwrites its first device. Examples without Output are not test-executed, but demonstrate an unclosed acquisition when used.
golang/playground	9056cc2162f77f90250855c9e838c221d540c6ba	cancellationownership	internal/internal_test.go:14:17	cancellationownership/release	false-positive	The branch skipping cancel requires done to close, which only happens after PeriodicallyDo returns. That function returns only when this context is canceled; the Background parent cannot cancel it independently, so the reported uncanceled early-done path is infeasible.
golang/text	6dcc5b674302d746762d908ed0e2ad65d84f36f1	resourcelifetime	unicode/cldr/examples_test.go:66:12	resourcelifetime/missing-release	true-positive	Example opens core.zip and never closes it; DecodeZip accepts io.Reader and reads into memory without closing its input.
golang/vuln	709015412431dd2b5b28a53c06c70bc02d49074c	goroutineownership	internal/vulncheck/source.go:52:3	goroutineownership/unjoined	inconclusive	The worker is intentionally speculative: comments explicitly allow return without waiting when no vulnerabilities need a callgraph. Captured result variables are only read after wg.Wait; early paths cancel the context and abandon results. No join is real, but harmful overlap or indefinite work is not established by this finding alone.
golang/vuln	709015412431dd2b5b28a53c06c70bc02d49074c	resourcelifetime	internal/goversion/exe.go:37:12	resourcelifetime/missing-release	true-positive	openExe closes parse errors and transfers successful recognized files, but returns without closing on ReadFull failure or unrecognized format.
google/oauth2l	fca8a31aed945c1f4275fe82bceb08a0a6e05dcc	processownership	util/browser.go:35:9	processownership/detached	true-positive	Browser launcher is started and its Cmd discarded without Wait; starting the browser separately does not reap the immediate launcher process.
google/oauth2l	fca8a31aed945c1f4275fe82bceb08a0a6e05dcc	processownership	util/browser.go:37:9	processownership/detached	true-positive	Browser launcher is started and its Cmd discarded without Wait; starting the browser separately does not reap the immediate launcher process.
google/oauth2l	fca8a31aed945c1f4275fe82bceb08a0a6e05dcc	processownership	util/browser.go:39:9	processownership/detached	true-positive	Browser launcher is started and its Cmd discarded without Wait; starting the browser separately does not reap the immediate launcher process.
google/oauth2l	fca8a31aed945c1f4275fe82bceb08a0a6e05dcc	processownership	util/web.go:79:9	processownership/detached	true-positive	Browser launcher is started and its Cmd discarded without Wait; starting the browser separately does not reap the immediate launcher process.
google/oauth2l	fca8a31aed945c1f4275fe82bceb08a0a6e05dcc	resourcelifetime	util/loopback.go:170:12	resourcelifetime/missing-release	true-positive	IsListeningAndServing discards the HTTP response; local statusGetHandler writes nonempty Status OK, so this is not NoBody. Polling can repeat successful requests without reading or closing their bodies.
google/oss-rebuild	d9cd3c33e2d7c26149054aee16456428a750f89d	deferinloop	tools/benchmark/generate/main.go:183:4	deferinloop/cleanup-lifetime	true-positive	Each Debian repository response is deferred until fetchDebianPackages returns rather than closed per iteration. The loops are bounded to six combinations, so this is delayed-release coverage, not a claim of unbounded exhaustion.
google/oss-rebuild	d9cd3c33e2d7c26149054aee16456428a750f89d	evalorder	pkg/rebuild/maven/maveninfer.go:255:42	evalorder/operand-mutation	true-positive	The return reads pomXML in one operand while xml.Unmarshal mutates its address in another; the returned value depends on evaluation timing rather than an explicit decode-then-return sequence.
google/oss-rebuild	d9cd3c33e2d7c26149054aee16456428a750f89d	evalorder	pkg/rebuild/npm/infer.go:36:44	evalorder/operand-mutation	true-positive	The return reads pkgJSON alongside json.Unmarshal into that same variable, mixing the pre/post-decode value with unspecified operand evaluation timing.
google/oss-rebuild	d9cd3c33e2d7c26149054aee16456428a750f89d	lockorder	pkg/sysgraph/sgstorage/builder.go:298:19	lockorder/contradictory-order	true-positive	SysGraphBuilder.Build holds graph.mu then toProto acquires action.mu, while ActionBuilder.SetExecutable holds action.mu then sgbuilder.addResource acquires graph.mu; concurrent calls can invert the same linked locks.
google/oss-rebuild	d9cd3c33e2d7c26149054aee16456428a750f89d	resourcelifetime	cmd/agent-api/main.go:145:13	resourcelifetime/missing-release	true-positive	Firestore client allocated by a per-request dependency initializer has no Close path. DB wrappers retain it without exposing cleanup, and handleUsingResponder initializes and discards dependencies on each request without closing them; later initialization errors also lose clients.
google/oss-rebuild	d9cd3c33e2d7c26149054aee16456428a750f89d	resourcelifetime	cmd/agent-api/main.go:202:13	resourcelifetime/missing-release	true-positive	Firestore client allocated by a per-request dependency initializer has no Close path. DB wrappers retain it without exposing cleanup, and handleUsingResponder initializes and discards dependencies on each request without closing them; later initialization errors also lose clients.
google/oss-rebuild	d9cd3c33e2d7c26149054aee16456428a750f89d	resourcelifetime	cmd/agent-api/main.go:243:13	resourcelifetime/missing-release	true-positive	Firestore client allocated by a per-request dependency initializer has no Close path. DB wrappers retain it without exposing cleanup, and handleUsingResponder initializes and discards dependencies on each request without closing them; later initialization errors also lose clients.
google/oss-rebuild	d9cd3c33e2d7c26149054aee16456428a750f89d	resourcelifetime	cmd/agent-api/main.go:255:13	resourcelifetime/missing-release	true-positive	Firestore client allocated by a per-request dependency initializer has no Close path. DB wrappers retain it without exposing cleanup, and handleUsingResponder initializes and discards dependencies on each request without closing them; later initialization errors also lose clients.
google/oss-rebuild	d9cd3c33e2d7c26149054aee16456428a750f89d	resourcelifetime	cmd/agent-api/main.go:275:13	resourcelifetime/missing-release	true-positive	Firestore client allocated by a per-request dependency initializer has no Close path. DB wrappers retain it without exposing cleanup, and handleUsingResponder initializes and discards dependencies on each request without closing them; later initialization errors also lose clients.
google/oss-rebuild	d9cd3c33e2d7c26149054aee16456428a750f89d	resourcelifetime	cmd/agent-api/main.go:292:13	resourcelifetime/missing-release	true-positive	Firestore client allocated by a per-request dependency initializer has no Close path. DB wrappers retain it without exposing cleanup, and handleUsingResponder initializes and discards dependencies on each request without closing them; later initialization errors also lose clients.
google/oss-rebuild	d9cd3c33e2d7c26149054aee16456428a750f89d	resourcelifetime	cmd/agent-api/main.go:78:13	resourcelifetime/missing-release	true-positive	Firestore client allocated by a per-request dependency initializer has no Close path. DB wrappers retain it without exposing cleanup, and handleUsingResponder initializes and discards dependencies on each request without closing them; later initialization errors also lose clients.
google/oss-rebuild	d9cd3c33e2d7c26149054aee16456428a750f89d	resourcelifetime	cmd/api/main.go:109:26	resourcelifetime/missing-release	true-positive	RebuildPackageInit allocates a Firestore client per HTTP request; subsequent initialization failures lack cleanup, and returned Attempts wraps the client without exposing Close. api.handleUsingResponder does not close dependencies.
google/oss-rebuild	d9cd3c33e2d7c26149054aee16456428a750f89d	resourcelifetime	cmd/api/main.go:230:19	resourcelifetime/missing-release	true-positive	CreateRebuildOpInit creates a request-local Firestore client retained only in the Attempts wrapper; later service-construction failures do not close it and the per-request API dependency owner has no Close lifecycle.
google/oss-rebuild	d9cd3c33e2d7c26149054aee16456428a750f89d	resourcelifetime	cmd/api/main.go:317:13	resourcelifetime/missing-release	true-positive	AgentCreateInit creates a Firestore client per request and wraps it in Sessions without Close; subsequent initialization errors also return without cleanup, and the API handler never closes dependencies.
google/oss-rebuild	d9cd3c33e2d7c26149054aee16456428a750f89d	resourcelifetime	cmd/api/main.go:369:14	resourcelifetime/missing-release	true-positive	SnapshotRollupInit creates a closable FirestoreSource, then returns without closing if SignalsDB or destination resolution fails. Success stores it as Source without a Close method and the request handler has no dependency cleanup.
google/oss-rebuild	d9cd3c33e2d7c26149054aee16456428a750f89d	resourcelifetime	cmd/api/main.go:398:14	resourcelifetime/missing-release	true-positive	SnapshotDeltaInit fails destination resolution after creating a FirestoreSource without closing it; success likewise loses Close behind the Source interface in request-local dependencies.
google/oss-rebuild	d9cd3c33e2d7c26149054aee16456428a750f89d	resourcelifetime	cmd/inference/main.go:41:14	resourcelifetime/missing-release	true-positive	InferInit creates Firestore per request and wraps it in RepoMetrics without a Close lifecycle; HTTP-client and subsequent initialization failures also leave the client open.
google/oss-rebuild	d9cd3c33e2d7c26149054aee16456428a750f89d	resourcelifetime	internal/api/apiservice/rebuild_deps.go:37:26	resourcelifetime/missing-release	true-positive	MakeRebuildPackageDeps wraps its new Firestore client in Attempts but has many later KMS/GCS initialization error returns without closing it; the wrapper exposes no client cleanup.
google/oss-rebuild	d9cd3c33e2d7c26149054aee16456428a750f89d	resourcelifetime	internal/snapshot/local_test.go:86:15	resourcelifetime/missing-release	false-positive	This negative test opens absent.db inside a newly created empty t.TempDir. OpenSQLiteFile uses SQLite OPEN_READONLY, so that missing path cannot produce a successful owned handle under the tested contract; the diagnostic assumes the intentionally rejected acquisition succeeds.
google/oss-rebuild	d9cd3c33e2d7c26149054aee16456428a750f89d	resourcelifetime	pkg/act/api/http_test.go:283:17	resourcelifetime/missing-release	true-positive	Each handler-error subtest receives and reads a nonempty HTTP error response but never closes Body on either the normal or read-error path.
google/oss-rebuild	d9cd3c33e2d7c26149054aee16456428a750f89d	resourcelifetime	tools/benchmark/generate/main.go:147:15	resourcelifetime/missing-release	true-positive	get returns the response body on HTTP200 but returns an error for every other status without closing the body, so its error path drops a successful HTTP acquisition.
google/oss-rebuild	d9cd3c33e2d7c26149054aee16456428a750f89d	resourcelifetime	tools/ctl/command/localagent/localagent.go:99:15	resourcelifetime/missing-release	true-positive	The local-agent command creates a Firestore client and uses it through the handler but never closes it; multiple initialization and processing errors return without cleanup.
google/oss-rebuild	d9cd3c33e2d7c26149054aee16456428a750f89d	resourcelifetime	tools/ctl/command/migrate/migrate.go:63:17	resourcelifetime/missing-release	true-positive	The migration handler creates a Firestore client before validating the migration name and never closes it; unknown migrations and query errors return without releasing it.
google/oss-rebuild	d9cd3c33e2d7c26149054aee16456428a750f89d	resourcelifetime	tools/ctl/command/runagent/runagent.go:83:15	resourcelifetime/missing-release	true-positive	The run-agent command creates a Firestore client then has URL/authentication and request error returns without Close; no success cleanup or returned client owner exists.
google/oss-rebuild	d9cd3c33e2d7c26149054aee16456428a750f89d	resourcelifetime	tools/ctl/command/runagentbenchmark/runagentbenchmark.go:87:15	resourcelifetime/missing-release	true-positive	The benchmark command creates a Firestore client and never closes it; subsequent Cloud Run, URL, auth, and benchmark-loading failures return without cleanup.
goravel/framework	f54ab135fac3c767d1c0f978cc76aa8249f748c5	cancellationownership	console/application.go:47:12	cancellationownership/release	true-positive	NewApplication discards NotifyContext stop, so the returned application's signal subscription cannot be explicitly released; returning the context alone does not transfer the missing stop function. Operational impact depends on application lifetime.
goravel/framework	f54ab135fac3c767d1c0f978cc76aa8249f748c5	concurrentcapture	cache/memory_test.go:217:7	concurrentcapture/shared-capture	true-positive	1000 launched closures assign the same outer err and read it in assertions; the final Wait only joins completion and does not serialize worker writes.
goravel/framework	f54ab135fac3c767d1c0f978cc76aa8249f748c5	concurrentcapture	cache/memory_test.go:78:7	concurrentcapture/shared-capture	true-positive	1000 launched closures assign the same outer err and read it in assertions; the final Wait only joins completion and does not serialize worker writes.
goravel/framework	f54ab135fac3c767d1c0f978cc76aa8249f748c5	resourcelifetime	session/middleware/start_session_test.go:77:14	resourcelifetime/missing-release	false-positive	The local httptest handler only updates session state and SetCookie headers, never writes or flushes a response body. Its completed response has Content-Length zero and net/http uses NoBody, so Close releases no resource in this pinned test. Generic Close discipline is violated but the reported resource leak is vacuous; no broad HTTP/test exemption is justified.
goretk/gore	c03ed2e543f72232f3f15784f62e2ef787261612	resourcelifetime	file.go:36:12	resourcelifetime/missing-release	true-positive	Open returns on Seek failure without closing f, and OpenReader returns on ReadAt failure or unsupported magic without closing the acquired file. Success-path ownership does not cover these early errors.
goretk/gore	c03ed2e543f72232f3f15784f62e2ef787261612	resourcelifetime	gen/moduledata.go:25:12	resourcelifetime/missing-release	true-positive	getMaxVersionBit opens the version CSV and never closes it; getCsvStoredGoversions only seeks and reads CSV and neither closes nor retains the handle.
goshs-labs/goshs	c65ca19696e87cd5ec2206b2a488c5f5f5b621db	resourcelifetime	httpserver/filebased.go:15:15	resourcelifetime/missing-release	true-positive	findSpecialFile opens the directory for Readdir and never closes the directory handle on any path.
goshs-labs/goshs	c65ca19696e87cd5ec2206b2a488c5f5f5b621db	resourcelifetime	httpserver/filebased.go:31:27	resourcelifetime/missing-release	true-positive	The .goshs configuration file is opened and read/unmarshaled without closing configFileDisk on success or error.
goshs-labs/goshs	c65ca19696e87cd5ec2206b2a488c5f5f5b621db	resourcelifetime	httpserver/handler.go:1165:16	resourcelifetime/missing-release	true-positive	The shared-link handler opens file and passes it to sendFile, which never closes it and has multiple authorization/error returns; ServeContent also does not own closing its reader.
goshs-labs/goshs	c65ca19696e87cd5ec2206b2a488c5f5f5b621db	resourcelifetime	sanity/checks.go:172:19	resourcelifetime/missing-release	inconclusive	Startup retains the log file through io.MultiWriter and global logger configuration for process lifetime. No Close is exposed, but this intentional long-lived sink is not enough to establish an actionable leak without repeated reconfiguration evidence.
goshs-labs/goshs	c65ca19696e87cd5ec2206b2a488c5f5f5b621db	resourcelifetime	smbserver/server.go:1109:13	resourcelifetime/missing-release	false-positive	FILE_CREATE is rejected before acquisition when ReadOnly is true. After creation, Stat failure closes f and success transfers it to the connection handle map; the later ReadOnly denial is infeasible for this creation path.
goshs-labs/goshs	c65ca19696e87cd5ec2206b2a488c5f5f5b621db	resourcelifetime	smbserver/server.go:1123:14	resourcelifetime/missing-release	false-positive	FILE_OPEN_IF creation requires ReadOnly=false because of the earlier disposition check. Stat errors close f and success transfers the handle; the later ReadOnly/delete-on-close denial cannot follow this acquisition.
goshs-labs/goshs	c65ca19696e87cd5ec2206b2a488c5f5f5b621db	resourcelifetime	smbserver/server.go:1137:13	resourcelifetime/missing-release	false-positive	Overwrite/supersede dispositions are rejected upfront in ReadOnly mode. Their acquired files are closed on Stat failure or retained in owned SMB handles; the later ReadOnly branch cannot abandon these files.
goshs-labs/goshs	c65ca19696e87cd5ec2206b2a488c5f5f5b621db	resourcelifetime	smbserver/server.go:1167:12	resourcelifetime/missing-release	true-positive	A read-only FILE_OPEN can acquire f before the later FILE_DELETE_ON_CLOSE flag check returns access denied, without closing f or inserting it into the handle map.
goshs-labs/goshs	c65ca19696e87cd5ec2206b2a488c5f5f5b621db	resourcelifetime	smbserver/server.go:1170:13	resourcelifetime/missing-release	true-positive	The fallback OpenFile success can reach the same ReadOnly/delete-on-close denial before ownership transfer, abandoning f. The earlier desired-access check does not reject the independent create-option flag.
goshs-labs/goshs	c65ca19696e87cd5ec2206b2a488c5f5f5b621db	resourcelifetime	smbserver/session_test.go:108:12	resourcelifetime/missing-release	false-positive	The test stores f in smbHandle.File, adds that handle to connState, and calls closeAllHandles; its sync.Map.Range callback explicitly closes each h.File before deleting entries.
gruntwork-io/fetch	793ba7b60d77b6c13fe64e81d549aa975db2687b	resourcelifetime	source/github/api.go:40:15	resourcelifetime/missing-release	true-positive	Non-OK HTTP status returns nil response and error after reading its body without closing it; caller cannot recover the discarded response.
gruntwork-io/fetch	793ba7b60d77b6c13fe64e81d549aa975db2687b	resourcelifetime	source/gitlab/gitlab.go:197:15	resourcelifetime/missing-release	true-positive	Success response is passed to writeResponseToDisk, but that helper returns on os.Create failure before deferring resp.Body.Close.
gylive/ccodex-sleep-state	dab37ce36c48818f81ec15fc152a6c7058991ace	goroutineownership	internal/service/panel_test.go:249:2	goroutineownership/unjoined	false-positive	panelControl registers t.Cleanup calling c.stop; stop calls pause, which invokes the current c.cancel and receives c.done. The test stores the worker cancellation and completion channel into those fields, and routes/pin also synchronously calls pause before returning; the worker is joined through the returned owner.
hashicorp/raft-boltdb	7915f80fb457a747c5dd50821d7de3dffa0fd9c3	resourcelifetime	bolt_store_test.go:71:13	resourcelifetime/missing-release	inconclusive	This second New is intended to fail its 100ms lock timeout while an existing store remains open. However the parent also returns after five seconds and then closes that store, so an unusually delayed worker could acquire successfully and discard its handle; ordinary successful acquisition is not established.
hashicorp/raft-boltdb	7915f80fb457a747c5dd50821d7de3dffa0fd9c3	resourcelifetime	v2/bolt_store_test.go:74:13	resourcelifetime/missing-release	inconclusive	The v2 test deliberately attempts a second bbolt open under an existing exclusive lock, expecting timeout. A separate five-second parent timeout can release the original lock before a delayed worker starts, so success is not impossible, but this is primarily a negative-acquisition test rather than a demonstrated leak.
hashicorp/vault-secrets-operator	451a61fc0eda5b26e65dedb03e76fa8ec02b2984	concurrentcapture	test/integration/vaultdynamicsecret_integration_test.go:1061:7	concurrentcapture/shared-capture	true-positive	Each launched callback appends to the same reconciledObjs slice without a mutex; wg.Wait after all launches does not serialize slice-header or backing-array writes.
hashicorp/vault-secrets-operator	451a61fc0eda5b26e65dedb03e76fa8ec02b2984	goroutineownership	vault/client_factory.go:898:3	goroutineownership/unjoined	false-positive	The same immutable wait parameter guards wg.Add, the worker's deferred wg.Done, and parent wg.Wait. When wait is true the workers are joined; when false no WaitGroup obligation is promised. The analyzer treats the conditional Done as unconditional and loses the correlated guard.
howeyc/ledger	533081e979d49a349e39f335f8478b353e33b071	concurrentcapture	parse.go:170:7	concurrentcapture/shared-capture	true-positive	Concurrent include workers write the captured stop boolean without synchronization; Wait joins workers before the parent reads but does not synchronize worker writes with one another.
howeyc/ledger	533081e979d49a349e39f335f8478b353e33b071	goroutineownership	parse.go:166:5	goroutineownership/unjoined	inconclusive	Each include worker calls wg.Done and the parent waits, but Done runs before deferred ifile.Close. The final file cleanup can outlive Wait; this is not a missing-Wait bug, yet source review has not established whether the narrow post-Done private cleanup warrants the reported lifecycle warning.
isovalent/ebpf-docs	90455b69a0948c46d9764d8e26a89243df544e35	resourcelifetime	tools/libbpf-tag-gen/main.go:62:16	resourcelifetime/missing-release	true-positive	Opened file reaches continue on read failure, absent function tag, or absent marker before the normal-path Close; repeated skips retain descriptors through subsequent loop iterations.
isovalent/ebpf-docs	90455b69a0948c46d9764d8e26a89243df544e35	resourcelifetime	tools/version-finder/main.go:109:25	resourcelifetime/missing-release	true-positive	Output file is never explicitly closed, including git-operation error returns and successful YAML encoding. It remains open until this command exits; practical resource impact is bounded to one file, and close errors are unobserved.
itzg/mc-router	a9d1d9604ebf7451bc766044ff33cc8eda969ae1	lockorder	server/k8s.go:148:3	lockorder/read-lock-write	true-positive	The add-statefulset handler writes shared w.mappings while holding only w.RLock, allowing concurrent readers/writers to access the map.
itzg/mc-router	a9d1d9604ebf7451bc766044ff33cc8eda969ae1	lockorder	server/k8s.go:166:3	lockorder/read-lock-write	true-positive	The update-statefulset handler deletes the old map entry while holding only the watcher read lock.
itzg/mc-router	a9d1d9604ebf7451bc766044ff33cc8eda969ae1	lockorder	server/k8s.go:167:3	lockorder/read-lock-write	true-positive	The update-statefulset handler inserts the replacement map entry while holding only the watcher read lock.
itzg/mc-router	a9d1d9604ebf7451bc766044ff33cc8eda969ae1	lockorder	server/k8s.go:191:3	lockorder/read-lock-write	true-positive	The delete-statefulset handler mutates w.mappings with delete under only RLock.
itzg/mc-router	a9d1d9604ebf7451bc766044ff33cc8eda969ae1	resourcelifetime	server/routes_config_loader.go:86:18	resourcelifetime/missing-release	true-positive	WatchForChanges returns on watcher.Add failure before transferring the watcher to the goroutine whose defer closes it.
jotaen/klog	aca72344ae72a9bd23473ca0785eef1a557041f2	resourcelifetime	klog/app/cli/version.go:121:15	resourcelifetime/missing-release	true-positive	Every successful HTTP request leaves its response body unclosed, including ReadAll errors, invalid version retries, and successful return.
jotaen/klog	aca72344ae72a9bd23473ca0785eef1a557041f2	resourcelifetime	klog/app/file.go:147:13	resourcelifetime/missing-release	true-positive	CreateEmptyFile discards the os.Create file handle, so success cannot explicitly close it. The File argument describes a path rather than owning the new handle.
k3s-io/helm-controller	71be4991f2652515a2bb7f7464399f6733297964	resourcelifetime	test/framework/framework.go:397:15	resourcelifetime/missing-release	true-positive	GetChartContent never closes the HTTP body, including non-200 and io.Copy-error returns before complete consumption. Closing the base64 encoder does not close the response body.
kataras/neffos	60df99445da7c0b56c1b81a32161f86b53fd462a	lockorder	conn.go:826:4	lockorder/missing-release	false-positive	canWrite receives Message by value. Each RLock and matching RUnlock uses the identical unchanged !msg.locked condition, separated only by map lookup. The reported live-lock path requires contradictory values of that stable flag.
kataras/neffos	60df99445da7c0b56c1b81a32161f86b53fd462a	lockorder	conn.go:842:5	lockorder/missing-release	false-positive	canWrite receives Message by value. Each RLock and matching RUnlock uses the identical unchanged !msg.locked condition, separated only by map lookup. The reported live-lock path requires contradictory values of that stable flag.
kataras/neffos	60df99445da7c0b56c1b81a32161f86b53fd462a	lockorder	conn.go:850:3	lockorder/missing-release	false-positive	canWrite receives Message by value. Each RLock and matching RUnlock uses the identical unchanged !msg.locked condition, separated only by map lookup. The reported live-lock path requires contradictory values of that stable flag.
kataras/neffos	60df99445da7c0b56c1b81a32161f86b53fd462a	lockorder	conn.go:853:2	lockorder/missing-release	false-positive	canWrite receives Message by value. Each RLock and matching RUnlock uses the identical unchanged !msg.locked condition, separated only by map lookup. The reported live-lock path requires contradictory values of that stable flag.
kataras/neffos	60df99445da7c0b56c1b81a32161f86b53fd462a	lockorder	conn_namespace.go:145:13	lockorder/contradictory-order	true-positive	LeaveAll holds roomsMutex while calling askRoomLeave -> Conn.Ask -> Write -> write. A socket close error invokes Conn.Close, which takes connectedNamespacesMutex then forceLeaveAll takes roomsMutex. Thus the reversed path is real despite msg.locked skipping normal canWrite locks; Close can also reenter the held room lock.
keycloak/terraform-provider-keycloak	86ad7404984fdcdff928496e05068b1edbfad526	resourcelifetime	keycloak/keycloak_client.go:200:31	resourcelifetime/missing-release	true-positive	Login returns on non-OK token response before registering Body.Close, discarding the response on the authentication-error path.
kiwifs/kiwifs	3961d5e70a9e0ef457e58e29c40c52c870d57e73	processownership	cmd/login.go:235:2	processownership/detached	true-positive	openBrowser starts the platform opener and discards Cmd while login continues polling authorization; there is no Wait or ownership transfer for the helper process.
kiwifs/kiwifs	3961d5e70a9e0ef457e58e29c40c52c870d57e73	processownership	internal/importer/airbyte.go:205:13	processownership/missing-wait	true-positive	The read worker kills the Docker child and returns immediately when ctx.Done wins while sending records, skipping the later normal-path cmd.Wait.
kluctl/kluctl	fe022829b654845433d0061367b5ac96d4850998	processownership	lib/go-jinja2/jinja2_renderer.go:59:8	processownership/missing-wait	false-positive	The constructor defers j2r.Close while isOk is false; Close waits j.cmd with a kill-timer fallback. Post-Start initialization errors invoke that cleanup, while success sets isOk and transfers the renderer owner to the caller.
kluctl/kluctl	fe022829b654845433d0061367b5ac96d4850998	processownership	pkg/utils/openbrowser.go:13:9	processownership/detached	true-positive	The Linux browser opener is started and its Cmd discarded without Wait while the caller continues running the web UI server.
kluctl/kluctl	fe022829b654845433d0061367b5ac96d4850998	processownership	pkg/utils/openbrowser.go:15:9	processownership/detached	true-positive	The Windows browser-launch helper is started without any retained Cmd or Wait; the long-lived web UI caller does not assume its process ownership.
kluctl/kluctl	fe022829b654845433d0061367b5ac96d4850998	processownership	pkg/utils/openbrowser.go:17:9	processownership/detached	true-positive	The macOS browser opener is started without Wait or ownership transfer while the web UI server continues.
kluctl/kluctl	fe022829b654845433d0061367b5ac96d4850998	resourcelifetime	e2e/args_test.go:89:18	resourcelifetime/missing-release	true-positive	The argument-file test creates and writes tmpFile, deferring only path removal; deployment receives its name and cannot close the original descriptor.
kluctl/kluctl	fe022829b654845433d0061367b5ac96d4850998	resourcelifetime	pkg/k8s/k8s_cluster.go:413:16	resourcelifetime/missing-release	true-positive	envtestProxyGet transfers successful bodies to its caller, but returns on non-2xx status without closing the body.
kluctl/kluctl	fe022829b654845433d0061367b5ac96d4850998	resourcelifetime	pkg/oci/pull.go:132:13	resourcelifetime/missing-release	true-positive	The static-layer extraction branch creates an output file and never closes it after copying, including copy-error returns.
kluctl/kluctl	fe022829b654845433d0061367b5ac96d4850998	resourcelifetime	pkg/tar/symlink_test.go:112:14	resourcelifetime/missing-release	true-positive	The archive walker returns immediately on io.Copy error before f.Close, leaving the opened input file unreleased.
kluctl/kluctl	fe022829b654845433d0061367b5ac96d4850998	resourcelifetime	pkg/tar/symlink_test.go:89:15	resourcelifetime/missing-release	true-positive	The test checks that symlink.target exists by opening it and discarding the successful file handle.
kluctl/kluctl	fe022829b654845433d0061367b5ac96d4850998	resourcelifetime	pkg/tar/tar.go:139:15	resourcelifetime/missing-release	true-positive	Untar returns on a non-EOF copyBuffer error before closing the current output file; later success-path Close does not cover extraction failure.
kubernetes-sigs/cluster-proportional-autoscaler	39dd2288da294e98d683c5619fc3556016df1e76	goroutineownership	pkg/autoscaler/autoscaler_test.go:107:2	goroutineownership/unjoined	false-positive	Run sends readyCh before starting health work, polling, and its main loop; this is a startup signal, not completion. The test supplies stopCh for shutdown; whether other mutable mock state races is separate. Inferring a completion obligation from this early send is unsupported; require structural terminal evidence, not channel names.
kubernetes-sigs/cluster-proportional-autoscaler	39dd2288da294e98d683c5619fc3556016df1e76	goroutineownership	pkg/autoscaler/autoscaler_test.go:261:2	goroutineownership/unjoined	false-positive	Run sends readyCh before starting health work, polling, and its main loop; this is a startup signal, not completion. The test supplies stopCh for shutdown; whether other mutable mock state races is separate. Inferring a completion obligation from this early send is unsupported; require structural terminal evidence, not channel names.
kubernetes/apimachinery	e198c8900a45fda3c0db2731195c18c44e119ef3	resourcelifetime	pkg/util/proxy/upgradeaware_test.go:319:16	resourcelifetime/missing-release	true-positive	Proxy request tests read response bodies on success but never Close them, with error-response early returns also unclosed. Successful cases have real nonempty backend bodies.
kubernetes/cloud-provider-openstack	ce981210fc779a6ea019244fc6626939081b2a88	deferinloop	pkg/csi/cinder/openstack/openstack.go:122:3	deferinloop/cleanup-lifetime	true-positive	GetConfigFromFiles opens each configured file and defers closure to the enclosing function; gcfg.ReadInto reads but does not close the supplied reader, so earlier file descriptors remain live across iterations.
kubernetes/registry.k8s.io	b5e7d92a3819fcd24ed35b174db0ce6291e88e7f	producerlifecycle	cmd/archeio/main_test.go:70:3	producerlifecycle/abandoned-send	false-positive	The first Start-result send has an unconditional matching receive in the parent immediately after registering cleanup; there is no parent error return between launch and that receive.
kubernetes/registry.k8s.io	b5e7d92a3819fcd24ed35b174db0ce6291e88e7f	producerlifecycle	cmd/archeio/main_test.go:71:3	producerlifecycle/abandoned-send	true-positive	Cleanup normally receives the Wait result, but calls t.Fatalf and exits before that receive if Process.Signal fails. If the server already exited, Signal can return an error while the worker is blocked sending its Wait result.
kubernetes/registry.k8s.io	b5e7d92a3819fcd24ed35b174db0ce6291e88e7f	resourcelifetime	cmd/archeio/main_test.go:88:13	resourcelifetime/missing-release	true-positive	The readiness probe discards its HTTP response. An unauthenticated /v2/ request receives http.Error authentication-required with a nonempty 401 body, not an empty NoBody response, and no path reads or closes it.
liaotxcn/Weave	903bd899157a1098324ade4068f1fc930a721d9c	resourcelifetime	services/rag/internal/service/rag_service.go:101:15	resourcelifetime/missing-release	true-positive	Initialize opens the document directory to check access and discards the successful handle without closing it.
librespeed/speedtest-cli	04b7d0258ad83e13b90d3c3a12f68e06c052e7ec	resourcelifetime	speedtest/speedtest.go:440:15	resourcelifetime/missing-release	true-positive	getServerList installs deferred Body.Close only after io.ReadAll succeeds; a read error returns early with the response body unclosed.
mat/besticon	4e8f4d8376482ae46412fa85ce938112bb4cde59	deferinloop	ico/icoparser/icoparser.go:18:3	deferinloop/cleanup-lifetime	true-positive	The CLI defers every input icon Close until main returns, retaining all previously parsed files throughout the remaining argument loop.
mdlayher/netlink	a8e8780a56359b8d629a12bb25c80bf835abdf7c	resourcelifetime	internal/integration/integration_linux_test.go:308:12	resourcelifetime/missing-release	true-positive	The ethtool extended-ack test opens a genetlink connection and never closes c, on normal completion or any failed assertion.
metatube-community/metatube-sdk-go	19a92ad3263ab7b69636d26d7cc32f531c0a0804	concurrentcapture	provider/internal/imcmp/image.go:49:6	concurrentcapture/shared-capture	false-positive	The loop launches exactly two workers with distinct copied indices 0 and 1; only index 0 takes the even branch writing imgA, and the parent reads it after wg.Wait. There are not multiple writers to imgA.
metatube-community/metatube-sdk-go	19a92ad3263ab7b69636d26d7cc32f531c0a0804	concurrentcapture	provider/internal/imcmp/image.go:51:6	concurrentcapture/shared-capture	false-positive	Only the worker whose copied index is 1 takes the odd branch writing imgB; the fixed two-element loop and wg.Wait establish one writer followed by parent reads.
metatube-community/metatube-sdk-go	19a92ad3263ab7b69636d26d7cc32f531c0a0804	lockorder	provider/factory.go:47:4	lockorder/missing-release	true-positive	RangeMovieFactory returns immediately when its callback returns false, bypassing factoryMu.RUnlock and leaving the global registry read-locked.
metatube-community/metatube-sdk-go	19a92ad3263ab7b69636d26d7cc32f531c0a0804	lockorder	provider/factory.go:57:4	lockorder/missing-release	true-positive	RangeActorFactory early-stops when its callback returns false without releasing the shared factoryMu read lock.
minio/directpv	a9adb854cdec76bcc455e35b2201c1ae026f35c4	producerlifecycle	cmd/directpv/controller.go:68:4	producerlifecycle/abandoned-send	true-positive	Multiple workers send errors/stopped notifications to an unbuffered errCh but the parent consumes only the first and returns. Later sends cannot select cancellation and can block even after deferred cancel stops the worker service. Command process exit may bound practical lifetime, but the local shutdown protocol abandons senders.
minio/directpv	a9adb854cdec76bcc455e35b2201c1ae026f35c4	producerlifecycle	cmd/directpv/controller.go:75:4	producerlifecycle/abandoned-send	true-positive	Multiple workers send errors/stopped notifications to an unbuffered errCh but the parent consumes only the first and returns. Later sends cannot select cancellation and can block even after deferred cancel stops the worker service. Command process exit may bound practical lifetime, but the local shutdown protocol abandons senders.
minio/directpv	a9adb854cdec76bcc455e35b2201c1ae026f35c4	producerlifecycle	cmd/directpv/legacy-controller.go:60:4	producerlifecycle/abandoned-send	true-positive	Multiple workers send errors/stopped notifications to an unbuffered errCh but the parent consumes only the first and returns. Later sends cannot select cancellation and can block even after deferred cancel stops the worker service. Command process exit may bound practical lifetime, but the local shutdown protocol abandons senders.
minio/directpv	a9adb854cdec76bcc455e35b2201c1ae026f35c4	producerlifecycle	cmd/directpv/legacy-controller.go:67:4	producerlifecycle/abandoned-send	true-positive	Multiple workers send errors/stopped notifications to an unbuffered errCh but the parent consumes only the first and returns. Later sends cannot select cancellation and can block even after deferred cancel stops the worker service. Command process exit may bound practical lifetime, but the local shutdown protocol abandons senders.
minio/directpv	a9adb854cdec76bcc455e35b2201c1ae026f35c4	producerlifecycle	cmd/directpv/legacy-node-server.go:60:4	producerlifecycle/abandoned-send	true-positive	Multiple workers send errors/stopped notifications to an unbuffered errCh but the parent consumes only the first and returns. Later sends cannot select cancellation and can block even after deferred cancel stops the worker service. Command process exit may bound practical lifetime, but the local shutdown protocol abandons senders.
minio/directpv	a9adb854cdec76bcc455e35b2201c1ae026f35c4	producerlifecycle	cmd/directpv/legacy-node-server.go:67:4	producerlifecycle/abandoned-send	true-positive	Multiple workers send errors/stopped notifications to an unbuffered errCh but the parent consumes only the first and returns. Later sends cannot select cancellation and can block even after deferred cancel stops the worker service. Command process exit may bound practical lifetime, but the local shutdown protocol abandons senders.
minio/directpv	a9adb854cdec76bcc455e35b2201c1ae026f35c4	producerlifecycle	cmd/directpv/node-controller.go:58:3	producerlifecycle/abandoned-send	true-positive	Multiple workers send errors/stopped notifications to an unbuffered errCh but the parent consumes only the first and returns. Later sends cannot select cancellation and can block even after deferred cancel stops the worker service. Command process exit may bound practical lifetime, but the local shutdown protocol abandons senders.
minio/directpv	a9adb854cdec76bcc455e35b2201c1ae026f35c4	producerlifecycle	cmd/directpv/node-controller.go:70:3	producerlifecycle/abandoned-send	true-positive	Multiple workers send errors/stopped notifications to an unbuffered errCh but the parent consumes only the first and returns. Later sends cannot select cancellation and can block even after deferred cancel stops the worker service. Command process exit may bound practical lifetime, but the local shutdown protocol abandons senders.
minio/directpv	a9adb854cdec76bcc455e35b2201c1ae026f35c4	producerlifecycle	cmd/directpv/node-server.go:107:4	producerlifecycle/abandoned-send	true-positive	Multiple workers send errors/stopped notifications to an unbuffered errCh but the parent consumes only the first and returns. Later sends cannot select cancellation and can block even after deferred cancel stops the worker service. Command process exit may bound practical lifetime, but the local shutdown protocol abandons senders.
minio/directpv	a9adb854cdec76bcc455e35b2201c1ae026f35c4	producerlifecycle	cmd/directpv/node-server.go:114:4	producerlifecycle/abandoned-send	true-positive	Multiple workers send errors/stopped notifications to an unbuffered errCh but the parent consumes only the first and returns. Later sends cannot select cancellation and can block even after deferred cancel stops the worker service. Command process exit may bound practical lifetime, but the local shutdown protocol abandons senders.
minio/directpv	a9adb854cdec76bcc455e35b2201c1ae026f35c4	producerlifecycle	cmd/directpv/node-server.go:85:3	producerlifecycle/abandoned-send	true-positive	Multiple workers send errors/stopped notifications to an unbuffered errCh but the parent consumes only the first and returns. Later sends cannot select cancellation and can block even after deferred cancel stops the worker service. Command process exit may bound practical lifetime, but the local shutdown protocol abandons senders.
minio/directpv	a9adb854cdec76bcc455e35b2201c1ae026f35c4	producerlifecycle	cmd/directpv/node-server.go:90:3	producerlifecycle/abandoned-send	true-positive	Multiple workers send errors/stopped notifications to an unbuffered errCh but the parent consumes only the first and returns. Later sends cannot select cancellation and can block even after deferred cancel stops the worker service. Command process exit may bound practical lifetime, but the local shutdown protocol abandons senders.
miniscruff/changie	e78b7fcae4fd76fc588b6442117ef99c39835e15	deferinloop	cmd/new.go:187:4	deferinloop/cleanup-lifetime	true-positive	The change-generation loop defers each new fragment file Close until the overall command returns, extending file lifetimes across later fragments.
miniscruff/changie	e78b7fcae4fd76fc588b6442117ef99c39835e15	goroutineownership	then/write.go:24:2	goroutineownership/unjoined	false-positive	DelayWrite adds one wait-group task, registers t.Cleanup(wg.Wait), and the worker defers wg.Done. Test cleanup joins the worker through the Wait method value.
miniscruff/changie	e78b7fcae4fd76fc588b6442117ef99c39835e15	resourcelifetime	core/utils_test.go:249:14	resourcelifetime/missing-release	true-positive	Version table cases create the latest-version marker and discard its handle; temporary directory cleanup only removes paths.
miniscruff/changie	e78b7fcae4fd76fc588b6442117ef99c39835e15	resourcelifetime	core/utils_test.go:289:12	resourcelifetime/missing-release	true-positive	The none-auto-level test creates a version marker without retaining or closing the file descriptor.
miniscruff/changie	e78b7fcae4fd76fc588b6442117ef99c39835e15	resourcelifetime	core/utils_test.go:310:12	resourcelifetime/missing-release	true-positive	The skip-only test discards the successful os.Create result for its version marker without closing it.
miniscruff/changie	e78b7fcae4fd76fc588b6442117ef99c39835e15	resourcelifetime	core/utils_test.go:336:12	resourcelifetime/missing-release	true-positive	The missing-kind test opens its version marker with os.Create and drops the live handle.
miniscruff/changie	e78b7fcae4fd76fc588b6442117ef99c39835e15	resourcelifetime	core/utils_test.go:395:13	resourcelifetime/missing-release	true-positive	The expected change-file setup loop creates each fixture and discards every handle without Close.
miniscruff/changie	e78b7fcae4fd76fc588b6442117ef99c39835e15	resourcelifetime	core/utils_test.go:404:13	resourcelifetime/missing-release	true-positive	The ignored-file fixture loop creates files without closing their handles; ignoring them in discovery does not release descriptors.
miniscruff/changie	e78b7fcae4fd76fc588b6442117ef99c39835e15	resourcelifetime	core/utils_test.go:67:13	resourcelifetime/missing-release	true-positive	The all-versions fixture loop uses os.Create only to make paths and discards the open handles.
n42-gateway/n42-gateway	ff1c4b2358bfc14a60b355853046a7328b4fc278	goroutineownership	pkg/utils/workqueue/workqueue_test.go:36:2	goroutineownership/unjoined	true-positive	Test creates done closed after q.Start returns, but shutdown waits on the already-cancelled ctx.Done rather than done. It never observes worker completion.
n42-gateway/n42-gateway	ff1c4b2358bfc14a60b355853046a7328b4fc278	resourcelifetime	tests/framework/framework.go:271:12	resourcelifetime/missing-release	true-positive	Readiness probe discards response from root health handler, which writes a nonempty index page; body is never read or closed.
n42-gateway/n42-gateway	ff1c4b2358bfc14a60b355853046a7328b4fc278	resourcelifetime	tests/framework/framework.go:363:14	resourcelifetime/missing-release	true-positive	Eventually-retried expected-error requests can succeed while a frontend is being asynchronously removed (integration empty-frontends test), and those successful responses are discarded unclosed before retrying. Not all callers are deterministic TLS-failure cases.
nikepan/clickhouse-bulk	f8bac589e33c7433b2f5c3e0dae606add4fa188b	resourcelifetime	server_test.go:351:16	resourcelifetime/missing-release	true-positive	Readiness poll discards a successful response from statusHandler, which writes a nonempty JSON body. Neither reading nor closing occurs before leaving the loop.
nix-community/nixos-facter	4fa12681b9be0f77334585e3ef44c2747edccf25	resourcelifetime	pkg/ephem/swap.go:46:12	resourcelifetime/missing-release	true-positive	SwapEntries opens /proc/swaps and passes it only to ReadSwapFile, whose bufio.Scanner never closes it; both success and parse/error returns omit Close.
nsf/godit	da0eb1a2cf48a9ad057f28e0ee0dea5df07bd456	resourcelifetime	autocomplete.go:475:16	resourcelifetime/missing-release	true-positive	Filesystem completion opens the directory in either branch and never closes it. readdir_stat only reads names and stats children; neither helper nor caller releases the directory handle.
nsf/godit	da0eb1a2cf48a9ad057f28e0ee0dea5df07bd456	resourcelifetime	autocomplete.go:477:16	resourcelifetime/missing-release	true-positive	Filesystem completion opens the directory in either branch and never closes it. readdir_stat only reads names and stats children; neither helper nor caller releases the directory handle.
numtide/treefmt	336f327e840e309874e68715c72d1e3a6873c972	processownership	config/config.go:426:15	processownership/missing-wait	true-positive	After successful Start, stdout ReadAll error returns before cmd.Wait; context cancellation does not reap the child.
numtide/treefmt	336f327e840e309874e68715c72d1e3a6873c972	resourcelifetime	walk/stdin.go:58:16	resourcelifetime/missing-release	true-positive	Release callback opens the temporary file, then returns on io.Copy failure before file.Close. Outer creation-handle defer does not close this separate reopened handle.
omniscale/imposm3	3d25f252a2d7627e1a2600b281c46cc8ec183698	resourcelifetime	config/config.go:71:13	resourcelifetime/missing-release	true-positive	updateFromConfig opens the configuration file and JSON-decodes it without ever closing it, on both decode failure and success. Decoder does not own its input.
opskat/opskat	956c932b37742f4032c5ae608c7110d9637f221b	processownership	internal/app/system/restart_unix.go:24:9	processownership/detached	false-positive	This explicit Setsid relaunch helper intentionally waits for the current PID to disappear before launching the replacement; RestartApp schedules application quit. Requiring this parent to wait for a helper that waits for parent exit contradicts the intended lifecycle.
opskat/opskat	956c932b37742f4032c5ae608c7110d9637f221b	processownership	internal/app/system/settings.go:1037:9	processownership/detached	true-positive	OpenDirectory starts xdg-open on Linux and discards the command without Wait or Process.Release; unlike the restart helper, the GUI parent remains alive and repeated calls leave child-reaping obligations unowned.
opskat/opskat	956c932b37742f4032c5ae608c7110d9637f221b	processownership	internal/service/external_edit_svc/service.go:118:11	processownership/detached	true-positive	The default external-editor launcher starts a command and returns only its error; neither the command nor a reap callback is retained, so an editor exiting while the service lives has no Wait owner.
opskat/opskat	956c932b37742f4032c5ae608c7110d9637f221b	resourcelifetime	pkg/extension/io_handle.go:82:13	resourcelifetime/missing-release	false-positive	The created file is stored in branch-assigned ioEntry.closer; handle-ID exhaustion closes that field, while success retains the entry in m.handles. Close(id) and CloseAll close the registered closer. Aggregate field ownership and error cleanup are missed.
orgrim/pg_back	2cd5006a933e3c5dffed0adafb813bed26993bb6	resourcelifetime	internal/storage/lock_test.go:89:12	resourcelifetime/missing-release	inconclusive	UnlockPath normally closes the file, but returns before Close if syscall.Flock LOCK_UN fails. The test uses a fresh unlocked tempfile and expects that call to succeed; reachability of the reported failure depends on filesystem/flock support, so no definitive leak or FP verdict.
orgrim/pg_back	2cd5006a933e3c5dffed0adafb813bed26993bb6	resourcelifetime	main.go:1024:14	resourcelifetime/missing-release	true-positive	Settings/config dump file is opened and written but never closed; downstream checksum job receives only its pathname, not ownership of the handle.
orgrim/pg_back	2cd5006a933e3c5dffed0adafb813bed26993bb6	resourcelifetime	main.go:476:14	resourcelifetime/missing-release	true-positive	ACL file write errors return before normal-path f.Close.
orgrim/pg_back	2cd5006a933e3c5dffed0adafb813bed26993bb6	resourcelifetime	main.go:549:15	resourcelifetime/missing-release	true-positive	Locally created SFTP/GCS repository is used for purge then discarded without Close; the concrete Close methods release SFTP connection/client or GCS client. The separate upload path closes a different repo.
orgrim/pg_back	2cd5006a933e3c5dffed0adafb813bed26993bb6	resourcelifetime	main.go:554:15	resourcelifetime/missing-release	true-positive	Locally created SFTP/GCS repository is used for purge then discarded without Close; the concrete Close methods release SFTP connection/client or GCS client. The separate upload path closes a different repo.
orgrim/pg_back	2cd5006a933e3c5dffed0adafb813bed26993bb6	resourcelifetime	main.go:971:13	resourcelifetime/missing-release	true-positive	Settings/config dump file is opened and written but never closed; downstream checksum job receives only its pathname, not ownership of the handle.
palemoky/fight-the-landlord	6a2b07bd71a21e0c564277a235846e7f3cf589b1	lockorder	internal/game/room/manager.go:143:3	lockorder/contradictory-order	true-positive	JoinRoom holds rm.mu then waits for room.mu; LeaveRoom holds that room.mu then acquires rm.mu to delete the last-player room. Concurrent join/leave can form a concrete reversed-lock deadlock.
paradigmxyz/iron-proxy	5bd11abeb95ca734c767cfc992ea9be862700614	goroutineownership	internal/postgres/manager.go:64:2	goroutineownership/unjoined	false-positive	Reload launches m.run(srv,nil), whose only completion send is guarded by errc!=nil. This invocation has no possible send obligation; srv is stored in m.server for Shutdown. Focused trace incorrectly collects one signal despite the explicit nil channel argument.
pmkol/mosdns-x	10d52d14255b97f73ff90e5d68705f240b20d071	resourcelifetime	pkg/data_provider/data_provider.go:166:12	resourcelifetime/missing-release	true-positive	NewWatcher succeeds but w.Add failure returns before launching the goroutine that defers w.Close, leaking watcher resources.
redpanda-data/benthos	c2a2dcffc93d21a4fb91ccdf863b61a9eb5a1627	concurrentcapture	internal/manager/input_wrapper_test.go:58:4	concurrentcapture/shared-capture	false-positive	The outer iWrapped assignment is sequenced before SwapInput publishes the new input under inputLock. The parent only launches the next iteration after receiving that iteration's uniquely tagged message through TransactionChan; this transitive mutex/channel handoff orders successive writes. err and conf are per-iteration locals. The analyzer misses the protocol-mediated serialization.
redpanda-data/benthos	c2a2dcffc93d21a4fb91ccdf863b61a9eb5a1627	goroutineownership	internal/impl/io/input_dynamic_fan_in_test.go:292:3	goroutineownership/unjoined	true-positive	The parent receive-timeout return and fatal Ack assertion bypass wg.Wait while workers may still send/read and call t.Errorf. Workers also skip Done on their own timeout returns, so normal-path Wait is not an all-path join.
redpanda-data/benthos	c2a2dcffc93d21a4fb91ccdf863b61a9eb5a1627	goroutineownership	internal/impl/pure/input_broker_fan_in_test.go:178:3	goroutineownership/unjoined	true-positive	The parent receive-timeout return and fatal Ack assertion bypass wg.Wait while workers may still send/read and call t.Errorf. Worker timeout returns also bypass their non-deferred Done; normal-path Wait does not cover early test termination.
redpanda-data/benthos	c2a2dcffc93d21a4fb91ccdf863b61a9eb5a1627	lockorder	internal/api/dynamic_crud.go:182:4	lockorder/missing-release	true-positive	HandleList returns on yaml.Unmarshal failure inside the configs loop before configsMut.Unlock. Its existing defer only closes request Body and writes an HTTP error, not the mutex.
redpanda-data/benthos	c2a2dcffc93d21a4fb91ccdf863b61a9eb5a1627	lockorder	public/service/stream.go:206:3	lockorder/missing-release	true-positive	ConnectionTest returns on stream.New failure while strmMut remains held; Unlock exists only after the error check, with no deferred unlock.
redpanda-data/benthos	c2a2dcffc93d21a4fb91ccdf863b61a9eb5a1627	lockorder	public/service/stream.go:70:3	lockorder/missing-release	true-positive	Run returns immediately when mgr.TriggerStartConsuming fails before strmMut.Unlock and has no deferred unlock.
redpanda-data/benthos	c2a2dcffc93d21a4fb91ccdf863b61a9eb5a1627	processownership	internal/cli/blobl/server.go:38:7	processownership/detached	true-positive	openBrowserAt discards the exec.Cmd after Start for xdg-open. No Wait or reaper is registered for this launcher; the surrounding editor server continues running. Asynchronous launching alone does not settle the process handle.
redpanda-data/benthos	c2a2dcffc93d21a4fb91ccdf863b61a9eb5a1627	processownership	internal/cli/blobl/server.go:40:7	processownership/detached	true-positive	openBrowserAt discards the exec.Cmd after Start for rundll32. No Wait or reaper is registered for this launcher; the surrounding editor server continues running. Asynchronous launching alone does not settle the process handle.
redpanda-data/benthos	c2a2dcffc93d21a4fb91ccdf863b61a9eb5a1627	processownership	internal/cli/blobl/server.go:42:7	processownership/detached	true-positive	openBrowserAt discards the exec.Cmd after Start for open. No Wait or reaper is registered for this launcher; the surrounding editor server continues running. Asynchronous launching alone does not settle the process handle.
redpanda-data/benthos	c2a2dcffc93d21a4fb91ccdf863b61a9eb5a1627	processownership	internal/impl/io/input_subprocess.go:151:12	processownership/missing-wait	true-positive	Connect starts cmd and drains its pipes using workers but never calls cmd.Wait or transfers cmd to a waiter. Close only cancels the context; draining or terminating the child does not reap it.
redpanda-data/benthos	c2a2dcffc93d21a4fb91ccdf863b61a9eb5a1627	resourcelifetime	internal/bloblang/parser/context.go:164:12	resourcelifetime/missing-release	true-positive	osImporter.Import opens a file and returns io.ReadAll(f) without closing on either read success or failure; returned bytes do not transfer the file descriptor.
redpanda-data/benthos	c2a2dcffc93d21a4fb91ccdf863b61a9eb5a1627	resourcelifetime	internal/impl/io/input_http_server_test.go:1021:15	resourcelifetime/missing-release	true-positive	The headers test reads and verifies a nonempty JSON synchronous response inside wg.Go but never closes its body; waiting for the worker does not close that response.
redpanda-data/benthos	c2a2dcffc93d21a4fb91ccdf863b61a9eb5a1627	resourcelifetime	internal/impl/io/input_http_server_test.go:1234:15	resourcelifetime/missing-release	true-positive	The first status-header response contains JSON; it is read and then overwritten by another HTTP response without Body.Close, including ReadAll error paths.
redpanda-data/benthos	c2a2dcffc93d21a4fb91ccdf863b61a9eb5a1627	resourcelifetime	internal/impl/io/input_http_server_test.go:1256:14	resourcelifetime/missing-release	true-positive	The second status-header response is HTTP400 with the same nonempty JSON body; it is read and discarded when the worker returns without Body.Close.
redpanda-data/benthos	c2a2dcffc93d21a4fb91ccdf863b61a9eb5a1627	resourcelifetime	internal/impl/io/input_http_server_test.go:129:19	resourcelifetime/missing-release	true-positive	The multipart worker checks status then discards the response without closing. Nominal success is empty, but the same input handler writes nonempty http.Error bodies on timeout or shutdown and this non-200 path still omits cleanup.
redpanda-data/benthos	c2a2dcffc93d21a4fb91ccdf863b61a9eb5a1627	resourcelifetime	internal/impl/io/input_http_server_test.go:169:16	resourcelifetime/missing-release	true-positive	The no-content-type worker reads its nonempty synchronous response but never calls Body.Close on success or read error.
redpanda-data/benthos	c2a2dcffc93d21a4fb91ccdf863b61a9eb5a1627	resourcelifetime	internal/impl/io/input_http_server_test.go:667:14	resourcelifetime/missing-release	true-positive	The GET deliberately receives HTTP405; input_http_server.go560 writes a nonempty Incorrect method error body, which the test neither reads nor closes.
redpanda-data/benthos	c2a2dcffc93d21a4fb91ccdf863b61a9eb5a1627	resourcelifetime	internal/impl/io/input_http_server_test.go:707:13	resourcelifetime/missing-release	true-positive	The timeout request receives HTTP408 with a nonempty Request timed out body from http.Error; the test checks status and never closes the response.
redpanda-data/benthos	c2a2dcffc93d21a4fb91ccdf863b61a9eb5a1627	resourcelifetime	internal/impl/io/input_http_server_test.go:772:13	resourcelifetime/missing-release	true-positive	The first rate-limit response is overwritten by a second request without cleanup. Nominal HTTP200 is empty, but feasible timeout or error responses contain nonempty bodies and the test merely reports unexpected status before proceeding.
redpanda-data/benthos	c2a2dcffc93d21a4fb91ccdf863b61a9eb5a1627	resourcelifetime	internal/impl/io/input_http_server_test.go:784:13	resourcelifetime/missing-release	true-positive	The second rate-limit request receives HTTP429; the handler writes Too Many Requests through http.Error, and the test drops its nonempty response body without closing.
redpanda-data/benthos	c2a2dcffc93d21a4fb91ccdf863b61a9eb5a1627	resourcelifetime	internal/impl/io/input_http_server_test.go:79:16	resourcelifetime/missing-release	true-positive	The HTTPBasic single-part worker reads the nonempty synchronous response with io.ReadAll but never closes its body, including read-error paths; server.Close is not client-body cleanup.
redpanda-data/benthos	c2a2dcffc93d21a4fb91ccdf863b61a9eb5a1627	resourcelifetime	internal/impl/io/output_http_server_test.go:125:11	resourcelifetime/missing-release	inconclusive	This is a negative request after TriggerCloseNow and successful WaitForClose, expecting connection failure. Any unexpected successful response is discarded, but an actual successful acquisition after the confirmed server shutdown is not established.
redpanda-data/benthos	c2a2dcffc93d21a4fb91ccdf863b61a9eb5a1627	resourcelifetime	internal/impl/io/output_http_server_test.go:158:13	resourcelifetime/missing-release	true-positive	The output-server timeout handler writes Timed out waiting for message with HTTP408 via http.Error; the test checks the status without reading or closing the nonempty response body.
replicatedhq/troubleshoot	eacd376c1245fe2ebcc3581f015f692d77d89af4	deferinloop	pkg/supportbundle/aftercollection.go:32:3	deferinloop/cleanup-lifetime	false-positive	The file becomes the HTTP request body before the only retry backedge, and http.Client.Do closes request bodies even on errors. Pre-Do failures return from the function and run its defer, so the file is not still owned/live at another iteration.
replicatedhq/troubleshoot	eacd376c1245fe2ebcc3581f015f692d77d89af4	lockorder	pkg/collect/images/utils.go:60:2	lockorder/read-lock-write	true-positive	imageCache.Get writes the shared accessed map under RLock, allowing concurrent Get calls to write the map simultaneously; reader locking does not serialize those writes.
replicatedhq/troubleshoot	eacd376c1245fe2ebcc3581f015f692d77d89af4	processownership	pkg/analyze/ollama_helper.go:224:12	processownership/detached	inconclusive	StartService intentionally launches a persistent Ollama server without Wait or Release; the command may outlive this CLI. No reap owner exists on early server exit, but intent and parent lifetime prevent treating every successful background launch as a demonstrated bug.
replicatedhq/troubleshoot	eacd376c1245fe2ebcc3581f015f692d77d89af4	resourcelifetime	cmd/internal/util/profilers.go:54:13	resourcelifetime/missing-release	true-positive	StopProfiling opens the heap-profile file, but WriteHeapProfile failure jumps to the final error return before f.Close.
replicatedhq/troubleshoot	eacd376c1245fe2ebcc3581f015f692d77d89af4	resourcelifetime	pkg/collect/host_filesystem_performance_linux.go:155:14	resourcelifetime/missing-release	true-positive	Each IOPS worker opens a file and defers only os.Remove; initialization errors and context-canceled loop exits never close the descriptor.
replicatedhq/troubleshoot	eacd376c1245fe2ebcc3581f015f692d77d89af4	resourcelifetime	pkg/collect/host_httploadbalancer.go:168:15	resourcelifetime/missing-release	true-positive	attemptPOST reads the response but never closes Body on success or ReadAll failure. Deferred request cancellation does not explicitly discharge the response-body ownership contract, especially after the transport returns the connection idle.
replicatedhq/troubleshoot	eacd376c1245fe2ebcc3581f015f692d77d89af4	resourcelifetime	pkg/collect/result.go:154:17	resourcelifetime/missing-release	true-positive	SaveResults opens every walked input file, reads it, then passes only copied bytes to SaveResult. Neither the walk callback's success nor error paths close the original handle.
replicatedhq/troubleshoot	eacd376c1245fe2ebcc3581f015f692d77d89af4	resourcelifetime	pkg/namespaces/network-namespace_test.go:134:13	resourcelifetime/missing-release	false-positive	The mock returns netns.NsHandle(fd.Fd()), not a duplicate descriptor. Run or Setup defers origin.Close via WrapIfFail; netns v0.0.5 Close calls unix.Close on that exact descriptor. The file resource is released through the raw-handle alias despite no os.File.Close call; raw-fd/finalizer hygiene is a separate concern.
replicatedhq/troubleshoot	eacd376c1245fe2ebcc3581f015f692d77d89af4	resourcelifetime	pkg/namespaces/network-namespace_test.go:158:13	resourcelifetime/missing-release	false-positive	The mock returns netns.NsHandle(fd.Fd()), not a duplicate descriptor. Run or Setup defers origin.Close via WrapIfFail; netns v0.0.5 Close calls unix.Close on that exact descriptor. The file resource is released through the raw-handle alias despite no os.File.Close call; raw-fd/finalizer hygiene is a separate concern.
replicatedhq/troubleshoot	eacd376c1245fe2ebcc3581f015f692d77d89af4	resourcelifetime	pkg/namespaces/network-namespace_test.go:180:13	resourcelifetime/missing-release	false-positive	The mock returns netns.NsHandle(fd.Fd()), not a duplicate descriptor. Run or Setup defers origin.Close via WrapIfFail; netns v0.0.5 Close calls unix.Close on that exact descriptor. The file resource is released through the raw-handle alias despite no os.File.Close call; raw-fd/finalizer hygiene is a separate concern.
replicatedhq/troubleshoot	eacd376c1245fe2ebcc3581f015f692d77d89af4	resourcelifetime	pkg/namespaces/network-namespace_test.go:204:13	resourcelifetime/missing-release	false-positive	The mock returns netns.NsHandle(fd.Fd()), not a duplicate descriptor. Run or Setup defers origin.Close via WrapIfFail; netns v0.0.5 Close calls unix.Close on that exact descriptor. The file resource is released through the raw-handle alias despite no os.File.Close call; raw-fd/finalizer hygiene is a separate concern.
replicatedhq/troubleshoot	eacd376c1245fe2ebcc3581f015f692d77d89af4	resourcelifetime	pkg/namespaces/network-namespace_test.go:208:14	resourcelifetime/missing-release	true-positive	fd2 is converted to netns.NsHandle and retained in ns.handle by Setup, but the test neither calls ns.Close nor closes fd2 before discarding ns; removing the pathname does not release the descriptor.
replicatedhq/troubleshoot	eacd376c1245fe2ebcc3581f015f692d77d89af4	resourcelifetime	pkg/preflight/upload_results.go:65:15	resourcelifetime/missing-release	true-positive	The upload checks status and returns without reading or closing its HTTP response body on success or status failure.
replicatedhq/troubleshoot	eacd376c1245fe2ebcc3581f015f692d77d89af4	resourcelifetime	pkg/supportbundle/aftercollection.go:49:16	resourcelifetime/missing-release	true-positive	Support-bundle upload checks response status then breaks or returns without closing the response body; the file request-body defer does not close this separate response.
replicatedhq/troubleshoot	eacd376c1245fe2ebcc3581f015f692d77d89af4	resourcelifetime	pkg/supportbundle/aftercollection.go:83:17	resourcelifetime/missing-release	true-positive	The redaction-report upload discards its HTTP response after a status check, omitting Body.Close on both successful and rejected responses.
replicatedhq/troubleshoot	eacd376c1245fe2ebcc3581f015f692d77d89af4	resourcelifetime	pkg/supportbundle/load.go:274:16	resourcelifetime/missing-release	true-positive	loadSpecFromURL returns on non-200 status before registering deferred Body.Close, leaking the response on that error path.
reproducible-containers/diffoci	331021817c26252113db899f80e84ee5d1dd79df	processownership	cmd/diffoci/imagegetter/imagegetter.go:219:11	processownership/missing-wait	true-positive	loadDocker starts docker save but never calls Wait on any path. Closing its stdout pipe or finishing archive import does not reap the child.
safedep/vet	d477dceda16242d598b3e3e1c5516f9a33796a8b	resourcelifetime	pkg/common/utils/file.go:35:12	resourcelifetime/missing-release	true-positive	ReadFrom failure returns before closing the newly created temporary file.
safedep/vet	d477dceda16242d598b3e3e1c5516f9a33796a8b	resourcelifetime	pkg/exceptions/exceptions_loader_file.go:21:15	resourcelifetime/missing-release	true-positive	Opened file is passed as io.Reader to YAML decoding and neither closed nor retained by the returned loader.
safedep/vet	d477dceda16242d598b3e3e1c5516f9a33796a8b	resourcelifetime	pkg/storage/ent_sqlite_test.go:138:14	resourcelifetime/missing-release	true-positive	os.Create succeeds but its file handle is discarded; TempDir cleanup removes paths, not open descriptors.
safedep/vet	d477dceda16242d598b3e3e1c5516f9a33796a8b	resourcelifetime	pkg/storage/ent_sqlite_test.go:55:15	resourcelifetime/missing-release	true-positive	os.Create succeeds but its file handle is discarded; TempDir cleanup removes paths, not open descriptors.
sigstore/sigstore	4f4c3f8a9b643c802964e96a8f3d3b24015c67b5	cancellationownership	pkg/signature/kms/cliplugin/encoding/options.go:60:13	cancellationownership/release	inconclusive	UnpackRPCOptions intentionally reconstructs a deadline-only context and returns it in RPC options while preserving eventual DeadlineExceeded semantics. Cancel is discarded, so early cleanup is unavailable, but retention until the serialized deadline is explicit and an unintended lifecycle is not established.
sigstore/sigstore	4f4c3f8a9b643c802964e96a8f3d3b24015c67b5	resourcelifetime	pkg/oauthflow/flow_test.go:88:15	resourcelifetime/missing-release	false-positive	Both sendCodeAndState callers create the redirect listener with an empty HTML page. The handler either returns without writing on invalid state or writes that empty string, yielding an empty HTTP response and NoBody rather than a live body needing release.
spotahome/kooper	6064d2611599f8c12ddbc88ced3f123570bdc25a	producerlifecycle	controller/controller_test.go:311:16	producerlifecycle/abandoned-send	true-positive	Three workers send on one unbuffered resultC, but the parent receives at most once and may instead time out. Context cancellation stops Run but does not unblock the subsequent result send; at least two completing workers cannot deliver their result.
spotahome/kooper	6064d2611599f8c12ddbc88ced3f123570bdc25a	producerlifecycle	controller/controller_test.go:314:16	producerlifecycle/abandoned-send	true-positive	Three workers send on one unbuffered resultC, but the parent receives at most once and may instead time out. Context cancellation stops Run but does not unblock the subsequent result send; at least two completing workers cannot deliver their result.
spotahome/kooper	6064d2611599f8c12ddbc88ced3f123570bdc25a	producerlifecycle	controller/controller_test.go:315:16	producerlifecycle/abandoned-send	true-positive	Three workers send on one unbuffered resultC, but the parent receives at most once and may instead time out. Context cancellation stops Run but does not unblock the subsequent result send; at least two completing workers cannot deliver their result.
spotahome/kooper	6064d2611599f8c12ddbc88ced3f123570bdc25a	producerlifecycle	examples/multi-resource-controller/main.go:121:3	producerlifecycle/abandoned-send	true-positive	Two controllers send to an unbuffered errC but run receives once and returns; if the other controller finishes first, this sender blocks after cancellation because there is no remaining receive or send-select escape.
spotahome/kooper	6064d2611599f8c12ddbc88ced3f123570bdc25a	producerlifecycle	examples/multi-resource-controller/main.go:125:3	producerlifecycle/abandoned-send	true-positive	The parent consumes only the first of two controller results. Deferred cancel can stop controller work but cannot release this final unbuffered result send after the parent has returned.
staticbackendhq/core	7c37570311c38630622b109b9f1a9f02e7aeee72	lockorder	database/mongo/base.go:66:3	lockorder/missing-release	true-positive	ensureIndex returns on a cached key while still holding mutx.RLock; subsequent write locking can block permanently.
staticbackendhq/core	7c37570311c38630622b109b9f1a9f02e7aeee72	resourcelifetime	database/postgresql/migration.go:134:13	resourcelifetime/missing-release	true-positive	Transaction begins successfully, then error paths return without either Commit or Rollback. No parent owns the local transaction or registers fallback rollback.
staticbackendhq/core	7c37570311c38630622b109b9f1a9f02e7aeee72	resourcelifetime	database/postgresql/sb.go:253:13	resourcelifetime/missing-release	true-positive	Transaction begins successfully, then error paths return without either Commit or Rollback. No parent owns the local transaction or registers fallback rollback.
staticbackendhq/core	7c37570311c38630622b109b9f1a9f02e7aeee72	resourcelifetime	database/sqlite/migration.go:218:13	resourcelifetime/missing-release	true-positive	Transaction begins successfully, then error paths return without either Commit or Rollback. No parent owns the local transaction or registers fallback rollback.
staticbackendhq/core	7c37570311c38630622b109b9f1a9f02e7aeee72	resourcelifetime	database/sqlite/sb.go:242:13	resourcelifetime/missing-release	true-positive	Transaction begins successfully, then error paths return without either Commit or Rollback. No parent owns the local transaction or registers fallback rollback.
symfony-cli/symfony-cli	80c2398d70b66b2570d11ea2be61309fe0c6428e	deferinloop	local/fcgi_client/fcgiclient.go:446:3	deferinloop/cleanup-lifetime	true-positive	PostFile opens each uploaded file and defers Close until the whole request finishes, retaining prior files across loop iterations.
symfony-cli/symfony-cli	80c2398d70b66b2570d11ea2be61309fe0c6428e	resourcelifetime	commands/generator/main.go:76:12	resourcelifetime/missing-release	true-positive	Generated output file is written but never closed. Impact is one descriptor until generator exit, and close errors are not observed.
symfony-cli/symfony-cli	80c2398d70b66b2570d11ea2be61309fe0c6428e	resourcelifetime	commands/init_templating.go:117:13	resourcelifetime/missing-release	true-positive	template.Execute error returns before closing the successfully opened output file.
symfony-cli/symfony-cli	80c2398d70b66b2570d11ea2be61309fe0c6428e	resourcelifetime	commands/init_templating.go:202:16	resourcelifetime/missing-release	true-positive	HTTP status >=400 returns before registering the response-body close defer.
symfony-cli/symfony-cli	80c2398d70b66b2570d11ea2be61309fe0c6428e	resourcelifetime	local/php/executor.go:382:17	resourcelifetime/missing-release	true-positive	Cleanup opens each directory entry but never closes the descriptor, including multiple continue paths and the normal removal path.
symfony-cli/symfony-cli	80c2398d70b66b2570d11ea2be61309fe0c6428e	resourcelifetime	local/php/toolbar_test.go:53:16	resourcelifetime/missing-release	true-positive	Test HTTP handler opens the HTML fixture and copies it to response without closing the file; io.Copy does not close its input.
symfony-cli/symfony-cli	80c2398d70b66b2570d11ea2be61309fe0c6428e	resourcelifetime	local/proxy/proxy_test.go:141:15	resourcelifetime/missing-release	true-positive	Proxy test never closes response.Body. Reading nonempty bodies does not replace the Close contract; even the empty-body case uses a client with a one-second timeout and associated body/timer cleanup.
symfony-cli/symfony-cli	80c2398d70b66b2570d11ea2be61309fe0c6428e	resourcelifetime	local/proxy/proxy_test.go:153:15	resourcelifetime/missing-release	true-positive	Proxy test never closes response.Body. Reading nonempty bodies does not replace the Close contract; even the empty-body case uses a client with a one-second timeout and associated body/timer cleanup.
symfony-cli/symfony-cli	80c2398d70b66b2570d11ea2be61309fe0c6428e	resourcelifetime	local/proxy/proxy_test.go:208:15	resourcelifetime/missing-release	true-positive	Proxy test never closes response.Body. Reading nonempty bodies does not replace the Close contract; even the empty-body case uses a client with a one-second timeout and associated body/timer cleanup.
symfony-cli/symfony-cli	80c2398d70b66b2570d11ea2be61309fe0c6428e	resourcelifetime	local/proxy/proxy_test.go:224:15	resourcelifetime/missing-release	true-positive	Proxy test never closes response.Body. Reading nonempty bodies does not replace the Close contract; even the empty-body case uses a client with a one-second timeout and associated body/timer cleanup.
symfony-cli/symfony-cli	80c2398d70b66b2570d11ea2be61309fe0c6428e	resourcelifetime	local/upsun/generator/commands.go:93:12	resourcelifetime/missing-release	true-positive	Generator writes newly created commands.go without ever closing the handle, including format failure; process exit bounds accumulation but does not observe close errors.
symfony-cli/symfony-cli	80c2398d70b66b2570d11ea2be61309fe0c6428e	resourcelifetime	local/upsun/generator/config.go:101:12	resourcelifetime/missing-release	true-positive	Generator writes newly created config.go without ever closing the handle, including format failure; process exit bounds accumulation but does not observe close errors.
symfony-cli/symfony-cli	80c2398d70b66b2570d11ea2be61309fe0c6428e	resourcelifetime	updater/updater.go:130:35	resourcelifetime/missing-release	true-positive	Manifest file opens regardless of enableCache, but Close occurs only when enableCache is true and open succeeded. A disabled cache with existing file leaks the handle.
synfinatic/aws-sso-cli	f0ee301195aeb6c076eb3e2ac19ab8362d65c2ba	processownership	internal/uri/uri.go:323:8	processownership/detached	true-positive	execWithUrl starts a browser/helper and discards Cmd without Wait or Process.Release; the parent may continue authentication while an exited helper has no reap owner.
synfinatic/aws-sso-cli	f0ee301195aeb6c076eb3e2ac19ab8362d65c2ba	resourcelifetime	cmd/aws-ssl-test/main.go:16:13	resourcelifetime/missing-release	true-positive	The CA file is passed as an io.Reader to config.WithCustomCABundle, which reads certificate bytes without owning Close; no file cleanup exists after config loading.
synfinatic/aws-sso-cli	f0ee301195aeb6c076eb3e2ac19ab8362d65c2ba	resourcelifetime	cmd/aws-sso/setup_wizard_cmd.go:170:15	resourcelifetime/missing-release	true-positive	backupConfig uses os.Open only to test existence and immediately discards the successfully opened handle.
synfinatic/aws-sso-cli	f0ee301195aeb6c076eb3e2ac19ab8362d65c2ba	resourcelifetime	cmd/aws-sso/setup_wizard_cmd.go:187:16	resourcelifetime/missing-release	true-positive	The backup source file is closed only after a successful destination creation and copy; either later failure returns without closing src.
synfinatic/aws-sso-cli	f0ee301195aeb6c076eb3e2ac19ab8362d65c2ba	resourcelifetime	cmd/aws-sso/setup_wizard_cmd.go:207:16	resourcelifetime/missing-release	true-positive	The created backup destination is closed only after io.Copy succeeds; a copy failure returns with dst open.
synfinatic/aws-sso-cli	f0ee301195aeb6c076eb3e2ac19ab8362d65c2ba	resourcelifetime	internal/awsconfig/config_test.go:208:15	resourcelifetime/missing-release	true-positive	The test closes its earlier temp file but reassigns cfile from os.Open and never closes this newly opened read handle.
synfinatic/aws-sso-cli	f0ee301195aeb6c076eb3e2ac19ab8362d65c2ba	resourcelifetime	internal/ecs/client/client.go:139:15	resourcelifetime/missing-release	true-positive	SubmitCreds returns checkDoResponse, which checks status only and never closes the response body; server OK/error replies contain JSON.
synfinatic/aws-sso-cli	f0ee301195aeb6c076eb3e2ac19ab8362d65c2ba	resourcelifetime	internal/ecs/client/client.go:149:15	resourcelifetime/missing-release	true-positive	GetProfile checks response status before registering deferred Body.Close; non-200 responses return through checkDoResponse without cleanup.
synfinatic/aws-sso-cli	f0ee301195aeb6c076eb3e2ac19ab8362d65c2ba	resourcelifetime	internal/ecs/client/client.go:177:15	resourcelifetime/missing-release	true-positive	ListProfiles returns on checkDoResponse status error before its deferred Body.Close, dropping the error response body.
synfinatic/aws-sso-cli	f0ee301195aeb6c076eb3e2ac19ab8362d65c2ba	resourcelifetime	internal/ecs/client/client.go:203:15	resourcelifetime/missing-release	true-positive	Delete returns checkDoResponse after the HTTP request; that helper only checks status and does not close the JSON success/error response.
synfinatic/aws-sso-cli	f0ee301195aeb6c076eb3e2ac19ab8362d65c2ba	resourcelifetime	internal/ecs/security_test.go:72:11	resourcelifetime/missing-release	true-positive	The earlier temp file was closed for one negative case, but this second CreateTemp file is written and decoded without Close; deferred Remove only removes its path.
synfinatic/aws-sso-cli	f0ee301195aeb6c076eb3e2ac19ab8362d65c2ba	resourcelifetime	internal/ecs/server/default_test.go:100:13	resourcelifetime/missing-release	true-positive	The test receives invalid path JSON404 and never closes this response body before reassignment or function return. The handler writes nonempty JSON; decoding or closing the test server does not close the client body.
synfinatic/aws-sso-cli	f0ee301195aeb6c076eb3e2ac19ab8362d65c2ba	resourcelifetime	internal/ecs/server/default_test.go:187:15	resourcelifetime/missing-release	true-positive	The test receives successful delete JSON200 and never closes this response body before reassignment or function return. The handler writes nonempty JSON; decoding or closing the test server does not close the client body.
synfinatic/aws-sso-cli	f0ee301195aeb6c076eb3e2ac19ab8362d65c2ba	resourcelifetime	internal/ecs/server/default_test.go:193:14	resourcelifetime/missing-release	true-positive	The test receives repeated delete JSON404 and never closes this response body before reassignment or function return. The handler writes nonempty JSON; decoding or closing the test server does not close the client body.
synfinatic/aws-sso-cli	f0ee301195aeb6c076eb3e2ac19ab8362d65c2ba	resourcelifetime	internal/ecs/server/default_test.go:53:14	resourcelifetime/missing-release	true-positive	The test receives missing credentials JSON404 and never closes this response body before reassignment or function return. The handler writes nonempty JSON; decoding or closing the test server does not close the client body.
synfinatic/aws-sso-cli	f0ee301195aeb6c076eb3e2ac19ab8362d65c2ba	resourcelifetime	internal/ecs/server/default_test.go:73:13	resourcelifetime/missing-release	true-positive	The test receives valid credentials JSON200 and never closes this response body before reassignment or function return. The handler writes nonempty JSON; decoding or closing the test server does not close the client body.
synfinatic/aws-sso-cli	f0ee301195aeb6c076eb3e2ac19ab8362d65c2ba	resourcelifetime	internal/ecs/server/default_test.go:89:13	resourcelifetime/missing-release	true-positive	The test receives expired credentials JSON404 and never closes this response body before reassignment or function return. The handler writes nonempty JSON; decoding or closing the test server does not close the client body.
synfinatic/aws-sso-cli	f0ee301195aeb6c076eb3e2ac19ab8362d65c2ba	resourcelifetime	internal/ecs/server/healthcheck_test.go:106:14	resourcelifetime/missing-release	true-positive	The test receives missing slot JSON503 and never closes this response body before reassignment or function return. The handler writes nonempty JSON; decoding or closing the test server does not close the client body.
synfinatic/aws-sso-cli	f0ee301195aeb6c076eb3e2ac19ab8362d65c2ba	resourcelifetime	internal/ecs/server/healthcheck_test.go:126:13	resourcelifetime/missing-release	true-positive	The test receives healthy slot JSON200 and never closes this response body before reassignment or function return. The handler writes nonempty JSON; decoding or closing the test server does not close the client body.
synfinatic/aws-sso-cli	f0ee301195aeb6c076eb3e2ac19ab8362d65c2ba	resourcelifetime	internal/ecs/server/healthcheck_test.go:137:13	resourcelifetime/missing-release	true-positive	The test receives expired slot JSON503 and never closes this response body before reassignment or function return. The handler writes nonempty JSON; decoding or closing the test server does not close the client body.
synfinatic/aws-sso-cli	f0ee301195aeb6c076eb3e2ac19ab8362d65c2ba	resourcelifetime	internal/ecs/server/healthcheck_test.go:53:14	resourcelifetime/missing-release	true-positive	The test receives no credentials JSON503 and never closes this response body before reassignment or function return. The handler writes nonempty JSON; decoding or closing the test server does not close the client body.
synfinatic/aws-sso-cli	f0ee301195aeb6c076eb3e2ac19ab8362d65c2ba	resourcelifetime	internal/ecs/server/healthcheck_test.go:73:13	resourcelifetime/missing-release	true-positive	The test receives healthy default profile JSON200 and never closes this response body before reassignment or function return. The handler writes nonempty JSON; decoding or closing the test server does not close the client body.
synfinatic/aws-sso-cli	f0ee301195aeb6c076eb3e2ac19ab8362d65c2ba	resourcelifetime	internal/ecs/server/healthcheck_test.go:84:13	resourcelifetime/missing-release	true-positive	The test receives expired default profile JSON503 and never closes this response body before reassignment or function return. The handler writes nonempty JSON; decoding or closing the test server does not close the client body.
synfinatic/aws-sso-cli	f0ee301195aeb6c076eb3e2ac19ab8362d65c2ba	resourcelifetime	internal/ecs/server/profile_test.go:52:14	resourcelifetime/missing-release	true-positive	The test receives unavailable profile JSON404 and never closes this response body before reassignment or function return. The handler writes nonempty JSON; decoding or closing the test server does not close the client body.
synfinatic/aws-sso-cli	f0ee301195aeb6c076eb3e2ac19ab8362d65c2ba	resourcelifetime	internal/ecs/server/profile_test.go:76:13	resourcelifetime/missing-release	true-positive	The test receives valid profile JSON200 and never closes this response body before reassignment or function return. The handler writes nonempty JSON; decoding or closing the test server does not close the client body.
synfinatic/aws-sso-cli	f0ee301195aeb6c076eb3e2ac19ab8362d65c2ba	resourcelifetime	internal/ecs/server/profile_test.go:90:13	resourcelifetime/missing-release	true-positive	The test receives expired profile JSON404 and never closes this response body before reassignment or function return. The handler writes nonempty JSON; decoding or closing the test server does not close the client body.
synfinatic/aws-sso-cli	f0ee301195aeb6c076eb3e2ac19ab8362d65c2ba	resourcelifetime	internal/ecs/server/server_test.go:223:14	resourcelifetime/missing-release	true-positive	The test receives invalid authorization JSON403 and never closes this response body before reassignment or function return. The handler writes nonempty JSON; decoding or closing the test server does not close the client body.
synfinatic/aws-sso-cli	f0ee301195aeb6c076eb3e2ac19ab8362d65c2ba	resourcelifetime	internal/ecs/server/server_test.go:245:14	resourcelifetime/missing-release	true-positive	The test receives missing credentials JSON404 and never closes this response body before reassignment or function return. The handler writes nonempty JSON; decoding or closing the test server does not close the client body.
synfinatic/aws-sso-cli	f0ee301195aeb6c076eb3e2ac19ab8362d65c2ba	resourcelifetime	internal/ecs/server/server_test.go:275:14	resourcelifetime/missing-release	true-positive	The test receives TLS missing credentials JSON404 and never closes this response body before reassignment or function return. The handler writes nonempty JSON; decoding or closing the test server does not close the client body.
synfinatic/aws-sso-cli	f0ee301195aeb6c076eb3e2ac19ab8362d65c2ba	resourcelifetime	internal/ecs/server/slotted_test.go:163:15	resourcelifetime/missing-release	true-positive	The test receives successful slot deletion JSON200 and never closes this response body before reassignment or function return. The handler writes nonempty JSON; decoding or closing the test server does not close the client body.
synfinatic/aws-sso-cli	f0ee301195aeb6c076eb3e2ac19ab8362d65c2ba	resourcelifetime	internal/ecs/server/slotted_test.go:170:14	resourcelifetime/missing-release	true-positive	The test receives repeated slot deletion JSON404 and never closes this response body before reassignment or function return. The handler writes nonempty JSON; decoding or closing the test server does not close the client body.
synfinatic/aws-sso-cli	f0ee301195aeb6c076eb3e2ac19ab8362d65c2ba	resourcelifetime	internal/ecs/server/slotted_test.go:63:14	resourcelifetime/missing-release	true-positive	The test receives missing slot JSON404 and never closes this response body before reassignment or function return. The handler writes nonempty JSON; decoding or closing the test server does not close the client body.
synfinatic/aws-sso-cli	f0ee301195aeb6c076eb3e2ac19ab8362d65c2ba	resourcelifetime	internal/ecs/server/slotted_test.go:69:13	resourcelifetime/missing-release	true-positive	The test receives valid slot credentials JSON200 and never closes this response body before reassignment or function return. The handler writes nonempty JSON; decoding or closing the test server does not close the client body.
synfinatic/aws-sso-cli	f0ee301195aeb6c076eb3e2ac19ab8362d65c2ba	resourcelifetime	internal/ecs/server/slotted_test.go:79:13	resourcelifetime/missing-release	true-positive	The test receives slot list JSON200 and never closes this response body before reassignment or function return. The handler writes nonempty JSON; decoding or closing the test server does not close the client body.
synfinatic/aws-sso-cli	f0ee301195aeb6c076eb3e2ac19ab8362d65c2ba	resourcelifetime	internal/fileutils/fileedit_test.go:95:17	resourcelifetime/missing-release	true-positive	tfile2 is opened only for its Name to pass into UpdateConfig, and the original descriptor is never closed.
synfinatic/aws-sso-cli	f0ee301195aeb6c076eb3e2ac19ab8362d65c2ba	resourcelifetime	internal/fileutils/path.go:32:12	resourcelifetime/missing-release	true-positive	EnsureDirExists opens the directory for Stat and never closes it on success, Stat error, or not-a-directory error.
synfinatic/aws-sso-cli	f0ee301195aeb6c076eb3e2ac19ab8362d65c2ba	resourcelifetime	internal/helper/helper_test.go:151:19	resourcelifetime/missing-release	true-positive	TestInstallHelper passes only the created temp filename to install/uninstall and defers os.Remove, never closing the original handle.
synfinatic/aws-sso-cli	f0ee301195aeb6c076eb3e2ac19ab8362d65c2ba	resourcelifetime	internal/sso/auth/awssso_auth_test.go:1003:17	resourcelifetime/missing-release	true-positive	CreateTemp handle tfile is only used for Name; the store receives a pathname, not the handle. Deferred os.Remove unlinks the path without closing the original descriptor. All tfile uses inspected in the test source; no cleanup or ownership transfer of the handle.
synfinatic/aws-sso-cli	f0ee301195aeb6c076eb3e2ac19ab8362d65c2ba	resourcelifetime	internal/sso/auth/awssso_auth_test.go:1068:17	resourcelifetime/missing-release	true-positive	CreateTemp handle tfile is only used for Name; the store receives a pathname, not the handle. Deferred os.Remove unlinks the path without closing the original descriptor. All tfile uses inspected in the test source; no cleanup or ownership transfer of the handle.
synfinatic/aws-sso-cli	f0ee301195aeb6c076eb3e2ac19ab8362d65c2ba	resourcelifetime	internal/sso/auth/awssso_auth_test.go:1095:17	resourcelifetime/missing-release	true-positive	CreateTemp handle tfile is only used for Name; the store receives a pathname, not the handle. Deferred os.Remove unlinks the path without closing the original descriptor. All tfile uses inspected in the test source; no cleanup or ownership transfer of the handle.
synfinatic/aws-sso-cli	f0ee301195aeb6c076eb3e2ac19ab8362d65c2ba	resourcelifetime	internal/sso/auth/awssso_auth_test.go:1127:17	resourcelifetime/missing-release	true-positive	CreateTemp handle tfile is only used for Name; the store receives a pathname, not the handle. Deferred os.Remove unlinks the path without closing the original descriptor. All tfile uses inspected in the test source; no cleanup or ownership transfer of the handle.
synfinatic/aws-sso-cli	f0ee301195aeb6c076eb3e2ac19ab8362d65c2ba	resourcelifetime	internal/sso/auth/awssso_auth_test.go:1174:17	resourcelifetime/missing-release	true-positive	CreateTemp handle tfile is only used for Name; the store receives a pathname, not the handle. Deferred os.Remove unlinks the path without closing the original descriptor. All tfile uses inspected in the test source; no cleanup or ownership transfer of the handle.
synfinatic/aws-sso-cli	f0ee301195aeb6c076eb3e2ac19ab8362d65c2ba	resourcelifetime	internal/sso/auth/awssso_auth_test.go:1219:17	resourcelifetime/missing-release	true-positive	CreateTemp handle tfile is only used for Name; the store receives a pathname, not the handle. Deferred os.Remove unlinks the path without closing the original descriptor. All tfile uses inspected in the test source; no cleanup or ownership transfer of the handle.
synfinatic/aws-sso-cli	f0ee301195aeb6c076eb3e2ac19ab8362d65c2ba	resourcelifetime	internal/sso/auth/awssso_auth_test.go:1245:17	resourcelifetime/missing-release	true-positive	CreateTemp handle tfile is only used for Name; the store receives a pathname, not the handle. Deferred os.Remove unlinks the path without closing the original descriptor. All tfile uses inspected in the test source; no cleanup or ownership transfer of the handle.
synfinatic/aws-sso-cli	f0ee301195aeb6c076eb3e2ac19ab8362d65c2ba	resourcelifetime	internal/sso/auth/awssso_auth_test.go:1300:17	resourcelifetime/missing-release	true-positive	CreateTemp handle tfile is only used for Name; the store receives a pathname, not the handle. Deferred os.Remove unlinks the path without closing the original descriptor. All tfile uses inspected in the test source; no cleanup or ownership transfer of the handle.
synfinatic/aws-sso-cli	f0ee301195aeb6c076eb3e2ac19ab8362d65c2ba	resourcelifetime	internal/sso/auth/awssso_auth_test.go:1340:17	resourcelifetime/missing-release	true-positive	CreateTemp handle tfile is only used for Name; the store receives a pathname, not the handle. Deferred os.Remove unlinks the path without closing the original descriptor. All tfile uses inspected in the test source; no cleanup or ownership transfer of the handle.
synfinatic/aws-sso-cli	f0ee301195aeb6c076eb3e2ac19ab8362d65c2ba	resourcelifetime	internal/sso/auth/awssso_auth_test.go:157:16	resourcelifetime/missing-release	true-positive	CreateTemp handle tfile is only used for Name; the store receives a pathname, not the handle. Deferred os.Remove unlinks the path without closing the original descriptor. All tfile uses inspected in the test source; no cleanup or ownership transfer of the handle.
synfinatic/aws-sso-cli	f0ee301195aeb6c076eb3e2ac19ab8362d65c2ba	resourcelifetime	internal/sso/auth/awssso_auth_test.go:237:16	resourcelifetime/missing-release	true-positive	CreateTemp handle tfile is only used for Name; the store receives a pathname, not the handle. Deferred os.Remove unlinks the path without closing the original descriptor. All tfile uses inspected in the test source; no cleanup or ownership transfer of the handle.
synfinatic/aws-sso-cli	f0ee301195aeb6c076eb3e2ac19ab8362d65c2ba	resourcelifetime	internal/sso/auth/awssso_auth_test.go:505:16	resourcelifetime/missing-release	true-positive	CreateTemp handle tfile is only used for Name; the store receives a pathname, not the handle. Deferred os.Remove unlinks the path without closing the original descriptor. All tfile uses inspected in the test source; no cleanup or ownership transfer of the handle.
synfinatic/aws-sso-cli	f0ee301195aeb6c076eb3e2ac19ab8362d65c2ba	resourcelifetime	internal/sso/auth/awssso_auth_test.go:679:16	resourcelifetime/missing-release	true-positive	CreateTemp handle tfile is only used for Name; the store receives a pathname, not the handle. Deferred os.Remove unlinks the path without closing the original descriptor. All tfile uses inspected in the test source; no cleanup or ownership transfer of the handle.
synfinatic/aws-sso-cli	f0ee301195aeb6c076eb3e2ac19ab8362d65c2ba	resourcelifetime	internal/sso/auth/awssso_auth_test.go:740:16	resourcelifetime/missing-release	true-positive	CreateTemp handle tfile is only used for Name; the store receives a pathname, not the handle. Deferred os.Remove unlinks the path without closing the original descriptor. All tfile uses inspected in the test source; no cleanup or ownership transfer of the handle.
synfinatic/aws-sso-cli	f0ee301195aeb6c076eb3e2ac19ab8362d65c2ba	resourcelifetime	internal/sso/auth/awssso_auth_test.go:929:16	resourcelifetime/missing-release	true-positive	CreateTemp handle tfile is only used for Name; the store receives a pathname, not the handle. Deferred os.Remove unlinks the path without closing the original descriptor. All tfile uses inspected in the test source; no cleanup or ownership transfer of the handle.
synfinatic/aws-sso-cli	f0ee301195aeb6c076eb3e2ac19ab8362d65c2ba	resourcelifetime	internal/sso/auth/awssso_auth_test.go:963:16	resourcelifetime/missing-release	true-positive	CreateTemp handle tfile is only used for Name; the store receives a pathname, not the handle. Deferred os.Remove unlinks the path without closing the original descriptor. All tfile uses inspected in the test source; no cleanup or ownership transfer of the handle.
synfinatic/aws-sso-cli	f0ee301195aeb6c076eb3e2ac19ab8362d65c2ba	resourcelifetime	internal/sso/auth/awssso_test.go:1040:16	resourcelifetime/missing-release	true-positive	CreateTemp handle tfile is only used for Name; the store receives a pathname, not the handle. Deferred os.Remove unlinks the path without closing the original descriptor. All tfile uses inspected in the test source; no cleanup or ownership transfer of the handle.
synfinatic/aws-sso-cli	f0ee301195aeb6c076eb3e2ac19ab8362d65c2ba	resourcelifetime	internal/sso/auth/awssso_test.go:149:16	resourcelifetime/missing-release	true-positive	CreateTemp handle tfile is only used for Name; the store receives a pathname, not the handle. Deferred os.Remove unlinks the path without closing the original descriptor. All tfile uses inspected in the test source; no cleanup or ownership transfer of the handle.
synfinatic/aws-sso-cli	f0ee301195aeb6c076eb3e2ac19ab8362d65c2ba	resourcelifetime	internal/sso/auth/awssso_test.go:470:16	resourcelifetime/missing-release	true-positive	CreateTemp handle tfile is only used for Name; the store receives a pathname, not the handle. Deferred os.Remove unlinks the path without closing the original descriptor. All tfile uses inspected in the test source; no cleanup or ownership transfer of the handle.
synfinatic/aws-sso-cli	f0ee301195aeb6c076eb3e2ac19ab8362d65c2ba	resourcelifetime	internal/sso/auth/awssso_test.go:649:16	resourcelifetime/missing-release	true-positive	CreateTemp handle tfile is only used for Name; the store receives a pathname, not the handle. Deferred os.Remove unlinks the path without closing the original descriptor. All tfile uses inspected in the test source; no cleanup or ownership transfer of the handle.
synfinatic/aws-sso-cli	f0ee301195aeb6c076eb3e2ac19ab8362d65c2ba	resourcelifetime	internal/sso/auth/awssso_test.go:868:16	resourcelifetime/missing-release	true-positive	CreateTemp handle tfile is only used for Name; the store receives a pathname, not the handle. Deferred os.Remove unlinks the path without closing the original descriptor. All tfile uses inspected in the test source; no cleanup or ownership transfer of the handle.
synfinatic/aws-sso-cli	f0ee301195aeb6c076eb3e2ac19ab8362d65c2ba	resourcelifetime	internal/sso/auth/awssso_test.go:97:16	resourcelifetime/missing-release	true-positive	CreateTemp handle tfile is only used for Name; the store receives a pathname, not the handle. Deferred os.Remove unlinks the path without closing the original descriptor. All tfile uses inspected in the test source; no cleanup or ownership transfer of the handle.
temporalio/samples-go	e9f36fee3251a5c7ad9b798cab710a6e7283b295	resourcelifetime	fileprocessing/activities.go:112:18	resourcelifetime/missing-release	true-positive	After CreateTemp succeeds, a Write error removes the pathname and returns nil,error without closing tmpFile. Successful return transfers the file, but the write-error path does not; unlinking is not descriptor cleanup.
theupdateframework/go-tuf	35603a4e517e9a50a271639989cb3532a1e530ab	deferinloop	internal/testutils/simulator/repository_simulator.go:646:3	deferinloop/cleanup-lifetime	true-positive	Each SignedRoots iteration opens a separate output file and only defers Close until Write returns; no explicit close settles the file before the next iteration, so descriptor retention grows with the root count.
theupdateframework/go-tuf	35603a4e517e9a50a271639989cb3532a1e530ab	deferinloop	internal/testutils/simulator/repository_simulator.go:658:3	deferinloop/cleanup-lifetime	true-positive	The three-role loop defers each file Close until Write returns, retaining all three across iterations and the later delegates loop. The reported lifetime extension is real but statically bounded to three files; not evidence of descriptor exhaustion by this loop alone.
theupdateframework/go-tuf	35603a4e517e9a50a271639989cb3532a1e530ab	deferinloop	internal/testutils/simulator/repository_simulator.go:670:3	deferinloop/cleanup-lifetime	true-positive	Each MDDelegates entry opens a separate file with cleanup deferred to Write return and no explicit close before the next iteration; retained descriptors scale with delegation count.
tilt-dev/ctlptl	9a9f7b1621517d4dcb36c716b89ca99e55624c49	processownership	internal/socat/socat.go:105:8	processownership/detached	inconclusive	StartLocalPortforwarder intentionally starts a persistent socat router and later invocations discover or replace it by process enumeration. No Wait owner exists while this CLI invocation lives, but persistence across invocation exit is intended; the diagnostic alone does not establish a harmful detached child.
tkuchiki/alp	0c1623a2c7ca7721ed94ed29c26385aaaf7fb7b7	resourcelifetime	cmd/alp/cmd/diff.go:43:18	resourcelifetime/missing-release	true-positive	Close is deferred only after LoadStats or DumpStats succeeds. An encoding/decoding error returns before that defer is registered, losing the successfully opened file handle.
tkuchiki/alp	0c1623a2c7ca7721ed94ed29c26385aaaf7fb7b7	resourcelifetime	cmd/alp/cmd/diff.go:64:16	resourcelifetime/missing-release	true-positive	Close is deferred only after LoadStats or DumpStats succeeds. An encoding/decoding error returns before that defer is registered, losing the successfully opened file handle.
tkuchiki/alp	0c1623a2c7ca7721ed94ed29c26385aaaf7fb7b7	resourcelifetime	profiler/profiler.go:224:14	resourcelifetime/missing-release	true-positive	Close is deferred only after LoadStats or DumpStats succeeds. An encoding/decoding error returns before that defer is registered, losing the successfully opened file handle.
tkuchiki/alp	0c1623a2c7ca7721ed94ed29c26385aaaf7fb7b7	resourcelifetime	profiler/profiler.go:96:13	resourcelifetime/missing-release	true-positive	Close is deferred only after LoadStats or DumpStats succeeds. An encoding/decoding error returns before that defer is registered, losing the successfully opened file handle.
trzsz/tsshd	2a2d435e754e3d05d3f27178f6bd934fe19ad22f	processownership	tsshd/main.go:199:12	processownership/missing-wait	inconclusive	background intentionally starts the daemon child without Wait; RunMain documents parent exit and returns after forwarding the startup stdout. No explicit wait or release exists, but expected parent termination versus embedding lifetime determines practical harm. Missing Wait alone does not establish a broken daemonization workflow.
trzsz/tsshd	2a2d435e754e3d05d3f27178f6bd934fe19ad22f	processownership	tsshd/session.go:1153:12	processownership/missing-wait	true-positive	After successful xauth Start, stdin.Write error returns before the doWithTimeout callback containing cmd.Wait is registered. Deferred stdin.Close does not reap the started child; normal-path asynchronous Wait does not cover the write-error path.
udhos/goben	006cfff549efa221255cec9ff1408871ac2f01e5	resourcelifetime	goben/csv.go:18:20	resourcelifetime/missing-release	true-positive	exportCsv closes the output only after all writes; any csv.Writer.Write failure returns early with the acquired file still open.
uvwt/agentdock	ad51001515a2b1b82baa31281970e0b9f67f28e9	evalorder	internal/tool/command/test_service_test.go:53:39	evalorder/operand-mutation	true-positive	The return list reads request while its other operand json.Unmarshal mutates request through its address; separate unmarshaling from the return to avoid depending on operand evaluation order.
uvwt/agentdock	ad51001515a2b1b82baa31281970e0b9f67f28e9	evalorder	internal/tool/file/test_service_test.go:31:39	evalorder/operand-mutation	true-positive	The generic file-request decoder returns request in the same operand list as json.Unmarshal writes through &request, creating an evaluation-order-dependent returned value.
uvwt/agentdock	ad51001515a2b1b82baa31281970e0b9f67f28e9	evalorder	internal/tool/recall/test_request_helpers_test.go:19:39	evalorder/operand-mutation	true-positive	The recall decoder returns request alongside the Unmarshal call that mutates it, rather than unmarshaling before computing the returned value.
uvwt/agentdock	ad51001515a2b1b82baa31281970e0b9f67f28e9	evalorder	internal/tool/skill/service_helpers_test.go:49:39	evalorder/operand-mutation	true-positive	The skill decoder reads request and mutates it through &request in one return operand list; this relies on unspecified relative evaluation of the variable read and call.
uvwt/agentdock	ad51001515a2b1b82baa31281970e0b9f67f28e9	evalorder	internal/tool/task/service_helpers_test.go:193:39	evalorder/operand-mutation	true-positive	The task decoder combines returning request with Unmarshal writing that same request, an operand-mutation hazard even though common compiler lowering may happen to produce the intended value.
v2fly/geoip	fd96fbac6cffc06ab9a10d6ee8fad61afe9b771c	resourcelifetime	lib/common.go:24:15	resourcelifetime/missing-release	true-positive	Non-OK HTTP status returns error without closing response body; only the success path transfers Body to caller.
vmware/pinniped	3ba58efa59834bdec87040c5c92a6ab6420082d9	processownership	test/integration/ldap_client_test.go:906:9	processownership/missing-wait	true-positive	The long-running-command helper registers SIGINT cleanup and relies on CommandContext cancellation to kill if needed, but never calls Wait; signals and cancellation do not reap the child or finish output-copy workers.
vmware/pinniped	3ba58efa59834bdec87040c5c92a6ab6420082d9	resourcelifetime	internal/controller/impersonatorconfig/impersonator_config_test.go:534:14	resourcelifetime/missing-release	true-positive	The Eventually callback polls until TLS certificates are removed and discards any interim successful response. The fake server writes hello-world, so successful responses before asynchronous certificate removal require closure even though the final expected result is a handshake failure.
vmware/pinniped	3ba58efa59834bdec87040c5c92a6ab6420082d9	resourcelifetime	internal/githubclient/githubclient_test.go:118:14	resourcelifetime/missing-release	true-positive	The handler writes no body, but phttp.Default sets a three-hour Client timeout and wraps Transport; net/http wraps even an empty response in cancelTimerBody, whose timer cancellation requires EOF or Close. Discarding the response retains that cancellation resource until timeout.
vrothberg/vgrep	2dcbc64bdd05d352115a513085be7f3c463d1a0f	resourcelifetime	vgrep.go:539:15	resourcelifetime/missing-release	true-positive	cacheWriterHelper closes its opened file only at the final success return; Write or Sync errors return first without deferred cleanup. The lock defer releases only v.lock, not the file.
wyh267/FalconEngine	ee98be1ecc0d2b999dc986fc1a62236537692639	resourcelifetime	legacy/src/bolt/db.go:174:20	resourcelifetime/missing-release	true-positive	Legacy Bolt Open closes db on flock failure, but subsequent file.Stat or db.init errors return directly without closing the acquired db.file or releasing its lock.
xdagiz/xytz	676c7ca2ca8757d152d41bb3729bfc3f37aee65d	processownership	internal/downloader/download_pause_resume_test.go:28:12	processownership/missing-wait	true-positive	Test starts a helper process and only kills it at the end, with earlier Fatal paths also skipping that kill. No Wait reaps the child; attaching Cmd for pause/resume does not schedule cleanup.
xmppo/go-xmpp	ff68efc03390ac492cb81770ddaa80bb3147bd1d	lockorder	xmpp.go:2466:5	lockorder/missing-release	inconclusive	nextEnd deliberately retains nextMutex on terminal stream/error elements; its caller Close already marks shutdown and then closes the connection. This is an explicit terminal-state latch, not an accidentally omitted unlock. Repeated Close or readers already past shutdown can still block, so correctness depends on the shutdown/concurrency contract; not classified as either a proven bug or harmless FP.
xmppo/go-xmpp	ff68efc03390ac492cb81770ddaa80bb3147bd1d	lockorder	xmpp.go:2469:5	lockorder/missing-release	inconclusive	nextEnd deliberately retains nextMutex on terminal stream/error elements; its caller Close already marks shutdown and then closes the connection. This is an explicit terminal-state latch, not an accidentally omitted unlock. Repeated Close or readers already past shutdown can still block, so correctness depends on the shutdown/concurrency contract; not classified as either a proven bug or harmless FP.
xmppo/go-xmpp	ff68efc03390ac492cb81770ddaa80bb3147bd1d	lockorder	xmpp.go:2543:3	lockorder/missing-release	true-positive	next returns on DecodeElement error while holding nextMutex. Unlike nextEnd's explicit shutdown latch this does not mark shutdown, so further reads or Close can block acquiring that mutex.
xssnick/tonutils-go	749603ab237d058cac5be4c42d36a52064db8b58	cancellationownership	adnl/adnl.go:931:18	cancellationownership/release	false-positive	Ping invokes cancel on send error, parent cancellation, and pong success; the only uncanceled loop continuation receives from that same timeout context Done channel, proving the timeout has already canceled itself.
xssnick/tonutils-go	749603ab237d058cac5be4c42d36a52064db8b58	cancellationownership	adnl/rldp/client_test.go:1048:13	cancellationownership/release	true-positive	DoQuery can return a startTransfer failure or response before the deadline, while the test discards cancel and merely reports an unexpected result; the one-second timeout is not released on those early paths.
xssnick/tonutils-go	749603ab237d058cac5be4c42d36a52064db8b58	cancellationownership	adnl/rldp/client_test.go:916:13	cancellationownership/release	true-positive	The timeout test discards cancel before startTransfer, which can return immediately on prepare/send/peer errors or successful asynchronous scheduling; no guaranteed wait for deadline settles the timer. Retention is bounded to one second.
xssnick/tonutils-go	749603ab237d058cac5be4c42d36a52064db8b58	cancellationownership	example/resolve-adnl/main.go:75:18	cancellationownership/release	true-positive	The example calls cancel only after successful Ping; any Ping error takes continue first and retains the ten-second context timer until expiry.
yhy0/ChYing	1e0fb74869a16b709e46da6ef107438bcaeac99c	concurrentcapture	pkg/Jie/scan/gadget/jwt/jwt.go:111:17	concurrentcapture/shared-capture	true-positive	Signature workers write captured res while the parent can return it after reading unsynchronized stop; the early return also bypasses wg.Wait.
yhy0/ChYing	1e0fb74869a16b709e46da6ef107438bcaeac99c	concurrentcapture	pkg/Jie/scan/gadget/jwt/jwt.go:112:17	concurrentcapture/shared-capture	true-positive	Signature workers assign stop concurrently with the loop reading it without synchronization; the sized wait group does not protect these accesses.
yhy0/ChYing	1e0fb74869a16b709e46da6ef107438bcaeac99c	goroutineownership	lib/proxify/proxy.go:412:3	goroutineownership/unjoined	true-positive	Run starts TinyDNS before SOCKS setup; SplitHostPort, ParseUint, or NewSuperProxy errors return before the final wg.Wait and without stopping or joining that DNS worker.
yhy0/ChYing	1e0fb74869a16b709e46da6ef107438bcaeac99c	resourcelifetime	lib/proxify/cmd/replay/replay.go:172:12	resourcelifetime/missing-release	true-positive	Replay sends the reconstructed request through httpclient.Do and discards the live response; the stored responses map holds the parsed input response, not this new network response.
yhy0/ChYing	1e0fb74869a16b709e46da6ef107438bcaeac99c	resourcelifetime	lib/proxify/pkg/logger/file/file.go:60:12	resourcelifetime/missing-release	true-positive	writeToFile returns immediately on fmt.Fprint error and skips the only f.Close call, leaking the opened log file on write failure.
yhy0/ChYing	1e0fb74869a16b709e46da6ef107438bcaeac99c	resourcelifetime	lib/proxify/proxy.go:139:15	resourcelifetime/missing-release	true-positive	TinyDNS.New acquires hybrid-map storage; later dialer, proxy transport, or mux setup errors return without tdns.Close before ownership reaches the returned Proxy.
yokecd/yoke	99098644d46497c80c1450718cb7865474757442	deferinloop	cmd/yokecd/internal/plugin/config.go:169:3	deferinloop/cleanup-lifetime	true-positive	Each inputFiles iteration opens another file and defers Close until parseInput returns, retaining descriptors across iterations in proportion to input count.
yokecd/yoke	99098644d46497c80c1450718cb7865474757442	resourcelifetime	pkg/yoke/yoke_schematics.go:123:15	resourcelifetime/missing-release	true-positive	CreateTemp succeeds before command-argument decoding and writing; either error returns before temp.Close, leaving the handle open.
