# batch	repository	revision	analyzer	position	checks	original_verdict	original_reason
51	BurntSushi/wingo	33b154361587e65ec35d4499f1cc487835d0ab48	goroutineownership	event/ipc.go:132:2	goroutineownership/unjoined	false-positive	manageSubscriptions returns script containing all worker control channels; worker services ongoing subscriptions and lifecycle operations through that returned owner, not a local completion obligation.
51	DrmagicE/gmqtt	92ed7d60915519f60c3d3cdb6420b1e11eb824e2	lockorder	server/server.go:340:2	lockorder/missing-release	false-positive	lockDuplicatedID deliberately returns with srv.mu held on success and unlocked on lookup error. Its sole registerClient caller checks that error and registers a defer ending in srv.mu.Unlock. The loop-shaped held-on-success contract transfers the obligation rather than leaking it.
51	Gitlawb/zero	99721c762f37cd43ac511007a5f51d1846df959e	resourcelifetime	internal/providerhealth/proxy_dial_test.go:118:11	resourcelifetime/missing-release	false-positive	Direct request resolves through countingResolver to fixed 10.0.0.5; safeDialContext rejects this private address before dialing, so acquisition cannot succeed.
51	Gitlawb/zero	99721c762f37cd43ac511007a5f51d1846df959e	resourcelifetime	internal/providerhealth/proxy_dial_test.go:194:11	resourcelifetime/missing-release	false-positive	Direct request targets literal 127.0.0.1 and safeDialContext rejects loopback before dialing; there is no successful response body acquisition.
51	Gitlawb/zero	99721c762f37cd43ac511007a5f51d1846df959e	resourcelifetime	internal/providerhealth/proxy_dial_test.go:78:11	resourcelifetime/missing-release	false-positive	recordingProxy accepts CONNECT, records request bytes, and closes without writing any HTTP response; client.Do necessarily fails and returns no body to close.
51	Gitlawb/zero	99721c762f37cd43ac511007a5f51d1846df959e	resourcelifetime	internal/proxydial/proxydial_test.go:207:12	resourcelifetime/missing-release	false-positive	Transport DialContext always returns nil,errDialed after recording route; all concurrent client.Do requests necessarily fail before receiving a body.
51	Gitlawb/zero	99721c762f37cd43ac511007a5f51d1846df959e	resourcelifetime	internal/proxydial/proxydial_test.go:38:15	resourcelifetime/missing-release	false-positive	driveRequest installs DialContext that unconditionally returns nil,errDialed; client.Do cannot acquire a response body, and test asserts that exact dial error.
51	Shopify/ghostferry	317547432f785fb77a0d10fbca12d8af40e39fd3	cancellationownership	ferry.go:725:47	cancellationownership/release	false-positive	The optional verifier's child context derives from the local ctx. Run always calls the exact parent's shutdown before normal return, releasing the child even when inlineVerifier is nil and stopInlineVerifier is not called. The enabled branch also explicitly stops it.
51	Shopify/ghostferry	317547432f785fb77a0d10fbca12d8af40e39fd3	goroutineownership	ferry.go:728:3	goroutineownership/unjoined	false-positive	The same private inlineVerifier!=nil condition guards both the worker launch and the later stopInlineVerifier plus inlineVerifierWg.Wait. The field is initialized before Run and never assigned within it; every launched verifier is joined before cutover.
51	anyproto/any-sync	cb940c50bc987066b998d05cca16c9c9715cf4a2	goroutineownership	app/ocache/ocache_test.go:1144:4	goroutineownership/unjoined	false-positive	The worker only closes release. newLoadingCache load callback receives release at967 before Get worker sends getDone at976; test receives getDone at1151, causally ensuring close completed before continuing.
51	awalterschulze/goderive	e80f08252f19466b4348366b638aa8c4b20c00f1	resourcelifetime	example/plugin/mem/mem.go:14:15	resourcelifetime/missing-release	false-positive	The request URL is always localhost:8080/user/... without http:// or https://. The ordinary default HTTP transport rejects that unsupported scheme, so the function returns on its request-error branch without acquiring a response body. The example has a malformed URL, not a feasible missing-body-close path as written.
51	bluesky-social/indigo	41278964ec8e3253e70d4e919dfb8e34211c543d	resourcelifetime	carstore/sqlite_store.go:181:15	resourcelifetime/missing-release	false-positive	Rows are acquired through a statement prepared on exact local tx. Deferred tx.Rollback cancels that transaction context, closes active rows, and releases the transaction on all exits; database/sql Stmt.QueryContext propagates its transaction context to Rows.
51	bluesky-social/indigo	41278964ec8e3253e70d4e919dfb8e34211c543d	resourcelifetime	carstore/sqlite_store.go:346:15	resourcelifetime/missing-release	false-positive	ReadUserCar prepares its statement on local tx and defers tx.Rollback before querying. Rollback cancellation closes rows even on Scan/header/write early returns; the statement-to-transaction owner chain is missed.
51	bluesky-social/indigo	41278964ec8e3253e70d4e919dfb8e34211c543d	resourcelifetime	carstore/sqlite_store.go:425:15	resourcelifetime/missing-release	false-positive	HasUidCid query uses a statement prepared by the exact local transaction. Deferred tx.Rollback covers the single-row success and Scan-error exits and closes transaction-owned active rows.
51	bluesky-social/indigo	41278964ec8e3253e70d4e919dfb8e34211c543d	resourcelifetime	carstore/sqlite_store.go:462:15	resourcelifetime/missing-release	false-positive	getBlock defers rollback of the same transaction that prepares the querying statement; this cancels and closes its rows on Scan/decoding errors and success despite no explicit rows.Close.
51	bluesky-social/indigo	41278964ec8e3253e70d4e919dfb8e34211c543d	resourcelifetime	carstore/sqlite_store.go:496:15	resourcelifetime/missing-release	false-positive	getBlockSize query rows belong to the statement's exact local transaction; unconditional deferred tx.Rollback closes those active rows on all returns. A standalone DB statement would not establish this ownership.
51	byJoey/yx-tools	b75ed15eb7680e58c40f109f60e663cc93bca766	resourcelifetime	internal/app/export.go:60:16	resourcelifetime/missing-release	false-positive	ReadCSV tries a fallback Open only when the first Open failed. A successful fallback assigns f=alt and err=nil; after the shared err check it defers f.Close, covering either successful acquisition. Failure branches have no acquired file. The error-correlated reassignment is missed.
51	checkmake/checkmake	a413df2724416bbeebdc0132e589b10005840fd8	resourcelifetime	parser/scanner_test.go:15:12	resourcelifetime/missing-release	false-positive	The negative constructor test opens fixtures/idontexist.make, absent from the pinned fixture tree, and expects an error. NewMakefileScanner returns a partial wrapper with nil FileHandle when Open fails; this expected-failure path acquires no resource to close.
51	clawkwork/clawk	a67d04f102152a67df4228d52da9812aa82ffe50	goroutineownership	internal/cli/reverse_forward.go:174:2	goroutineownership/unjoined	false-positive	serveControl read worker consumes bufio.Reader wrapping exact conn (revfwd.NewReader); caller handle defers conn.Close and installs context-triggered Close, so every return/shutdown unblocks the read and permits gone closure.
51	clawkwork/clawk	a67d04f102152a67df4228d52da9812aa82ffe50	goroutineownership	internal/cli/serial_proxy.go:182:2	goroutineownership/unjoined	false-positive	serveControl read worker consumes bufio.Reader wrapping exact conn (serialfwd.NewReader); caller handle defers conn.Close and installs context-triggered Close, so every return/shutdown unblocks the read and permits gone closure.
51	enetx/surf	7da0502899af06f8318f95e632797cb2ac0c6c20	lockorder	pkg/connectproxy/connectproxy.go:291:3	lockorder/missing-release	false-positive	DialContext records unlocked=true immediately after releasing the original h2Mu in its cached-connection branch. A failed reuse reacquires and releases the mutex before falling through; the non-reuse branch releases it under !unlocked. Every initProxyConn error return is therefore unlocked; the local Boolean correlation is missed.
51	enetx/surf	7da0502899af06f8318f95e632797cb2ac0c6c20	lockorder	pkg/connectproxy/connectproxy.go:294:2	lockorder/missing-release	false-positive	The final connect return follows either the cached branch's explicit Unlock or the !unlocked guarded Unlock of the initial acquisition. The intermediate retry acquisition is also explicitly released. Tracking the local unlocked flag establishes balanced releases on both paths.
51	envoyproxy/ratelimit	8fe6ea421048bdb2a8873d5f676b3f6eac76a997	goroutineownership	test/service/ratelimit_test.go:813:2	goroutineownership/unjoined	false-positive	Worker only sends configUpdateEvent once. NewService is called with forceStart=false and synchronously receives that exact channel at src/service/ratelimit.go:511; GetConfig callback signals barrier and caller waits, so the worker send is consumed before test proceeds.
51	flant/shell-operator	56b8fe2aab15716cdf9c05205071395b9e53c401	goroutineownership	pkg/kube_events_manager/factory.go:194:3	goroutineownership/unjoined	false-positive	FactoryStore.add/get retains factory in c.data before Start launches its worker; done is stored on that retained factory. Stop cancels the exact owner and receives saved done at 249-255, so Start is not the lifetime boundary.
51	fsouza/fake-gcs-server	3c29d20789f6475f65d2554ad6898c4afd7124bb	resourcelifetime	fakestorage/upload_test.go:1302:17	resourcelifetime/missing-release	false-positive	The test's Server.HTTPClient always uses local muxTransport, whose RoundTrip invokes the handler through httptest.NewRecorder and returns its in-memory Result. This body has no external transport/resource obligation; listener-enabled scenarios still use that same synthetic client.
51	getgauge/gauge	1c5e06ac8ba4de9b4563f0415089a7767a48e06c	lockorder	api/infoGatherer/specDetails.go:362:2	lockorder/contradictory-order	false-positive	Reverse order is initParamsCache (params then concepts) versus OnConceptFileModify (concepts then params). The former only runs in Init before watchForFileChanges is launched; API entrypoints initialize fresh gatherers before starting handlers. No overlapping acquisition paths are established in this initialization/publication lifecycle.
51	golang/sys	01b91195d9aeaba1dab70b882a12f741f568a510	resourcelifetime	unix/syscall_unix_test.go:298:12	resourcelifetime/missing-release	false-positive	Dedicated child-process helper unconditionally defers os.Exit(0) before creating this file; it sends descriptor rights to parent and intentionally ends process after the operation, so handle lifetime is bounded by immediate process exit.
51	h44z/wg-portal	eb44c8c4ff120f34c26b2415c47560f4fba0603c	resourcelifetime	internal/lowlevel/mikrotik.go:320:53	resourcelifetime/missing-release	false-positive	The exact client.Do response/error tuple is consumed by parseHttpResponse[T]. That helper returns early only on the paired request error and otherwise defers draining and closing resp.Body before every decode/status return. No successful HTTP acquisition bypasses that cleanup; the generic helper/error correlation is missed.
51	h44z/wg-portal	eb44c8c4ff120f34c26b2415c47560f4fba0603c	resourcelifetime	internal/lowlevel/mikrotik.go:343:51	resourcelifetime/missing-release	false-positive	The exact client.Do response/error tuple is consumed by parseHttpResponse[T]. That helper returns early only on the paired request error and otherwise defers draining and closing resp.Body before every decode/status return. No successful HTTP acquisition bypasses that cleanup; the generic helper/error correlation is missed.
51	h44z/wg-portal	eb44c8c4ff120f34c26b2415c47560f4fba0603c	resourcelifetime	internal/lowlevel/mikrotik.go:366:51	resourcelifetime/missing-release	false-positive	The exact client.Do response/error tuple is consumed by parseHttpResponse[T]. That helper returns early only on the paired request error and otherwise defers draining and closing resp.Body before every decode/status return. No successful HTTP acquisition bypasses that cleanup; the generic helper/error correlation is missed.
51	h44z/wg-portal	eb44c8c4ff120f34c26b2415c47560f4fba0603c	resourcelifetime	internal/lowlevel/mikrotik.go:389:51	resourcelifetime/missing-release	false-positive	The exact client.Do response/error tuple is consumed by parseHttpResponse[T]. That helper returns early only on the paired request error and otherwise defers draining and closing resp.Body before every decode/status return. No successful HTTP acquisition bypasses that cleanup; the generic helper/error correlation is missed.
51	h44z/wg-portal	eb44c8c4ff120f34c26b2415c47560f4fba0603c	resourcelifetime	internal/lowlevel/mikrotik.go:411:47	resourcelifetime/missing-release	false-positive	The exact client.Do response/error tuple is consumed by parseHttpResponse[T]. That helper returns early only on the paired request error and otherwise defers draining and closing resp.Body before every decode/status return. No successful HTTP acquisition bypasses that cleanup; the generic helper/error correlation is missed.
51	h44z/wg-portal	eb44c8c4ff120f34c26b2415c47560f4fba0603c	resourcelifetime	internal/lowlevel/mikrotik.go:434:53	resourcelifetime/missing-release	false-positive	The exact client.Do response/error tuple is consumed by parseHttpResponse[T]. That helper returns early only on the paired request error and otherwise defers draining and closing resp.Body before every decode/status return. No successful HTTP acquisition bypasses that cleanup; the generic helper/error correlation is missed.
51	h44z/wg-portal	eb44c8c4ff120f34c26b2415c47560f4fba0603c	resourcelifetime	internal/lowlevel/opnsense.go:496:43	resourcelifetime/missing-release	false-positive	The exact client.Do response/error tuple passes to parseOpnsenseHttpResponse[T], which returns on a request error and otherwise immediately defers resp.Body.Close before ReadAll, decoding, and status checks. Every successful response is closed; generic helper/error correlation is missed.
51	inguardians/peirates	054aee1453b3e3d2779d2ebe0fd888fef8a4e224	goroutineownership	internal/modules/dockersocket/dockersocket_linux_test.go:218:3	goroutineownership/unjoined	false-positive	Input worker copies only from net.Conn; parent defers connection.Close on all paths, including either timeout, unblocking the read and letting worker close inputDone. Missing explicit receive on timeout is not abandoned work.
51	lqqyt2423/go-mitmproxy	3f5b4f8ee19d58784c6332ec946f46d3c2b2e73b	goroutineownership	web/conn.go:124:4	goroutineownership/unjoined	false-positive	initWaitChan retains channel in connection.waitChans; waitIntercept retrieves same per-flow channel and receives edit at184-185. Readloop dispatches to another owned protocol participant rather than locally joining each sender; malformed duplicate edits require separate protocol evidence.
51	matlab/matlab-mcp-server	2eb5c82e0574164fa50e0aea27be871944a5a8cd	resourcelifetime	internal/adaptors/matlabmanager/matlabservices/services/localmatlabsession/processlauncher/processlauncher.go:108:17	resourcelifetime/missing-release	false-positive	The stdout file is stored in local stdIO immediately. Subsequent stderr/pipe acquisition failures call stdIO.cleanup, whose nil-checked file slice closes each acquired field; success returns both stdIO and its cleanup closure. The aggregate cleanup is missed, not absent.
51	matlab/matlab-mcp-server	2eb5c82e0574164fa50e0aea27be871944a5a8cd	resourcelifetime	internal/adaptors/matlabmanager/matlabservices/services/localmatlabsession/processlauncher/processlauncher.go:115:17	resourcelifetime/missing-release	false-positive	The stderr file is stored in stdIO; pipe-creation failure invokes its cleanup method and success returns the owner and cleanup callback. cleanup ranges the exact stdout/stderr/stdin fields and closes nonnil files, covering this acquisition.
51	matlab/matlab-mcp-server	2eb5c82e0574164fa50e0aea27be871944a5a8cd	resourcelifetime	tests/functional/matlab/mock_matlab_base_suite_test.go:56:18	resourcelifetime/missing-release	false-positive	The created MCP session is embedded in the LoggedSession returned by sessionFactory.New. Its only failure checks are nil logReader/logFS: SetupSuite constructs a checked nonnil reader and RealFileSystem.DirFS returns os.DirFS, so those failure paths are infeasible for this suite. The returned wrapper preserves Close ownership.
51	muety/wakapi	be6aeb483e576dadd50c8e9d404efbe4ed8df700	resourcelifetime	services/imports/wakatime_test.go:154:17	resourcelifetime/missing-release	false-positive	TestRedirectValidation closes the successful allowed response. All wantErr cases redirect to URLs rejected by both clients' CheckRedirect via ValidateWakatimeUrl (own host, loopback or raw IP); net/http closes the prior response body on those callback errors. The missing-cleanup path conflates table expectation with feasible successful acquisition.
51	mysteriumnetwork/node	c45527af1ea80300ae3d9c92bd37255335b6140d	goroutineownership	session/pingpong/hermes_promise_handler.go:132:3	goroutineownership/unjoined	false-positive	RequestPromise's error worker sends on er.errChan and the function immediately returns that exact channel to its caller. This transfers the receive/completion obligation through a local struct field; it is not an abandoned worker.
51	mysteriumnetwork/node	c45527af1ea80300ae3d9c92bd37255335b6140d	goroutineownership	session/pingpong/hermes_promise_handler.go:192:3	goroutineownership/unjoined	false-positive	PayAndSettle returns the exact er.errChan used by its error-reporting goroutine. The caller receives the completion/error channel; local struct projection loses that ownership transfer in the analyzer.
51	mysteriumnetwork/node	c45527af1ea80300ae3d9c92bd37255335b6140d	producerlifecycle	core/port/reachability.go:88:5	producerlifecycle/abandoned-send	false-positive	The aggregator sends exactly once: its first successful probe sets success=true and emits nil; the final lastErr send executes only if success remains false. The caller unconditionally receives one aggregated result before returning. Mutually exclusive guarded sends are incorrectly counted as excess production.
51	mysteriumnetwork/node	c45527af1ea80300ae3d9c92bd37255335b6140d	producerlifecycle	core/port/reachability.go:92:4	producerlifecycle/abandoned-send	false-positive	The aggregator sends exactly once: its first successful probe sets success=true and emits nil; the final lastErr send executes only if success remains false. The caller unconditionally receives one aggregated result before returning. Mutually exclusive guarded sends are incorrectly counted as excess production.
51	mysteriumnetwork/node	c45527af1ea80300ae3d9c92bd37255335b6140d	producerlifecycle	tequilapi/endpoints/sse_handler_test.go:130:5	producerlifecycle/abandoned-send	false-positive	This isolated SSE handler produces exactly the initial state and two explicit ConsumeStateEvent messages, each matched by a results receive. It has no periodic messages; after the third receive the test cancels the HTTP context and the reader exits on ReadBytes error. Ignoring blank lines leaves no fourth send obligation.
51	obot-platform/nanobot	f809ba0d358d402f19b8911782374d6f875a449d	evalorder	pkg/config/load.go:192:38	evalorder/operand-mutation	false-positive	toMap initializes result as a nonnil map, and json.Marshal of types.Config produces an object; Unmarshal reuses that map, so a copied map header still observes populated entries regardless of operand read timing.
51	rcrowley/go-tigertonic	a26c5e8568b04ed34c7e9619aca180e5c1d54b8a	resourcelifetime	server_test.go:111:15	resourcelifetime/missing-release	false-positive	Exact local handler returns HTTP 204 NoContent and http.Get uses default client without timeout wrapper; response Body is http.NoBody with no resource to release, and test explicitly shuts down the server.
51	rcrowley/go-tigertonic	a26c5e8568b04ed34c7e9619aca180e5c1d54b8a	resourcelifetime	server_test.go:114:15	resourcelifetime/missing-release	false-positive	Exact local handler returns HTTP 204 NoContent and http.Get uses default client without timeout wrapper; response Body is http.NoBody with no resource to release, and test explicitly shuts down the server.
51	rcrowley/go-tigertonic	a26c5e8568b04ed34c7e9619aca180e5c1d54b8a	resourcelifetime	server_test.go:80:15	resourcelifetime/missing-release	false-positive	Exact local handler returns HTTP 204 NoContent and http.Get uses default client without timeout wrapper; response Body is http.NoBody with no resource to release, and test explicitly shuts down the server.
51	regclient/regclient	43d2acb9fafd411acbe081bf6c4b6b82cadc6251	resourcelifetime	cmd/regctl/image.go:725:16	resourcelifetime/missing-release	false-positive	Opened tar fh is captured in cobra.OnFinalize callback that calls fh.Close at730-732; its lifetime intentionally extends through later command execution.
51	regclient/regclient	43d2acb9fafd411acbe081bf6c4b6b82cadc6251	resourcelifetime	scheme/ocidir/blob.go:54:13	resourcelifetime/missing-release	false-positive	BlobGet transfers fd through blob.WithReader into returned BReader; BReader.Close in types/blob/reader.go:100-109 calls Close on original reader. Stat error already closes fd.
51	rootless-containers/rootlesskit	91055b8b1f415a4920f4e187c19b83cb056804b9	producerlifecycle	pkg/child/child.go:571:6	producerlifecycle/abandoned-send	false-positive	reap reports status only when Wait4 returns the exact target PID; successful exit status can be reaped once, so loop SIGCHLD events do not create repeated target-result sends and the caller receives the sole result.
51	rootless-containers/rootlesskit	91055b8b1f415a4920f4e187c19b83cb056804b9	producerlifecycle	pkg/child/child.go:577:5	producerlifecycle/abandoned-send	false-positive	reap reports status only when Wait4 returns the exact target PID; unsuccessful exit status can be reaped once, so loop SIGCHLD events do not create repeated target-result sends and the caller receives the sole result.
51	rusq/slackdump	f7319928b0993b23d7e9bd8af5e4c69b6f1d2af4	resourcelifetime	internal/chunk/filemgr_test.go:163:16	resourcelifetime/missing-release	false-positive	Table test defers got.Close whenever Open succeeds as expected; the sole wantErr entry refers to notfound.gz inside a fresh TempDir where only hello.gz/world.gz were created. The reported mismatch-return leak requires a successful acquisition for that deliberately missing file.
51	rusq/slackdump	f7319928b0993b23d7e9bd8af5e4c69b6f1d2af4	resourcelifetime	internal/chunk/filemgr_test.go:300:16	resourcelifetime/missing-release	false-positive	filemgr.Open retains the exact handle in dp.handles; the test intentionally discards the wrapper then calls dp.Destroy, which closes every retained handle. Ownership stays with the manager rather than leaking at the ignored result.
51	rusq/slackdump	f7319928b0993b23d7e9bd8af5e4c69b6f1d2af4	resourcelifetime	internal/chunk/filemgr_test.go:304:16	resourcelifetime/missing-release	false-positive	The second Open handle is also stored in dp.handles and closed by the following dp.Destroy loop. The test verifies centralized cleanup rather than caller Close on each returned wrapper.
51	rusq/slackdump	f7319928b0993b23d7e9bd8af5e4c69b6f1d2af4	resourcelifetime	internal/chunk/filemgr_test.go:346:16	resourcelifetime/missing-release	false-positive	Open stores the real handle under hash(name). The injected failing closer uses a different key hello; Destroy continues after its error and still closes the real retained handle, then returns an aggregate error as expected.
51	slok/sloth	8a3be4fab79defa4448d09d91b48422615980b05	deferinloop	cmd/sloth/commands/generate.go:204:4	deferinloop/cleanup-lifetime	false-positive	Output files are intentionally retained in genTargets.Out at 209-212 and written by the later generation loop at 241-262; closing per discovery iteration would break use, so function-scoped deferred Close matches their actual lifetime.
51	tractordev/wanix	6594fe3763eb8712e81914f78b79243bb403f5cc	resourcelifetime	rc/gzip/pkggzip/file.go:121:15	resourcelifetime/missing-release	false-positive	Output file is created only when Test and Stdout are false; unchanged Stdout therefore makes both compression-error branches call o.Close and success return o.Close. The stdout-only return cannot follow this acquisition.
51	trzsz/trzsz-ssh	d5284bf23158bdec076087bf9f41e034d70e741c	processownership	tssh/main.go:74:13	processownership/missing-wait	false-positive	The !monitor branch intentionally launches the background replacement process and reports parent=true; TsshMain immediately returns0, letting the CLI parent exit. The monitor branch waits because it restarts exited children. Treating the deliberate parent-exit handoff as a missed monitor wait conflates two lifecycles.
51	zema1/suo5	6904c18e276c2dc36250838d68135a5893c4f66b	resourcelifetime	suo5/client.go:249:15	resourcelifetime/missing-release	false-positive	Reported normalClient.Do is in else branch excluding AutoDuplex and FullDuplex; the only later bypass of deferred Body.Close is RetryApache guarded Mode==AutoDuplex, impossible for this response without an intervening mode change. Other paths defer Close.
52	AdguardTeam/AdGuardDNS	2fd833d59bfccc2dd4941e1b687b7014842f3529	resourcelifetime	internal/filter/internal/refreshable/file.go:26:15	resourcelifetime/missing-release	false-positive	DataFromFile returns before defer only on errors.Is(err,os.ErrNotExist) or err!=nil; successful os.Open always installs deferred file.Close inside errors.WithDeferred. golibs/errors.Is delegates standard errors.Is, so no successful resource exists on the early missing-file return. Partial scan, source finding reviewed.
52	ClickHouse/clickhouse-go	c37b81ff305c5fe8ab8511fb009504aec46957e0	resourcelifetime	benchmark/v2/read/main.go:13:15	resourcelifetime/missing-release	false-positive	Sole main caller immediately log.Fatal exits process on helper error; successful reads exhaust rows and successful write commits transaction. Missing cleanup occurs only on fatal process termination, not reusable normal-return lifecycle.
52	ClickHouse/clickhouse-go	c37b81ff305c5fe8ab8511fb009504aec46957e0	resourcelifetime	benchmark/v2/read/main.go:39:15	resourcelifetime/missing-release	false-positive	Sole main caller immediately log.Fatal exits process on helper error; successful reads exhaust rows and successful write commits transaction. Missing cleanup occurs only on fatal process termination, not reusable normal-return lifecycle.
52	ClickHouse/clickhouse-go	c37b81ff305c5fe8ab8511fb009504aec46957e0	resourcelifetime	benchmark/v2/write/main.go:22:16	resourcelifetime/missing-release	false-positive	Sole main caller immediately log.Fatal exits process on helper error; successful reads exhaust rows and successful write commits transaction. Missing cleanup occurs only on fatal process termination, not reusable normal-return lifecycle.
52	ConduitIO/conduit	9946a19b9fff997675f78bbc5ff437e760d39f4f	goroutineownership	pkg/lifecycle/stream/parallel.go:99:2	goroutineownership/unjoined	false-positive	Waiter only waits workerWg then closes workersDone; deferred parent cleanup independently waits same workerWg, so waiter completes without requiring channel receiver or retained join.
52	ConduitIO/conduit	9946a19b9fff997675f78bbc5ff437e760d39f4f	resourcelifetime	tests/chaos/child.go:390:13	resourcelifetime/missing-release	false-positive	Crash-test buildChild transfers DB through returned persister/store; both callers at451 and564 immediately os.Exit on build errors. Deliberately unclosed process-wide DB is the SIGKILL durability boundary, not leaked recurring acquisition.
52	ConduitIO/conduit	9946a19b9fff997675f78bbc5ff437e760d39f4f	resourcelifetime	tests/chaos/recovery_child.go:864:13	resourcelifetime/missing-release	false-positive	buildLifecycleChild retains DB through returned persister/store, and sole caller981 immediately os.Exit984 on build errors; dedicated crash child intentionally leaves DB open until process kill/exit.
52	ContainerSSH/ContainerSSH	73625778b9f824ed6a49b282bca4f1fc17043fcb	lockorder	agentprotocol/server.go:99:2	lockorder/missing-release	false-positive	Close unlocks all four state cases0..3. Private state is initialized WAITINIT and assigned only STARTED/WAITCLOSE/CLOSED; sole setState caller passes STARTED. Unknown-state default return is infeasible under source transitions.
52	FiloSottile/whoami.filippo.io	db32914efa7b0fa57ddbc7447629f603a903d6cd	lockorder	server.go:329:3	lockorder/recursive-acquire	false-positive	Mutex is used as a semaphore: AfterFunc unlocks after thirty seconds, or worker stops timer and unlocks on shell/pty request. Parent second Lock waits for explicit asynchronous unlock rather than self-deadlocking.
52	Mmx233/BitSrunLoginGo	a744f312b3835f329eb98e45c8d19bc2a5b7d4c0	resourcelifetime	internal/config/log.go:50:13	resourcelifetime/missing-release	false-positive	initLogFinal retains opened file in io.MultiWriter(os.Stdout,f), then installs wrapper with global Logger.SetOutput; output is intentionally kept open for later logging rather than abandoned.
52	SignTools/SignTools	243154c0de9e8036bcd667c3264dafac3d8b0b42	resourcelifetime	main_test.go:245:14	resourcelifetime/missing-release	false-positive	Second takeJob GET occurs after consuming sole queued job; TakeLastJob returns ErrNotFound before writing, and getLastJob main.go436 emits NoContent404. Default HTTP client has no Timeout wrapper and empty response has no live body cleanup.
52	YTwsy/OpenSurge-for-Mac	42590d6b747851acee10fc5414d685b14bfb6722	lockorder	internal/controlapi/actions.go:412:3	lockorder/recursive-acquire	false-positive	First lock requires config- action prefix; second requires helperGatewayLifecycleAction, whose exact switch accepts only start/stop/reload/restart-mihomo. Conditions are mutually exclusive, so same execution cannot reacquire mutex.
52	alexellis/arkade	0a0a800fd7554d4eddb1856f9ef8a21214e95bab	resourcelifetime	pkg/get/get.go:244:14	resourcelifetime/missing-release	false-positive	Exact HEAD request through unmodified http.DefaultClient/default transport has no response body payload; standard transport supplies NoBody. io.ReadAll completes, and omitted Close on this no-op body leaks no resource.
52	andydunstall/piko	dd4356dfd307006380794952e4a8ccf9edcfa404	resourcelifetime	server/admin/server_test.go:354:13	resourcelifetime/missing-release	false-positive	Bad-CA subtest connects to generated local TLS certificate using default trust and explicitly expects certificate verification failure. HTTP handshake yields no response body resource; successful trusted and plaintext-neighbor responses are closed.
52	andydunstall/piko	dd4356dfd307006380794952e4a8ccf9edcfa404	resourcelifetime	server/proxy/server_test.go:406:12	resourcelifetime/missing-release	false-positive	Unreachable-upstream subtest expects502 from proxy handshake; Dial returns nil,error and defers closing any failed-handshake response. No client Conn is returned to own. Fixed localhost55555 assumption is a fixture environmental limitation.
52	andydunstall/piko	dd4356dfd307006380794952e4a8ccf9edcfa404	resourcelifetime	server/upstream/server_test.go:220:12	resourcelifetime/missing-release	false-positive	Injected token permits only foo while URL requests my-endpoint, forcing401 endpoint-not-permitted before websocket upgrade; Dial returns nil,error and closes error response.
52	andydunstall/piko	dd4356dfd307006380794952e4a8ccf9edcfa404	resourcelifetime	server/upstream/server_test.go:286:12	resourcelifetime/missing-release	false-positive	Injected verifier unconditionally returns auth.ErrInvalidToken; websocket handshake rejected401 and Dial closes its response before nil,error return, leaving no Conn obligation.
52	andydunstall/piko	dd4356dfd307006380794952e4a8ccf9edcfa404	resourcelifetime	server/upstream/server_test.go:336:13	resourcelifetime/missing-release	false-positive	WSS bad-CA subtest omits generated certificate trust; TLS verification fails before any websocket Conn. Explicit expected-error assertion matches fixture setup.
52	andydunstall/piko	dd4356dfd307006380794952e4a8ccf9edcfa404	resourcelifetime	server/upstream/server_test.go:345:13	resourcelifetime/missing-release	false-positive	Plain WS request is sent to TLS-only listener, forcing bad handshake. Dial returns nil,error and closes any HTTP error response; no acquired Conn exists.
52	bitrise-io/bitrise	58117d1bea7455d04e74121d68b5d8b7a8a51313	goroutineownership	cli/purr/cmd.go:137:4	goroutineownership/unjoined	false-positive	CLI deliberately starts a process-lifetime terminal keypress reader while timer/context may end animation first; nearby comment explicitly documents that read may outlive runPurr until CLI exit. A completion notification is not proof this optional input watcher must be joined; joining would defeat timed command exit.
52	chrislusf/gleam	8b4ae277059f30322db71de5e0473a4351bf9f8d	cancellationownership	util/context.go:8:17	cancellationownership/release	false-positive	Child is canceled on execution completion; the only other return receives child Done, which can only be caused by parent cancellation here. Parent cancellation already releases this plain WithCancel child; no timer is retained.
52	container2wasm/container2wasm	ecb4caa499f19f1d5cfcddd43b80aa78f98e5102	resourcelifetime	cmd/init/main.go:260:13	resourcelifetime/missing-release	false-positive	doInit explicitly closes spec file after successful decode; decode error returns directly to sole main caller33 which panics, terminating init process rather than continuing with leaked live handle.
52	container2wasm/container2wasm	ecb4caa499f19f1d5cfcddd43b80aa78f98e5102	resourcelifetime	cmd/init/main.go:268:12	resourcelifetime/missing-release	false-positive	doInit explicitly closes image-config file after successful decode; decoder error immediately propagates to main panic35, so no normal continued lifecycle abandons handle.
52	deckarep/golang-set	711c30df0fdf98710a4ca0211e12ef7210967ad3	goroutineownership	threadsafe.go:271:2	goroutineownership/unjoined	false-positive	newIterator returns an owner containing the exact item and stop channels; this function returns that iterator. Consumer can range C or call Stop, which closes stop and drains C; worker closes C on completion. Returned aggregate lifecycle transfer is missed.
52	deckarep/golang-set	711c30df0fdf98710a4ca0211e12ef7210967ad3	goroutineownership	threadunsafe.go:264:2	goroutineownership/unjoined	false-positive	newIterator returns an owner containing the exact item and stop channels; this function returns that iterator. Consumer can range C or call Stop, which closes stop and drains C; worker closes C on completion. Returned aggregate lifecycle transfer is missed.
52	fortio/fortio	5c19725ff61c9f7ad944b91ec32d96a399341d87	lockorder	fnet/network.go:334:3	lockorder/missing-release	false-positive	checkCache deliberately returns held dnsMutex on cache miss; both ResolveByProto call sites test returned found flag and unlock on false at370/393. Cache-hit branch releases inside helper.
52	fortio/fortio	5c19725ff61c9f7ad944b91ec32d96a399341d87	resourcelifetime	cli/fortio_main.go:506:13	resourcelifetime/missing-release	false-positive	Created file differs from os.Stdout and is explicitly closed under f!=os.Stdout; write-error path calls fortio log.Fatalf, which panics or exits, and command path does not recover. No normally returning acquired-file path skips Close.
52	fortio/fortio	5c19725ff61c9f7ad944b91ec32d96a399341d87	resourcelifetime	fhttp/httprunner.go:202:13	resourcelifetime/missing-release	false-positive	CPU profile file creation and fc.Close use identical o.Profiler nonempty guard; option is unchanged during run and no normal return intervenes. StartCPUProfile error logs then still reaches Close.
52	getkin/kin-openapi	e7ecca9a44a420e0687072d30916fcd6a6bfba07	resourcelifetime	openapi3filter/issue743_test.go:203:15	resourcelifetime/missing-release	false-positive	Local test handler explicitly writes204 NoContent, no body, and default client has no Timeout wrapper. Request body validation does not create a response cleanup resource.
52	gitlabhq/gitlab-shell	ab02ab8877fb17d22c6b55046d5422f8d01d196f	resourcelifetime	client/gitlabnet.go:225:23	resourcelifetime/missing-release	false-positive	Do returns checkResponse result: valid success response returned to caller; parseError defers Body.Close on redirects and all non-2XX/3XX statuses before error return. HTTP Do error path has no owned response (redirect failures already closed by net/http). Conditional close-or-return helper transfer is safe.
52	hidu/mysql-schema-sync	730df92ef0c0fecdf2d509f6ae7fa6be5028f6af	resourcelifetime	internal/sync.go:432:15	resourcelifetime/missing-release	false-positive	Rows belong to tx.Query and every loop exit reaches tx.Commit or Rollback; database/sql Rows.awaitDone observes transaction-context cancellation and closes rows when Tx finishes. Overwriting ret does not establish missing release; possible multi-query driver constraints are a separate issue.
52	inbucket/inbucket	94472ab496822dec612edce7988a1f953a9eafbd	goroutineownership	pkg/msghub/hub_test.go:364:2	goroutineownership/unjoined	false-positive	Test drains pending hub operations via Sync then calls exact worker context cancel. Hub.Start selects ctx.Done and returns; no further operations can keep this test's idle hub busy. Explicit cancellation releases the worker.
52	ivaaaan/smug	8320fb4c24d10c6303d2d1254f7eee201a4e6b9f	resourcelifetime	main.go:65:18	resourcelifetime/missing-release	false-positive	newLogger returns log.New(logFile), whose standard-library constructor stores the file as output via SetOutput. Closing in this constructor would break the returned logger; ownership remains reachable through Logger.Writer.
52	kadeessh/kadeessh	e573bd46b851aa438794e3776cfd47e0e6da20a8	goroutineownership	internal/ssh/server_test.go:102:2	goroutineownership/unjoined	false-positive	TestServerClose intentionally uses100ms timeout as failing-test watchdog; normal shutdown branch receives clientDoneChan. Server.Close closes actual client connections then closeDoneChan releases worker; worker defers session cleanup and completion. Timeout avoids hanging the test under broken shutdown rather than proving abandoned production work.
52	libp2p/go-libp2p-kad-dht	10e0adf9859ef86ba08d8493d8313869a2e83d8a	resourcelifetime	dual/dual_test.go:137:13	resourcelifetime/missing-release	false-positive	TestNewErrorPathClosesWAN supplies failLAN option that unconditionally returns lan boom; New returns nil,error after closing already-created WAN on LAN initialization failure. No dual DHT owner exists for test to Close. require.ErrorContains documents forced failure; incomplete repository scan remains partial.
52	minio/minio-go	32e1f32cb176a611dbed3b37c15fda8c2d9ccf36	resourcelifetime	api-putobject-snowball.go:123:13	resourcelifetime/missing-release	false-positive	defer once.Do closes exact temp file unless getter's prior once.Do already closed it; both once callbacks perform same f.Close.
52	mutagen-io/mutagen	6ccfeaaf4dfd261e59ef9aac56e3c157b62e605b	goroutineownership	pkg/integration/protocols/netpipe/synchronization.go:69:2	goroutineownership/unjoined	false-positive	Returned waitingSynchronizationEndpoint owns the exact done receive and closes client before waiting during Shutdown. NewEndpoint failure closes the client stream, terminating paired net.Pipe server worker; opaque returned-owner lifecycle is missed.
52	mutagen-io/mutagen	6ccfeaaf4dfd261e59ef9aac56e3c157b62e605b	processownership	pkg/agent/dial.go:118:11	processownership/missing-wait	false-positive	Pre-Start transport.NewStream stores exact command in Stream.process. All handshake failure paths call stream.Close, whose goroutine calls process.Wait and is received; success returns the owning stream.
52	mutagen-io/mutagen	6ccfeaaf4dfd261e59ef9aac56e3c157b62e605b	resourcelifetime	tools/scan_bench/main.go:144:16	resourcelifetime/missing-release	false-positive	Acquisition and matching profiler.Finalize are guarded by the same unchanged enableProfile flag. Finalize stops CPU profiling and closes its owned file; intervening error paths call cmd.Fatal, which directly os.Exit(1), not a returning resource leak.
52	mutagen-io/mutagen	6ccfeaaf4dfd261e59ef9aac56e3c157b62e605b	resourcelifetime	tools/scan_bench/main.go:181:22	resourcelifetime/missing-release	false-positive	Acquisition and matching profiler.Finalize are guarded by the same unchanged enableProfile flag. Finalize stops CPU profiling and closes its owned file; intervening error paths call cmd.Fatal, which directly os.Exit(1), not a returning resource leak.
52	mutagen-io/mutagen	6ccfeaaf4dfd261e59ef9aac56e3c157b62e605b	resourcelifetime	tools/scan_bench/main.go:224:22	resourcelifetime/missing-release	false-positive	Acquisition and matching profiler.Finalize are guarded by the same unchanged enableProfile flag. Finalize stops CPU profiling and closes its owned file; intervening error paths call cmd.Fatal, which directly os.Exit(1), not a returning resource leak.
52	mutagen-io/mutagen	6ccfeaaf4dfd261e59ef9aac56e3c157b62e605b	resourcelifetime	tools/scan_bench/main.go:265:22	resourcelifetime/missing-release	false-positive	Acquisition and matching profiler.Finalize are guarded by the same unchanged enableProfile flag. Finalize stops CPU profiling and closes its owned file; intervening error paths call cmd.Fatal, which directly os.Exit(1), not a returning resource leak.
52	mutagen-io/mutagen	6ccfeaaf4dfd261e59ef9aac56e3c157b62e605b	resourcelifetime	tools/scan_bench/main.go:304:22	resourcelifetime/missing-release	false-positive	Acquisition and matching profiler.Finalize are guarded by the same unchanged enableProfile flag. Finalize stops CPU profiling and closes its owned file; intervening error paths call cmd.Fatal, which directly os.Exit(1), not a returning resource leak.
52	mutagen-io/mutagen	6ccfeaaf4dfd261e59ef9aac56e3c157b62e605b	resourcelifetime	tools/scan_bench/main.go:380:22	resourcelifetime/missing-release	false-positive	Acquisition and matching profiler.Finalize are guarded by the same unchanged enableProfile flag. Finalize stops CPU profiling and closes its owned file; intervening error paths call cmd.Fatal, which directly os.Exit(1), not a returning resource leak.
52	mutagen-io/mutagen	6ccfeaaf4dfd261e59ef9aac56e3c157b62e605b	resourcelifetime	tools/scan_bench/main.go:401:22	resourcelifetime/missing-release	false-positive	Acquisition and matching profiler.Finalize are guarded by the same unchanged enableProfile flag. Finalize stops CPU profiling and closes its owned file; intervening error paths call cmd.Fatal, which directly os.Exit(1), not a returning resource leak.
52	mutagen-io/mutagen	6ccfeaaf4dfd261e59ef9aac56e3c157b62e605b	resourcelifetime	tools/scan_bench/main.go:464:22	resourcelifetime/missing-release	false-positive	Acquisition and matching profiler.Finalize are guarded by the same unchanged enableProfile flag. Finalize stops CPU profiling and closes its owned file; intervening error paths call cmd.Fatal, which directly os.Exit(1), not a returning resource leak.
52	mutagen-io/mutagen	6ccfeaaf4dfd261e59ef9aac56e3c157b62e605b	resourcelifetime	tools/scan_bench/main.go:484:22	resourcelifetime/missing-release	false-positive	Acquisition and matching profiler.Finalize are guarded by the same unchanged enableProfile flag. Finalize stops CPU profiling and closes its owned file; intervening error paths call cmd.Fatal, which directly os.Exit(1), not a returning resource leak.
52	onedr0p/exportarr	52bb6eb3b80d2a1bf5f6532567ca7f7da50bdc95	resourcelifetime	internal/arr/client/auth_test.go:109:11	resourcelifetime/missing-release	false-positive	FormAuth closes actual login response in auth.go; outer transport returns synthetic nil-Body response, which net/http replaces with empty NopCloser. No owned resource is abandoned at this call.
52	onedr0p/exportarr	52bb6eb3b80d2a1bf5f6532567ca7f7da50bdc95	resourcelifetime	internal/arr/client/auth_test.go:136:12	resourcelifetime/missing-release	false-positive	Server redirects with loginFailed=true; FormAuth CheckRedirect returns error and net/http closes login response before returning. Outer authentication fails, so no successful response exists; fallback fake response would also have nil Body.
52	onedr0p/exportarr	52bb6eb3b80d2a1bf5f6532567ca7f7da50bdc95	resourcelifetime	internal/arr/client/auth_test.go:177:13	resourcelifetime/missing-release	false-positive	Both table cases force failure: synthetic nil-Body 500 response is drained and rejected by ExportarrTransport, or transport returns nil,http.ErrNotSupported. No successful response resource exists.
52	onedr0p/exportarr	52bb6eb3b80d2a1bf5f6532567ca7f7da50bdc95	resourcelifetime	internal/arr/client/auth_test.go:202:13	resourcelifetime/missing-release	false-positive	Every table response is synthetic with nil Body; non-2XX responses rejected/drained by ExportarrTransport and successful bodies are empty NopClosers supplied by net/http. No real resource leaks.
52	onedr0p/exportarr	52bb6eb3b80d2a1bf5f6532567ca7f7da50bdc95	resourcelifetime	internal/arr/client/auth_test.go:58:13	resourcelifetime/missing-release	false-positive	Test transport returns synthetic http.Response with nil Body and no resource. net/http fills nil successful body with an empty NopCloser; discarding this fixture response leaks no resource.
52	onllm-dev/onWatch	4f5e3bd0cf98db0dd3984cf9f39bb3a9ab1af107	processownership	tools/perf-monitor/main_test.go:523:12	processownership/missing-wait	false-positive	Successful Start installs t.Cleanup that kills then helpCmd.Process.Wait at532; nil guard cannot bypass an actually started process, and no custom IO pipes require exec.Cmd.Wait cleanup.
52	openpcc/openpcc	911390a80afcbe6dfb48987a641ab345494b1eca	resourcelifetime	client_test.go:948:12	resourcelifetime/missing-release	false-positive	Network-failure subtest injects errTransport returning assert.AnError and expects that exact failure. No successful response resource is created; request-body closed and payment canceled are separately verified.
52	prometheus-community/postgres_exporter	e7e2095249dc369d943af1cef3d8c615228278ec	resourcelifetime	collector/collector_test.go:127:12	resourcelifetime/missing-release	false-positive	NewPostgresCollector newInstance closes its temporary DSN-validation DB immediately and returns nil instance.db; test replaces it with sqlmock DB separately deferred closed at114.
52	prometheus-community/postgres_exporter	e7e2095249dc369d943af1cef3d8c615228278ec	resourcelifetime	collector/collector_test.go:175:16	resourcelifetime/missing-release	false-positive	NewPostgresCollector calls newInstance, which opens DSN-validation DB and immediately closes it at instance.go43; returned instance.db is nil and test only inspects metadata, so no retained resource exists.
52	prometheus-community/postgres_exporter	e7e2095249dc369d943af1cef3d8c615228278ec	resourcelifetime	collector/collector_test.go:179:17	resourcelifetime/missing-release	false-positive	NewPostgresCollector calls newInstance, which opens DSN-validation DB and immediately closes it at instance.go43; returned instance.db is nil and test only inspects metadata, so no retained resource exists.
52	prometheus-community/postgres_exporter	e7e2095249dc369d943af1cef3d8c615228278ec	resourcelifetime	collector/collector_test.go:207:12	resourcelifetime/missing-release	false-positive	NewPostgresCollector calls newInstance, which opens DSN-validation DB and immediately closes it at instance.go43; returned instance.db is nil and test only inspects metadata, so no retained resource exists.
52	prometheus-community/postgres_exporter	e7e2095249dc369d943af1cef3d8c615228278ec	resourcelifetime	collector/collector_test.go:81:22	resourcelifetime/missing-release	false-positive	NewPostgresCollector calls newInstance, which opens DSN-validation DB and immediately closes it at instance.go43; returned instance.db is nil and test only inspects metadata, so no retained resource exists.
52	rfjakob/gocryptfs	842af4463989ee6808d397433e9aba8517e49c89	lockorder	internal/fusefrontend/file.go:429:5	lockorder/read-lock-write	false-positive	fdLock.RLock protects descriptor lifetime, not write metadata. Dominating fileTableEntry.ContentLock.Lock exclusively protects these fields and their only reads in isConsecutiveWrite; a distinct nested lock serializes access.
52	rfjakob/gocryptfs	842af4463989ee6808d397433e9aba8517e49c89	lockorder	internal/fusefrontend/file.go:430:5	lockorder/read-lock-write	false-positive	fdLock.RLock protects descriptor lifetime, not write metadata. Dominating fileTableEntry.ContentLock.Lock exclusively protects these fields and their only reads in isConsecutiveWrite; a distinct nested lock serializes access.
52	rfjakob/gocryptfs	842af4463989ee6808d397433e9aba8517e49c89	resourcelifetime	tests/cli/cli_test.go:380:11	resourcelifetime/missing-release	false-positive	Test mounts the filesystem read-only before this deliberate os.Create failure probe; the read-only mount prevents successful descriptor acquisition.
52	shijuvar/gokit	4b5abbb8d4e6497a1eef211cb823c18b7977dde4	resourcelifetime	examples/bookmark-api/apputil/logger.go:60:12	resourcelifetime/missing-release	false-positive	SetLogLevel enabled branches pass file through initLog into global log.New output owners; disabled branch explicitly closes it. Current file is retained for ongoing logging.
52	shijuvar/gokit	4b5abbb8d4e6497a1eef211cb823c18b7977dde4	resourcelifetime	log/log.go:59:12	resourcelifetime/missing-release	false-positive	SetLogLevel transfers current file through initLog to global logger outputs in enabled cases and closes it in default case; no abandoned local descriptor.
52	sigstore/rekor	58b4638edf2c4f82c84a914cfbc4d0fc871035ae	cancellationownership	cmd/backfill-index/main.go:242:12	cancellationownership/release	false-positive	populate registers one command-wide signal context and is called once as main's final operation at 200; error is Fatal and success immediately ends main at 204. No repeated registration or post-command signal restoration lifecycle exists.
52	sigstore/rekor	58b4638edf2c4f82c84a914cfbc4d0fc871035ae	cancellationownership	cmd/cleanup-index/main.go:99:12	cancellationownership/release	false-positive	main registers its sole signal context for the remaining batchQueryAndDelete command; error exits via Fatal and success ends main. Registration deliberately lasts until unconditional process termination, not a recurring lifecycle.
52	sigstore/rekor	58b4638edf2c4f82c84a914cfbc4d0fc871035ae	cancellationownership	cmd/copy-index/main.go:145:12	cancellationownership/release	false-positive	doCopy creates one command-wide signal context and is invoked once as main's final operation at 105; error exits through Fatal and success ends main at 110. There is no later operation requiring signal-handler restoration.
52	testcontainers/testcontainers-go	096293a2dfd3067dae1c4921ad1f5e45e879dc91	resourcelifetime	logconsumer_test.go:102:11	resourcelifetime/missing-release	false-positive	Request hits testdata/echoserver.go echoHandler, which logs echo to stdout/stderr and only WriteHeader202, no response body. Default http.Get has no timeout wrapper; canonical empty response has no live body resource.
52	testcontainers/testcontainers-go	096293a2dfd3067dae1c4921ad1f5e45e879dc91	resourcelifetime	logconsumer_test.go:105:11	resourcelifetime/missing-release	false-positive	Request hits testdata/echoserver.go echoHandler, which logs echo to stdout/stderr and only WriteHeader202, no response body. Default http.Get has no timeout wrapper; canonical empty response has no live body resource.
52	testcontainers/testcontainers-go	096293a2dfd3067dae1c4921ad1f5e45e879dc91	resourcelifetime	logconsumer_test.go:158:11	resourcelifetime/missing-release	false-positive	Request hits testdata/echoserver.go echoHandler, which logs echo to stdout/stderr and only WriteHeader202, no response body. Default http.Get has no timeout wrapper; canonical empty response has no live body resource.
52	testcontainers/testcontainers-go	096293a2dfd3067dae1c4921ad1f5e45e879dc91	resourcelifetime	logconsumer_test.go:161:11	resourcelifetime/missing-release	false-positive	Request hits testdata/echoserver.go echoHandler, which logs echo to stdout/stderr and only WriteHeader202, no response body. Default http.Get has no timeout wrapper; canonical empty response has no live body resource.
52	testcontainers/testcontainers-go	096293a2dfd3067dae1c4921ad1f5e45e879dc91	resourcelifetime	logconsumer_test.go:164:11	resourcelifetime/missing-release	false-positive	Request hits testdata/echoserver.go echoHandler, which logs echo to stdout/stderr and only WriteHeader202, no response body. Default http.Get has no timeout wrapper; canonical empty response has no live body resource.
52	testcontainers/testcontainers-go	096293a2dfd3067dae1c4921ad1f5e45e879dc91	resourcelifetime	logconsumer_test.go:208:11	resourcelifetime/missing-release	false-positive	Request hits testdata/echoserver.go echoHandler, which logs echo to stdout/stderr and only WriteHeader202, no response body. Default http.Get has no timeout wrapper; canonical empty response has no live body resource.
52	testcontainers/testcontainers-go	096293a2dfd3067dae1c4921ad1f5e45e879dc91	resourcelifetime	logconsumer_test.go:211:11	resourcelifetime/missing-release	false-positive	Request hits testdata/echoserver.go echoHandler, which logs echo to stdout/stderr and only WriteHeader202, no response body. Default http.Get has no timeout wrapper; canonical empty response has no live body resource.
52	testcontainers/testcontainers-go	096293a2dfd3067dae1c4921ad1f5e45e879dc91	resourcelifetime	logconsumer_test.go:416:11	resourcelifetime/missing-release	false-positive	Request hits testdata/echoserver.go echoHandler, which logs echo to stdout/stderr and only WriteHeader202, no response body. Default http.Get has no timeout wrapper; canonical empty response has no live body resource.
52	testcontainers/testcontainers-go	096293a2dfd3067dae1c4921ad1f5e45e879dc91	resourcelifetime	logconsumer_test.go:419:11	resourcelifetime/missing-release	false-positive	Request hits testdata/echoserver.go echoHandler, which logs echo to stdout/stderr and only WriteHeader202, no response body. Default http.Get has no timeout wrapper; canonical empty response has no live body resource.
52	testcontainers/testcontainers-go	096293a2dfd3067dae1c4921ad1f5e45e879dc91	resourcelifetime	logconsumer_test.go:422:11	resourcelifetime/missing-release	false-positive	Request hits testdata/echoserver.go echoHandler, which logs echo to stdout/stderr and only WriteHeader202, no response body. Default http.Get has no timeout wrapper; canonical empty response has no live body resource.
52	testcontainers/testcontainers-go	096293a2dfd3067dae1c4921ad1f5e45e879dc91	resourcelifetime	logconsumer_test.go:558:11	resourcelifetime/missing-release	false-positive	Request hits testdata/echoserver.go echoHandler, which logs echo to stdout/stderr and only WriteHeader202, no response body. Default http.Get has no timeout wrapper; canonical empty response has no live body resource.
52	testcontainers/testcontainers-go	096293a2dfd3067dae1c4921ad1f5e45e879dc91	resourcelifetime	logconsumer_test.go:561:11	resourcelifetime/missing-release	false-positive	Request hits testdata/echoserver.go echoHandler, which logs echo to stdout/stderr and only WriteHeader202, no response body. Default http.Get has no timeout wrapper; canonical empty response has no live body resource.
52	testcontainers/testcontainers-go	096293a2dfd3067dae1c4921ad1f5e45e879dc91	resourcelifetime	logconsumer_test.go:589:11	resourcelifetime/missing-release	false-positive	Request hits testdata/echoserver.go echoHandler, which logs echo to stdout/stderr and only WriteHeader202, no response body. Default http.Get has no timeout wrapper; canonical empty response has no live body resource.
52	testcontainers/testcontainers-go	096293a2dfd3067dae1c4921ad1f5e45e879dc91	resourcelifetime	logconsumer_test.go:592:11	resourcelifetime/missing-release	false-positive	Request hits testdata/echoserver.go echoHandler, which logs echo to stdout/stderr and only WriteHeader202, no response body. Default http.Get has no timeout wrapper; canonical empty response has no live body resource.
52	testcontainers/testcontainers-go	096293a2dfd3067dae1c4921ad1f5e45e879dc91	resourcelifetime	logconsumer_test.go:99:11	resourcelifetime/missing-release	false-positive	Request hits testdata/echoserver.go echoHandler, which logs echo to stdout/stderr and only WriteHeader202, no response body. Default http.Get has no timeout wrapper; canonical empty response has no live body resource.
52	tus/tusd	c9d174d0e20c69f24e9785d2f639df4da1c4fdc5	goroutineownership	pkg/s3store/s3store_part_producer_test.go:34:2	goroutineownership/unjoined	false-positive	newS3PartProducer returns producer plus exact files channel; test ranges that channel until produce closes it. Worker also selects t.Context cancellation on send, bounding fatal-test exit. Returned aggregate/channel alias hides actual completion consumption.
52	tus/tusd	c9d174d0e20c69f24e9785d2f639df4da1c4fdc5	resourcelifetime	internal/e2e/e2e_test.go:316:11	resourcelifetime/missing-release	false-positive	TestUnexpectedNetworkClose configures upstream limit_data toxic to terminate a 50KB upload after 10KB, deliberately expecting EOF/reset rather than a successful response. Subsequent HEAD response is deferred closed; missing response at forced network-failure call is not an acquired resource.
52	vmware/govmomi	f621178aa667761021673d64430b751e8352823c	goroutineownership	vim25/progress/aggregator_test.go:28:3	goroutineownership/unjoined	false-positive	Accepted upstream sink is drained by Aggregator.loop until producer closes it; parent Done waits aggregator wg after draining. Test consumes expected reports before Done, causally covering producer completion.
52	vmware/govmomi	f621178aa667761021673d64430b751e8352823c	goroutineownership	vim25/progress/aggregator_test.go:51:2	goroutineownership/unjoined	false-positive	Accepted upstream sink is drained by Aggregator.loop until producer closes it; parent Done waits aggregator wg after draining. Test consumes expected reports before Done, causally covering producer completion.
52	vmware/govmomi	f621178aa667761021673d64430b751e8352823c	goroutineownership	vim25/progress/prefix.go:37:3	goroutineownership/unjoined	false-positive	Returns upstream input channel to caller; caller owns sending/closing it, which terminates forwarding worker and closes downstream sink. This is transferred stream lifecycle, not abandoned local worker.
52	vmware/govmomi	f621178aa667761021673d64430b751e8352823c	goroutineownership	vim25/progress/scale.go:27:2	goroutineownership/unjoined	false-positive	Returns upstream input channel to caller; caller owns sending/closing it, which terminates forwarding worker and closes downstream sink. This is transferred stream lifecycle, not abandoned local worker.
52	vmware/govmomi	f621178aa667761021673d64430b751e8352823c	goroutineownership	vim25/progress/scale_test.go:18:4	goroutineownership/unjoined	false-positive	Accepted upstream sink is drained by Aggregator.loop until producer closes it; parent Done waits aggregator wg after draining. Test consumes expected reports before Done, causally covering producer completion.
52	vmware/govmomi	f621178aa667761021673d64430b751e8352823c	goroutineownership	vim25/progress/tee.go:14:3	goroutineownership/unjoined	false-positive	Returns upstream input channel to caller; caller owns sending/closing it, which terminates forwarding worker and closes downstream sink. This is transferred stream lifecycle, not abandoned local worker.
52	vmware/govmomi	f621178aa667761021673d64430b751e8352823c	producerlifecycle	simulator/property_collector_test.go:598:6	producerlifecycle/abandoned-send	false-positive	Filter contains one VM runtime.powerState; fixture produces initial enter then one caller-commanded state change. Caller receives enter and modify separately and worker returns on modify; generic repeated-send loop heuristic ignores bounded event protocol.
52	vmware/govmomi	f621178aa667761021673d64430b751e8352823c	resourcelifetime	simulator/simulator_test.go:455:14	resourcelifetime/missing-release	false-positive	Exact fixture ServeSDK path writes only405 for GET or400 for injected readAll error; no body is written, and default client has no timeout wrapper.
52	vmware/govmomi	f621178aa667761021673d64430b751e8352823c	resourcelifetime	simulator/simulator_test.go:468:13	resourcelifetime/missing-release	false-positive	Exact fixture ServeSDK path writes only405 for GET or400 for injected readAll error; no body is written, and default client has no timeout wrapper.
52	vmware/govmomi	f621178aa667761021673d64430b751e8352823c	resourcelifetime	vmdk/writer_test.go:270:19	resourcelifetime/missing-release	false-positive	Both literal table entries have wantErr=false; test always reaches require.NoError then writer.Close. Hypothetical wantErr=true branch is absent from executed table.
52	wallarm/api-firewall	8ed75e4ca7dc66998265a0cac3d32acd2f167211	resourcelifetime	cmd/api-firewall/internal/handlers/graphql/run.go:69:12	resourcelifetime/missing-release	false-positive	GraphQL Run explicitly closes schema file after validation; every earlier parser/validator error invokes zerolog.Fatal().Msgf, terminating process before nominal return. No normal live error path abandons descriptor.
52	weave-os/router	4d6eae13407a5aaf533d4f62517e14332ecc055c	resourcelifetime	cmd/router-gateway/main_test.go:52:22	resourcelifetime/missing-release	false-positive	Synctest table early return only for60s request deadline versus121s server delay, guaranteeing timeout/no response;600s success branch defers Body.Close. Transport closes idle connections and worker is joined on both branches; runtime deadline correlation is outside simple guard model.
52	yandex-cloud/geesefs	dd847771b29b26f3246edaf3227acbc430f4548d	lockorder	core/file.go:1972:2	lockorder/missing-release	false-positive	SetAttributes locks iff any of five pointer parameters is nonnil at1901, and unlocks under identical condition at1968; parameters are unchanged and all intervening error returns explicitly unlock.
52	yandex-cloud/geesefs	dd847771b29b26f3246edaf3227acbc430f4548d	resourcelifetime	core/backend_azblob.go:90:15	resourcelifetime/missing-release	false-positive	Policy returns pipeline.NewHTTPResponse(r); azure-pipeline-go v0.2.3 pipeline/response.go:28 stores exact response in returned wrapper, transferring Body ownership to pipeline caller.
52	yandex-cloud/geesefs	dd847771b29b26f3246edaf3227acbc430f4548d	resourcelifetime	core/backend_s3.go:148:15	resourcelifetime/missing-release	false-positive	TryIAM assigns outer resp in GCP/AWS branches, then rejects error or nil and defers resp.Body.Close whenever nonnil at160; merged branch assignment is covered.
52	yandex-cloud/geesefs	dd847771b29b26f3246edaf3227acbc430f4548d	resourcelifetime	core/cfg/logger.go:37:16	resourcelifetime/missing-release	false-positive	initFileLoggers stores file in every retained global loggers entry Out; map is already nonempty because package var log calls GetLogger(main), which inserts it. Stream is retained for ongoing logging.
52	yandex-cloud/geesefs	dd847771b29b26f3246edaf3227acbc430f4548d	resourcelifetime	core/goofys_fs_test.go:501:12	resourcelifetime/missing-release	false-positive	Test closes previous fh then reassigns it; deferred closure at483 intentionally reads fh at return and closes the newly opened descriptor.
52	yandex-cloud/k8s-csi-s3	cd2d29f0e655e30812c75fa5fb4c212cc04631b4	goroutineownership	pkg/s3/client.go:147:2	goroutineownership/unjoined	false-positive	objectsCh is passed to minio v7.0.100 RemoveObjects and caller drains its result channel; dependency ranges input before closing result. Client context is Background. Early listErr return occurs only after worker assigned error and is itself returning; invalid bucket also makes ListObjects return an error without object sends. Separate listErr data race is not evidence of unjoined-worker lifecycle bug.
52	zmap/zgrab2	a1231792c51576f1818825fae51db042b4dcd41e	goroutineownership	lib/http2/transport_test.go:5914:2	goroutineownership/unjoined	false-positive	Worker performs one io.Pipe write then closes pipe and completion channel. RoundTrip consumes request body, or cleanupWriteRequest closes that exact reader on unsupported-connect/error; either releases writer. Supported case reads full echoed body. Unused explicit done channel is not a leaking worker.
52	zmap/zgrab2	a1231792c51576f1818825fae51db042b4dcd41e	goroutineownership	lib/http2/transport_test.go:5950:2	goroutineownership/unjoined	false-positive	Worker performs one io.Pipe write then closes pipe and completion channel. RoundTrip consumes request body, or cleanupWriteRequest closes that exact reader on unsupported-connect/error; either releases writer. Supported case reads full echoed body. Unused explicit done channel is not a leaking worker.
52	zmap/zgrab2	a1231792c51576f1818825fae51db042b4dcd41e	resourcelifetime	lib/http/response_test.go:673:9	resourcelifetime/missing-release	false-positive	gzip.Writer is acquired exactly when test.compressed and explicitly type-asserted/closed under the same unchanged guard after writes; alternative is a plain buffer/chunk writer. Conditional cleanup correlation is missed.
53	RedTeamPentesting/pretender	95e632e851ff25bca1ab45c3cb0c4efb71711e07	resourcelifetime	cli.go:376:13	resourcelifetime/missing-release	false-positive	configFromCLI stores the file in returned logger.LogFile on every post-acquisition return, including error returns. main calls logger.Close on both error and success paths; Logger.Close closes that exact field. Returning an owner alongside an error still transfers ownership here.
53	XmirrorSecurity/OpenSCA-cli	7628bb0817054347d4d031292977ca059a78009a	resourcelifetime	opensca/walk/download.go:68:15	resourcelifetime/missing-release	false-positive	This exact request is HEAD and the configured standard transport returns NoBody; HttpDownloadClient has no Client.Timeout, and its only configuration hooks change TLS/proxy settings. The response has no body or client cancellation timer to release. Later GET bodies have separate explicit cleanup.
53	apache/pulsar-client-go	1a6d7ac818c9daae9df5c37cb24c0695fabc9eec	resourcelifetime	pulsar/internal/compression/zlib.go:41:7	resourcelifetime/missing-release	false-positive	The alleged unclosed-writer return requires w.Write(src) to fail, but this fresh standard zlib writer writes only to bytes.Buffer, whose Write cannot return a normal error. All normal compression paths call Close; out-of-memory panics are not the reported normal-return leak.
53	buchgr/bazel-remote	a69b6b5ed933234d93b489ffd216bee5bb74aa06	lockorder	cache/disk/disk.go:545:5	lockorder/recursive-acquire	false-positive	availableOrTryProxy maintains a local locked boolean paired with every earlier Lock/Unlock. This acquisition is guarded by !locked; paths retaining the initial mutex cannot enter it. The cycle combines incompatible boolean ownership states.
53	buchgr/bazel-remote	a69b6b5ed933234d93b489ffd216bee5bb74aa06	lockorder	cache/disk/disk.go:564:2	lockorder/missing-release	false-positive	The final return follows if locked { Unlock }; proxy reservation paths already unlock and set locked=false. All feasible lock states are released; missing path correlation invents a still-held state at the return.
53	buchgr/bazel-remote	a69b6b5ed933234d93b489ffd216bee5bb74aa06	resourcelifetime	cache/httpproxy/httpproxy.go:232:14	resourcelifetime/missing-release	false-positive	Contains sends HEAD through the same standard no-timeout client configured by production and tests. There is no response body resource or Client.Timeout cancellation timer, despite the syntactic Do result.
53	buchgr/bazel-remote	a69b6b5ed933234d93b489ffd216bee5bb74aa06	resourcelifetime	cache/httpproxy/httpproxy.go:61:14	resourcelifetime/missing-release	false-positive	This upload-existence request is HEAD. Both production config and tests supply standard transports with Client.Timeout zero; the response body is NoBody and carries no client cancellation timer. The later PUT has a separate real cleanup obligation.
53	containerd/ttrpc	9e62ff76048c2565d85b243f70adc66aeea73290	goroutineownership	stream_full_test.go:209:2	goroutineownership/unjoined	false-positive	The test defers newTestClient's exact connection/client cleanup and server.Close. Closing that transport unblocks the finite worker's SendMsg with an error, which breaks its loop and closes sendDone. The unused completion channel is not proof of an abandoned network writer.
53	deadsy/sdfx	a63cfbad6c5a0fe634ee2b393e970aaa7af7b866	resourcelifetime	render/stl.go:178:12	resourcelifetime/missing-release	false-positive	Before transferring f into a goroutine with deferred Close, the only normal early error is binary.Write of a fixed84-byte STLHeader to a fresh default4096-byte bufio.Writer. That valid fixed-size value fits entirely in memory, so this write cannot produce the underlying file error presumed by the diagnostic.
53	destel/rill	d20890e7c24d8ad194ac4760cacae1d4bbb58642	goroutineownership	internal/core/merge_test.go:45:4	goroutineownership/unjoined	false-positive	Worker closes all exact input channels after its bounded sends; Merge drains every input, joins its forwarders, then closes output, and ToSlice ranges that output to closure before test continues. This transitive completion is consumed even without a direct receive on the original channel collection.
53	getsentry/sentry-go	a6a3d0b693bc8e93c4e098b4784b5b1145a21a14	resourcelifetime	http/example_test.go:23:13	resourcelifetime/missing-release	false-positive	The literal URL example.com has no scheme; the unmodified default HTTP transport rejects it instead of returning a successful response. This error-capture example never acquires the response-body resource presumed by the diagnostic.
53	go-pkgz/auth	5f6d12c4a12e6cf7b1934dc10d8127969ac7e7b1	lockorder	provider/dev_provider.go:56:3	lockorder/missing-release	false-positive	Only early return with the lock held follows parsing the private unchanged devUserFormTmpl literal; its sole template action {{.Query}} is valid and Parse cannot fail for this source. Infeasible error path.
53	go-pkgz/auth	5f6d12c4a12e6cf7b1934dc10d8127969ac7e7b1	lockorder	v2/provider/dev_provider.go:56:3	lockorder/missing-release	false-positive	Only early return with the lock held follows parsing the private unchanged devUserFormTmpl literal; its sole template action {{.Query}} is valid and Parse cannot fail for this source. Infeasible error path.
53	go-pkgz/auth	5f6d12c4a12e6cf7b1934dc10d8127969ac7e7b1	resourcelifetime	token/jwt_test.go:481:15	resourcelifetime/missing-release	false-positive	Exact local test server only sets cookies/headers and WriteHeader200, with no body writes; default http.Get has no timeout wrapper, and zero Content-Length yields http.NoBody. No body resource is acquired; server.Close owns the connection lifecycle.
53	go-pkgz/auth	5f6d12c4a12e6cf7b1934dc10d8127969ac7e7b1	resourcelifetime	token/jwt_test.go:523:15	resourcelifetime/missing-release	false-positive	Exact local test server only sets cookies/headers and WriteHeader200, with no body writes; default http.Get has no timeout wrapper, and zero Content-Length yields http.NoBody. No body resource is acquired; server.Close owns the connection lifecycle.
53	go-pkgz/auth	5f6d12c4a12e6cf7b1934dc10d8127969ac7e7b1	resourcelifetime	token/jwt_test.go:568:15	resourcelifetime/missing-release	false-positive	Exact local test server only sets cookies/headers and WriteHeader200, with no body writes; default http.Get has no timeout wrapper, and zero Content-Length yields http.NoBody. No body resource is acquired; server.Close owns the connection lifecycle.
53	go-pkgz/auth	5f6d12c4a12e6cf7b1934dc10d8127969ac7e7b1	resourcelifetime	token/jwt_test.go:617:15	resourcelifetime/missing-release	false-positive	Exact local test server only sets cookies/headers and WriteHeader200, with no body writes; default http.Get has no timeout wrapper, and zero Content-Length yields http.NoBody. No body resource is acquired; server.Close owns the connection lifecycle.
53	go-pkgz/auth	5f6d12c4a12e6cf7b1934dc10d8127969ac7e7b1	resourcelifetime	token/jwt_test.go:644:15	resourcelifetime/missing-release	false-positive	Exact local test server only sets cookies/headers and WriteHeader200, with no body writes; default http.Get has no timeout wrapper, and zero Content-Length yields http.NoBody. No body resource is acquired; server.Close owns the connection lifecycle.
53	go-pkgz/auth	5f6d12c4a12e6cf7b1934dc10d8127969ac7e7b1	resourcelifetime	v2/token/jwt_test.go:481:15	resourcelifetime/missing-release	false-positive	Exact local test server only sets cookies/headers and WriteHeader200, with no body writes; default http.Get has no timeout wrapper, and zero Content-Length yields http.NoBody. No body resource is acquired; server.Close owns the connection lifecycle.
53	go-pkgz/auth	5f6d12c4a12e6cf7b1934dc10d8127969ac7e7b1	resourcelifetime	v2/token/jwt_test.go:523:15	resourcelifetime/missing-release	false-positive	Exact local test server only sets cookies/headers and WriteHeader200, with no body writes; default http.Get has no timeout wrapper, and zero Content-Length yields http.NoBody. No body resource is acquired; server.Close owns the connection lifecycle.
53	go-pkgz/auth	5f6d12c4a12e6cf7b1934dc10d8127969ac7e7b1	resourcelifetime	v2/token/jwt_test.go:568:15	resourcelifetime/missing-release	false-positive	Exact local test server only sets cookies/headers and WriteHeader200, with no body writes; default http.Get has no timeout wrapper, and zero Content-Length yields http.NoBody. No body resource is acquired; server.Close owns the connection lifecycle.
53	go-pkgz/auth	5f6d12c4a12e6cf7b1934dc10d8127969ac7e7b1	resourcelifetime	v2/token/jwt_test.go:617:15	resourcelifetime/missing-release	false-positive	Exact local test server only sets cookies/headers and WriteHeader200, with no body writes; default http.Get has no timeout wrapper, and zero Content-Length yields http.NoBody. No body resource is acquired; server.Close owns the connection lifecycle.
53	go-pkgz/auth	5f6d12c4a12e6cf7b1934dc10d8127969ac7e7b1	resourcelifetime	v2/token/jwt_test.go:644:15	resourcelifetime/missing-release	false-positive	Exact local test server only sets cookies/headers and WriteHeader200, with no body writes; default http.Get has no timeout wrapper, and zero Content-Length yields http.NoBody. No body resource is acquired; server.Close owns the connection lifecycle.
53	gophercloud/gophercloud	27d7b866f6ef05cf874c7db108214ae9ebd627b3	lockorder	testing/provider_client_test.go:454:4	lockorder/missing-release	false-positive	The lock-skipping return requires requestCounter==10, but this isolated test issues one Request and ProviderClient's hasReauthenticated guard permits only one retry after401. Thus the counter reaches at most2 with the current implementation; the reported missing-unlock branch is an unreachable regression guard, not a current deadlock path.
53	hasenj/go-shirei	53ac83361205b8905ae861dbd20107e0ab67c866	processownership	drive/start.go:64:12	processownership/missing-wait	false-positive	Successful Start is covered by t.Cleanup, which calls cmd.Process.Wait in a joined worker or after timeout Kill. Plain Cmd with stdio os.Files has no pipe-copy workers/context watcher requiring Cmd.Wait beyond process reaping; direct Process.Wait is missed.
53	hashicorp/go-metrics	5a9e5caa3d2779bca6a8ae2218b8f884194855e7	producerlifecycle	inmem_endpoint_test.go:171:5	producerlifecycle/abandoned-send	false-positive	The fresh sink receives only SetGauge of one exact key. Each interval stores Gauges by unique flattened key and DisplayMetrics returns one interval, so this loop sends at most once and the caller receives once. Syntactic repetition does not establish excess sends; the separate endless updater is not this diagnostic.
53	hashicorp/go-metrics	5a9e5caa3d2779bca6a8ae2218b8f884194855e7	producerlifecycle	inmem_endpoint_test.go:207:5	producerlifecycle/abandoned-send	false-positive	The fresh sink only receives AddSample, which populates Samples, not Gauges. summary.Gauges stays empty, so this reported send is unreachable and the worker closes result; the caller receives the zero value. This does not validate the test's separate endless updater.
53	hashicorp/go-metrics	5a9e5caa3d2779bca6a8ae2218b8f884194855e7	producerlifecycle	inmem_endpoint_test.go:243:5	producerlifecycle/abandoned-send	false-positive	Only IncrCounter updates this fresh sink and it populates Counters, not Gauges. The reported range over summary.Gauges executes no sends; result is closed and its single receive does not abandon a producer send.
53	hashicorp/go-metrics	5a9e5caa3d2779bca6a8ae2218b8f884194855e7	producerlifecycle	inmem_endpoint_test.go:284:5	producerlifecycle/abandoned-send	false-positive	SetGaugeWithLabels always uses the same key and labels, replacing one map entry in a fresh sink. DisplayMetrics emits one interval's unique entries, so at most one foo.bar value reaches result and the caller receives it. No second send is feasible in this test.
53	iximiuz/cdebug	6c205f0b663df4dec235f42e905e94b40709159a	goroutineownership	pkg/containerd/client.go:101:2	goroutineownership/unjoined	false-positive	ImagePullEx always calls exact stopProgress before the error return. Pinned containerd/v2 v2.2.1 ShowProgress selects on that context, sets done, skips further content queries, and returns after its final UI update; success additionally joins progressCh. This is a cancellation-bound progress lifecycle, not an abandoned completion obligation.
53	kube-burner/kube-burner	770a335598d565d7c9e4fa9a481ae86bbe8f2e8d	resourcelifetime	pkg/util/cmd.go:49:15	resourcelifetime/missing-release	false-positive	Opened logfile is wrapped with stdout in io.MultiWriter and installed into the global logrus logger through SetOutput. The logger retains it for subsequent logging, so this is an explicit process-logger handoff, not local ownership abandonment.
53	norwoodj/helm-docs	a5573af096a4b526dcbc3c896c220b1714a0765b	resourcelifetime	pkg/helm/chart_info.go:241:21	resourcelifetime/missing-release	false-positive	isErrorInReadingNecessaryFile returns true exactly when the supplied open error is nonnil; every successful os.Open reaches immediate defer valuesFile.Close. Missing helper error-predicate correlation.
53	raskrebs/sonar	9c963b8447d6ca08dd4a3c0bc6c0bf27527cd793	processownership	internal/runs/runs_test.go:120:12	processownership/missing-wait	false-positive	First command is replaced only when its Start fails; successful first Start reaches the shared c.Wait. Missing acquisition-error and phi identity correlation.
53	raskrebs/sonar	9c963b8447d6ca08dd4a3c0bc6c0bf27527cd793	processownership	internal/runs/runs_test.go:123:13	processownership/missing-wait	false-positive	Fallback command successful Start reaches c.Wait through the merged c value; Skip occurs only when fallback Start failed. No started child bypasses Wait.
53	raskrebs/sonar	9c963b8447d6ca08dd4a3c0bc6c0bf27527cd793	processownership	internal/spawn/spawn.go:187:12	processownership/missing-wait	false-positive	In the scanned Linux build adopt is unconditionally nil (spawn_unix.go27), so the postStart failure return is infeasible; every started cmd transfers into returned Handle whose Wait delegates to cmd.Wait. Windows differs and is not this scan target.
53	threatexpert/gonc	e14bc6b97efc2150c4e0bbb2bdc89f8548e28fa6	goroutineownership	easyp2p/p2p.go:1467:5	goroutineownership/unjoined	false-positive	The nested punch attempt closes every exact UDP socket before returning, unblocking its readers; workers also have fixed deadlines, and their result sends select on the round context canceled by the enclosing function. The unused wg does not establish indefinite abandonment of this bounded canceled socket lifecycle.
53	threatexpert/gonc	e14bc6b97efc2150c4e0bbb2bdc89f8548e28fa6	lockorder	netx/UDPConn.go:118:4	lockorder/recursive-acquire	false-positive	Each Read loop iteration locks and unlocks under the same supportRebuild flag, with a separate unlock on the nil-connection return. The flag is not mutated in Read and its sole in-repository setter is before the reader starts. The reported repeated acquire combines incompatible flag values across matching guards.
53	threatexpert/gonc	e14bc6b97efc2150c4e0bbb2bdc89f8548e28fa6	processownership	apps/nc.go:3171:14	processownership/missing-wait	false-positive	After this successful Start, cmd is never reassigned and every subsequent normal return passes the final cmd!=nil branch calling Kill and Wait. Nil cmd is possible only on alternative branches that never launch this command; merged branch identity loses that correlation.
53	tidwall/uhaha	5ea77162763891837176b90e111fcac74678143e	lockorder	uhaha.go:4200:8	lockorder/recursive-acquire	false-positive	The watcher initially holds sufmu while suffrage==-1. First observed state skips Lock, unlocks, then updates suffrage; later changes lock only when suffrage!=-1, when no prior lock remains held. Failed/no-change iterations preserve that invariant. The reported recursion combines incompatible sentinel and ownership states.
53	uniqush/uniqush-push	b3c23fe0271ecf428cf78197c59711bcd05eb88f	resourcelifetime	configparser.go:169:18	resourcelifetime/missing-release	false-positive	LoadLoggers passes the successful logfile through loadLogger into every returned logger. NewLogger retains the exact writer in logger.writer and per-level standard loggers; the descriptor belongs to the returned long-lived logging objects, not this configuration function's local lifetime.
53	vishen/go-chromecast	5dd70bb91787fe28e3d8946682c66cb2a1d61d21	resourcelifetime	application/application.go:728:15	resourcelifetime/missing-release	false-positive	Exact HEAD request uses a fresh default-transport client with no Timeout; HTTP transport supplies NoBody and releases connection independently. Reading only Content-Type does not abandon an acquired body resource.
53	wind-c/comqtt	11282b91abb06d5169b857a2c38fad5d54502050	resourcelifetime	plugin/auth/http/http.go:106:15	resourcelifetime/missing-release	false-positive	A dominating deferred closure captures resp and closes its Body when nonnil. Exactly one mutually exclusive HTTP acquisition assigns resp, with no subsequent replacement before return; every success/error exit is covered. Captured-cell cleanup provenance gap.
53	wind-c/comqtt	11282b91abb06d5169b857a2c38fad5d54502050	resourcelifetime	plugin/auth/http/http.go:113:16	resourcelifetime/missing-release	false-positive	A dominating deferred closure captures resp and closes its Body when nonnil. Exactly one mutually exclusive HTTP acquisition assigns resp, with no subsequent replacement before return; every success/error exit is covered. Captured-cell cleanup provenance gap.
53	wind-c/comqtt	11282b91abb06d5169b857a2c38fad5d54502050	resourcelifetime	plugin/auth/http/http.go:118:16	resourcelifetime/missing-release	false-positive	A dominating deferred closure captures resp and closes its Body when nonnil. Exactly one mutually exclusive HTTP acquisition assigns resp, with no subsequent replacement before return; every success/error exit is covered. Captured-cell cleanup provenance gap.
53	wind-c/comqtt	11282b91abb06d5169b857a2c38fad5d54502050	resourcelifetime	plugin/auth/http/http.go:171:15	resourcelifetime/missing-release	false-positive	A dominating deferred closure captures resp and closes its Body when nonnil. Exactly one mutually exclusive HTTP acquisition assigns resp, with no subsequent replacement before return; every success/error exit is covered. Captured-cell cleanup provenance gap.
53	wind-c/comqtt	11282b91abb06d5169b857a2c38fad5d54502050	resourcelifetime	plugin/auth/http/http.go:177:16	resourcelifetime/missing-release	false-positive	A dominating deferred closure captures resp and closes its Body when nonnil. Exactly one mutually exclusive HTTP acquisition assigns resp, with no subsequent replacement before return; every success/error exit is covered. Captured-cell cleanup provenance gap.
53	wind-c/comqtt	11282b91abb06d5169b857a2c38fad5d54502050	resourcelifetime	plugin/auth/http/http.go:181:16	resourcelifetime/missing-release	false-positive	A dominating deferred closure captures resp and closes its Body when nonnil. Exactly one mutually exclusive HTTP acquisition assigns resp, with no subsequent replacement before return; every success/error exit is covered. Captured-cell cleanup provenance gap.
53	zkep/my-geektime	a614af742806cfb10f84598c71c0dd668e96549b	goroutineownership	libs/m3u8/downloader.go:249:3	goroutineownership/unjoined	false-positive	The early return is on exact d.ctx cancellation, and every HTTP operation in downloadSegment uses d.ctx; back only appends under a mutex. Each launched worker has its limitChan token supplied before the parent's next cancellation check. Workers have cancellation-bounded I/O and matching token release; no indefinitely abandoned wait obligation is established.
54	D00Movenok/BounceBack	029c9d4fe55c59b1e772b9b394c573a14ed58bb5	deferinloop	internal/proxy/base/proxy.go:155:3	deferinloop/cleanup-lifetime	false-positive	Each local mutex corresponds to one preparation worker, which unlocks it once and never reacquires it. RunFilters locks each distinct completed-worker mutex once; retaining these private locks until return blocks no remaining participant.
54	aetaric/checkrr	323bef3c4acf9f775961d1cedeef476f1a7b2577	resourcelifetime	logging/log_unix.go:79:22	resourcelifetime/missing-release	false-positive	Created log file is assigned to out, installed via logrus.SetOutput, and that logger is appended to receiver logger.loggers for later logging. Explicit retained writer ownership is missed.
54	aetaric/checkrr	323bef3c4acf9f775961d1cedeef476f1a7b2577	resourcelifetime	logging/log_unix.go:91:22	resourcelifetime/missing-release	false-positive	Append-mode log file transfers through out to the logrus logger stored in receiver logger.loggers; local return does not abandon the persistent logging output.
54	agola-io/agola	a5ca7877e3b77d38c6fd24a0f16d7267fc2dea12	producerlifecycle	cmd/agola/cmd/serve.go:167:15	producerlifecycle/abandoned-send	false-positive	Exact context.Background reaches service Run that only returns on ctx.Done; retries handle internal errors without returning, so this completion send is unreachable during normal execution.
54	agola-io/agola	a5ca7877e3b77d38c6fd24a0f16d7267fc2dea12	producerlifecycle	cmd/agola/cmd/serve.go:170:15	producerlifecycle/abandoned-send	false-positive	Under exact Background context, service returns only startup/listener errors; serve returns received error directly to sole Cobra caller, which terminates via zerolog Fatal.Send. No continuing abandoned producer lifecycle.
54	agola-io/agola	a5ca7877e3b77d38c6fd24a0f16d7267fc2dea12	producerlifecycle	cmd/agola/cmd/serve.go:173:15	producerlifecycle/abandoned-send	false-positive	Exact context.Background reaches service Run that only returns on ctx.Done; retries handle internal errors without returning, so this completion send is unreachable during normal execution.
54	agola-io/agola	a5ca7877e3b77d38c6fd24a0f16d7267fc2dea12	producerlifecycle	cmd/agola/cmd/serve.go:176:15	producerlifecycle/abandoned-send	false-positive	Exact context.Background reaches service Run that only returns on ctx.Done; retries handle internal errors without returning, so this completion send is unreachable during normal execution.
54	agola-io/agola	a5ca7877e3b77d38c6fd24a0f16d7267fc2dea12	producerlifecycle	cmd/agola/cmd/serve.go:179:15	producerlifecycle/abandoned-send	false-positive	Exact context.Background reaches service Run that only returns on ctx.Done; retries handle internal errors without returning, so this completion send is unreachable during normal execution.
54	agola-io/agola	a5ca7877e3b77d38c6fd24a0f16d7267fc2dea12	producerlifecycle	cmd/agola/cmd/serve.go:182:15	producerlifecycle/abandoned-send	false-positive	Under exact Background context, service returns only startup/listener errors; serve returns received error directly to sole Cobra caller, which terminates via zerolog Fatal.Send. No continuing abandoned producer lifecycle.
54	agola-io/agola	a5ca7877e3b77d38c6fd24a0f16d7267fc2dea12	producerlifecycle	cmd/agola/cmd/serve.go:185:15	producerlifecycle/abandoned-send	false-positive	Under exact Background context, service returns only startup/listener errors; serve returns received error directly to sole Cobra caller, which terminates via zerolog Fatal.Send. No continuing abandoned producer lifecycle.
54	agola-io/agola	a5ca7877e3b77d38c6fd24a0f16d7267fc2dea12	resourcelifetime	tests/api_test.go:3137:12	resourcelifetime/missing-release	false-positive	Import passes exact *os.File into HTTP request body; already successful calls establish same immutable client URL is valid, fixed POST path and nonnil ctx reach client.Do, which closes request body including request errors.
54	antonmedv/gitmal	83be9ddcf82e8a90ea50a9d54c1ebfc3e22ace16	resourcelifetime	blob.go:106:16	resourcelifetime/missing-release	false-positive	Local check helper returns exactly err!=nil, despite error-channel/cancel side effects; successful Create cannot take error return and necessarily installs deferred exact file.Close.
54	antonmedv/gitmal	83be9ddcf82e8a90ea50a9d54c1ebfc3e22ace16	resourcelifetime	blob.go:178:19	resourcelifetime/missing-release	false-positive	Local check helper returns exactly err!=nil, despite error-channel/cancel side effects; successful Create cannot take error return and necessarily installs deferred exact file.Close.
54	antonmedv/gitmal	83be9ddcf82e8a90ea50a9d54c1ebfc3e22ace16	resourcelifetime	list.go:158:16	resourcelifetime/missing-release	false-positive	Local check helper returns exactly err!=nil, despite error-channel/cancel side effects; successful Create cannot take error return and necessarily installs deferred exact file.Close.
54	bufbuild/hyperpb-go	c85bdcba306e6fed9747ff16efb1c5006a0defca	resourcelifetime	internal/tools/hypertest/exec.go:204:17	resourcelifetime/missing-release	false-positive	Cleanup command session is owned by the exact goph SSH client with dominating deferred Close; rmdir.Run completes before the earlier-registered parent close shuts the connection and all child channels. Parent-owned session cleanup is missed.
54	bufbuild/hyperpb-go	c85bdcba306e6fed9747ff16efb1c5006a0defca	resourcelifetime	internal/tools/hypertest/exec.go:271:15	resourcelifetime/missing-release	false-positive	Benchmark SSH command sessions run synchronously and are covered by deferred Close on their exact parent SSH connection, whose mux shutdown closes every session channel; no session escapes beyond the parent lifetime.
54	devfeel/dotweb	d5bf658955358d6b4aa98ae6c0c96b1609a3340b	resourcelifetime	server.go:579:14	resourcelifetime/missing-release	false-positive	The gzip writer is retained in the returned HTTP context response; releaseHttpContext later retrieves that exact wrapper and closes it after serving the request.
54	dimonomid/nerdlog	e7f0af71653c84bd11ba2063bc9cd0fa9e05b8f9	deferinloop	util/sysloggen/generate_syslog.go:477:4	deferinloop/cleanup-lifetime	false-positive	The defer is guarded by numLogFile==0 and that branch increments it; this second-file rotation runs at most once, not once per log iteration.
54	hmans/beans	99260bf1a6bec3e395b629406b737f6418653a17	resourcelifetime	internal/graph/schema.resolvers.go:179:15	resourcelifetime/missing-release	false-positive	CreateWithCommand stores the session in TerminalMgr.sessions before returning; StopRun closes that exact session by ID, and manager shutdown owns the collection. The returned session is not an independently abandoned caller obligation.
54	hmans/beans	99260bf1a6bec3e395b629406b737f6418653a17	resourcelifetime	internal/terminal/terminal_test.go:319:15	resourcelifetime/missing-release	false-positive	CreateWithCommand stores the session in the manager map. Dominating defer mgr.Shutdown closes every retained session; replacement also closes the previous session before deleting it. The test does not abandon a separate local owner.
54	hmans/beans	99260bf1a6bec3e395b629406b737f6418653a17	resourcelifetime	internal/terminal/terminal_test.go:354:15	resourcelifetime/missing-release	false-positive	CreateWithCommand stores the session in the manager map. Dominating defer mgr.Shutdown closes every retained session; replacement also closes the previous session before deleting it. The test does not abandon a separate local owner.
54	hmans/beans	99260bf1a6bec3e395b629406b737f6418653a17	resourcelifetime	internal/terminal/terminal_test.go:376:16	resourcelifetime/missing-release	false-positive	CreateWithCommand stores the session in the manager map. Dominating defer mgr.Shutdown closes every retained session; replacement also closes the previous session before deleting it. The test does not abandon a separate local owner.
54	hmans/beans	99260bf1a6bec3e395b629406b737f6418653a17	resourcelifetime	internal/terminal/terminal_test.go:381:16	resourcelifetime/missing-release	false-positive	CreateWithCommand stores the session in the manager map. Dominating defer mgr.Shutdown closes every retained session; replacement also closes the previous session before deleting it. The test does not abandon a separate local owner.
54	hmans/beans	99260bf1a6bec3e395b629406b737f6418653a17	resourcelifetime	internal/terminal/terminal_test.go:402:15	resourcelifetime/missing-release	false-positive	CreateWithCommand stores the session in the manager map. Dominating defer mgr.Shutdown closes every retained session; replacement also closes the previous session before deleting it. The test does not abandon a separate local owner.
54	jech/galene	6d9338e909fdecdd906150e4dda34e10d9869654	goroutineownership	rtpconn/webclient.go:879:2	goroutineownership/unjoined	false-positive	Deferred c.close either observes exact writerDone or queues typed closeMessage to exact writer channel; clientWriter returns on that message, prior writes have deadlines, and worker defer signals done/closes socket. Explicit bounded shutdown protocol, not abandoned worker.
54	karust/openserp	29c7b0fbe09640160efcfc1f1e04e60e0fbe60e9	resourcelifetime	core/logger.go:274:13	resourcelifetime/missing-release	false-positive	Opened logfile is retained by io.MultiWriter passed to global logrus.SetOutput; InitLogger transfers output ownership rather than abandoning a local file.
54	londek/ipadecrypt	4a103920afb05a522f5a5142636ee8d4b24c00b6	resourcelifetime	cmd/ipadecrypt/decrypt.go:228:14	resourcelifetime/missing-release	false-positive	Successful device connection immediately registers dev.Close in a fresh cleanupStack with dominating defer run; run drains registered callbacks in reverse order. Explicit cleanup callback ownership is missed.
54	m13253/dns-over-https	82c5f0d3277d258534782c8f827be51bacadec70	resourcelifetime	doh-client/selector/lvsWRRSelector.go:94:19	resourcelifetime/missing-release	false-positive	Add accepts and stores only Google or IETF upstream types; both switch arms call a response helper with a dominating Body.Close defer, so the apparent no-arm leak is infeasible.
54	m13253/dns-over-https	82c5f0d3277d258534782c8f827be51bacadec70	resourcelifetime	doh-client/selector/nginxWRRSelector.go:87:19	resourcelifetime/missing-release	false-positive	Add accepts only Google or IETF upstream types; both response-handler arms defer exact Body.Close, making the apparent unmatched-type cleanup omission infeasible.
54	megaease/easeprobe	5396580193dfbc305f5586e5c1588010fdcc3e13	resourcelifetime	daemon/daemon_test.go:117:14	resourcelifetime/missing-release	false-positive	The patched WriteFile always fails, so NewPIDFile returns before opening pidFd; there is no acquired handle on this call.
54	megaease/easeprobe	5396580193dfbc305f5586e5c1588010fdcc3e13	resourcelifetime	daemon/daemon_test.go:127:14	resourcelifetime/missing-release	false-positive	The failing WriteFile patch remains active, and the MkdirAll patch also fails; this NewPIDFile call cannot acquire pidFd.
54	megaease/easeprobe	5396580193dfbc305f5586e5c1588010fdcc3e13	resourcelifetime	daemon/daemon_test.go:136:14	resourcelifetime/missing-release	false-positive	The patched Stat fails with a non-NotExist error, so NewPIDFile returns before file acquisition.
54	megaease/easeprobe	5396580193dfbc305f5586e5c1588010fdcc3e13	resourcelifetime	daemon/daemon_test.go:98:15	resourcelifetime/missing-release	false-positive	The empty filename is rejected at NewPIDFile entry before any resource acquisition.
54	murphysecurity/murphysec	59d5cdc9a53a9e7940250aa30ea4434d0e258c40	goroutineownership	module/nuget/nuget_cmd_build.go:611:2	goroutineownership/unjoined	false-positive	Worker explicitly wg.Done after all stderr scanning/logging/mutation, and parent unconditionally wg.Wait before returns. Additional deferred stderrWg.Done is not a distinct unfulfilled work obligation.
54	murphysecurity/murphysec	59d5cdc9a53a9e7940250aa30ea4434d0e258c40	resourcelifetime	module/python/utils.go:19:10	resourcelifetime/missing-release	false-positive	Dominating deferred closure closes current f; fallback explicitly closes first file before replacing f with reopened file, which same deferred closure then closes.
54	nalgeon/codapi	079d3a455c2d5ce342323e4724d73846ff973bd0	resourcelifetime	internal/server/server_test.go:19:15	resourcelifetime/missing-release	false-positive	Local exact handler only WriteHeader200, yielding zero-length response and http.NoBody with default http.Get and no client deadline; no acquired body resource needs cleanup. Server shutdown separately joins serving goroutine.
54	ozontech/file.d	5379bc2005906fde3aa0a05f6bf574dcd7111404	lockorder	plugin/input/file/provider.go:581:2	lockorder/contradictory-order	false-positive	The reverse jobsMu-to-job.mu edge in addJob concerns a fresh Job not available to other workers until tryResumeJobAndUnlock first unlocks it and sends it on jobsChan. The map remains protected by jobsMu until then. snapshotJobs also releases jobsMu before locking jobs. The apparent cycle conflates initialization with concurrent use.
54	ozontech/file.d	5379bc2005906fde3aa0a05f6bf574dcd7111404	resourcelifetime	plugin/input/file/provider.go:382:15	resourcelifetime/missing-release	false-positive	addJob closes the exact file on the duplicate branch; otherwise it stores it in a new Job retained in jp.jobs. This is an explicit receiver-owned lifecycle transfer, not abandonment by the open helper.
54	pion/turn	d0663bb59e9ef9c376b544b1e918343775d1b550	producerlifecycle	internal/allocation/allocation_test.go:276:4	producerlifecycle/abandoned-send	false-positive	The test sends exactly two datagrams, receives both resulting dataCh messages, then closes manager and client listener; the repeated producer loop is bounded by this test protocol and socket shutdown.
54	protomaps/go-pmtiles	a3e4951ea6a0477b784c27c1dcbfd9c130878c5a	deferinloop	pmtiles/merge.go:212:3	deferinloop/cleanup-lifetime	false-positive	The handles are deliberately retained for prepareInputs and later merge copying after the opening loop. They must remain open across iterations; function-scoped defers match that collective owner lifetime.
54	protomaps/go-pmtiles	a3e4951ea6a0477b784c27c1dcbfd9c130878c5a	resourcelifetime	pmtiles/sync.go:249:16	resourcelifetime/missing-release	false-positive	This exact HEAD uses the fresh standard zero-timeout client; the standard transport supplies NoBody with no client-timeout cancellation wrapper.
54	quackduck/devzat	a4a1be9e0dd5c7d771462970aa8359ae4b918c12	resourcelifetime	config.go:114:18	resourcelifetime/missing-release	false-positive	Exact logfile is retained by io.MultiWriter installed on global Log.SetOutput; logger initialization transfers ownership to a persistent output.
54	refraction-networking/utls	23b1dac19c06c51e278468e29ac329eec605a31f	lockorder	common.go:1104:2	lockorder/mismatched-release	false-positive	Rotation explicitly RUnlocks then exclusively Locks; deferred Unlock matches that Lock, followed in LIFO order by deferred RLock and original deferred RUnlock. Helper likewise restores incoming read-lock mode.
54	refraction-networking/utls	23b1dac19c06c51e278468e29ac329eec605a31f	lockorder	common.go:1119:5	lockorder/read-lock-write	false-positive	autoSessionTicketKeys mutation follows explicit read unlock and exclusive Lock; deferred RLock is not executed until after deferred exclusive Unlock, so this write is exclusively protected.
54	refraction-networking/utls	23b1dac19c06c51e278468e29ac329eec605a31f	lockorder	u_conn.go:376:10	lockorder/contradictory-order	false-positive	Witness reacquires handshakeMutex through QUIC-only quicWaitForSignal while in held. QUIC wrapper keeps conn private, starts handshake at most once, and synchronizes nonconcurrent exported operations via blockedc/signalc; no second handshake can take reverse order on same connection. TCP connections skip quic branch.
54	restic/rest-server	ca666baf9c65b18a6816ebd4f6ad5893e8921d61	resourcelifetime	mux.go:31:20	resourcelifetime/missing-release	false-positive	Opened accessLog is captured by returned gorilla CombinedLoggingHandler; handler retains writer for later requests rather than abandoning local ownership.
54	rykov/paperboy	74c8851098cb400fd26083d3c2b4ac91e6fba244	deferinloop	parser/parse_frontmatter_test.go:155:3	deferinloop/cleanup-lifetime	false-positive	The benchmark setup table contains exactly one file, so the opening loop cannot accumulate deferred closes across iterations. Its descriptor remains bounded until benchmark return; this is not the repeated-acquisition pattern claimed.
54	saljam/webwormhole	abf852af0458ba79772d9c26ef01434165f217d8	producerlifecycle	cmd/ww/server.go:461:15	producerlifecycle/abandoned-send	false-positive	Server failure race receives once directly in log.Fatal, terminating the process; there is no continuing lifecycle with abandoned error sender after that receive.
54	saljam/webwormhole	abf852af0458ba79772d9c26ef01434165f217d8	producerlifecycle	cmd/ww/server.go:465:15	producerlifecycle/abandoned-send	false-positive	Server failure race receives once directly in log.Fatal, terminating the process; there is no continuing lifecycle with abandoned error sender after that receive.
54	saljam/webwormhole	abf852af0458ba79772d9c26ef01434165f217d8	producerlifecycle	cmd/ww/server.go:468:15	producerlifecycle/abandoned-send	false-positive	Server failure race receives once directly in log.Fatal, terminating the process; there is no continuing lifecycle with abandoned error sender after that receive.
54	six-ddc/plow	996bf688fdc4b28fb5067a6e86d60031e5127e63	channelsafety	requester.go:53:3	channelsafety/send-after-close	false-positive	init intentionally triggers closed-channel send under dominating deferred recover to capture runtime panic sentinel; sentinel is later used to recognize shutdown sends and the probe panic never escapes.
54	subtrace/subtrace	e3e3546b367ecc23d5fe5642491526ee969a6ff2	resourcelifetime	logging/logging.go:51:13	resourcelifetime/missing-release	false-positive	Init passes the selected file through slog.NewTextHandler and slog.New into slog.SetDefault. The global logger retains that exact writer for future logging; it is not abandoned at Init return.
54	talostrading/sonic	fa70f8c39b9eea68e782c4c7f3604fe232d4301c	resourcelifetime	multicast/peer_ipv4_test.go:1926:12	resourcelifetime/missing-release	false-positive	Exact successful NewUDPPeer result is explicitly closed or deferred closed; UDPPeer.Close guards fresh p.closed then closes p.socket. Constructor-internal error leaks return nil and are a separate callee defect, not an unfulfilled caller cleanup.
54	talostrading/sonic	fa70f8c39b9eea68e782c4c7f3604fe232d4301c	resourcelifetime	multicast/peer_ipv4_test.go:211:16	resourcelifetime/missing-release	false-positive	Exact successful NewUDPPeer result is explicitly closed or deferred closed; UDPPeer.Close guards fresh p.closed then closes p.socket. Constructor-internal error leaks return nil and are a separate callee defect, not an unfulfilled caller cleanup.
54	talostrading/sonic	fa70f8c39b9eea68e782c4c7f3604fe232d4301c	resourcelifetime	multicast/peer_ipv4_test.go:232:15	resourcelifetime/missing-release	false-positive	Exact successful NewUDPPeer result is explicitly closed or deferred closed; UDPPeer.Close guards fresh p.closed then closes p.socket. Constructor-internal error leaks return nil and are a separate callee defect, not an unfulfilled caller cleanup.
54	talostrading/sonic	fa70f8c39b9eea68e782c4c7f3604fe232d4301c	resourcelifetime	multicast/peer_ipv4_test.go:248:15	resourcelifetime/missing-release	false-positive	Exact successful NewUDPPeer result is explicitly closed or deferred closed; UDPPeer.Close guards fresh p.closed then closes p.socket. Constructor-internal error leaks return nil and are a separate callee defect, not an unfulfilled caller cleanup.
54	talostrading/sonic	fa70f8c39b9eea68e782c4c7f3604fe232d4301c	resourcelifetime	multicast/peer_ipv4_test.go:442:15	resourcelifetime/missing-release	false-positive	Exact successful NewUDPPeer result is explicitly closed or deferred closed; UDPPeer.Close guards fresh p.closed then closes p.socket. Constructor-internal error leaks return nil and are a separate callee defect, not an unfulfilled caller cleanup.
54	talostrading/sonic	fa70f8c39b9eea68e782c4c7f3604fe232d4301c	resourcelifetime	multicast/peer_ipv4_test.go:459:15	resourcelifetime/missing-release	false-positive	Exact successful NewUDPPeer result is explicitly closed or deferred closed; UDPPeer.Close guards fresh p.closed then closes p.socket. Constructor-internal error leaks return nil and are a separate callee defect, not an unfulfilled caller cleanup.
54	talostrading/sonic	fa70f8c39b9eea68e782c4c7f3604fe232d4301c	resourcelifetime	multicast/peer_ipv4_test.go:517:15	resourcelifetime/missing-release	false-positive	Exact successful NewUDPPeer result is explicitly closed or deferred closed; UDPPeer.Close guards fresh p.closed then closes p.socket. Constructor-internal error leaks return nil and are a separate callee defect, not an unfulfilled caller cleanup.
54	talostrading/sonic	fa70f8c39b9eea68e782c4c7f3604fe232d4301c	resourcelifetime	multicast/peer_ipv6_test.go:26:16	resourcelifetime/missing-release	false-positive	Exact successful NewUDPPeer result is explicitly closed or deferred closed; UDPPeer.Close guards fresh p.closed then closes p.socket. Constructor-internal error leaks return nil and are a separate callee defect, not an unfulfilled caller cleanup.
54	talostrading/sonic	fa70f8c39b9eea68e782c4c7f3604fe232d4301c	resourcelifetime	multicast/peer_ipv6_test.go:41:16	resourcelifetime/missing-release	false-positive	Exact successful NewUDPPeer result is explicitly closed or deferred closed; UDPPeer.Close guards fresh p.closed then closes p.socket. Constructor-internal error leaks return nil and are a separate callee defect, not an unfulfilled caller cleanup.
54	talostrading/sonic	fa70f8c39b9eea68e782c4c7f3604fe232d4301c	resourcelifetime	multicast/peer_ipv6_test.go:56:16	resourcelifetime/missing-release	false-positive	Exact successful NewUDPPeer result is explicitly closed or deferred closed; UDPPeer.Close guards fresh p.closed then closes p.socket. Constructor-internal error leaks return nil and are a separate callee defect, not an unfulfilled caller cleanup.
54	talostrading/sonic	fa70f8c39b9eea68e782c4c7f3604fe232d4301c	resourcelifetime	multicast/peer_ipv6_test.go:71:16	resourcelifetime/missing-release	false-positive	Exact successful NewUDPPeer result is explicitly closed or deferred closed; UDPPeer.Close guards fresh p.closed then closes p.socket. Constructor-internal error leaks return nil and are a separate callee defect, not an unfulfilled caller cleanup.
54	zhenorzz/goploy	436d5e3f34718eb53e123e58d46e35857709a9dd	resourcelifetime	config/log.go:37:18	resourcelifetime/missing-release	false-positive	The file is installed as the global logrus output and retained for logging beyond SetDefault; a local Close would invalidate that owner.
55	Control-D-Inc/ctrld	37c33315591632c5f08df8062d1c77e07b3a465f	lockorder	resolver_test.go:364:2	lockorder/recursive-acquire	false-positive	runLocalPacketConnTestServer first locks startup gate then assigns waitLock.Unlock to server.NotifyStartedFunc. Started goroutine ActivateAndServe invokes callback before serve loop (pinned miekg/dns v1.1.58 server.go:497), allowing second Lock; deliberate cross-goroutine unlock, not recursive self-deadlock.
55	Control-D-Inc/ctrld	37c33315591632c5f08df8062d1c77e07b3a465f	oncepolicy	doh.go:64:24	oncepolicy/discarded-wrapper	false-positive	dohOsHeaderValue is a package variable initializer: immediately invoked OnceValue computes string exactly once during package initialization and stores result globally. Wrapper is redundant but no repeatable call-site or lost once guarantee exists.
55	Deep-ai-inc/ch.at	f888890e77f3d766c67be2544371d8c3b7a14fa5	resourcelifetime	cmd/selftest/main.go:115:15	resourcelifetime/missing-release	false-positive	Exact response/error pair is passed to checkResponse, which defers resp.Body.Close on successful HTTP operation. Client error means no live body requiring helper cleanup (redirect error body already closed).
55	Deep-ai-inc/ch.at	f888890e77f3d766c67be2544371d8c3b7a14fa5	resourcelifetime	cmd/selftest/main.go:122:14	resourcelifetime/missing-release	false-positive	Exact response/error pair is passed to checkResponse, which defers resp.Body.Close on successful HTTP operation. Client error means no live body requiring helper cleanup (redirect error body already closed).
55	Deep-ai-inc/ch.at	f888890e77f3d766c67be2544371d8c3b7a14fa5	resourcelifetime	cmd/selftest/main.go:129:14	resourcelifetime/missing-release	false-positive	Exact response/error pair is passed to checkResponse, which defers resp.Body.Close on successful HTTP operation. Client error means no live body requiring helper cleanup (redirect error body already closed).
55	HM2899/grokcli-2api	33a106d902d7627d1cdbc3359768a029112ea808	goroutineownership	internal/proxy/chat_test.go:1086:2	goroutineownership/unjoined	false-positive	Intentional finite delayed pipe producer tests return before remote close. Short mode closes pw; normal hollow timeout guard closes pumped reader, releasing writes, then worker finishes bounded sleep and Close. Test explicitly discards done because waiting would defeat return-latency assertion; no indefinitely abandoned blocking operation.
55	WireGuard/wireguard-go	ecfc5a8d54462e18e13c72173e2623d16d8e25a0	lockorder	device/device.go:239:2	lockorder/contradictory-order	false-positive	Concrete SetPrivateKey call from IpcSetOperation is serialized by exclusive ipcMutex with upLocked's peers-R to staticIdentity-R chain. Exported helper misuse by external callers is not claimed safe; reported in-repo inverse edges cannot overlap.
55	WireGuard/wireguard-go	ecfc5a8d54462e18e13c72173e2623d16d8e25a0	lockorder	device/device.go:462:2	lockorder/contradictory-order	false-positive	Concrete BindSetMark call from IpcSetOperation and inverse upLocked SendKeepalive chain both hold exclusive ipcMutex. Exported helper broader caller contract remains unproven; actual in-repo paths are serialized.
55	WireGuard/wireguard-go	ecfc5a8d54462e18e13c72173e2623d16d8e25a0	lockorder	device/peer.go:194:2	lockorder/contradictory-order	false-positive	SetPrivateKey RLocks all peers but explicitly RUnlocks the exact peer before removePeerLocked invokes its Stop/state lock, then RLocks afterward. The retained handshake read locks belong to other peers, not this target's Start/Stop state.
55	WireGuard/wireguard-go	ecfc5a8d54462e18e13c72173e2623d16d8e25a0	resourcelifetime	main.go:186:18	resourcelifetime/missing-release	false-positive	Daemonization opens /dev/null for child standard streams and passes exact descriptors through os.ProcAttr.Files to StartProcess. Success immediately releases child process handle and returns from main; errors os.Exit. Parent process exit releases originals while child retains its inherited standard descriptors; intentional process-bound handoff.
55	WireGuard/wireguard-go	ecfc5a8d54462e18e13c72173e2623d16d8e25a0	resourcelifetime	main.go:190:18	resourcelifetime/missing-release	false-positive	Daemonization opens /dev/null for child standard streams and passes exact descriptors through os.ProcAttr.Files to StartProcess. Success immediately releases child process handle and returns from main; errors os.Exit. Parent process exit releases originals while child retains its inherited standard descriptors; intentional process-bound handoff.
55	WireGuard/wireguard-go	ecfc5a8d54462e18e13c72173e2623d16d8e25a0	resourcelifetime	main.go:191:18	resourcelifetime/missing-release	false-positive	Daemonization opens /dev/null for child standard streams and passes exact descriptors through os.ProcAttr.Files to StartProcess. Success immediately releases child process handle and returns from main; errors os.Exit. Parent process exit releases originals while child retains its inherited standard descriptors; intentional process-bound handoff.
55	WireGuard/wireguard-go	ecfc5a8d54462e18e13c72173e2623d16d8e25a0	resourcelifetime	main.go:192:18	resourcelifetime/missing-release	false-positive	Daemonization opens /dev/null for child standard streams and passes exact descriptors through os.ProcAttr.Files to StartProcess. Success immediately releases child process handle and returns from main; errors os.Exit. Parent process exit releases originals while child retains its inherited standard descriptors; intentional process-bound handoff.
55	abshkbh/arrakis	877231496acbf3b3091ab33340d2d126a251c4d5	goroutineownership	cmd/vsockclient/main.go:58:2	goroutineownership/unjoined	false-positive	Parent installs defer conn.Close immediately after exact net.Dial; reader worker only blocks in bufio.ReadString over that same connection. Parent return closes it and releases worker, which then closes done; missing explicit receive is not abandonment.
55	acme-dns/acme-dns	43b0acaacef24d1058d70ed584d6b7275a8344ed	lockorder	pkg/nameserver/dns_test.go:140:2	lockorder/recursive-acquire	false-positive	Exact waitLock.Unlock bound callback is stored by SetNotifyStartedFunc into dns.Server.NotifyStartedFunc; launched server invokes it at startup. Repeated Lock waits for cross-goroutine release, which Go permits, rather than recursive acquisition with no release.
55	acme-dns/acme-dns	43b0acaacef24d1058d70ed584d6b7275a8344ed	lockorder	pkg/nameserver/initialize.go:58:3	lockorder/recursive-acquire	false-positive	Exact waitLock.Unlock bound callback is stored by SetNotifyStartedFunc into dns.Server.NotifyStartedFunc; launched server invokes it at startup. Repeated Lock waits for cross-goroutine release, which Go permits, rather than recursive acquisition with no release.
55	acme-dns/acme-dns	43b0acaacef24d1058d70ed584d6b7275a8344ed	lockorder	pkg/nameserver/initialize.go:61:3	lockorder/recursive-acquire	false-positive	Exact waitLock.Unlock bound callback is stored by SetNotifyStartedFunc into dns.Server.NotifyStartedFunc; launched server invokes it at startup. Repeated Lock waits for cross-goroutine release, which Go permits, rather than recursive acquisition with no release.
55	acme-dns/acme-dns	43b0acaacef24d1058d70ed584d6b7275a8344ed	lockorder	pkg/nameserver/initialize.go:69:3	lockorder/recursive-acquire	false-positive	Exact waitLock.Unlock bound callback is stored by SetNotifyStartedFunc into dns.Server.NotifyStartedFunc; launched server invokes it at startup. Repeated Lock waits for cross-goroutine release, which Go permits, rather than recursive acquisition with no release.
55	cep21/circuit	076289099fe63d129cfa553c0d1d8c32b3ed8516	resourcelifetime	example_test.go:40:16	resourcelifetime/missing-release	false-positive	Local httptest handler always writes 200 hello world; success Copy then Close. Copy error returns to Circuit.run, whose configured deadline context is always canceled on return, terminating exact request transport/body. Non-2xx branches do not match this handler.
55	clusternet/clusternet	bcf6d64e48a463f7eb5d42395c63641ee6735b20	concurrentcapture	pkg/controllermanager/approver/approver.go:467:5	concurrentcapture/shared-capture	false-positive	defaultClusterRoles returns exactly one role. Each phase launches one writer to local allErrs and Wait completes before the next phase or read; there are no concurrent slice writers.
55	clusternet/clusternet	bcf6d64e48a463f7eb5d42395c63641ee6735b20	concurrentcapture	pkg/controllermanager/approver/approver.go:497:5	concurrentcapture/shared-capture	false-positive	The binding phase ranges the same one-element defaultClusterRoles result after the prior phase's Wait; one worker writes allErrs and the parent reads only after Wait.
55	clusternet/clusternet	bcf6d64e48a463f7eb5d42395c63641ee6735b20	concurrentcapture	pkg/controllermanager/approver/approver.go:518:5	concurrentcapture/shared-capture	false-positive	defaultRoles returns exactly one role; this phase has one allErrs writer and waits before reading or launching the next phase.
55	clusternet/clusternet	bcf6d64e48a463f7eb5d42395c63641ee6735b20	concurrentcapture	pkg/controllermanager/approver/approver.go:551:5	concurrentcapture/shared-capture	false-positive	defaultRoles has one element and additionalRoles returns an empty slice. This binding phase therefore launches one writer after the earlier Wait, not concurrent slice writers.
55	deweizhu/bookget	2cdbf6d6c3ce70355a5c4411c0faf3450e9ae877	resourcelifetime	pkg/downloader/downloader.go:522:15	resourcelifetime/missing-release	false-positive	Missing Close concerns non-200 HEAD response from default no-timeout client; protocol returns NoBody. Subsequent fallback range GET has its own deferred Body.Close, so body-bearing response is not abandoned.
55	doitintl/kube-no-trouble	2366d92156c0cf94c31453593368077f13c183b7	resourcelifetime	pkg/printer/csv_test.go:63:18	resourcelifetime/missing-release	false-positive	Literal first good-file subtest constructs printer with exact tmpFile in options then calls Close, which delegates to commonPrinter.Close and closes non-stdout file. Later case intentionally checks already-closed error; synchronous t.Run completes before enclosing return.
55	doitintl/kube-no-trouble	2366d92156c0cf94c31453593368077f13c183b7	resourcelifetime	pkg/printer/json_test.go:75:18	resourcelifetime/missing-release	false-positive	Literal first good-file subtest constructs printer with exact tmpFile in options then calls Close, which delegates to commonPrinter.Close and closes non-stdout file. Later case intentionally checks already-closed error; synchronous t.Run completes before enclosing return.
55	doitintl/kube-no-trouble	2366d92156c0cf94c31453593368077f13c183b7	resourcelifetime	pkg/printer/printer_test.go:129:18	resourcelifetime/missing-release	false-positive	Literal first good-file subtest constructs printer with exact tmpFile in options then calls Close, which delegates to commonPrinter.Close and closes non-stdout file. Later case intentionally checks already-closed error; synchronous t.Run completes before enclosing return.
55	doitintl/kube-no-trouble	2366d92156c0cf94c31453593368077f13c183b7	resourcelifetime	pkg/printer/printer_test.go:48:18	resourcelifetime/missing-release	false-positive	First good-file subtest newCommonPrinter retains exact options containing tmpFile; deferred got.Close runs at synchronous subtest exit and closes same file. Later stdout/nil entries do not undo cleanup.
55	doitintl/kube-no-trouble	2366d92156c0cf94c31453593368077f13c183b7	resourcelifetime	pkg/printer/text_test.go:62:18	resourcelifetime/missing-release	false-positive	Literal first good-file subtest constructs printer with exact tmpFile in options then calls Close, which delegates to commonPrinter.Close and closes non-stdout file. Later case intentionally checks already-closed error; synchronous t.Run completes before enclosing return.
55	emiago/sipgo	86ec9f7c7c9c6e9befff7592c700912faac52dc5	resourcelifetime	example/proxysip/main.go:101:13	resourcelifetime/missing-release	false-positive	setupSipProxy returns server embedding exact UserAgent and callbacks retain same client/UA. Error before return can occur at address parsing before any transport connection opens; default NewUA constructors initialize pools/maps, not active I/O. Factory-local Close would invalidate returned server.
55	fastschema/fastschema	813349976c7cf4a884a995f6fcad9aace08b1541	resourcelifetime	pkg/zaplogger/zap.go:40:16	resourcelifetime/missing-release	false-positive	Opened file is retained by zapcore.AddSync writer, NewCore/NewTee, and returned ZapLogger for future logging. Local Close would break returned logger; retained logging ownership is not proof of abandoned file (Sync is not asserted to close it).
55	go-dev-frame/sponge	beef9eecdc5e2dc6b1358f130d8e9133771c277b	cancellationownership	pkg/app/app_test.go:80:12	cancellationownership/release	false-positive	The 100ms timeout is followed on every post-acquisition path by a mandatory one-second sleep after watch, so its deadline has expired before return; no remaining cancellation obligation.
55	go-dev-frame/sponge	beef9eecdc5e2dc6b1358f130d8e9133771c277b	resourcelifetime	pkg/aicli/gemini/client_test.go:53:17	resourcelifetime/missing-release	false-positive	Wrapper Close delegates to genai v0.19.0 Close, whose three cloud.google.com/go/ai v0.8.0 REST Close methods only nil httpClient, releasing no resource. Unreachable wrapper needs no such cleanup; separately allocated cache GRPC client is omitted by upstream Close, so this suggested cleanup cannot fix that upstream issue.
55	go-dev-frame/sponge	beef9eecdc5e2dc6b1358f130d8e9133771c277b	resourcelifetime	pkg/aicli/gemini/client_test.go:69:17	resourcelifetime/missing-release	false-positive	Wrapper Close delegates to genai v0.19.0 Close, whose three cloud.google.com/go/ai v0.8.0 REST Close methods only nil httpClient, releasing no resource. Unreachable wrapper needs no such cleanup; separately allocated cache GRPC client is omitted by upstream Close, so this suggested cleanup cannot fix that upstream issue.
55	google/codesearch	74a12a911a79b901d1158c48d011b2da1b090fc9	resourcelifetime	cmd/csearch/csearch.go:163:23	resourcelifetime/missing-release	false-positive	Last zip reader remains until command completion, but exact sole main caller invokes Main then immediately os.Exit based on matches. No reuse or continuing work follows helper return; OS releases final command-lifetime descriptor. HTTP csweb counterpart is a distinct repeated-lifecycle defect.
55	gopcua/opcua	2b3714ccc8425190dbff8f7b2fa8c1bcb5152c2c	lockorder	uasc/secure_channel.go:865:9	lockorder/contradictory-order	false-positive	renew holds the old channelInstance mutex before openingMu. The inverse open-to-sendAsync chain locks a freshly allocated openingInstance, not that old instance; its first send lock is released before the response publishes it as active. Type-level instance merging invents this cycle.
55	hashicorp/yamux	ccd743982369f0799070e0a8fa24211830a24685	lockorder	stream.go:441:3	lockorder/contradictory-order	false-positive	processFlags stateLock-to-session.streamLock runs only under recvLoop. Reverse order Session.Close streamLock-to-forceClose.stateLock occurs after receiving recvDoneCh, closed by recvLoop's defer, so both acquisition orders cannot overlap for same session.
55	la5nta/pat	2e6a8d14baf0268f4e2aa4d01784a54ca935cf52	processownership	internal/prehook/prehook.go:105:12	processownership/missing-wait	false-positive	After successful Start, exact cmd.Wait executes in errgroup.Go worker (with deferred cancellation), and Execute returns g.Wait. No intervening early return; opaque errgroup callback still discharges process wait.
55	lich0821/ccNexus	55887d232555f94ea4db621a5a7e65430eebf0d7	resourcelifetime	internal/transformer/tool_chain.go:121:15	resourcelifetime/missing-release	false-positive	ExecuteChain closes body on non-OK error branch and returns exact resp.Body as io.Reader on success. Underlying ReadCloser escapes to caller; interface narrowing is not proof of a local abandoned owner (no callers found).
55	life4/enc	853bf70379f698b65e4415876c014378be90e021	resourcelifetime	cmd/helpers.go:29:13	resourcelifetime/missing-release	false-positive	Open is followed by err==os.ErrNotExist and err!=nil returns; successful acquisition necessarily bypasses both and installs deferred f.Close. Raw nonnil sentinel equality creates an infeasible leak path; parsed key objects do not change cleanup.
55	minio/selfupdate	5b54254443f7ab80e750e1761590c1f029ecc42f	processownership	internal/binarydist/bzip2.go:35:11	processownership/missing-wait	false-positive	newBzip2Writer returns value owner containing exact command and stdin; bzip2Writer.Close closes stdin then Waits, and diff callers invoke Close. Constructor transfers process ownership rather than abandoning it. Close's own error handling is separate from constructor-local obligation.
55	monasticacademy/httptap	11d387dab213d9a5441c8a4fe9f3a9abdd7a2f58	processownership	experiments/gvisor-echo/echo.go:203:8	processownership/missing-wait	false-positive	Immediately after successful Start an owned goroutine calls exact cmd.Wait, then exits process with child status. Long-running network loop delegates reaping rather than abandoning command.
55	opencontainers/umoci	f5d1219acaf67127ebacf6306776d3ff465735ea	resourcelifetime	pkg/unpriv/unpriv_test.go:1008:11	resourcelifetime/missing-release	false-positive	Permission-negative test skips root and makes ancestor directory 0555 or 0600 before discarded os.Create; required EACCES means no live file on intended executable path.
55	opencontainers/umoci	f5d1219acaf67127ebacf6306776d3ff465735ea	resourcelifetime	pkg/unpriv/unpriv_test.go:948:11	resourcelifetime/missing-release	false-positive	Permission-negative test skips root and makes ancestor directory 0555 or 0600 before discarded os.Create; required EACCES means no live file on intended executable path.
55	openkruise/kruise-game	16a0418780d8abd3ee871448116bbc5dc1e98d48	resourcelifetime	test/e2e/framework/framework.go:549:17	resourcelifetime/missing-release	false-positive	Both status200 and other-status return paths call local closeResp closure, which nil-guards and closes exact resp.Body; direct captured cleanup effect is missed.
55	pion/dtls	05e47ce632b71d7af3d334fde49b65a24413bb4f	lockorder	conn_go_test.go:118:12	lockorder/contradictory-order	false-positive	Test holds client.writeLock then calls server.Read on a distinct peer connection; receiver-type merging conflates their lock identities. Moreover server handshake already completed, so HandshakeContext returns after handshakeMutex before writeLock path. Pinned replay related locations confirmed chain.
55	pion/ice	e50946b37e6f3f95cfd0ccf47578f3fc654675b8	resourcelifetime	examples/automatic-renomination/main.go:168:12	resourcelifetime/missing-release	false-positive	Paired example peer's exact remoteCandidate/remoteAuth handlers ignore ResponseWriter and return empty 200; default HTTP client has no timeout body wrapper. Successful response is NoBody, so no transport-backed body cleanup obligation in documented peer protocol.
55	pion/ice	e50946b37e6f3f95cfd0ccf47578f3fc654675b8	resourcelifetime	examples/automatic-renomination/main.go:211:11	resourcelifetime/missing-release	false-positive	Paired example peer's exact remoteCandidate/remoteAuth handlers ignore ResponseWriter and return empty 200; default HTTP client has no timeout body wrapper. Successful response is NoBody, so no transport-backed body cleanup obligation in documented peer protocol.
55	pion/ice	e50946b37e6f3f95cfd0ccf47578f3fc654675b8	resourcelifetime	examples/ping-pong/main.go:102:12	resourcelifetime/missing-release	false-positive	Paired example peer's exact remoteCandidate/remoteAuth handlers ignore ResponseWriter and return empty 200; default HTTP client has no timeout body wrapper. Successful response is NoBody, so no transport-backed body cleanup obligation in documented peer protocol.
55	quickfixgo/quickfix	2600e522adb02eeae5952e98929dce746a85c798	resourcelifetime	log/file/file_log.go:93:22	resourcelifetime/missing-release	false-positive	Successful messageFile is retained by log.New in returned fileLog.messageLogger; no intervening failure path abandons this acquired handle.
55	ribice/gorsk	ccda17ecb185ece9d791ce6042569aa97f0547d6	resourcelifetime	pkg/utl/middleware/secure/secure_test.go:47:13	resourcelifetime/missing-release	false-positive	Exact request is OPTIONS through Echo v3.3.10 CORSWithConfig; pinned dependency middleware ends preflight with c.NoContent(204). Default client has no timeout wrapper, so successful response body is NoBody.
55	snyk/driftctl	70717f651c7b951b7e061620666143978dc18068	concurrentcapture	enumeration/remote/cache/cache_test.go:147:5	concurrentcapture/shared-capture	false-positive	Every worker uses the same key with GetAndLock; LoadOrStore selects the same key mutex and deferred Unlock encloses missCount increment, serializing this counter.
55	snyk/driftctl	70717f651c7b951b7e061620666143978dc18068	goroutineownership	main.go:55:3	goroutineownership/unjoined	false-positive	The only caller evaluates run as the argument to os.Exit; error returns abandon the optional version notification only at immediate process termination, while success explicitly receives it.
55	trustmaster/goflow	bcaec740da3562ed5bf209d88b120c8e7c32a8e2	goroutineownership	dsl/parse/segment_statements_test.go:92:4	goroutineownership/unjoined	false-positive	Main waits goflow.Run component completion. First literal input places EOF last, so SegmentStatements has received every worker send before completion; second input has no EOF and component finishes only after worker closes input. Only nonblocking close/return remains, no abandoned worker operation.
55	trustmaster/goflow	bcaec740da3562ed5bf209d88b120c8e7c32a8e2	goroutineownership	dsl/parse/strip_trivia_test.go:41:2	goroutineownership/unjoined	false-positive	StripTrivia.Process ranges input until closed, forwarding into adequately buffered output. Main receives Run completion after Process returns, causally proving sender finished all sends and closed input.
55	werf/nelm	6393382d695e65d8d8f744cf590337fe62a83eef	cancellationownership	pkg/action/release_install.go:185:11	cancellationownership/release	false-positive	Exact parent WithCancelCause cancel is deferred immediately after child WithTimeoutCause creation; parent cancellation propagates to child and stops timer on every return. Discarded child cancel is covered by proven ancestor cancellation.
55	werf/nelm	6393382d695e65d8d8f744cf590337fe62a83eef	cancellationownership	pkg/action/release_plan_install.go:127:11	cancellationownership/release	false-positive	Exact parent WithCancelCause cancel is deferred immediately after child WithTimeoutCause creation; parent cancellation propagates to child and stops timer on every return. Discarded child cancel is covered by proven ancestor cancellation.
55	werf/nelm	6393382d695e65d8d8f744cf590337fe62a83eef	cancellationownership	pkg/action/release_rollback.go:102:11	cancellationownership/release	false-positive	Exact parent WithCancelCause cancel is deferred immediately after child WithTimeoutCause creation; parent cancellation propagates to child and stops timer on every return. Discarded child cancel is covered by proven ancestor cancellation.
55	zerodha/dungbeetle	12d7c8e832b2af8f78fc3525612aca1477184d7a	resourcelifetime	internal/core/core.go:477:15	resourcelifetime/missing-release	false-positive	Prepared QueryContext uses exact local context whose cancel is unconditionally deferred before query. database/sql closes rows when this context is canceled, including after rows reassignment or panic unwinding; later Close of different rows is not the cleanup proof.
