batch	repository	revision	analyzer	position	check	original-verdict	family	status	source-ledger	evidence
51	awalterschulze/goderive	e80f08252f19466b4348366b638aa8c4b20c00f1	resourcelifetime	example/plugin/mem/mem.go:14:15	resourcelifetime/missing-release	false-positive	invalid-http-url	active	resource-tightening-2026-09-22.tsv	The request URL is always localhost:8080/user/... without http:// or https://. The ordinary default HTTP transport rejects that unsupported scheme, so the function returns on its request-error branch without acquiring a response body. The example has a malformed URL, not a feasible missing-body-close path as written. Reassessment: Retain unresolved: URL is invalid under the pinned default transport, but no broad URL/name exemption was added.
51	byJoey/yx-tools	b75ed15eb7680e58c40f109f60e663cc93bca766	resourcelifetime	internal/app/export.go:60:16	resourcelifetime/missing-release	false-positive	correlated-error-or-guard	active	resource-tightening-2026-09-22.tsv	ReadCSV tries a fallback Open only when the first Open failed. A successful fallback assigns f=alt and err=nil; after the shared err check it defers f.Close, covering either successful acquisition. Failure branches have no acquired file. The error-correlated reassignment is missed. Reassessment: Retain unresolved: branch/error/flag correlation is not represented; no loop-count or whole-program feasibility expansion.
51	checkmake/checkmake	a413df2724416bbeebdc0132e589b10005840fd8	resourcelifetime	parser/scanner_test.go:15:12	resourcelifetime/missing-release	false-positive	fixture-prevents-acquisition	active	resource-tightening-2026-09-22.tsv	The negative constructor test opens fixtures/idontexist.make, absent from the pinned fixture tree, and expects an error. NewMakefileScanner returns a partial wrapper with nil FileHandle when Open fails; this expected-failure path acquires no resource to close. Reassessment: Retain unresolved: a test expectation alone is not a proof; requires exact constructor/transport or fixture-state feasibility.
51	fsouza/fake-gcs-server	3c29d20789f6475f65d2554ad6898c4afd7124bb	resourcelifetime	fakestorage/upload_test.go:1302:17	resourcelifetime/missing-release	false-positive	memory-or-empty-http-body	active	resource-tightening-2026-09-22.tsv	The test's Server.HTTPClient always uses local muxTransport, whose RoundTrip invokes the handler through httptest.NewRecorder and returns its in-memory Result. This body has no external transport/resource obligation; listener-enabled scenarios still use that same synthetic client. Reassessment: Retain unresolved: exact transport, request, handler and timeout/body-wrapper provenance are needed; HEAD, status code or method name alone cannot remove the obligation.
51	Gitlawb/zero	99721c762f37cd43ac511007a5f51d1846df959e	resourcelifetime	internal/providerhealth/proxy_dial_test.go:78:11	resourcelifetime/missing-release	false-positive	fixture-prevents-acquisition	active	resource-tightening-2026-09-22.tsv	recordingProxy accepts CONNECT, records request bytes, and closes without writing any HTTP response; client.Do necessarily fails and returns no body to close. Reassessment: Retain unresolved: a test expectation alone is not a proof; requires exact constructor/transport or fixture-state feasibility.
51	Gitlawb/zero	99721c762f37cd43ac511007a5f51d1846df959e	resourcelifetime	internal/proxydial/proxydial_test.go:207:12	resourcelifetime/missing-release	false-positive	fixture-prevents-acquisition	active	resource-tightening-2026-09-22.tsv	Transport DialContext always returns nil,errDialed after recording route; all concurrent client.Do requests necessarily fail before receiving a body. Reassessment: Retain unresolved: a test expectation alone is not a proof; requires exact constructor/transport or fixture-state feasibility.
51	Gitlawb/zero	99721c762f37cd43ac511007a5f51d1846df959e	resourcelifetime	internal/proxydial/proxydial_test.go:38:15	resourcelifetime/missing-release	false-positive	fixture-prevents-acquisition	active	resource-tightening-2026-09-22.tsv	driveRequest installs DialContext that unconditionally returns nil,errDialed; client.Do cannot acquire a response body, and test asserts that exact dial error. Reassessment: Retain unresolved: a test expectation alone is not a proof; requires exact constructor/transport or fixture-state feasibility.
51	golang/sys	01b91195d9aeaba1dab70b882a12f741f568a510	resourcelifetime	unix/syscall_unix_test.go:298:12	resourcelifetime/missing-release	false-positive	process-bounded-lifetime	active	resource-tightening-2026-09-22.tsv	Dedicated child-process helper unconditionally defers os.Exit(0) before creating this file; it sends descriptor rights to parent and intentionally ends process after the operation, so handle lifetime is bounded by immediate process exit. Reassessment: Retain unresolved: one-shot process termination and reusable helper lifetimes differ; no blanket main/test exemption.
51	matlab/matlab-mcp-server	2eb5c82e0574164fa50e0aea27be871944a5a8cd	resourcelifetime	internal/adaptors/matlabmanager/matlabservices/services/localmatlabsession/processlauncher/processlauncher.go:108:17	resourcelifetime/missing-release	false-positive	aggregate-cleanup	active	resource-tightening-2026-09-22.tsv	The stdout file is stored in local stdIO immediately. Subsequent stderr/pipe acquisition failures call stdIO.cleanup, whose nil-checked file slice closes each acquired field; success returns both stdIO and its cleanup closure. The aggregate cleanup is missed, not absent. Reassessment: Retain unresolved: cleanup through mixed fields or table collections requires exact value-to-element and invocation evidence.
51	matlab/matlab-mcp-server	2eb5c82e0574164fa50e0aea27be871944a5a8cd	resourcelifetime	internal/adaptors/matlabmanager/matlabservices/services/localmatlabsession/processlauncher/processlauncher.go:115:17	resourcelifetime/missing-release	false-positive	aggregate-cleanup	active	resource-tightening-2026-09-22.tsv	The stderr file is stored in stdIO; pipe-creation failure invokes its cleanup method and success returns the owner and cleanup callback. cleanup ranges the exact stdout/stderr/stdin fields and closes nonnil files, covering this acquisition. Reassessment: Retain unresolved: cleanup through mixed fields or table collections requires exact value-to-element and invocation evidence.
51	muety/wakapi	be6aeb483e576dadd50c8e9d404efbe4ed8df700	resourcelifetime	services/imports/wakatime_test.go:154:17	resourcelifetime/missing-release	false-positive	fixture-prevents-acquisition	active	resource-tightening-2026-09-22.tsv	TestRedirectValidation closes the successful allowed response. All wantErr cases redirect to URLs rejected by both clients' CheckRedirect via ValidateWakatimeUrl (own host, loopback or raw IP); net/http closes the prior response body on those callback errors. The missing-cleanup path conflates table expectation with feasible successful acquisition. Reassessment: Retain unresolved: a test expectation alone is not a proof; requires exact constructor/transport or fixture-state feasibility.
51	rcrowley/go-tigertonic	a26c5e8568b04ed34c7e9619aca180e5c1d54b8a	resourcelifetime	server_test.go:111:15	resourcelifetime/missing-release	false-positive	memory-or-empty-http-body	active	resource-tightening-2026-09-22.tsv	Exact local handler returns HTTP 204 NoContent and http.Get uses default client without timeout wrapper; response Body is http.NoBody with no resource to release, and test explicitly shuts down the server. Reassessment: Retain unresolved: exact transport, request, handler and timeout/body-wrapper provenance are needed; HEAD, status code or method name alone cannot remove the obligation.
51	rcrowley/go-tigertonic	a26c5e8568b04ed34c7e9619aca180e5c1d54b8a	resourcelifetime	server_test.go:114:15	resourcelifetime/missing-release	false-positive	memory-or-empty-http-body	active	resource-tightening-2026-09-22.tsv	Exact local handler returns HTTP 204 NoContent and http.Get uses default client without timeout wrapper; response Body is http.NoBody with no resource to release, and test explicitly shuts down the server. Reassessment: Retain unresolved: exact transport, request, handler and timeout/body-wrapper provenance are needed; HEAD, status code or method name alone cannot remove the obligation.
51	rcrowley/go-tigertonic	a26c5e8568b04ed34c7e9619aca180e5c1d54b8a	resourcelifetime	server_test.go:80:15	resourcelifetime/missing-release	false-positive	memory-or-empty-http-body	active	resource-tightening-2026-09-22.tsv	Exact local handler returns HTTP 204 NoContent and http.Get uses default client without timeout wrapper; response Body is http.NoBody with no resource to release, and test explicitly shuts down the server. Reassessment: Retain unresolved: exact transport, request, handler and timeout/body-wrapper provenance are needed; HEAD, status code or method name alone cannot remove the obligation.
51	regclient/regclient	43d2acb9fafd411acbe081bf6c4b6b82cadc6251	resourcelifetime	scheme/ocidir/blob.go:54:13	resourcelifetime/missing-release	false-positive	returned-or-retained-owner	active	resource-tightening-2026-09-22.tsv	BlobGet transfers fd through blob.WithReader into returned BReader; BReader.Close in types/blob/reader.go:100-109 calls Close on original reader. Stat error already closes fd. Reassessment: Retain unresolved unless replay establishes absence: returned views and lifecycle-owning wrappers must remain distinct; ownership cannot be guessed from names.
51	rusq/slackdump	f7319928b0993b23d7e9bd8af5e4c69b6f1d2af4	resourcelifetime	internal/chunk/filemgr_test.go:163:16	resourcelifetime/missing-release	false-positive	fixture-prevents-acquisition	active	resource-tightening-2026-09-22.tsv	Table test defers got.Close whenever Open succeeds as expected; the sole wantErr entry refers to notfound.gz inside a fresh TempDir where only hello.gz/world.gz were created. The reported mismatch-return leak requires a successful acquisition for that deliberately missing file. Reassessment: Retain unresolved: a test expectation alone is not a proof; requires exact constructor/transport or fixture-state feasibility.
51	rusq/slackdump	f7319928b0993b23d7e9bd8af5e4c69b6f1d2af4	resourcelifetime	internal/chunk/filemgr_test.go:300:16	resourcelifetime/missing-release	false-positive	receiver-manager-ownership	active	resource-tightening-2026-09-22.tsv	filemgr.Open retains the exact handle in dp.handles; the test intentionally discards the wrapper then calls dp.Destroy, which closes every retained handle. Ownership stays with the manager rather than leaking at the ignored result. Reassessment: Retain unresolved: constructor-returned value may also be manager-owned; needs a positive retained-result relation rather than per-object caller cleanup.
51	rusq/slackdump	f7319928b0993b23d7e9bd8af5e4c69b6f1d2af4	resourcelifetime	internal/chunk/filemgr_test.go:304:16	resourcelifetime/missing-release	false-positive	receiver-manager-ownership	active	resource-tightening-2026-09-22.tsv	The second Open handle is also stored in dp.handles and closed by the following dp.Destroy loop. The test verifies centralized cleanup rather than caller Close on each returned wrapper. Reassessment: Retain unresolved: constructor-returned value may also be manager-owned; needs a positive retained-result relation rather than per-object caller cleanup.
51	rusq/slackdump	f7319928b0993b23d7e9bd8af5e4c69b6f1d2af4	resourcelifetime	internal/chunk/filemgr_test.go:346:16	resourcelifetime/missing-release	false-positive	receiver-manager-ownership	active	resource-tightening-2026-09-22.tsv	Open stores the real handle under hash(name). The injected failing closer uses a different key hello; Destroy continues after its error and still closes the real retained handle, then returns an aggregate error as expected. Reassessment: Retain unresolved: constructor-returned value may also be manager-owned; needs a positive retained-result relation rather than per-object caller cleanup.
51	tractordev/wanix	6594fe3763eb8712e81914f78b79243bb403f5cc	resourcelifetime	rc/gzip/pkggzip/file.go:121:15	resourcelifetime/missing-release	false-positive	correlated-error-or-guard	active	resource-tightening-2026-09-22.tsv	Output file is created only when Test and Stdout are false; unchanged Stdout therefore makes both compression-error branches call o.Close and success return o.Close. The stdout-only return cannot follow this acquisition. Reassessment: Retain unresolved: branch/error/flag correlation is not represented; no loop-count or whole-program feasibility expansion.
51	zema1/suo5	6904c18e276c2dc36250838d68135a5893c4f66b	resourcelifetime	suo5/client.go:249:15	resourcelifetime/missing-release	false-positive	correlated-error-or-guard	active	resource-tightening-2026-09-22.tsv	Reported normalClient.Do is in else branch excluding AutoDuplex and FullDuplex; the only later bypass of deferred Body.Close is RetryApache guarded Mode==AutoDuplex, impossible for this response without an intervening mode change. Other paths defer Close. Reassessment: Retain unresolved: branch/error/flag correlation is not represented; no loop-count or whole-program feasibility expansion.
52	AdguardTeam/AdGuardDNS	2fd833d59bfccc2dd4941e1b687b7014842f3529	resourcelifetime	internal/filter/internal/refreshable/file.go:26:15	resourcelifetime/missing-release	false-positive	correlated-error-or-guard	active	resource-tightening-2026-09-22.tsv	DataFromFile returns before defer only on errors.Is(err,os.ErrNotExist) or err!=nil; successful os.Open always installs deferred file.Close inside errors.WithDeferred. golibs/errors.Is delegates standard errors.Is, so no successful resource exists on the early missing-file return. Partial scan, source finding reviewed. Reassessment: Retain unresolved: branch/error/flag correlation is not represented; no loop-count or whole-program feasibility expansion.
52	alexellis/arkade	0a0a800fd7554d4eddb1856f9ef8a21214e95bab	resourcelifetime	pkg/get/get.go:244:14	resourcelifetime/missing-release	false-positive	memory-or-empty-http-body	active	resource-tightening-2026-09-22.tsv	Exact HEAD request through unmodified http.DefaultClient/default transport has no response body payload; standard transport supplies NoBody. io.ReadAll completes, and omitted Close on this no-op body leaks no resource. Reassessment: Retain unresolved: exact transport, request, handler and timeout/body-wrapper provenance are needed; HEAD, status code or method name alone cannot remove the obligation.
52	andydunstall/piko	dd4356dfd307006380794952e4a8ccf9edcfa404	resourcelifetime	server/admin/server_test.go:354:13	resourcelifetime/missing-release	false-positive	fixture-prevents-acquisition	active	resource-tightening-2026-09-22.tsv	Bad-CA subtest connects to generated local TLS certificate using default trust and explicitly expects certificate verification failure. HTTP handshake yields no response body resource; successful trusted and plaintext-neighbor responses are closed. Reassessment: Retain unresolved: a test expectation alone is not a proof; requires exact constructor/transport or fixture-state feasibility.
52	ClickHouse/clickhouse-go	c37b81ff305c5fe8ab8511fb009504aec46957e0	resourcelifetime	benchmark/v2/read/main.go:13:15	resourcelifetime/missing-release	false-positive	process-bounded-lifetime	active	resource-tightening-2026-09-22.tsv	Sole main caller immediately log.Fatal exits process on helper error; successful reads exhaust rows and successful write commits transaction. Missing cleanup occurs only on fatal process termination, not reusable normal-return lifecycle. Reassessment: Retain unresolved: one-shot process termination and reusable helper lifetimes differ; no blanket main/test exemption.
52	ClickHouse/clickhouse-go	c37b81ff305c5fe8ab8511fb009504aec46957e0	resourcelifetime	benchmark/v2/read/main.go:39:15	resourcelifetime/missing-release	false-positive	process-bounded-lifetime	active	resource-tightening-2026-09-22.tsv	Sole main caller immediately log.Fatal exits process on helper error; successful reads exhaust rows and successful write commits transaction. Missing cleanup occurs only on fatal process termination, not reusable normal-return lifecycle. Reassessment: Retain unresolved: one-shot process termination and reusable helper lifetimes differ; no blanket main/test exemption.
52	ClickHouse/clickhouse-go	c37b81ff305c5fe8ab8511fb009504aec46957e0	resourcelifetime	benchmark/v2/write/main.go:22:16	resourcelifetime/missing-release	false-positive	process-bounded-lifetime	active	resource-tightening-2026-09-22.tsv	Sole main caller immediately log.Fatal exits process on helper error; successful reads exhaust rows and successful write commits transaction. Missing cleanup occurs only on fatal process termination, not reusable normal-return lifecycle. Reassessment: Retain unresolved: one-shot process termination and reusable helper lifetimes differ; no blanket main/test exemption.
52	container2wasm/container2wasm	ecb4caa499f19f1d5cfcddd43b80aa78f98e5102	resourcelifetime	cmd/init/main.go:260:13	resourcelifetime/missing-release	false-positive	process-bounded-lifetime	active	resource-tightening-2026-09-22.tsv	doInit explicitly closes spec file after successful decode; decode error returns directly to sole main caller33 which panics, terminating init process rather than continuing with leaked live handle. Reassessment: Retain unresolved: one-shot process termination and reusable helper lifetimes differ; no blanket main/test exemption.
52	container2wasm/container2wasm	ecb4caa499f19f1d5cfcddd43b80aa78f98e5102	resourcelifetime	cmd/init/main.go:268:12	resourcelifetime/missing-release	false-positive	process-bounded-lifetime	active	resource-tightening-2026-09-22.tsv	doInit explicitly closes image-config file after successful decode; decoder error immediately propagates to main panic35, so no normal continued lifecycle abandons handle. Reassessment: Retain unresolved: one-shot process termination and reusable helper lifetimes differ; no blanket main/test exemption.
52	fortio/fortio	5c19725ff61c9f7ad944b91ec32d96a399341d87	resourcelifetime	cli/fortio_main.go:506:13	resourcelifetime/missing-release	false-positive	correlated-error-or-guard	active	resource-tightening-2026-09-22.tsv	Created file differs from os.Stdout and is explicitly closed under f!=os.Stdout; write-error path calls fortio log.Fatalf, which panics or exits, and command path does not recover. No normally returning acquired-file path skips Close. Reassessment: Retain unresolved: branch/error/flag correlation is not represented; no loop-count or whole-program feasibility expansion.
52	fortio/fortio	5c19725ff61c9f7ad944b91ec32d96a399341d87	resourcelifetime	fhttp/httprunner.go:202:13	resourcelifetime/missing-release	false-positive	correlated-error-or-guard	active	resource-tightening-2026-09-22.tsv	CPU profile file creation and fc.Close use identical o.Profiler nonempty guard; option is unchanged during run and no normal return intervenes. StartCPUProfile error logs then still reaches Close. Reassessment: Retain unresolved: branch/error/flag correlation is not represented; no loop-count or whole-program feasibility expansion.
52	getkin/kin-openapi	e7ecca9a44a420e0687072d30916fcd6a6bfba07	resourcelifetime	openapi3filter/issue743_test.go:203:15	resourcelifetime/missing-release	false-positive	memory-or-empty-http-body	active	resource-tightening-2026-09-22.tsv	Local test handler explicitly writes204 NoContent, no body, and default client has no Timeout wrapper. Request body validation does not create a response cleanup resource. Reassessment: Retain unresolved: exact transport, request, handler and timeout/body-wrapper provenance are needed; HEAD, status code or method name alone cannot remove the obligation.
52	ivaaaan/smug	8320fb4c24d10c6303d2d1254f7eee201a4e6b9f	resourcelifetime	main.go:65:18	resourcelifetime/missing-release	false-positive	retained-logging-output	active	resource-tightening-2026-09-22.tsv	newLogger returns log.New(logFile), whose standard-library constructor stores the file as output via SetOutput. Closing in this constructor would break the returned logger; ownership remains reachable through Logger.Writer. Reassessment: Bounded uncertainty requires one possibly retaining wrapper around an aggregate positively containing the resource, then retention by a consumer. Arbitrary data dependence and longer handler/logger chains remain unresolved; discarded wrappers remain diagnostic.
52	minio/minio-go	32e1f32cb176a611dbed3b37c15fda8c2d9ccf36	resourcelifetime	api-putobject-snowball.go:123:13	resourcelifetime/missing-release	false-positive	retained-callback-cleanup	active	resource-tightening-2026-09-22.tsv	defer once.Do closes exact temp file unless getter's prior once.Do already closed it; both once callbacks perform same f.Close. Reassessment: Retain unresolved unless replay establishes absence: callback registration/once/stack invocation is not unconditional cleanup by itself.
52	mutagen-io/mutagen	6ccfeaaf4dfd261e59ef9aac56e3c157b62e605b	resourcelifetime	tools/scan_bench/main.go:144:16	resourcelifetime/missing-release	false-positive	correlated-error-or-guard	active	resource-tightening-2026-09-22.tsv	Acquisition and matching profiler.Finalize are guarded by the same unchanged enableProfile flag. Finalize stops CPU profiling and closes its owned file; intervening error paths call cmd.Fatal, which directly os.Exit(1), not a returning resource leak. Reassessment: Retain unresolved: branch/error/flag correlation is not represented; no loop-count or whole-program feasibility expansion.
52	mutagen-io/mutagen	6ccfeaaf4dfd261e59ef9aac56e3c157b62e605b	resourcelifetime	tools/scan_bench/main.go:181:22	resourcelifetime/missing-release	false-positive	correlated-error-or-guard	active	resource-tightening-2026-09-22.tsv	Acquisition and matching profiler.Finalize are guarded by the same unchanged enableProfile flag. Finalize stops CPU profiling and closes its owned file; intervening error paths call cmd.Fatal, which directly os.Exit(1), not a returning resource leak. Reassessment: Retain unresolved: branch/error/flag correlation is not represented; no loop-count or whole-program feasibility expansion.
52	mutagen-io/mutagen	6ccfeaaf4dfd261e59ef9aac56e3c157b62e605b	resourcelifetime	tools/scan_bench/main.go:224:22	resourcelifetime/missing-release	false-positive	correlated-error-or-guard	active	resource-tightening-2026-09-22.tsv	Acquisition and matching profiler.Finalize are guarded by the same unchanged enableProfile flag. Finalize stops CPU profiling and closes its owned file; intervening error paths call cmd.Fatal, which directly os.Exit(1), not a returning resource leak. Reassessment: Retain unresolved: branch/error/flag correlation is not represented; no loop-count or whole-program feasibility expansion.
52	mutagen-io/mutagen	6ccfeaaf4dfd261e59ef9aac56e3c157b62e605b	resourcelifetime	tools/scan_bench/main.go:265:22	resourcelifetime/missing-release	false-positive	correlated-error-or-guard	active	resource-tightening-2026-09-22.tsv	Acquisition and matching profiler.Finalize are guarded by the same unchanged enableProfile flag. Finalize stops CPU profiling and closes its owned file; intervening error paths call cmd.Fatal, which directly os.Exit(1), not a returning resource leak. Reassessment: Retain unresolved: branch/error/flag correlation is not represented; no loop-count or whole-program feasibility expansion.
52	mutagen-io/mutagen	6ccfeaaf4dfd261e59ef9aac56e3c157b62e605b	resourcelifetime	tools/scan_bench/main.go:304:22	resourcelifetime/missing-release	false-positive	correlated-error-or-guard	active	resource-tightening-2026-09-22.tsv	Acquisition and matching profiler.Finalize are guarded by the same unchanged enableProfile flag. Finalize stops CPU profiling and closes its owned file; intervening error paths call cmd.Fatal, which directly os.Exit(1), not a returning resource leak. Reassessment: Retain unresolved: branch/error/flag correlation is not represented; no loop-count or whole-program feasibility expansion.
52	mutagen-io/mutagen	6ccfeaaf4dfd261e59ef9aac56e3c157b62e605b	resourcelifetime	tools/scan_bench/main.go:380:22	resourcelifetime/missing-release	false-positive	correlated-error-or-guard	active	resource-tightening-2026-09-22.tsv	Acquisition and matching profiler.Finalize are guarded by the same unchanged enableProfile flag. Finalize stops CPU profiling and closes its owned file; intervening error paths call cmd.Fatal, which directly os.Exit(1), not a returning resource leak. Reassessment: Retain unresolved: branch/error/flag correlation is not represented; no loop-count or whole-program feasibility expansion.
52	mutagen-io/mutagen	6ccfeaaf4dfd261e59ef9aac56e3c157b62e605b	resourcelifetime	tools/scan_bench/main.go:401:22	resourcelifetime/missing-release	false-positive	correlated-error-or-guard	active	resource-tightening-2026-09-22.tsv	Acquisition and matching profiler.Finalize are guarded by the same unchanged enableProfile flag. Finalize stops CPU profiling and closes its owned file; intervening error paths call cmd.Fatal, which directly os.Exit(1), not a returning resource leak. Reassessment: Retain unresolved: branch/error/flag correlation is not represented; no loop-count or whole-program feasibility expansion.
52	mutagen-io/mutagen	6ccfeaaf4dfd261e59ef9aac56e3c157b62e605b	resourcelifetime	tools/scan_bench/main.go:464:22	resourcelifetime/missing-release	false-positive	correlated-error-or-guard	active	resource-tightening-2026-09-22.tsv	Acquisition and matching profiler.Finalize are guarded by the same unchanged enableProfile flag. Finalize stops CPU profiling and closes its owned file; intervening error paths call cmd.Fatal, which directly os.Exit(1), not a returning resource leak. Reassessment: Retain unresolved: branch/error/flag correlation is not represented; no loop-count or whole-program feasibility expansion.
52	mutagen-io/mutagen	6ccfeaaf4dfd261e59ef9aac56e3c157b62e605b	resourcelifetime	tools/scan_bench/main.go:484:22	resourcelifetime/missing-release	false-positive	correlated-error-or-guard	active	resource-tightening-2026-09-22.tsv	Acquisition and matching profiler.Finalize are guarded by the same unchanged enableProfile flag. Finalize stops CPU profiling and closes its owned file; intervening error paths call cmd.Fatal, which directly os.Exit(1), not a returning resource leak. Reassessment: Retain unresolved: branch/error/flag correlation is not represented; no loop-count or whole-program feasibility expansion.
52	onedr0p/exportarr	52bb6eb3b80d2a1bf5f6532567ca7f7da50bdc95	resourcelifetime	internal/arr/client/auth_test.go:109:11	resourcelifetime/missing-release	false-positive	memory-or-empty-http-body	active	resource-tightening-2026-09-22.tsv	FormAuth closes actual login response in auth.go; outer transport returns synthetic nil-Body response, which net/http replaces with empty NopCloser. No owned resource is abandoned at this call. Reassessment: Retain unresolved: exact transport, request, handler and timeout/body-wrapper provenance are needed; HEAD, status code or method name alone cannot remove the obligation.
52	onedr0p/exportarr	52bb6eb3b80d2a1bf5f6532567ca7f7da50bdc95	resourcelifetime	internal/arr/client/auth_test.go:136:12	resourcelifetime/missing-release	false-positive	fixture-prevents-acquisition	active	resource-tightening-2026-09-22.tsv	Server redirects with loginFailed=true; FormAuth CheckRedirect returns error and net/http closes login response before returning. Outer authentication fails, so no successful response exists; fallback fake response would also have nil Body. Reassessment: Retain unresolved: a test expectation alone is not a proof; requires exact constructor/transport or fixture-state feasibility.
52	onedr0p/exportarr	52bb6eb3b80d2a1bf5f6532567ca7f7da50bdc95	resourcelifetime	internal/arr/client/auth_test.go:177:13	resourcelifetime/missing-release	false-positive	fixture-prevents-acquisition	active	resource-tightening-2026-09-22.tsv	Both table cases force failure: synthetic nil-Body 500 response is drained and rejected by ExportarrTransport, or transport returns nil,http.ErrNotSupported. No successful response resource exists. Reassessment: Retain unresolved: a test expectation alone is not a proof; requires exact constructor/transport or fixture-state feasibility.
52	onedr0p/exportarr	52bb6eb3b80d2a1bf5f6532567ca7f7da50bdc95	resourcelifetime	internal/arr/client/auth_test.go:202:13	resourcelifetime/missing-release	false-positive	memory-or-empty-http-body	active	resource-tightening-2026-09-22.tsv	Every table response is synthetic with nil Body; non-2XX responses rejected/drained by ExportarrTransport and successful bodies are empty NopClosers supplied by net/http. No real resource leaks. Reassessment: Retain unresolved: exact transport, request, handler and timeout/body-wrapper provenance are needed; HEAD, status code or method name alone cannot remove the obligation.
52	onedr0p/exportarr	52bb6eb3b80d2a1bf5f6532567ca7f7da50bdc95	resourcelifetime	internal/arr/client/auth_test.go:58:13	resourcelifetime/missing-release	false-positive	memory-or-empty-http-body	active	resource-tightening-2026-09-22.tsv	Test transport returns synthetic http.Response with nil Body and no resource. net/http fills nil successful body with an empty NopCloser; discarding this fixture response leaks no resource. Reassessment: Retain unresolved: exact transport, request, handler and timeout/body-wrapper provenance are needed; HEAD, status code or method name alone cannot remove the obligation.
52	openpcc/openpcc	911390a80afcbe6dfb48987a641ab345494b1eca	resourcelifetime	client_test.go:948:12	resourcelifetime/missing-release	false-positive	fixture-prevents-acquisition	active	resource-tightening-2026-09-22.tsv	Network-failure subtest injects errTransport returning assert.AnError and expects that exact failure. No successful response resource is created; request-body closed and payment canceled are separately verified. Reassessment: Retain unresolved: a test expectation alone is not a proof; requires exact constructor/transport or fixture-state feasibility.
52	rfjakob/gocryptfs	842af4463989ee6808d397433e9aba8517e49c89	resourcelifetime	tests/cli/cli_test.go:380:11	resourcelifetime/missing-release	false-positive	fixture-prevents-acquisition	active	resource-tightening-2026-09-22.tsv	Test mounts the filesystem read-only before this deliberate os.Create failure probe; the read-only mount prevents successful descriptor acquisition. Reassessment: Retain unresolved: a test expectation alone is not a proof; requires exact constructor/transport or fixture-state feasibility.
52	shijuvar/gokit	4b5abbb8d4e6497a1eef211cb823c18b7977dde4	resourcelifetime	examples/bookmark-api/apputil/logger.go:60:12	resourcelifetime/missing-release	false-positive	retained-logging-output	active	resource-tightening-2026-09-22.tsv	SetLogLevel enabled branches pass file through initLog into global log.New output owners; disabled branch explicitly closes it. Current file is retained for ongoing logging. Reassessment: Bounded uncertainty requires one possibly retaining wrapper around an aggregate positively containing the resource, then retention by a consumer. Arbitrary data dependence and longer handler/logger chains remain unresolved; discarded wrappers remain diagnostic.
52	shijuvar/gokit	4b5abbb8d4e6497a1eef211cb823c18b7977dde4	resourcelifetime	log/log.go:59:12	resourcelifetime/missing-release	false-positive	retained-logging-output	active	resource-tightening-2026-09-22.tsv	SetLogLevel transfers current file through initLog to global logger outputs in enabled cases and closes it in default case; no abandoned local descriptor. Reassessment: Bounded uncertainty requires one possibly retaining wrapper around an aggregate positively containing the resource, then retention by a consumer. Arbitrary data dependence and longer handler/logger chains remain unresolved; discarded wrappers remain diagnostic.
52	SignTools/SignTools	243154c0de9e8036bcd667c3264dafac3d8b0b42	resourcelifetime	main_test.go:245:14	resourcelifetime/missing-release	false-positive	memory-or-empty-http-body	active	resource-tightening-2026-09-22.tsv	Second takeJob GET occurs after consuming sole queued job; TakeLastJob returns ErrNotFound before writing, and getLastJob main.go436 emits NoContent404. Default HTTP client has no Timeout wrapper and empty response has no live body cleanup. Reassessment: Retain unresolved: exact transport, request, handler and timeout/body-wrapper provenance are needed; HEAD, status code or method name alone cannot remove the obligation.
52	testcontainers/testcontainers-go	096293a2dfd3067dae1c4921ad1f5e45e879dc91	resourcelifetime	logconsumer_test.go:102:11	resourcelifetime/missing-release	false-positive	memory-or-empty-http-body	active	resource-tightening-2026-09-22.tsv	Request hits testdata/echoserver.go echoHandler, which logs echo to stdout/stderr and only WriteHeader202, no response body. Default http.Get has no timeout wrapper; canonical empty response has no live body resource. Reassessment: Retain unresolved: exact transport, request, handler and timeout/body-wrapper provenance are needed; HEAD, status code or method name alone cannot remove the obligation.
52	testcontainers/testcontainers-go	096293a2dfd3067dae1c4921ad1f5e45e879dc91	resourcelifetime	logconsumer_test.go:105:11	resourcelifetime/missing-release	false-positive	memory-or-empty-http-body	active	resource-tightening-2026-09-22.tsv	Request hits testdata/echoserver.go echoHandler, which logs echo to stdout/stderr and only WriteHeader202, no response body. Default http.Get has no timeout wrapper; canonical empty response has no live body resource. Reassessment: Retain unresolved: exact transport, request, handler and timeout/body-wrapper provenance are needed; HEAD, status code or method name alone cannot remove the obligation.
52	testcontainers/testcontainers-go	096293a2dfd3067dae1c4921ad1f5e45e879dc91	resourcelifetime	logconsumer_test.go:158:11	resourcelifetime/missing-release	false-positive	memory-or-empty-http-body	active	resource-tightening-2026-09-22.tsv	Request hits testdata/echoserver.go echoHandler, which logs echo to stdout/stderr and only WriteHeader202, no response body. Default http.Get has no timeout wrapper; canonical empty response has no live body resource. Reassessment: Retain unresolved: exact transport, request, handler and timeout/body-wrapper provenance are needed; HEAD, status code or method name alone cannot remove the obligation.
52	testcontainers/testcontainers-go	096293a2dfd3067dae1c4921ad1f5e45e879dc91	resourcelifetime	logconsumer_test.go:161:11	resourcelifetime/missing-release	false-positive	memory-or-empty-http-body	active	resource-tightening-2026-09-22.tsv	Request hits testdata/echoserver.go echoHandler, which logs echo to stdout/stderr and only WriteHeader202, no response body. Default http.Get has no timeout wrapper; canonical empty response has no live body resource. Reassessment: Retain unresolved: exact transport, request, handler and timeout/body-wrapper provenance are needed; HEAD, status code or method name alone cannot remove the obligation.
52	testcontainers/testcontainers-go	096293a2dfd3067dae1c4921ad1f5e45e879dc91	resourcelifetime	logconsumer_test.go:164:11	resourcelifetime/missing-release	false-positive	memory-or-empty-http-body	active	resource-tightening-2026-09-22.tsv	Request hits testdata/echoserver.go echoHandler, which logs echo to stdout/stderr and only WriteHeader202, no response body. Default http.Get has no timeout wrapper; canonical empty response has no live body resource. Reassessment: Retain unresolved: exact transport, request, handler and timeout/body-wrapper provenance are needed; HEAD, status code or method name alone cannot remove the obligation.
52	testcontainers/testcontainers-go	096293a2dfd3067dae1c4921ad1f5e45e879dc91	resourcelifetime	logconsumer_test.go:208:11	resourcelifetime/missing-release	false-positive	memory-or-empty-http-body	active	resource-tightening-2026-09-22.tsv	Request hits testdata/echoserver.go echoHandler, which logs echo to stdout/stderr and only WriteHeader202, no response body. Default http.Get has no timeout wrapper; canonical empty response has no live body resource. Reassessment: Retain unresolved: exact transport, request, handler and timeout/body-wrapper provenance are needed; HEAD, status code or method name alone cannot remove the obligation.
52	testcontainers/testcontainers-go	096293a2dfd3067dae1c4921ad1f5e45e879dc91	resourcelifetime	logconsumer_test.go:211:11	resourcelifetime/missing-release	false-positive	memory-or-empty-http-body	active	resource-tightening-2026-09-22.tsv	Request hits testdata/echoserver.go echoHandler, which logs echo to stdout/stderr and only WriteHeader202, no response body. Default http.Get has no timeout wrapper; canonical empty response has no live body resource. Reassessment: Retain unresolved: exact transport, request, handler and timeout/body-wrapper provenance are needed; HEAD, status code or method name alone cannot remove the obligation.
52	testcontainers/testcontainers-go	096293a2dfd3067dae1c4921ad1f5e45e879dc91	resourcelifetime	logconsumer_test.go:416:11	resourcelifetime/missing-release	false-positive	memory-or-empty-http-body	active	resource-tightening-2026-09-22.tsv	Request hits testdata/echoserver.go echoHandler, which logs echo to stdout/stderr and only WriteHeader202, no response body. Default http.Get has no timeout wrapper; canonical empty response has no live body resource. Reassessment: Retain unresolved: exact transport, request, handler and timeout/body-wrapper provenance are needed; HEAD, status code or method name alone cannot remove the obligation.
52	testcontainers/testcontainers-go	096293a2dfd3067dae1c4921ad1f5e45e879dc91	resourcelifetime	logconsumer_test.go:419:11	resourcelifetime/missing-release	false-positive	memory-or-empty-http-body	active	resource-tightening-2026-09-22.tsv	Request hits testdata/echoserver.go echoHandler, which logs echo to stdout/stderr and only WriteHeader202, no response body. Default http.Get has no timeout wrapper; canonical empty response has no live body resource. Reassessment: Retain unresolved: exact transport, request, handler and timeout/body-wrapper provenance are needed; HEAD, status code or method name alone cannot remove the obligation.
52	testcontainers/testcontainers-go	096293a2dfd3067dae1c4921ad1f5e45e879dc91	resourcelifetime	logconsumer_test.go:422:11	resourcelifetime/missing-release	false-positive	memory-or-empty-http-body	active	resource-tightening-2026-09-22.tsv	Request hits testdata/echoserver.go echoHandler, which logs echo to stdout/stderr and only WriteHeader202, no response body. Default http.Get has no timeout wrapper; canonical empty response has no live body resource. Reassessment: Retain unresolved: exact transport, request, handler and timeout/body-wrapper provenance are needed; HEAD, status code or method name alone cannot remove the obligation.
52	testcontainers/testcontainers-go	096293a2dfd3067dae1c4921ad1f5e45e879dc91	resourcelifetime	logconsumer_test.go:558:11	resourcelifetime/missing-release	false-positive	memory-or-empty-http-body	active	resource-tightening-2026-09-22.tsv	Request hits testdata/echoserver.go echoHandler, which logs echo to stdout/stderr and only WriteHeader202, no response body. Default http.Get has no timeout wrapper; canonical empty response has no live body resource. Reassessment: Retain unresolved: exact transport, request, handler and timeout/body-wrapper provenance are needed; HEAD, status code or method name alone cannot remove the obligation.
52	testcontainers/testcontainers-go	096293a2dfd3067dae1c4921ad1f5e45e879dc91	resourcelifetime	logconsumer_test.go:561:11	resourcelifetime/missing-release	false-positive	memory-or-empty-http-body	active	resource-tightening-2026-09-22.tsv	Request hits testdata/echoserver.go echoHandler, which logs echo to stdout/stderr and only WriteHeader202, no response body. Default http.Get has no timeout wrapper; canonical empty response has no live body resource. Reassessment: Retain unresolved: exact transport, request, handler and timeout/body-wrapper provenance are needed; HEAD, status code or method name alone cannot remove the obligation.
52	testcontainers/testcontainers-go	096293a2dfd3067dae1c4921ad1f5e45e879dc91	resourcelifetime	logconsumer_test.go:589:11	resourcelifetime/missing-release	false-positive	memory-or-empty-http-body	active	resource-tightening-2026-09-22.tsv	Request hits testdata/echoserver.go echoHandler, which logs echo to stdout/stderr and only WriteHeader202, no response body. Default http.Get has no timeout wrapper; canonical empty response has no live body resource. Reassessment: Retain unresolved: exact transport, request, handler and timeout/body-wrapper provenance are needed; HEAD, status code or method name alone cannot remove the obligation.
52	testcontainers/testcontainers-go	096293a2dfd3067dae1c4921ad1f5e45e879dc91	resourcelifetime	logconsumer_test.go:592:11	resourcelifetime/missing-release	false-positive	memory-or-empty-http-body	active	resource-tightening-2026-09-22.tsv	Request hits testdata/echoserver.go echoHandler, which logs echo to stdout/stderr and only WriteHeader202, no response body. Default http.Get has no timeout wrapper; canonical empty response has no live body resource. Reassessment: Retain unresolved: exact transport, request, handler and timeout/body-wrapper provenance are needed; HEAD, status code or method name alone cannot remove the obligation.
52	testcontainers/testcontainers-go	096293a2dfd3067dae1c4921ad1f5e45e879dc91	resourcelifetime	logconsumer_test.go:99:11	resourcelifetime/missing-release	false-positive	memory-or-empty-http-body	active	resource-tightening-2026-09-22.tsv	Request hits testdata/echoserver.go echoHandler, which logs echo to stdout/stderr and only WriteHeader202, no response body. Default http.Get has no timeout wrapper; canonical empty response has no live body resource. Reassessment: Retain unresolved: exact transport, request, handler and timeout/body-wrapper provenance are needed; HEAD, status code or method name alone cannot remove the obligation.
52	tus/tusd	c9d174d0e20c69f24e9785d2f639df4da1c4fdc5	resourcelifetime	internal/e2e/e2e_test.go:316:11	resourcelifetime/missing-release	false-positive	fixture-prevents-acquisition	active	resource-tightening-2026-09-22.tsv	TestUnexpectedNetworkClose configures upstream limit_data toxic to terminate a 50KB upload after 10KB, deliberately expecting EOF/reset rather than a successful response. Subsequent HEAD response is deferred closed; missing response at forced network-failure call is not an acquired resource. Reassessment: Retain unresolved: a test expectation alone is not a proof; requires exact constructor/transport or fixture-state feasibility.
52	vmware/govmomi	f621178aa667761021673d64430b751e8352823c	resourcelifetime	simulator/simulator_test.go:455:14	resourcelifetime/missing-release	false-positive	memory-or-empty-http-body	active	resource-tightening-2026-09-22.tsv	Exact fixture ServeSDK path writes only405 for GET or400 for injected readAll error; no body is written, and default client has no timeout wrapper. Reassessment: Retain unresolved: exact transport, request, handler and timeout/body-wrapper provenance are needed; HEAD, status code or method name alone cannot remove the obligation.
52	vmware/govmomi	f621178aa667761021673d64430b751e8352823c	resourcelifetime	simulator/simulator_test.go:468:13	resourcelifetime/missing-release	false-positive	memory-or-empty-http-body	active	resource-tightening-2026-09-22.tsv	Exact fixture ServeSDK path writes only405 for GET or400 for injected readAll error; no body is written, and default client has no timeout wrapper. Reassessment: Retain unresolved: exact transport, request, handler and timeout/body-wrapper provenance are needed; HEAD, status code or method name alone cannot remove the obligation.
52	vmware/govmomi	f621178aa667761021673d64430b751e8352823c	resourcelifetime	vmdk/writer_test.go:270:19	resourcelifetime/missing-release	false-positive	correlated-error-or-guard	active	resource-tightening-2026-09-22.tsv	Both literal table entries have wantErr=false; test always reaches require.NoError then writer.Close. Hypothetical wantErr=true branch is absent from executed table. Reassessment: Retain unresolved: branch/error/flag correlation is not represented; no loop-count or whole-program feasibility expansion.
52	wallarm/api-firewall	8ed75e4ca7dc66998265a0cac3d32acd2f167211	resourcelifetime	cmd/api-firewall/internal/handlers/graphql/run.go:69:12	resourcelifetime/missing-release	false-positive	process-bounded-lifetime	active	resource-tightening-2026-09-22.tsv	GraphQL Run explicitly closes schema file after validation; every earlier parser/validator error invokes zerolog.Fatal().Msgf, terminating process before nominal return. No normal live error path abandons descriptor. Reassessment: Retain unresolved: one-shot process termination and reusable helper lifetimes differ; no blanket main/test exemption.
52	weave-os/router	4d6eae13407a5aaf533d4f62517e14332ecc055c	resourcelifetime	cmd/router-gateway/main_test.go:52:22	resourcelifetime/missing-release	false-positive	fixture-prevents-acquisition	active	resource-tightening-2026-09-22.tsv	Synctest table early return only for60s request deadline versus121s server delay, guaranteeing timeout/no response;600s success branch defers Body.Close. Transport closes idle connections and worker is joined on both branches; runtime deadline correlation is outside simple guard model. Reassessment: Retain unresolved: a test expectation alone is not a proof; requires exact constructor/transport or fixture-state feasibility.
52	yandex-cloud/geesefs	dd847771b29b26f3246edaf3227acbc430f4548d	resourcelifetime	core/backend_azblob.go:90:15	resourcelifetime/missing-release	false-positive	returned-or-retained-owner	active	resource-tightening-2026-09-22.tsv	Policy returns pipeline.NewHTTPResponse(r); azure-pipeline-go v0.2.3 pipeline/response.go:28 stores exact response in returned wrapper, transferring Body ownership to pipeline caller. Reassessment: Retain unresolved unless replay establishes absence: returned views and lifecycle-owning wrappers must remain distinct; ownership cannot be guessed from names.
52	yandex-cloud/geesefs	dd847771b29b26f3246edaf3227acbc430f4548d	resourcelifetime	core/backend_s3.go:148:15	resourcelifetime/missing-release	false-positive	correlated-error-or-guard	active	resource-tightening-2026-09-22.tsv	TryIAM assigns outer resp in GCP/AWS branches, then rejects error or nil and defers resp.Body.Close whenever nonnil at160; merged branch assignment is covered. Reassessment: Retain unresolved: branch/error/flag correlation is not represented; no loop-count or whole-program feasibility expansion.
52	yandex-cloud/geesefs	dd847771b29b26f3246edaf3227acbc430f4548d	resourcelifetime	core/cfg/logger.go:37:16	resourcelifetime/missing-release	false-positive	retained-logging-output	active	resource-tightening-2026-09-22.tsv	initFileLoggers stores file in every retained global loggers entry Out; map is already nonempty because package var log calls GetLogger(main), which inserts it. Stream is retained for ongoing logging. Follow-up: profile-dependent unresolved. Earlier resource-only scoped absence is insufficient: canonical final enable-all replay reports this site, as do direct baseline/final invocations. No fixed/verified-absent claim. Current follow-up: direct all-enabled CLI still reports this site; conflicting go-vet absence is not counted as a fix.
52	zmap/zgrab2	a1231792c51576f1818825fae51db042b4dcd41e	resourcelifetime	lib/http/response_test.go:673:9	resourcelifetime/missing-release	false-positive	correlated-error-or-guard	active	resource-tightening-2026-09-22.tsv	gzip.Writer is acquired exactly when test.compressed and explicitly type-asserted/closed under the same unchanged guard after writes; alternative is a plain buffer/chunk writer. Conditional cleanup correlation is missed. Reassessment: Retain unresolved: branch/error/flag correlation is not represented; no loop-count or whole-program feasibility expansion.
53	apache/pulsar-client-go	1a6d7ac818c9daae9df5c37cb24c0695fabc9eec	resourcelifetime	pulsar/internal/compression/zlib.go:41:7	resourcelifetime/missing-release	false-positive	infallible-memory-operation	active	resource-tightening-2026-09-22.tsv	The alleged unclosed-writer return requires w.Write(src) to fail, but this fresh standard zlib writer writes only to bytes.Buffer, whose Write cannot return a normal error. All normal compression paths call Close; out-of-memory panics are not the reported normal-return leak. Reassessment: Retain unresolved: proving this operation cannot fail requires bounded buffer/type semantics, not a generic error-path exemption.
53	buchgr/bazel-remote	a69b6b5ed933234d93b489ffd216bee5bb74aa06	resourcelifetime	cache/httpproxy/httpproxy.go:232:14	resourcelifetime/missing-release	false-positive	memory-or-empty-http-body	active	resource-tightening-2026-09-22.tsv	Contains sends HEAD through the same standard no-timeout client configured by production and tests. There is no response body resource or Client.Timeout cancellation timer, despite the syntactic Do result. Reassessment: Retain unresolved: exact transport, request, handler and timeout/body-wrapper provenance are needed; HEAD, status code or method name alone cannot remove the obligation.
53	buchgr/bazel-remote	a69b6b5ed933234d93b489ffd216bee5bb74aa06	resourcelifetime	cache/httpproxy/httpproxy.go:61:14	resourcelifetime/missing-release	false-positive	memory-or-empty-http-body	active	resource-tightening-2026-09-22.tsv	This upload-existence request is HEAD. Both production config and tests supply standard transports with Client.Timeout zero; the response body is NoBody and carries no client cancellation timer. The later PUT has a separate real cleanup obligation. Reassessment: Retain unresolved: exact transport, request, handler and timeout/body-wrapper provenance are needed; HEAD, status code or method name alone cannot remove the obligation.
53	deadsy/sdfx	a63cfbad6c5a0fe634ee2b393e970aaa7af7b866	resourcelifetime	render/stl.go:178:12	resourcelifetime/missing-release	false-positive	infallible-memory-operation	active	resource-tightening-2026-09-22.tsv	Before transferring f into a goroutine with deferred Close, the only normal early error is binary.Write of a fixed84-byte STLHeader to a fresh default4096-byte bufio.Writer. That valid fixed-size value fits entirely in memory, so this write cannot produce the underlying file error presumed by the diagnostic. Reassessment: Retain unresolved: proving this operation cannot fail requires bounded buffer/type semantics, not a generic error-path exemption.
53	getsentry/sentry-go	a6a3d0b693bc8e93c4e098b4784b5b1145a21a14	resourcelifetime	http/example_test.go:23:13	resourcelifetime/missing-release	false-positive	invalid-http-url	active	resource-tightening-2026-09-22.tsv	The literal URL example.com has no scheme; the unmodified default HTTP transport rejects it instead of returning a successful response. This error-capture example never acquires the response-body resource presumed by the diagnostic. Reassessment: Retain unresolved: URL is invalid under the pinned default transport, but no broad URL/name exemption was added.
53	go-pkgz/auth	5f6d12c4a12e6cf7b1934dc10d8127969ac7e7b1	resourcelifetime	token/jwt_test.go:481:15	resourcelifetime/missing-release	false-positive	memory-or-empty-http-body	active	resource-tightening-2026-09-22.tsv	Exact local test server only sets cookies/headers and WriteHeader200, with no body writes; default http.Get has no timeout wrapper, and zero Content-Length yields http.NoBody. No body resource is acquired; server.Close owns the connection lifecycle. Reassessment: Retain unresolved: exact transport, request, handler and timeout/body-wrapper provenance are needed; HEAD, status code or method name alone cannot remove the obligation.
53	go-pkgz/auth	5f6d12c4a12e6cf7b1934dc10d8127969ac7e7b1	resourcelifetime	token/jwt_test.go:523:15	resourcelifetime/missing-release	false-positive	memory-or-empty-http-body	active	resource-tightening-2026-09-22.tsv	Exact local test server only sets cookies/headers and WriteHeader200, with no body writes; default http.Get has no timeout wrapper, and zero Content-Length yields http.NoBody. No body resource is acquired; server.Close owns the connection lifecycle. Reassessment: Retain unresolved: exact transport, request, handler and timeout/body-wrapper provenance are needed; HEAD, status code or method name alone cannot remove the obligation.
53	go-pkgz/auth	5f6d12c4a12e6cf7b1934dc10d8127969ac7e7b1	resourcelifetime	token/jwt_test.go:568:15	resourcelifetime/missing-release	false-positive	memory-or-empty-http-body	active	resource-tightening-2026-09-22.tsv	Exact local test server only sets cookies/headers and WriteHeader200, with no body writes; default http.Get has no timeout wrapper, and zero Content-Length yields http.NoBody. No body resource is acquired; server.Close owns the connection lifecycle. Reassessment: Retain unresolved: exact transport, request, handler and timeout/body-wrapper provenance are needed; HEAD, status code or method name alone cannot remove the obligation.
53	go-pkgz/auth	5f6d12c4a12e6cf7b1934dc10d8127969ac7e7b1	resourcelifetime	token/jwt_test.go:617:15	resourcelifetime/missing-release	false-positive	memory-or-empty-http-body	active	resource-tightening-2026-09-22.tsv	Exact local test server only sets cookies/headers and WriteHeader200, with no body writes; default http.Get has no timeout wrapper, and zero Content-Length yields http.NoBody. No body resource is acquired; server.Close owns the connection lifecycle. Reassessment: Retain unresolved: exact transport, request, handler and timeout/body-wrapper provenance are needed; HEAD, status code or method name alone cannot remove the obligation.
53	go-pkgz/auth	5f6d12c4a12e6cf7b1934dc10d8127969ac7e7b1	resourcelifetime	token/jwt_test.go:644:15	resourcelifetime/missing-release	false-positive	memory-or-empty-http-body	active	resource-tightening-2026-09-22.tsv	Exact local test server only sets cookies/headers and WriteHeader200, with no body writes; default http.Get has no timeout wrapper, and zero Content-Length yields http.NoBody. No body resource is acquired; server.Close owns the connection lifecycle. Reassessment: Retain unresolved: exact transport, request, handler and timeout/body-wrapper provenance are needed; HEAD, status code or method name alone cannot remove the obligation.
53	go-pkgz/auth	5f6d12c4a12e6cf7b1934dc10d8127969ac7e7b1	resourcelifetime	v2/token/jwt_test.go:481:15	resourcelifetime/missing-release	false-positive	memory-or-empty-http-body	active	resource-tightening-2026-09-22.tsv	Exact local test server only sets cookies/headers and WriteHeader200, with no body writes; default http.Get has no timeout wrapper, and zero Content-Length yields http.NoBody. No body resource is acquired; server.Close owns the connection lifecycle. Reassessment: Retain unresolved: exact transport, request, handler and timeout/body-wrapper provenance are needed; HEAD, status code or method name alone cannot remove the obligation.
53	go-pkgz/auth	5f6d12c4a12e6cf7b1934dc10d8127969ac7e7b1	resourcelifetime	v2/token/jwt_test.go:523:15	resourcelifetime/missing-release	false-positive	memory-or-empty-http-body	active	resource-tightening-2026-09-22.tsv	Exact local test server only sets cookies/headers and WriteHeader200, with no body writes; default http.Get has no timeout wrapper, and zero Content-Length yields http.NoBody. No body resource is acquired; server.Close owns the connection lifecycle. Reassessment: Retain unresolved: exact transport, request, handler and timeout/body-wrapper provenance are needed; HEAD, status code or method name alone cannot remove the obligation.
53	go-pkgz/auth	5f6d12c4a12e6cf7b1934dc10d8127969ac7e7b1	resourcelifetime	v2/token/jwt_test.go:568:15	resourcelifetime/missing-release	false-positive	memory-or-empty-http-body	active	resource-tightening-2026-09-22.tsv	Exact local test server only sets cookies/headers and WriteHeader200, with no body writes; default http.Get has no timeout wrapper, and zero Content-Length yields http.NoBody. No body resource is acquired; server.Close owns the connection lifecycle. Reassessment: Retain unresolved: exact transport, request, handler and timeout/body-wrapper provenance are needed; HEAD, status code or method name alone cannot remove the obligation.
53	go-pkgz/auth	5f6d12c4a12e6cf7b1934dc10d8127969ac7e7b1	resourcelifetime	v2/token/jwt_test.go:617:15	resourcelifetime/missing-release	false-positive	memory-or-empty-http-body	active	resource-tightening-2026-09-22.tsv	Exact local test server only sets cookies/headers and WriteHeader200, with no body writes; default http.Get has no timeout wrapper, and zero Content-Length yields http.NoBody. No body resource is acquired; server.Close owns the connection lifecycle. Reassessment: Retain unresolved: exact transport, request, handler and timeout/body-wrapper provenance are needed; HEAD, status code or method name alone cannot remove the obligation.
53	go-pkgz/auth	5f6d12c4a12e6cf7b1934dc10d8127969ac7e7b1	resourcelifetime	v2/token/jwt_test.go:644:15	resourcelifetime/missing-release	false-positive	memory-or-empty-http-body	active	resource-tightening-2026-09-22.tsv	Exact local test server only sets cookies/headers and WriteHeader200, with no body writes; default http.Get has no timeout wrapper, and zero Content-Length yields http.NoBody. No body resource is acquired; server.Close owns the connection lifecycle. Reassessment: Retain unresolved: exact transport, request, handler and timeout/body-wrapper provenance are needed; HEAD, status code or method name alone cannot remove the obligation.
53	norwoodj/helm-docs	a5573af096a4b526dcbc3c896c220b1714a0765b	resourcelifetime	pkg/helm/chart_info.go:241:21	resourcelifetime/missing-release	false-positive	correlated-error-or-guard	active	resource-tightening-2026-09-22.tsv	isErrorInReadingNecessaryFile returns true exactly when the supplied open error is nonnil; every successful os.Open reaches immediate defer valuesFile.Close. Missing helper error-predicate correlation. Reassessment: Retain unresolved: branch/error/flag correlation is not represented; no loop-count or whole-program feasibility expansion.
53	RedTeamPentesting/pretender	95e632e851ff25bca1ab45c3cb0c4efb71711e07	resourcelifetime	cli.go:376:13	resourcelifetime/missing-release	false-positive	returned-or-retained-owner	active	resource-tightening-2026-09-22.tsv	configFromCLI stores the file in returned logger.LogFile on every post-acquisition return, including error returns. main calls logger.Close on both error and success paths; Logger.Close closes that exact field. Returning an owner alongside an error still transfers ownership here. Reassessment: Retain unresolved unless replay establishes absence: returned views and lifecycle-owning wrappers must remain distinct; ownership cannot be guessed from names.
53	uniqush/uniqush-push	b3c23fe0271ecf428cf78197c59711bcd05eb88f	resourcelifetime	configparser.go:169:18	resourcelifetime/missing-release	false-positive	returned-or-retained-owner	active	resource-tightening-2026-09-22.tsv	LoadLoggers passes the successful logfile through loadLogger into every returned logger. NewLogger retains the exact writer in logger.writer and per-level standard loggers; the descriptor belongs to the returned long-lived logging objects, not this configuration function's local lifetime. Reassessment: Retain unresolved unless replay establishes absence: returned views and lifecycle-owning wrappers must remain distinct; ownership cannot be guessed from names.
53	vishen/go-chromecast	5dd70bb91787fe28e3d8946682c66cb2a1d61d21	resourcelifetime	application/application.go:728:15	resourcelifetime/missing-release	false-positive	memory-or-empty-http-body	active	resource-tightening-2026-09-22.tsv	Exact HEAD request uses a fresh default-transport client with no Timeout; HTTP transport supplies NoBody and releases connection independently. Reading only Content-Type does not abandon an acquired body resource. Reassessment: Retain unresolved: exact transport, request, handler and timeout/body-wrapper provenance are needed; HEAD, status code or method name alone cannot remove the obligation.
53	XmirrorSecurity/OpenSCA-cli	7628bb0817054347d4d031292977ca059a78009a	resourcelifetime	opensca/walk/download.go:68:15	resourcelifetime/missing-release	false-positive	memory-or-empty-http-body	active	resource-tightening-2026-09-22.tsv	This exact request is HEAD and the configured standard transport returns NoBody; HttpDownloadClient has no Client.Timeout, and its only configuration hooks change TLS/proxy settings. The response has no body or client cancellation timer to release. Later GET bodies have separate explicit cleanup. Reassessment: Retain unresolved: exact transport, request, handler and timeout/body-wrapper provenance are needed; HEAD, status code or method name alone cannot remove the obligation.
54	aetaric/checkrr	323bef3c4acf9f775961d1cedeef476f1a7b2577	resourcelifetime	logging/log_unix.go:79:22	resourcelifetime/missing-release	false-positive	retained-logging-output	active	resource-tightening-2026-09-22.tsv	Created log file is assigned to out, installed via logrus.SetOutput, and that logger is appended to receiver logger.loggers for later logging. Explicit retained writer ownership is missed. Reassessment: Bounded uncertainty requires one possibly retaining wrapper around an aggregate positively containing the resource, then retention by a consumer. Arbitrary data dependence and longer handler/logger chains remain unresolved; discarded wrappers remain diagnostic.
54	aetaric/checkrr	323bef3c4acf9f775961d1cedeef476f1a7b2577	resourcelifetime	logging/log_unix.go:91:22	resourcelifetime/missing-release	false-positive	retained-logging-output	active	resource-tightening-2026-09-22.tsv	Append-mode log file transfers through out to the logrus logger stored in receiver logger.loggers; local return does not abandon the persistent logging output. Reassessment: Bounded uncertainty requires one possibly retaining wrapper around an aggregate positively containing the resource, then retention by a consumer. Arbitrary data dependence and longer handler/logger chains remain unresolved; discarded wrappers remain diagnostic.
54	agola-io/agola	a5ca7877e3b77d38c6fd24a0f16d7267fc2dea12	resourcelifetime	tests/api_test.go:3137:12	resourcelifetime/missing-release	false-positive	returned-or-retained-owner	active	resource-tightening-2026-09-22.tsv	Import passes exact *os.File into HTTP request body; already successful calls establish same immutable client URL is valid, fixed POST path and nonnil ctx reach client.Do, which closes request body including request errors. Reassessment: Retain unresolved unless replay establishes absence: returned views and lifecycle-owning wrappers must remain distinct; ownership cannot be guessed from names.
54	antonmedv/gitmal	83be9ddcf82e8a90ea50a9d54c1ebfc3e22ace16	resourcelifetime	blob.go:106:16	resourcelifetime/missing-release	false-positive	correlated-error-or-guard	active	resource-tightening-2026-09-22.tsv	Local check helper returns exactly err!=nil, despite error-channel/cancel side effects; successful Create cannot take error return and necessarily installs deferred exact file.Close. Reassessment: Retain unresolved: branch/error/flag correlation is not represented; no loop-count or whole-program feasibility expansion.
54	antonmedv/gitmal	83be9ddcf82e8a90ea50a9d54c1ebfc3e22ace16	resourcelifetime	blob.go:178:19	resourcelifetime/missing-release	false-positive	correlated-error-or-guard	active	resource-tightening-2026-09-22.tsv	Local check helper returns exactly err!=nil, despite error-channel/cancel side effects; successful Create cannot take error return and necessarily installs deferred exact file.Close. Reassessment: Retain unresolved: branch/error/flag correlation is not represented; no loop-count or whole-program feasibility expansion.
54	antonmedv/gitmal	83be9ddcf82e8a90ea50a9d54c1ebfc3e22ace16	resourcelifetime	list.go:158:16	resourcelifetime/missing-release	false-positive	correlated-error-or-guard	active	resource-tightening-2026-09-22.tsv	Local check helper returns exactly err!=nil, despite error-channel/cancel side effects; successful Create cannot take error return and necessarily installs deferred exact file.Close. Reassessment: Retain unresolved: branch/error/flag correlation is not represented; no loop-count or whole-program feasibility expansion.
54	devfeel/dotweb	d5bf658955358d6b4aa98ae6c0c96b1609a3340b	resourcelifetime	server.go:579:14	resourcelifetime/missing-release	false-positive	returned-or-retained-owner	active	resource-tightening-2026-09-22.tsv	The gzip writer is retained in the returned HTTP context response; releaseHttpContext later retrieves that exact wrapper and closes it after serving the request. Reassessment: Retain unresolved unless replay establishes absence: returned views and lifecycle-owning wrappers must remain distinct; ownership cannot be guessed from names.
54	m13253/dns-over-https	82c5f0d3277d258534782c8f827be51bacadec70	resourcelifetime	doh-client/selector/lvsWRRSelector.go:94:19	resourcelifetime/missing-release	false-positive	correlated-error-or-guard	active	resource-tightening-2026-09-22.tsv	Add accepts and stores only Google or IETF upstream types; both switch arms call a response helper with a dominating Body.Close defer, so the apparent no-arm leak is infeasible. Reassessment: Retain unresolved: branch/error/flag correlation is not represented; no loop-count or whole-program feasibility expansion.
54	m13253/dns-over-https	82c5f0d3277d258534782c8f827be51bacadec70	resourcelifetime	doh-client/selector/nginxWRRSelector.go:87:19	resourcelifetime/missing-release	false-positive	correlated-error-or-guard	active	resource-tightening-2026-09-22.tsv	Add accepts only Google or IETF upstream types; both response-handler arms defer exact Body.Close, making the apparent unmatched-type cleanup omission infeasible. Reassessment: Retain unresolved: branch/error/flag correlation is not represented; no loop-count or whole-program feasibility expansion.
54	megaease/easeprobe	5396580193dfbc305f5586e5c1588010fdcc3e13	resourcelifetime	daemon/daemon_test.go:117:14	resourcelifetime/missing-release	false-positive	fixture-prevents-acquisition	active	resource-tightening-2026-09-22.tsv	The patched WriteFile always fails, so NewPIDFile returns before opening pidFd; there is no acquired handle on this call. Reassessment: Retain unresolved: a test expectation alone is not a proof; requires exact constructor/transport or fixture-state feasibility.
54	megaease/easeprobe	5396580193dfbc305f5586e5c1588010fdcc3e13	resourcelifetime	daemon/daemon_test.go:127:14	resourcelifetime/missing-release	false-positive	fixture-prevents-acquisition	active	resource-tightening-2026-09-22.tsv	The failing WriteFile patch remains active, and the MkdirAll patch also fails; this NewPIDFile call cannot acquire pidFd. Reassessment: Retain unresolved: a test expectation alone is not a proof; requires exact constructor/transport or fixture-state feasibility.
54	megaease/easeprobe	5396580193dfbc305f5586e5c1588010fdcc3e13	resourcelifetime	daemon/daemon_test.go:136:14	resourcelifetime/missing-release	false-positive	fixture-prevents-acquisition	active	resource-tightening-2026-09-22.tsv	The patched Stat fails with a non-NotExist error, so NewPIDFile returns before file acquisition. Reassessment: Retain unresolved: a test expectation alone is not a proof; requires exact constructor/transport or fixture-state feasibility.
54	megaease/easeprobe	5396580193dfbc305f5586e5c1588010fdcc3e13	resourcelifetime	daemon/daemon_test.go:98:15	resourcelifetime/missing-release	false-positive	fixture-prevents-acquisition	active	resource-tightening-2026-09-22.tsv	The empty filename is rejected at NewPIDFile entry before any resource acquisition. Reassessment: Retain unresolved: a test expectation alone is not a proof; requires exact constructor/transport or fixture-state feasibility.
54	nalgeon/codapi	079d3a455c2d5ce342323e4724d73846ff973bd0	resourcelifetime	internal/server/server_test.go:19:15	resourcelifetime/missing-release	false-positive	memory-or-empty-http-body	active	resource-tightening-2026-09-22.tsv	Local exact handler only WriteHeader200, yielding zero-length response and http.NoBody with default http.Get and no client deadline; no acquired body resource needs cleanup. Server shutdown separately joins serving goroutine. Reassessment: Retain unresolved: exact transport, request, handler and timeout/body-wrapper provenance are needed; HEAD, status code or method name alone cannot remove the obligation.
54	ozontech/file.d	5379bc2005906fde3aa0a05f6bf574dcd7111404	resourcelifetime	plugin/input/file/provider.go:382:15	resourcelifetime/missing-release	false-positive	receiver-manager-ownership	active	resource-tightening-2026-09-22.tsv	addJob closes the exact file on the duplicate branch; otherwise it stores it in a new Job retained in jp.jobs. This is an explicit receiver-owned lifecycle transfer, not abandonment by the open helper. Reassessment: Retain unresolved: constructor-returned value may also be manager-owned; needs a positive retained-result relation rather than per-object caller cleanup.
54	protomaps/go-pmtiles	a3e4951ea6a0477b784c27c1dcbfd9c130878c5a	resourcelifetime	pmtiles/sync.go:249:16	resourcelifetime/missing-release	false-positive	memory-or-empty-http-body	active	resource-tightening-2026-09-22.tsv	This exact HEAD uses the fresh standard zero-timeout client; the standard transport supplies NoBody with no client-timeout cancellation wrapper. Reassessment: Retain unresolved: exact transport, request, handler and timeout/body-wrapper provenance are needed; HEAD, status code or method name alone cannot remove the obligation.
54	restic/rest-server	ca666baf9c65b18a6816ebd4f6ad5893e8921d61	resourcelifetime	mux.go:31:20	resourcelifetime/missing-release	false-positive	returned-or-retained-owner	active	resource-tightening-2026-09-22.tsv	Opened accessLog is captured by returned gorilla CombinedLoggingHandler; handler retains writer for later requests rather than abandoning local ownership. Reassessment: Retain unresolved unless replay establishes absence: returned views and lifecycle-owning wrappers must remain distinct; ownership cannot be guessed from names.
54	subtrace/subtrace	e3e3546b367ecc23d5fe5642491526ee969a6ff2	resourcelifetime	logging/logging.go:51:13	resourcelifetime/missing-release	false-positive	retained-logging-output	active	resource-tightening-2026-09-22.tsv	Init passes the selected file through slog.NewTextHandler and slog.New into slog.SetDefault. The global logger retains that exact writer for future logging; it is not abandoned at Init return. Reassessment: Bounded uncertainty requires one possibly retaining wrapper around an aggregate positively containing the resource, then retention by a consumer. Arbitrary data dependence and longer handler/logger chains remain unresolved; discarded wrappers remain diagnostic.
54	zhenorzz/goploy	436d5e3f34718eb53e123e58d46e35857709a9dd	resourcelifetime	config/log.go:37:18	resourcelifetime/missing-release	false-positive	retained-logging-output	active	resource-tightening-2026-09-22.tsv	The file is installed as the global logrus output and retained for logging beyond SetDefault; a local Close would invalidate that owner. Reassessment: Bounded uncertainty requires one possibly retaining wrapper around an aggregate positively containing the resource, then retention by a consumer. Arbitrary data dependence and longer handler/logger chains remain unresolved; discarded wrappers remain diagnostic.
55	cep21/circuit	076289099fe63d129cfa553c0d1d8c32b3ed8516	resourcelifetime	example_test.go:40:16	resourcelifetime/missing-release	false-positive	request-context-completion	active	resource-tightening-2026-09-22.tsv	Local httptest handler always writes 200 hello world; success Copy then Close. Copy error returns to Circuit.run, whose configured deadline context is always canceled on return, terminating exact request transport/body. Non-2xx branches do not match this handler. Reassessment: Retain unresolved: exact request transport completion on callback context cancellation is needed, not generic context use.
55	deweizhu/bookget	2cdbf6d6c3ce70355a5c4411c0faf3450e9ae877	resourcelifetime	pkg/downloader/downloader.go:522:15	resourcelifetime/missing-release	false-positive	memory-or-empty-http-body	active	resource-tightening-2026-09-22.tsv	Missing Close concerns non-200 HEAD response from default no-timeout client; protocol returns NoBody. Subsequent fallback range GET has its own deferred Body.Close, so body-bearing response is not abandoned. Reassessment: Retain unresolved: exact transport, request, handler and timeout/body-wrapper provenance are needed; HEAD, status code or method name alone cannot remove the obligation.
55	doitintl/kube-no-trouble	2366d92156c0cf94c31453593368077f13c183b7	resourcelifetime	pkg/printer/csv_test.go:63:18	resourcelifetime/missing-release	false-positive	aggregate-cleanup	active	resource-tightening-2026-09-22.tsv	Literal first good-file subtest constructs printer with exact tmpFile in options then calls Close, which delegates to commonPrinter.Close and closes non-stdout file. Later case intentionally checks already-closed error; synchronous t.Run completes before enclosing return. Reassessment: Retain unresolved: cleanup through mixed fields or table collections requires exact value-to-element and invocation evidence.
55	doitintl/kube-no-trouble	2366d92156c0cf94c31453593368077f13c183b7	resourcelifetime	pkg/printer/json_test.go:75:18	resourcelifetime/missing-release	false-positive	aggregate-cleanup	active	resource-tightening-2026-09-22.tsv	Literal first good-file subtest constructs printer with exact tmpFile in options then calls Close, which delegates to commonPrinter.Close and closes non-stdout file. Later case intentionally checks already-closed error; synchronous t.Run completes before enclosing return. Reassessment: Retain unresolved: cleanup through mixed fields or table collections requires exact value-to-element and invocation evidence.
55	doitintl/kube-no-trouble	2366d92156c0cf94c31453593368077f13c183b7	resourcelifetime	pkg/printer/printer_test.go:129:18	resourcelifetime/missing-release	false-positive	aggregate-cleanup	active	resource-tightening-2026-09-22.tsv	Literal first good-file subtest constructs printer with exact tmpFile in options then calls Close, which delegates to commonPrinter.Close and closes non-stdout file. Later case intentionally checks already-closed error; synchronous t.Run completes before enclosing return. Reassessment: Retain unresolved: cleanup through mixed fields or table collections requires exact value-to-element and invocation evidence.
55	doitintl/kube-no-trouble	2366d92156c0cf94c31453593368077f13c183b7	resourcelifetime	pkg/printer/printer_test.go:48:18	resourcelifetime/missing-release	false-positive	aggregate-cleanup	active	resource-tightening-2026-09-22.tsv	First good-file subtest newCommonPrinter retains exact options containing tmpFile; deferred got.Close runs at synchronous subtest exit and closes same file. Later stdout/nil entries do not undo cleanup. Reassessment: Retain unresolved: cleanup through mixed fields or table collections requires exact value-to-element and invocation evidence.
55	doitintl/kube-no-trouble	2366d92156c0cf94c31453593368077f13c183b7	resourcelifetime	pkg/printer/text_test.go:62:18	resourcelifetime/missing-release	false-positive	aggregate-cleanup	active	resource-tightening-2026-09-22.tsv	Literal first good-file subtest constructs printer with exact tmpFile in options then calls Close, which delegates to commonPrinter.Close and closes non-stdout file. Later case intentionally checks already-closed error; synchronous t.Run completes before enclosing return. Reassessment: Retain unresolved: cleanup through mixed fields or table collections requires exact value-to-element and invocation evidence.
55	fastschema/fastschema	813349976c7cf4a884a995f6fcad9aace08b1541	resourcelifetime	pkg/zaplogger/zap.go:40:16	resourcelifetime/missing-release	false-positive	returned-or-retained-owner	active	resource-tightening-2026-09-22.tsv	Opened file is retained by zapcore.AddSync writer, NewCore/NewTee, and returned ZapLogger for future logging. Local Close would break returned logger; retained logging ownership is not proof of abandoned file (Sync is not asserted to close it). Reassessment: Retain unresolved unless replay establishes absence: returned views and lifecycle-owning wrappers must remain distinct; ownership cannot be guessed from names.
55	google/codesearch	74a12a911a79b901d1158c48d011b2da1b090fc9	resourcelifetime	cmd/csearch/csearch.go:163:23	resourcelifetime/missing-release	false-positive	process-bounded-lifetime	active	resource-tightening-2026-09-22.tsv	Last zip reader remains until command completion, but exact sole main caller invokes Main then immediately os.Exit based on matches. No reuse or continuing work follows helper return; OS releases final command-lifetime descriptor. HTTP csweb counterpart is a distinct repeated-lifecycle defect. Reassessment: Retain unresolved: one-shot process termination and reusable helper lifetimes differ; no blanket main/test exemption.
55	lich0821/ccNexus	55887d232555f94ea4db621a5a7e65430eebf0d7	resourcelifetime	internal/transformer/tool_chain.go:121:15	resourcelifetime/missing-release	false-positive	returned-or-retained-owner	active	resource-tightening-2026-09-22.tsv	ExecuteChain closes body on non-OK error branch and returns exact resp.Body as io.Reader on success. Underlying ReadCloser escapes to caller; interface narrowing is not proof of a local abandoned owner (no callers found). Reassessment: Retain unresolved unless replay establishes absence: returned views and lifecycle-owning wrappers must remain distinct; ownership cannot be guessed from names.
55	opencontainers/umoci	f5d1219acaf67127ebacf6306776d3ff465735ea	resourcelifetime	pkg/unpriv/unpriv_test.go:1008:11	resourcelifetime/missing-release	false-positive	fixture-prevents-acquisition	active	resource-tightening-2026-09-22.tsv	Permission-negative test skips root and makes ancestor directory 0555 or 0600 before discarded os.Create; required EACCES means no live file on intended executable path. Reassessment: Retain unresolved: a test expectation alone is not a proof; requires exact constructor/transport or fixture-state feasibility.
55	opencontainers/umoci	f5d1219acaf67127ebacf6306776d3ff465735ea	resourcelifetime	pkg/unpriv/unpriv_test.go:948:11	resourcelifetime/missing-release	false-positive	fixture-prevents-acquisition	active	resource-tightening-2026-09-22.tsv	Permission-negative test skips root and makes ancestor directory 0555 or 0600 before discarded os.Create; required EACCES means no live file on intended executable path. Reassessment: Retain unresolved: a test expectation alone is not a proof; requires exact constructor/transport or fixture-state feasibility.
55	openkruise/kruise-game	16a0418780d8abd3ee871448116bbc5dc1e98d48	resourcelifetime	test/e2e/framework/framework.go:549:17	resourcelifetime/missing-release	false-positive	captured-cell-cleanup	active	resource-tightening-2026-09-22.tsv	Both status200 and other-status return paths call local closeResp closure, which nil-guards and closes exact resp.Body; direct captured cleanup effect is missed. Reassessment: Retain unresolved: deferred captures observe later cell contents; neither historical alias nor a nil guard proves exact cleanup.
55	pion/ice	e50946b37e6f3f95cfd0ccf47578f3fc654675b8	resourcelifetime	examples/automatic-renomination/main.go:168:12	resourcelifetime/missing-release	false-positive	memory-or-empty-http-body	active	resource-tightening-2026-09-22.tsv	Paired example peer's exact remoteCandidate/remoteAuth handlers ignore ResponseWriter and return empty 200; default HTTP client has no timeout body wrapper. Successful response is NoBody, so no transport-backed body cleanup obligation in documented peer protocol. Reassessment: Retain unresolved: exact transport, request, handler and timeout/body-wrapper provenance are needed; HEAD, status code or method name alone cannot remove the obligation.
55	pion/ice	e50946b37e6f3f95cfd0ccf47578f3fc654675b8	resourcelifetime	examples/automatic-renomination/main.go:211:11	resourcelifetime/missing-release	false-positive	memory-or-empty-http-body	active	resource-tightening-2026-09-22.tsv	Paired example peer's exact remoteCandidate/remoteAuth handlers ignore ResponseWriter and return empty 200; default HTTP client has no timeout body wrapper. Successful response is NoBody, so no transport-backed body cleanup obligation in documented peer protocol. Reassessment: Retain unresolved: exact transport, request, handler and timeout/body-wrapper provenance are needed; HEAD, status code or method name alone cannot remove the obligation.
55	pion/ice	e50946b37e6f3f95cfd0ccf47578f3fc654675b8	resourcelifetime	examples/ping-pong/main.go:102:12	resourcelifetime/missing-release	false-positive	memory-or-empty-http-body	active	resource-tightening-2026-09-22.tsv	Paired example peer's exact remoteCandidate/remoteAuth handlers ignore ResponseWriter and return empty 200; default HTTP client has no timeout body wrapper. Successful response is NoBody, so no transport-backed body cleanup obligation in documented peer protocol. Reassessment: Retain unresolved: exact transport, request, handler and timeout/body-wrapper provenance are needed; HEAD, status code or method name alone cannot remove the obligation.
55	quickfixgo/quickfix	2600e522adb02eeae5952e98929dce746a85c798	resourcelifetime	log/file/file_log.go:93:22	resourcelifetime/missing-release	false-positive	returned-or-retained-owner	active	resource-tightening-2026-09-22.tsv	Successful messageFile is retained by log.New in returned fileLog.messageLogger; no intervening failure path abandons this acquired handle. Reassessment: Retain unresolved unless replay establishes absence: returned views and lifecycle-owning wrappers must remain distinct; ownership cannot be guessed from names.
55	ribice/gorsk	ccda17ecb185ece9d791ce6042569aa97f0547d6	resourcelifetime	pkg/utl/middleware/secure/secure_test.go:47:13	resourcelifetime/missing-release	false-positive	memory-or-empty-http-body	active	resource-tightening-2026-09-22.tsv	Exact request is OPTIONS through Echo v3.3.10 CORSWithConfig; pinned dependency middleware ends preflight with c.NoContent(204). Default client has no timeout wrapper, so successful response body is NoBody. Reassessment: Retain unresolved: exact transport, request, handler and timeout/body-wrapper provenance are needed; HEAD, status code or method name alone cannot remove the obligation.
55	WireGuard/wireguard-go	ecfc5a8d54462e18e13c72173e2623d16d8e25a0	resourcelifetime	main.go:186:18	resourcelifetime/missing-release	false-positive	process-bounded-lifetime	active	resource-tightening-2026-09-22.tsv	Daemonization opens /dev/null for child standard streams and passes exact descriptors through os.ProcAttr.Files to StartProcess. Success immediately releases child process handle and returns from main; errors os.Exit. Parent process exit releases originals while child retains its inherited standard descriptors; intentional process-bound handoff. Reassessment: Retain unresolved: one-shot process termination and reusable helper lifetimes differ; no blanket main/test exemption.
55	WireGuard/wireguard-go	ecfc5a8d54462e18e13c72173e2623d16d8e25a0	resourcelifetime	main.go:190:18	resourcelifetime/missing-release	false-positive	process-bounded-lifetime	active	resource-tightening-2026-09-22.tsv	Daemonization opens /dev/null for child standard streams and passes exact descriptors through os.ProcAttr.Files to StartProcess. Success immediately releases child process handle and returns from main; errors os.Exit. Parent process exit releases originals while child retains its inherited standard descriptors; intentional process-bound handoff. Reassessment: Retain unresolved: one-shot process termination and reusable helper lifetimes differ; no blanket main/test exemption.
55	WireGuard/wireguard-go	ecfc5a8d54462e18e13c72173e2623d16d8e25a0	resourcelifetime	main.go:191:18	resourcelifetime/missing-release	false-positive	process-bounded-lifetime	active	resource-tightening-2026-09-22.tsv	Daemonization opens /dev/null for child standard streams and passes exact descriptors through os.ProcAttr.Files to StartProcess. Success immediately releases child process handle and returns from main; errors os.Exit. Parent process exit releases originals while child retains its inherited standard descriptors; intentional process-bound handoff. Reassessment: Retain unresolved: one-shot process termination and reusable helper lifetimes differ; no blanket main/test exemption.
55	WireGuard/wireguard-go	ecfc5a8d54462e18e13c72173e2623d16d8e25a0	resourcelifetime	main.go:192:18	resourcelifetime/missing-release	false-positive	process-bounded-lifetime	active	resource-tightening-2026-09-22.tsv	Daemonization opens /dev/null for child standard streams and passes exact descriptors through os.ProcAttr.Files to StartProcess. Success immediately releases child process handle and returns from main; errors os.Exit. Parent process exit releases originals while child retains its inherited standard descriptors; intentional process-bound handoff. Reassessment: Retain unresolved: one-shot process termination and reusable helper lifetimes differ; no blanket main/test exemption.
55	zerodha/dungbeetle	12d7c8e832b2af8f78fc3525612aca1477184d7a	resourcelifetime	internal/core/core.go:477:15	resourcelifetime/missing-release	false-positive	sql-context-completion	active	resource-tightening-2026-09-22.tsv	Prepared QueryContext uses exact local context whose cancel is unconditionally deferred before query. database/sql closes rows when this context is canceled, including after rows reassignment or panic unwinding; later Close of different rows is not the cleanup proof. Reassessment: Retain unresolved: exact query-context cancellation can close rows; no generic context-as-cleanup exemption.
51	DrmagicE/gmqtt	92ed7d60915519f60c3d3cdb6420b1e11eb824e2	lockorder	server/server.go:340:2	lockorder/missing-release	false-positive	conditional-caller-held-contract	active	followup-78-locks.tsv	lockDuplicatedID deliberately returns with srv.mu held on success and unlocked on lookup error. Its sole registerClient caller checks that error and registers a defer ending in srv.mu.Unlock. The loop-shaped held-on-success contract transfers the obligation rather than leaking it. Follow-up: Needs a path-sensitive held-on-success summary across the loop; no naming exemption or generic success-return assumption added.
51	getgauge/gauge	1c5e06ac8ba4de9b4563f0415089a7767a48e06c	lockorder	api/infoGatherer/specDetails.go:362:2	lockorder/contradictory-order	false-positive	initialization-before-publication	active	followup-78-locks.tsv	Reverse order is initParamsCache (params then concepts) versus OnConceptFileModify (concepts then params). The former only runs in Init before watchForFileChanges is launched; API entrypoints initialize fresh gatherers before starting handlers. No overlapping acquisition paths are established in this initialization/publication lifecycle. Follow-up: Needs object publication and entrypoint context; type-level inverse orders alone cannot establish overlap.
52	ContainerSSH/ContainerSSH	73625778b9f824ed6a49b282bca4f1fc17043fcb	lockorder	agentprotocol/server.go:99:2	lockorder/missing-release	false-positive	closed-state-domain	active	followup-78-locks.tsv	Close unlocks all four state cases0..3. Private state is initialized WAITINIT and assigned only STARTED/WAITCLOSE/CLOSED; sole setState caller passes STARTED. Unknown-state default return is infeasible under source transitions. Follow-up: Needs exhaustive private-state transition domain; no numeric-state or default-branch exemption added.
52	fortio/fortio	5c19725ff61c9f7ad944b91ec32d96a399341d87	lockorder	fnet/network.go:334:3	lockorder/missing-release	false-positive	conditional-caller-held-contract	active	followup-78-locks.tsv	checkCache deliberately returns held dnsMutex on cache miss; both ResolveByProto call sites test returned found flag and unlock on false at370/393. Cache-hit branch releases inside helper. Follow-up: Needs returned Boolean-to-lock-state relation where false deliberately returns held; ordinary trailing-success convention is insufficient.
52	rfjakob/gocryptfs	842af4463989ee6808d397433e9aba8517e49c89	lockorder	internal/fusefrontend/file.go:429:5	lockorder/read-lock-write	false-positive	imported-rwmutex-wrapper	active	followup-78-locks.tsv	fdLock.RLock protects descriptor lifetime, not write metadata. Dominating fileTableEntry.ContentLock.Lock exclusively protects these fields and their only reads in isConsecutiveWrite; a distinct nested lock serializes access. Follow-up: Direct exclusive-guard uncertainty is narrowed, but the imported countingMutex wrapper around sync.RWMutex plus an atomic counter still supplies no complete held-writer summary. Explicit-check replay retains both sites; a Lock method name alone is not evidence.
52	rfjakob/gocryptfs	842af4463989ee6808d397433e9aba8517e49c89	lockorder	internal/fusefrontend/file.go:430:5	lockorder/read-lock-write	false-positive	imported-rwmutex-wrapper	active	followup-78-locks.tsv	fdLock.RLock protects descriptor lifetime, not write metadata. Dominating fileTableEntry.ContentLock.Lock exclusively protects these fields and their only reads in isConsecutiveWrite; a distinct nested lock serializes access. Follow-up: Direct exclusive-guard uncertainty is narrowed, but the imported countingMutex wrapper around sync.RWMutex plus an atomic counter still supplies no complete held-writer summary. Explicit-check replay retains both sites; a Lock method name alone is not evidence.
52	yandex-cloud/geesefs	dd847771b29b26f3246edaf3227acbc430f4548d	lockorder	core/file.go:1972:2	lockorder/missing-release	false-positive	correlated-compound-guard	active	followup-78-locks.tsv	SetAttributes locks iff any of five pointer parameters is nonnil at1901, and unlocks under identical condition at1968; parameters are unchanged and all intervening error returns explicitly unlock. Follow-up: Needs repeated compound disjunction correlation on stable parameters; no arbitrary condition equivalence added.
52	YTwsy/OpenSurge-for-Mac	42590d6b747851acee10fc5414d685b14bfb6722	lockorder	internal/controlapi/actions.go:412:3	lockorder/recursive-acquire	false-positive	disjoint-helper-conditions	active	followup-78-locks.tsv	First lock requires config- action prefix; second requires helperGatewayLifecycleAction, whose exact switch accepts only start/stop/reload/restart-mihomo. Conditions are mutually exclusive, so same execution cannot reacquire mutex. Follow-up: Needs correlation between a string-prefix condition and helper switch domain; no project action-name exception added.
53	buchgr/bazel-remote	a69b6b5ed933234d93b489ffd216bee5bb74aa06	lockorder	cache/disk/disk.go:545:5	lockorder/recursive-acquire	false-positive	correlated-local-lock-state	active	followup-78-locks.tsv	availableOrTryProxy maintains a local locked boolean paired with every earlier Lock/Unlock. This acquisition is guarded by !locked; paths retaining the initial mutex cannot enter it. The cycle combines incompatible boolean ownership states. Follow-up: Needs predecessor-sensitive local locked flag correlated with held state; no loop-count heuristic added.
53	buchgr/bazel-remote	a69b6b5ed933234d93b489ffd216bee5bb74aa06	lockorder	cache/disk/disk.go:564:2	lockorder/missing-release	false-positive	correlated-local-lock-state	active	followup-78-locks.tsv	The final return follows if locked { Unlock }; proxy reservation paths already unlock and set locked=false. All feasible lock states are released; missing path correlation invents a still-held state at the return. Follow-up: Needs predecessor-sensitive local locked flag correlated with held state; no loop-count heuristic added.
53	go-pkgz/auth	5f6d12c4a12e6cf7b1934dc10d8127969ac7e7b1	lockorder	provider/dev_provider.go:56:3	lockorder/missing-release	false-positive	infeasible-library-error	active	followup-78-locks.tsv	Only early return with the lock held follows parsing the private unchanged devUserFormTmpl literal; its sole template action {{.Query}} is valid and Parse cannot fail for this source. Infeasible error path. Follow-up: Needs successful template-parse contract for exact constant input; no assumption that error branches cannot run.
53	go-pkgz/auth	5f6d12c4a12e6cf7b1934dc10d8127969ac7e7b1	lockorder	v2/provider/dev_provider.go:56:3	lockorder/missing-release	false-positive	infeasible-library-error	active	followup-78-locks.tsv	Only early return with the lock held follows parsing the private unchanged devUserFormTmpl literal; its sole template action {{.Query}} is valid and Parse cannot fail for this source. Infeasible error path. Follow-up: Needs successful template-parse contract for exact constant input; no assumption that error branches cannot run.
53	gophercloud/gophercloud	27d7b866f6ef05cf874c7db108214ae9ebd627b3	lockorder	testing/provider_client_test.go:454:4	lockorder/missing-release	false-positive	bounded-invocation-count	active	followup-78-locks.tsv	The lock-skipping return requires requestCounter==10, but this isolated test issues one Request and ProviderClient's hasReauthenticated guard permits only one retry after401. Thus the counter reaches at most2 with the current implementation; the reported missing-unlock branch is an unreachable regression guard, not a current deadlock path. Follow-up: Would require request/retry callback cardinality proof; intentionally no loop-count argument added.
53	threatexpert/gonc	e14bc6b97efc2150c4e0bbb2bdc89f8548e28fa6	lockorder	netx/UDPConn.go:118:4	lockorder/recursive-acquire	false-positive	stable-receiver-guard	active	followup-78-locks.tsv	Each Read loop iteration locks and unlocks under the same supportRebuild flag, with a separate unlock on the nil-connection return. The flag is not mutated in Read and its sole in-repository setter is before the reader starts. The reported repeated acquire combines incompatible flag values across matching guards. Follow-up: Needs stable field correlation across Read and launch lifecycle; no assumption receiver fields cannot change concurrently.
53	tidwall/uhaha	5ea77162763891837176b90e111fcac74678143e	lockorder	uhaha.go:4200:8	lockorder/recursive-acquire	false-positive	correlated-sentinel-lock-state	active	followup-78-locks.tsv	The watcher initially holds sufmu while suffrage==-1. First observed state skips Lock, unlocks, then updates suffrage; later changes lock only when suffrage!=-1, when no prior lock remains held. Failed/no-change iterations preserve that invariant. The reported recursion combines incompatible sentinel and ownership states. Follow-up: Needs sentinel value and mutex-state invariant across nested loops; no sentinel-name/value exemption added.
54	ozontech/file.d	5379bc2005906fde3aa0a05f6bf574dcd7111404	lockorder	plugin/input/file/provider.go:581:2	lockorder/contradictory-order	false-positive	fresh-object-publication	active	followup-78-locks.tsv	The reverse jobsMu-to-job.mu edge in addJob concerns a fresh Job not available to other workers until tryResumeJobAndUnlock first unlocks it and sends it on jobsChan. The map remains protected by jobsMu until then. snapshotJobs also releases jobsMu before locking jobs. The apparent cycle conflates initialization with concurrent use. Follow-up: Needs fresh job identity until release and publication; type-level identity is insufficient.
54	refraction-networking/utls	23b1dac19c06c51e278468e29ac329eec605a31f	lockorder	u_conn.go:376:10	lockorder/contradictory-order	false-positive	protocol-serialized-lock-order	active	followup-78-locks.tsv	Witness reacquires handshakeMutex through QUIC-only quicWaitForSignal while in held. QUIC wrapper keeps conn private, starts handshake at most once, and synchronizes nonconcurrent exported operations via blockedc/signalc; no second handshake can take reverse order on same connection. TCP connections skip quic branch. Follow-up: Needs QUIC connection privacy, handshake state, and channel-protocol ordering; deferred acquisition fix does not establish these relationships.
55	gopcua/opcua	2b3714ccc8425190dbff8f7b2fa8c1bcb5152c2c	lockorder	uasc/secure_channel.go:865:9	lockorder/contradictory-order	false-positive	fresh-object-publication	active	followup-78-locks.tsv	renew holds the old channelInstance mutex before openingMu. The inverse open-to-sendAsync chain locks a freshly allocated openingInstance, not that old instance; its first send lock is released before the response publishes it as active. Type-level instance merging invents this cycle. Follow-up: Needs distinction between old and fresh channel instances through helper calls and publication.
55	hashicorp/yamux	ccd743982369f0799070e0a8fa24211830a24685	lockorder	stream.go:441:3	lockorder/contradictory-order	false-positive	join-before-reverse-order	active	followup-78-locks.tsv	processFlags stateLock-to-session.streamLock runs only under recvLoop. Reverse order Session.Close streamLock-to-forceClose.stateLock occurs after receiving recvDoneCh, closed by recvLoop's defer, so both acquisition orders cannot overlap for same session. Follow-up: Needs completion-to-order correlation proving the reverse acquisition follows recvLoop termination.
55	pion/dtls	05e47ce632b71d7af3d334fde49b65a24413bb4f	lockorder	conn_go_test.go:118:12	lockorder/contradictory-order	false-positive	distinct-receiver-instances	active	followup-78-locks.tsv	Test holds client.writeLock then calls server.Read on a distinct peer connection; receiver-type merging conflates their lock identities. Moreover server handshake already completed, so HandshakeContext returns after handshakeMutex before writeLock path. Pinned replay related locations confirmed chain. Follow-up: Needs caller-bound client/server identity and handshake state; class-level matching cannot establish one shared connection.
55	WireGuard/wireguard-go	ecfc5a8d54462e18e13c72173e2623d16d8e25a0	lockorder	device/device.go:239:2	lockorder/contradictory-order	false-positive	contextual-lock-identity	active	followup-78-locks.tsv	Concrete SetPrivateKey call from IpcSetOperation is serialized by exclusive ipcMutex with upLocked's peers-R to staticIdentity-R chain. Exported helper misuse by external callers is not claimed safe; reported in-repo inverse edges cannot overlap. Follow-up: Needs same-object exclusive caller guard or per-peer identity. Exported helper contracts outside in-repository callers remain unknown.
55	WireGuard/wireguard-go	ecfc5a8d54462e18e13c72173e2623d16d8e25a0	lockorder	device/device.go:462:2	lockorder/contradictory-order	false-positive	contextual-lock-identity	active	followup-78-locks.tsv	Concrete BindSetMark call from IpcSetOperation and inverse upLocked SendKeepalive chain both hold exclusive ipcMutex. Exported helper broader caller contract remains unproven; actual in-repo paths are serialized. Follow-up: Needs same-object exclusive caller guard or per-peer identity. Exported helper contracts outside in-repository callers remain unknown.
55	WireGuard/wireguard-go	ecfc5a8d54462e18e13c72173e2623d16d8e25a0	lockorder	device/peer.go:194:2	lockorder/contradictory-order	false-positive	contextual-lock-identity	active	followup-78-locks.tsv	SetPrivateKey RLocks all peers but explicitly RUnlocks the exact peer before removePeerLocked invokes its Stop/state lock, then RLocks afterward. The retained handshake read locks belong to other peers, not this target's Start/Stop state. Follow-up: Needs same-object exclusive caller guard or per-peer identity. Exported helper contracts outside in-repository callers remain unknown.
51	clawkwork/clawk	a67d04f102152a67df4228d52da9812aa82ffe50	goroutineownership	internal/cli/reverse_forward.go:174:2	goroutineownership/unjoined	false-positive	transport-shutdown-completion	active	followup-78-goroutines.tsv	serveControl read worker consumes bufio.Reader wrapping exact conn (revfwd.NewReader); caller handle defers conn.Close and installs context-triggered Close, so every return/shutdown unblocks the read and permits gone closure. Re-review: Needs exact cross-object/cross-helper transport shutdown and progress evidence; a Close name or finite timeout is not modeled as a generic join. https://github.com/clawkwork/clawk/blob/a67d04f102152a67df4228d52da9812aa82ffe50/internal/cli/reverse_forward.go#L174 Follow-up: Canonical baseline and final all-check/test-source replay both retain this report. No new timing, framework, name-based, or process-lifetime exception was added; the unresolved family assessment is recorded in followup-78-goroutines.md.
51	clawkwork/clawk	a67d04f102152a67df4228d52da9812aa82ffe50	goroutineownership	internal/cli/serial_proxy.go:182:2	goroutineownership/unjoined	false-positive	transport-shutdown-completion	active	followup-78-goroutines.tsv	serveControl read worker consumes bufio.Reader wrapping exact conn (serialfwd.NewReader); caller handle defers conn.Close and installs context-triggered Close, so every return/shutdown unblocks the read and permits gone closure. Re-review: Needs exact cross-object/cross-helper transport shutdown and progress evidence; a Close name or finite timeout is not modeled as a generic join. https://github.com/clawkwork/clawk/blob/a67d04f102152a67df4228d52da9812aa82ffe50/internal/cli/serial_proxy.go#L182 Follow-up: Canonical baseline and final all-check/test-source replay both retain this report. No new timing, framework, name-based, or process-lifetime exception was added; the unresolved family assessment is recorded in followup-78-goroutines.md.
51	inguardians/peirates	054aee1453b3e3d2779d2ebe0fd888fef8a4e224	goroutineownership	internal/modules/dockersocket/dockersocket_linux_test.go:218:3	goroutineownership/unjoined	false-positive	transport-shutdown-completion	active	followup-78-goroutines.tsv	Input worker copies only from net.Conn; parent defers connection.Close on all paths, including either timeout, unblocking the read and letting worker close inputDone. Missing explicit receive on timeout is not abandoned work. Re-review: Needs exact cross-object/cross-helper transport shutdown and progress evidence; a Close name or finite timeout is not modeled as a generic join. https://github.com/inguardians/peirates/blob/054aee1453b3e3d2779d2ebe0fd888fef8a4e224/internal/modules/dockersocket/dockersocket_linux_test.go#L218 Follow-up: Canonical baseline and final all-check/test-source replay both retain this report. No new timing, framework, name-based, or process-lifetime exception was added; the unresolved family assessment is recorded in followup-78-goroutines.md.
51	Shopify/ghostferry	317547432f785fb77a0d10fbca12d8af40e39fd3	goroutineownership	ferry.go:728:3	goroutineownership/unjoined	false-positive	stable-field-guard-correlation	active	followup-78-goroutines.tsv	The same private inlineVerifier!=nil condition guards both the worker launch and the later stopInlineVerifier plus inlineVerifierWg.Wait. The field is initialized before Run and never assigned within it; every launched verifier is joined before cutover. Re-review: Needs correlation between the same stable receiver-field guard at launch and at join; no field-name exemption added. https://github.com/Shopify/ghostferry/blob/317547432f785fb77a0d10fbca12d8af40e39fd3/ferry.go#L728 Follow-up: Canonical baseline and final all-check/test-source replay both retain this report. No new timing, framework, name-based, or process-lifetime exception was added; the unresolved family assessment is recorded in followup-78-goroutines.md.
52	bitrise-io/bitrise	58117d1bea7455d04e74121d68b5d8b7a8a51313	goroutineownership	cli/purr/cmd.go:137:4	goroutineownership/unjoined	false-positive	process-lifetime-worker	active	followup-78-goroutines.tsv	CLI deliberately starts a process-lifetime terminal keypress reader while timer/context may end animation first; nearby comment explicitly documents that read may outlive runPurr until CLI exit. A completion notification is not proof this optional input watcher must be joined; joining would defeat timed command exit. Re-review: Needs explicit call-site process-termination proof; finite CLI lifetime is not a generic analyzer exemption. https://github.com/bitrise-io/bitrise/blob/58117d1bea7455d04e74121d68b5d8b7a8a51313/cli/purr/cmd.go#L137 Follow-up: Canonical baseline and final all-check/test-source replay both retain this report. No new timing, framework, name-based, or process-lifetime exception was added; the unresolved family assessment is recorded in followup-78-goroutines.md.
52	ConduitIO/conduit	9946a19b9fff997675f78bbc5ff437e760d39f4f	goroutineownership	pkg/lifecycle/stream/parallel.go:99:2	goroutineownership/unjoined	false-positive	alternative-completion	active	followup-78-goroutines.tsv	Waiter only waits workerWg then closes workersDone; deferred parent cleanup independently waits same workerWg, so waiter completes without requiring channel receiver or retained join. Re-review: Needs proof that a second completion event covers all actual worker work; unrelated Done/Wait operations are not interchangeable. https://github.com/ConduitIO/conduit/blob/9946a19b9fff997675f78bbc5ff437e760d39f4f/pkg/lifecycle/stream/parallel.go#L99 Follow-up: Canonical baseline and final all-check/test-source replay both retain this report. No new timing, framework, name-based, or process-lifetime exception was added; the unresolved family assessment is recorded in followup-78-goroutines.md.
52	kadeessh/kadeessh	e573bd46b851aa438794e3776cfd47e0e6da20a8	goroutineownership	internal/ssh/server_test.go:102:2	goroutineownership/unjoined	false-positive	transitive-completion	active	followup-78-goroutines.tsv	TestServerClose intentionally uses100ms timeout as failing-test watchdog; normal shutdown branch receives clientDoneChan. Server.Close closes actual client connections then closeDoneChan releases worker; worker defers session cleanup and completion. Timeout avoids hanging the test under broken shutdown rather than proving abandoned production work. Re-review: Needs transitive participant/completion or helper-owner evidence beyond the local tracked channel; no blanket framework exemption added. https://github.com/kadeessh/kadeessh/blob/e573bd46b851aa438794e3776cfd47e0e6da20a8/internal/ssh/server_test.go#L102 Follow-up: Canonical baseline and final all-check/test-source replay both retain this report. No new timing, framework, name-based, or process-lifetime exception was added; the unresolved family assessment is recorded in followup-78-goroutines.md.
52	mutagen-io/mutagen	6ccfeaaf4dfd261e59ef9aac56e3c157b62e605b	goroutineownership	pkg/integration/protocols/netpipe/synchronization.go:69:2	goroutineownership/unjoined	false-positive	transitive-completion	active	followup-78-goroutines.tsv	Returned waitingSynchronizationEndpoint owns the exact done receive and closes client before waiting during Shutdown. NewEndpoint failure closes the client stream, terminating paired net.Pipe server worker; opaque returned-owner lifecycle is missed. Re-review: Needs transitive participant/completion or helper-owner evidence beyond the local tracked channel; no blanket framework exemption added. https://github.com/mutagen-io/mutagen/blob/6ccfeaaf4dfd261e59ef9aac56e3c157b62e605b/pkg/integration/protocols/netpipe/synchronization.go#L69 Follow-up: Canonical baseline and final all-check/test-source replay both retain this report. No new timing, framework, name-based, or process-lifetime exception was added; the unresolved family assessment is recorded in followup-78-goroutines.md.
52	yandex-cloud/k8s-csi-s3	cd2d29f0e655e30812c75fa5fb4c212cc04631b4	goroutineownership	pkg/s3/client.go:147:2	goroutineownership/unjoined	false-positive	transitive-completion	active	followup-78-goroutines.tsv	objectsCh is passed to minio v7.0.100 RemoveObjects and caller drains its result channel; dependency ranges input before closing result. Client context is Background. Early listErr return occurs only after worker assigned error and is itself returning; invalid bucket also makes ListObjects return an error without object sends. Separate listErr data race is not evidence of unjoined-worker lifecycle bug. Re-review: Needs transitive participant/completion or helper-owner evidence beyond the local tracked channel; no blanket framework exemption added. https://github.com/yandex-cloud/k8s-csi-s3/blob/cd2d29f0e655e30812c75fa5fb4c212cc04631b4/pkg/s3/client.go#L147 Follow-up: Canonical baseline and final all-check/test-source replay both retain this report. No new timing, framework, name-based, or process-lifetime exception was added; the unresolved family assessment is recorded in followup-78-goroutines.md.
52	zmap/zgrab2	a1231792c51576f1818825fae51db042b4dcd41e	goroutineownership	lib/http2/transport_test.go:5914:2	goroutineownership/unjoined	false-positive	transport-shutdown-completion	active	followup-78-goroutines.tsv	Worker performs one io.Pipe write then closes pipe and completion channel. RoundTrip consumes request body, or cleanupWriteRequest closes that exact reader on unsupported-connect/error; either releases writer. Supported case reads full echoed body. Unused explicit done channel is not a leaking worker. Re-review: Needs exact cross-object/cross-helper transport shutdown and progress evidence; a Close name or finite timeout is not modeled as a generic join. https://github.com/zmap/zgrab2/blob/a1231792c51576f1818825fae51db042b4dcd41e/lib/http2/transport_test.go#L5914 Follow-up: Canonical baseline and final all-check/test-source replay both retain this report. No new timing, framework, name-based, or process-lifetime exception was added; the unresolved family assessment is recorded in followup-78-goroutines.md.
52	zmap/zgrab2	a1231792c51576f1818825fae51db042b4dcd41e	goroutineownership	lib/http2/transport_test.go:5950:2	goroutineownership/unjoined	false-positive	transport-shutdown-completion	active	followup-78-goroutines.tsv	Worker performs one io.Pipe write then closes pipe and completion channel. RoundTrip consumes request body, or cleanupWriteRequest closes that exact reader on unsupported-connect/error; either releases writer. Supported case reads full echoed body. Unused explicit done channel is not a leaking worker. Re-review: Needs exact cross-object/cross-helper transport shutdown and progress evidence; a Close name or finite timeout is not modeled as a generic join. https://github.com/zmap/zgrab2/blob/a1231792c51576f1818825fae51db042b4dcd41e/lib/http2/transport_test.go#L5950 Follow-up: Canonical baseline and final all-check/test-source replay both retain this report. No new timing, framework, name-based, or process-lifetime exception was added; the unresolved family assessment is recorded in followup-78-goroutines.md.
53	containerd/ttrpc	9e62ff76048c2565d85b243f70adc66aeea73290	goroutineownership	stream_full_test.go:209:2	goroutineownership/unjoined	false-positive	transport-shutdown-completion	active	followup-78-goroutines.tsv	The test defers newTestClient's exact connection/client cleanup and server.Close. Closing that transport unblocks the finite worker's SendMsg with an error, which breaks its loop and closes sendDone. The unused completion channel is not proof of an abandoned network writer. Re-review: Needs exact cross-object/cross-helper transport shutdown and progress evidence; a Close name or finite timeout is not modeled as a generic join. https://github.com/containerd/ttrpc/blob/9e62ff76048c2565d85b243f70adc66aeea73290/stream_full_test.go#L209 Follow-up: Canonical baseline and final all-check/test-source replay both retain this report. No new timing, framework, name-based, or process-lifetime exception was added; the unresolved family assessment is recorded in followup-78-goroutines.md.
53	threatexpert/gonc	e14bc6b97efc2150c4e0bbb2bdc89f8548e28fa6	goroutineownership	easyp2p/p2p.go:1467:5	goroutineownership/unjoined	false-positive	transport-shutdown-completion	active	followup-78-goroutines.tsv	The nested punch attempt closes every exact UDP socket before returning, unblocking its readers; workers also have fixed deadlines, and their result sends select on the round context canceled by the enclosing function. The unused wg does not establish indefinite abandonment of this bounded canceled socket lifecycle. Re-review: Needs exact cross-object/cross-helper transport shutdown and progress evidence; a Close name or finite timeout is not modeled as a generic join. https://github.com/threatexpert/gonc/blob/e14bc6b97efc2150c4e0bbb2bdc89f8548e28fa6/easyp2p/p2p.go#L1467 Follow-up: Canonical baseline and final all-check/test-source replay both retain this report. No new timing, framework, name-based, or process-lifetime exception was added; the unresolved family assessment is recorded in followup-78-goroutines.md.
53	zkep/my-geektime	a614af742806cfb10f84598c71c0dd668e96549b	goroutineownership	libs/m3u8/downloader.go:249:3	goroutineownership/unjoined	false-positive	cancellation-bound-worker	active	followup-78-goroutines.tsv	The early return is on exact d.ctx cancellation, and every HTTP operation in downloadSegment uses d.ctx; back only appends under a mutex. Each launched worker has its limitChan token supplied before the parent's next cancellation check. Workers have cancellation-bounded I/O and matching token release; no indefinitely abandoned wait obligation is established. Re-review: Requires exact opaque/helper or receiver-stored context cancellation and worker progress evidence; later local cancellation alone does not cover arbitrary I/O. https://github.com/zkep/my-geektime/blob/a614af742806cfb10f84598c71c0dd668e96549b/libs/m3u8/downloader.go#L249 Follow-up: Canonical baseline and final all-check/test-source replay both retain this report. No new timing, framework, name-based, or process-lifetime exception was added; the unresolved family assessment is recorded in followup-78-goroutines.md.
55	abshkbh/arrakis	877231496acbf3b3091ab33340d2d126a251c4d5	goroutineownership	cmd/vsockclient/main.go:58:2	goroutineownership/unjoined	false-positive	transport-shutdown-completion	active	followup-78-goroutines.tsv	Parent installs defer conn.Close immediately after exact net.Dial; reader worker only blocks in bufio.ReadString over that same connection. Parent return closes it and releases worker, which then closes done; missing explicit receive is not abandonment. Re-review: Needs exact cross-object/cross-helper transport shutdown and progress evidence; a Close name or finite timeout is not modeled as a generic join. https://github.com/abshkbh/arrakis/blob/877231496acbf3b3091ab33340d2d126a251c4d5/cmd/vsockclient/main.go#L58 Follow-up: Canonical baseline and final all-check/test-source replay both retain this report. No new timing, framework, name-based, or process-lifetime exception was added; the unresolved family assessment is recorded in followup-78-goroutines.md.
55	HM2899/grokcli-2api	33a106d902d7627d1cdbc3359768a029112ea808	goroutineownership	internal/proxy/chat_test.go:1086:2	goroutineownership/unjoined	false-positive	transport-shutdown-completion	active	followup-78-goroutines.tsv	Intentional finite delayed pipe producer tests return before remote close. Short mode closes pw; normal hollow timeout guard closes pumped reader, releasing writes, then worker finishes bounded sleep and Close. Test explicitly discards done because waiting would defeat return-latency assertion; no indefinitely abandoned blocking operation. Re-review: Needs exact cross-object/cross-helper transport shutdown and progress evidence; a Close name or finite timeout is not modeled as a generic join. https://github.com/HM2899/grokcli-2api/blob/33a106d902d7627d1cdbc3359768a029112ea808/internal/proxy/chat_test.go#L1086 Follow-up: Canonical baseline and final all-check/test-source replay both retain this report. No new timing, framework, name-based, or process-lifetime exception was added; the unresolved family assessment is recorded in followup-78-goroutines.md.
55	snyk/driftctl	70717f651c7b951b7e061620666143978dc18068	goroutineownership	main.go:55:3	goroutineownership/unjoined	false-positive	process-lifetime-worker	active	followup-78-goroutines.tsv	The only caller evaluates run as the argument to os.Exit; error returns abandon the optional version notification only at immediate process termination, while success explicitly receives it. Re-review: Needs explicit call-site process-termination proof; finite CLI lifetime is not a generic analyzer exemption. https://github.com/snyk/driftctl/blob/70717f651c7b951b7e061620666143978dc18068/main.go#L55 Follow-up: Canonical baseline and final all-check/test-source replay both retain this report. No new timing, framework, name-based, or process-lifetime exception was added; the unresolved family assessment is recorded in followup-78-goroutines.md.
52	sigstore/rekor	58b4638edf2c4f82c84a914cfbc4d0fc871035ae	cancellationownership	cmd/copy-index/main.go:145:12	cancellationownership/release	false-positive	process-lifetime-signal-registration	active	followup-78-process-cancel.tsv	doCopy creates one command-wide signal context and is invoked once as main's final operation at 105; error exits through Fatal and success ends main at 110. There is no later operation requiring signal-handler restoration. Re-review: Needs complete command boundary/caller proof; a main/helper name must not waive NotifyContext stop obligations. https://github.com/sigstore/rekor/blob/58b4638edf2c4f82c84a914cfbc4d0fc871035ae/cmd/copy-index/main.go#L145 This follow-up adds no timing, process-lifetime, constructor-name or callback-intent exemption.
53	raskrebs/sonar	9c963b8447d6ca08dd4a3c0bc6c0bf27527cd793	processownership	internal/spawn/spawn.go:187:12	processownership/missing-wait	false-positive	constant-helper-error-result	active	followup-78-process-cancel.tsv	In the scanned Linux build adopt is unconditionally nil (spawn_unix.go27), so the postStart failure return is infeasible; every started cmd transfers into returned Handle whose Wait delegates to cmd.Wait. Windows differs and is not this scan target. Re-review: Needs exact callee return feasibility for build-selected no-op adopt; no GOOS/name special case. https://github.com/raskrebs/sonar/blob/9c963b8447d6ca08dd4a3c0bc6c0bf27527cd793/internal/spawn/spawn.go#L187 This follow-up adds no timing, process-lifetime, constructor-name or callback-intent exemption.
52	sigstore/rekor	58b4638edf2c4f82c84a914cfbc4d0fc871035ae	cancellationownership	cmd/cleanup-index/main.go:99:12	cancellationownership/release	false-positive	process-lifetime-signal-registration	active	followup-78-process-cancel.tsv	main registers its sole signal context for the remaining batchQueryAndDelete command; error exits via Fatal and success ends main. Registration deliberately lasts until unconditional process termination, not a recurring lifecycle. Re-review: Needs complete command boundary/caller proof; a main/helper name must not waive NotifyContext stop obligations. https://github.com/sigstore/rekor/blob/58b4638edf2c4f82c84a914cfbc4d0fc871035ae/cmd/cleanup-index/main.go#L99 This follow-up adds no timing, process-lifetime, constructor-name or callback-intent exemption.
52	chrislusf/gleam	8b4ae277059f30322db71de5e0473a4351bf9f8d	cancellationownership	util/context.go:8:17	cancellationownership/release	false-positive	context-done-branch	active	followup-78-process-cancel.tsv	Child is canceled on execution completion; the only other return receives child Done, which can only be caused by parent cancellation here. Parent cancellation already releases this plain WithCancel child; no timer is retained. Re-review: Needs branch-specific proof that selecting this exact child Done has already discharged cancellation. https://github.com/chrislusf/gleam/blob/8b4ae277059f30322db71de5e0473a4351bf9f8d/util/context.go#L8 This follow-up adds no timing, process-lifetime, constructor-name or callback-intent exemption.
52	sigstore/rekor	58b4638edf2c4f82c84a914cfbc4d0fc871035ae	cancellationownership	cmd/backfill-index/main.go:242:12	cancellationownership/release	false-positive	process-lifetime-signal-registration	active	followup-78-process-cancel.tsv	populate registers one command-wide signal context and is called once as main's final operation at 200; error is Fatal and success immediately ends main at 204. No repeated registration or post-command signal restoration lifecycle exists. Re-review: Needs complete command boundary/caller proof; a main/helper name must not waive NotifyContext stop obligations. https://github.com/sigstore/rekor/blob/58b4638edf2c4f82c84a914cfbc4d0fc871035ae/cmd/backfill-index/main.go#L242 This follow-up adds no timing, process-lifetime, constructor-name or callback-intent exemption.
53	threatexpert/gonc	e14bc6b97efc2150c4e0bbb2bdc89f8548e28fa6	processownership	apps/nc.go:3171:14	processownership/missing-wait	false-positive	correlated-command-identity	active	followup-78-process-cancel.tsv	After this successful Start, cmd is never reassigned and every subsequent normal return passes the final cmd!=nil branch calling Kill and Wait. Nil cmd is possible only on alternative branches that never launch this command; merged branch identity loses that correlation. Re-review: Needs acquisition-success/merged-command and guard correlation; possible identity cannot prove a guaranteed Wait. https://github.com/threatexpert/gonc/blob/e14bc6b97efc2150c4e0bbb2bdc89f8548e28fa6/apps/nc.go#L3171 This follow-up adds no timing, process-lifetime, constructor-name or callback-intent exemption.
51	trzsz/trzsz-ssh	d5284bf23158bdec076087bf9f41e034d70e741c	processownership	tssh/main.go:74:13	processownership/missing-wait	false-positive	detached-process-protocol	active	followup-78-process-cancel.tsv	The !monitor branch intentionally launches the background replacement process and reports parent=true; TsshMain immediately returns0, letting the CLI parent exit. The monitor branch waits because it restarts exited children. Treating the deliberate parent-exit handoff as a missed monitor wait conflates two lifecycles. Re-review: Needs explicit process-boundary/daemon handoff contract across callers, distinct from partial-wait defects; no CLI-name exemption. https://github.com/trzsz/trzsz-ssh/blob/d5284bf23158bdec076087bf9f41e034d70e741c/tssh/main.go#L74 This follow-up adds no timing, process-lifetime, constructor-name or callback-intent exemption.
52	mutagen-io/mutagen	6ccfeaaf4dfd261e59ef9aac56e3c157b62e605b	processownership	pkg/agent/dial.go:118:11	processownership/missing-wait	false-positive	prestart-process-owner	active	followup-78-process-cancel.tsv	Pre-Start transport.NewStream stores exact command in Stream.process. All handshake failure paths call stream.Close, whose goroutine calls process.Wait and is received; success returns the owning stream. Re-review: Needs pre-Start returned-owner consumption through handshake cleanup and success return; no arbitrary constructor-name exemption. https://github.com/mutagen-io/mutagen/blob/6ccfeaaf4dfd261e59ef9aac56e3c157b62e605b/pkg/agent/dial.go#L118 This follow-up adds no timing, process-lifetime, constructor-name or callback-intent exemption.
55	go-dev-frame/sponge	beef9eecdc5e2dc6b1358f130d8e9133771c277b	cancellationownership	pkg/app/app_test.go:80:12	cancellationownership/release	false-positive	expired-timer	active	followup-78-process-cancel.tsv	The 100ms timeout is followed on every post-acquisition path by a mandatory one-second sleep after watch, so its deadline has expired before return; no remaining cancellation obligation. Re-review: Needs temporal proof of expiry on every return; no duration/sleep heuristic added. https://github.com/go-dev-frame/sponge/blob/beef9eecdc5e2dc6b1358f130d8e9133771c277b/pkg/app/app_test.go#L80 This follow-up adds no timing, process-lifetime, constructor-name or callback-intent exemption.
54	rykov/paperboy	74c8851098cb400fd26083d3c2b4ac91e6fba244	deferinloop	parser/parse_frontmatter_test.go:155:3	deferinloop/cleanup-lifetime	false-positive	singleton-loop	active	followup-78-misc.tsv	The benchmark setup table contains exactly one file, so the opening loop cannot accumulate deferred closes across iterations. Its descriptor remains bounded until benchmark return; this is not the repeated-acquisition pattern claimed. Follow-up: Needs exact iteration cardinality; intentionally no loop-count argument added. Original review retained. Producer experiment was rejected and reverted; other analyzers receive no changes from this experiment.
54	six-ddc/plow	996bf688fdc4b28fb5067a6e86d60031e5127e63	channelsafety	requester.go:53:3	channelsafety/send-after-close	false-positive	deliberately-recovered-panic	active	followup-78-misc.tsv	init intentionally triggers closed-channel send under dominating deferred recover to capture runtime panic sentinel; sentinel is later used to recognize shutdown sends and the probe panic never escapes. Follow-up: Recover bounds panic propagation but does not by itself prove an intentional probe; no blanket recover exemption added. Original review retained. Producer experiment was rejected and reverted; other analyzers receive no changes from this experiment.
54	dimonomid/nerdlog	e7f0af71653c84bd11ba2063bc9cd0fa9e05b8f9	deferinloop	util/sysloggen/generate_syslog.go:477:4	deferinloop/cleanup-lifetime	false-positive	single-execution-guard	active	followup-78-misc.tsv	The defer is guarded by numLogFile==0 and that branch increments it; this second-file rotation runs at most once, not once per log iteration. Follow-up: Needs monotone counter guard proof; no loop-count argument added. Original review retained. Producer experiment was rejected and reverted; other analyzers receive no changes from this experiment.
54	D00Movenok/BounceBack	029c9d4fe55c59b1e772b9b394c573a14ed58bb5	deferinloop	internal/proxy/base/proxy.go:155:3	deferinloop/cleanup-lifetime	false-positive	private-completion-gates	active	followup-78-misc.tsv	Each local mutex corresponds to one preparation worker, which unlocks it once and never reacquires it. RunFilters locks each distinct completed-worker mutex once; retaining these private locks until return blocks no remaining participant. Follow-up: Needs ownership and remaining-participant proof for each dynamically indexed gate; no blanket mutex-defer exemption. Original review retained. Producer experiment was rejected and reverted; other analyzers receive no changes from this experiment.
51	slok/sloth	8a3be4fab79defa4448d09d91b48422615980b05	deferinloop	cmd/sloth/commands/generate.go:204:4	deferinloop/cleanup-lifetime	false-positive	collective-resource-lifetime	active	followup-78-misc.tsv	Output files are intentionally retained in genTargets.Out at 209-212 and written by the later generation loop at 241-262; closing per discovery iteration would break use, so function-scoped deferred Close matches their actual lifetime. Follow-up: Nested collection loop can take a zero-iteration path in current flow; general aggregate unknown improves the classifier but this site still needs feasible ownership-path evidence. Original review retained. Producer experiment was rejected and reverted; other analyzers receive no changes from this experiment.
55	snyk/driftctl	70717f651c7b951b7e061620666143978dc18068	concurrentcapture	enumeration/remote/cache/cache_test.go:147:5	concurrentcapture/shared-capture	false-positive	keyed-lock-identity	active	followup-78-misc.tsv	Every worker uses the same key with GetAndLock; LoadOrStore selects the same key mutex and deferred Unlock encloses missCount increment, serializing this counter. Follow-up: Needs exact LoadOrStore key-to-mutex identity through helper summaries; names GetAndLock/Unlock are not proof. Original review retained. Producer experiment was rejected and reverted; other analyzers receive no changes from this experiment.
55	clusternet/clusternet	bcf6d64e48a463f7eb5d42395c63641ee6735b20	concurrentcapture	pkg/controllermanager/approver/approver.go:467:5	concurrentcapture/shared-capture	false-positive	bounded-worker-cardinality	active	followup-78-misc.tsv	defaultClusterRoles returns exactly one role. Each phase launches one writer to local allErrs and Wait completes before the next phase or read; there are no concurrent slice writers. Follow-up: Needs callee-returned collection cardinality with phase joins; no loop-count argument or function-name exception added. Original review retained. Producer experiment was rejected and reverted; other analyzers receive no changes from this experiment.
55	clusternet/clusternet	bcf6d64e48a463f7eb5d42395c63641ee6735b20	concurrentcapture	pkg/controllermanager/approver/approver.go:497:5	concurrentcapture/shared-capture	false-positive	bounded-worker-cardinality	active	followup-78-misc.tsv	The binding phase ranges the same one-element defaultClusterRoles result after the prior phase's Wait; one worker writes allErrs and the parent reads only after Wait. Follow-up: Needs callee-returned collection cardinality with phase joins; no loop-count argument or function-name exception added. Original review retained. Producer experiment was rejected and reverted; other analyzers receive no changes from this experiment.
55	clusternet/clusternet	bcf6d64e48a463f7eb5d42395c63641ee6735b20	concurrentcapture	pkg/controllermanager/approver/approver.go:518:5	concurrentcapture/shared-capture	false-positive	bounded-worker-cardinality	active	followup-78-misc.tsv	defaultRoles returns exactly one role; this phase has one allErrs writer and waits before reading or launching the next phase. Follow-up: Needs callee-returned collection cardinality with phase joins; no loop-count argument or function-name exception added. Original review retained. Producer experiment was rejected and reverted; other analyzers receive no changes from this experiment.
55	clusternet/clusternet	bcf6d64e48a463f7eb5d42395c63641ee6735b20	concurrentcapture	pkg/controllermanager/approver/approver.go:551:5	concurrentcapture/shared-capture	false-positive	bounded-worker-cardinality	active	followup-78-misc.tsv	defaultRoles has one element and additionalRoles returns an empty slice. This binding phase therefore launches one writer after the earlier Wait, not concurrent slice writers. Follow-up: Needs callee-returned collection cardinality with phase joins; no loop-count argument or function-name exception added. Original review retained. Producer experiment was rejected and reverted; other analyzers receive no changes from this experiment.
54	agola-io/agola	a5ca7877e3b77d38c6fd24a0f16d7267fc2dea12	producerlifecycle	cmd/agola/cmd/serve.go:167:15	producerlifecycle/abandoned-send	false-positive	service-return-feasibility	active	followup-78-misc.tsv	Exact context.Background reaches service Run that only returns on ctx.Done; retries handle internal errors without returning, so this completion send is unreachable during normal execution. Re-review: Needs exact Background context service termination and process-exit caller proof; unconditional opaque service calls are not assumed to return. https://github.com/agola-io/agola/blob/a5ca7877e3b77d38c6fd24a0f16d7267fc2dea12/cmd/agola/cmd/serve.go#L167 Rejected experiment: complete-worker summaries suppressed this report but lost all 26 baseline-detected producer controls. Production behavior was restored; this site remains unresolved.
54	agola-io/agola	a5ca7877e3b77d38c6fd24a0f16d7267fc2dea12	producerlifecycle	cmd/agola/cmd/serve.go:170:15	producerlifecycle/abandoned-send	false-positive	service-return-feasibility	active	followup-78-misc.tsv	Under exact Background context, service returns only startup/listener errors; serve returns received error directly to sole Cobra caller, which terminates via zerolog Fatal.Send. No continuing abandoned producer lifecycle. Re-review: Needs exact Background context service termination and process-exit caller proof; unconditional opaque service calls are not assumed to return. https://github.com/agola-io/agola/blob/a5ca7877e3b77d38c6fd24a0f16d7267fc2dea12/cmd/agola/cmd/serve.go#L170 Rejected experiment: complete-worker summaries suppressed this report but lost all 26 baseline-detected producer controls. Production behavior was restored; this site remains unresolved.
54	agola-io/agola	a5ca7877e3b77d38c6fd24a0f16d7267fc2dea12	producerlifecycle	cmd/agola/cmd/serve.go:173:15	producerlifecycle/abandoned-send	false-positive	service-return-feasibility	active	followup-78-misc.tsv	Exact context.Background reaches service Run that only returns on ctx.Done; retries handle internal errors without returning, so this completion send is unreachable during normal execution. Re-review: Needs exact Background context service termination and process-exit caller proof; unconditional opaque service calls are not assumed to return. https://github.com/agola-io/agola/blob/a5ca7877e3b77d38c6fd24a0f16d7267fc2dea12/cmd/agola/cmd/serve.go#L173 Rejected experiment: complete-worker summaries suppressed this report but lost all 26 baseline-detected producer controls. Production behavior was restored; this site remains unresolved.
54	agola-io/agola	a5ca7877e3b77d38c6fd24a0f16d7267fc2dea12	producerlifecycle	cmd/agola/cmd/serve.go:176:15	producerlifecycle/abandoned-send	false-positive	service-return-feasibility	active	followup-78-misc.tsv	Exact context.Background reaches service Run that only returns on ctx.Done; retries handle internal errors without returning, so this completion send is unreachable during normal execution. Re-review: Needs exact Background context service termination and process-exit caller proof; unconditional opaque service calls are not assumed to return. https://github.com/agola-io/agola/blob/a5ca7877e3b77d38c6fd24a0f16d7267fc2dea12/cmd/agola/cmd/serve.go#L176 Rejected experiment: complete-worker summaries suppressed this report but lost all 26 baseline-detected producer controls. Production behavior was restored; this site remains unresolved.
54	agola-io/agola	a5ca7877e3b77d38c6fd24a0f16d7267fc2dea12	producerlifecycle	cmd/agola/cmd/serve.go:179:15	producerlifecycle/abandoned-send	false-positive	service-return-feasibility	active	followup-78-misc.tsv	Exact context.Background reaches service Run that only returns on ctx.Done; retries handle internal errors without returning, so this completion send is unreachable during normal execution. Re-review: Needs exact Background context service termination and process-exit caller proof; unconditional opaque service calls are not assumed to return. https://github.com/agola-io/agola/blob/a5ca7877e3b77d38c6fd24a0f16d7267fc2dea12/cmd/agola/cmd/serve.go#L179 Rejected experiment: complete-worker summaries suppressed this report but lost all 26 baseline-detected producer controls. Production behavior was restored; this site remains unresolved.
54	agola-io/agola	a5ca7877e3b77d38c6fd24a0f16d7267fc2dea12	producerlifecycle	cmd/agola/cmd/serve.go:182:15	producerlifecycle/abandoned-send	false-positive	service-return-feasibility	active	followup-78-misc.tsv	Under exact Background context, service returns only startup/listener errors; serve returns received error directly to sole Cobra caller, which terminates via zerolog Fatal.Send. No continuing abandoned producer lifecycle. Re-review: Needs exact Background context service termination and process-exit caller proof; unconditional opaque service calls are not assumed to return. https://github.com/agola-io/agola/blob/a5ca7877e3b77d38c6fd24a0f16d7267fc2dea12/cmd/agola/cmd/serve.go#L182 Rejected experiment: complete-worker summaries suppressed this report but lost all 26 baseline-detected producer controls. Production behavior was restored; this site remains unresolved.
54	agola-io/agola	a5ca7877e3b77d38c6fd24a0f16d7267fc2dea12	producerlifecycle	cmd/agola/cmd/serve.go:185:15	producerlifecycle/abandoned-send	false-positive	service-return-feasibility	active	followup-78-misc.tsv	Under exact Background context, service returns only startup/listener errors; serve returns received error directly to sole Cobra caller, which terminates via zerolog Fatal.Send. No continuing abandoned producer lifecycle. Re-review: Needs exact Background context service termination and process-exit caller proof; unconditional opaque service calls are not assumed to return. https://github.com/agola-io/agola/blob/a5ca7877e3b77d38c6fd24a0f16d7267fc2dea12/cmd/agola/cmd/serve.go#L185 Rejected experiment: complete-worker summaries suppressed this report but lost all 26 baseline-detected producer controls. Production behavior was restored; this site remains unresolved.
51	obot-platform/nanobot	f809ba0d358d402f19b8911782374d6f875a449d	evalorder	pkg/config/load.go:192:38	evalorder/operand-mutation	false-positive	shared-map-header-json-contract	active	followup-78-misc.tsv	toMap initializes result as a nonnil map, and json.Marshal of types.Config produces an object; Unmarshal reuses that map, so a copied map header still observes populated entries regardless of operand read timing. Follow-up: Needs exact nonnil map and object-decoding contract; blanket pointer-mutation exemption would hide replaced headers. Original review retained. Producer experiment was rejected and reverted; other analyzers receive no changes from this experiment.
