# batch	repository	revision	analyzer	position	checks	status	family	evidence	replay
51	anyproto/any-sync	cb940c50bc987066b998d05cca16c9c9715cf4a2	goroutineownership	app/ocache/ocache_test.go:1144:4	goroutineownership/unjoined	verified-absent	factory-or-registry-signal	The worker only closes release. newLoadingCache load callback receives release at967 before Get worker sends getDone at976; test receives getDone at1151, causally ensuring close completed before continuing. Re-review: Helper-produced completion identity remains unknown rather than assuming an exclusive local receive owner. This is a precision narrowing, not a proof of eventual completion. https://github.com/anyproto/any-sync/blob/cb940c50bc987066b998d05cca16c9c9715cf4a2/app/ocache/ocache_test.go#L1144	.build/followup337-workers-final-contained/51-anyproto__any-sync-goroutineownership-app_ocache.json (exit0; absent; explicit checks; source 5a56fb4; sha256 3da9ce166dfd8dc72c3225dc1229298040ae27b04a394c49b2edcf7c3ca772a7)
51	awalterschulze/goderive	e80f08252f19466b4348366b638aa8c4b20c00f1	resourcelifetime	example/plugin/mem/mem.go:14:15	resourcelifetime/missing-release	retained-needs-proof	invalid-http-url	The request URL is always localhost:8080/user/... without http:// or https://. The ordinary default HTTP transport rejects that unsupported scheme, so the function returns on its request-error branch without acquiring a response body. The example has a malformed URL, not a feasible missing-body-close path as written. Reassessment: Retain unresolved: URL is invalid under the pinned default transport, but no broad URL/name exemption was added.	.build/followup337-resource-canonical/awalterschulze__goderive__cbfa819c44.json; present
51	bluesky-social/indigo	41278964ec8e3253e70d4e919dfb8e34211c543d	resourcelifetime	carstore/sqlite_store.go:181:15	resourcelifetime/missing-release	verified-absent	sql-transaction-parent	Rows are acquired through a statement prepared on exact local tx. Deferred tx.Rollback cancels that transaction context, closes active rows, and releases the transaction on all exits; database/sql Stmt.QueryContext propagates its transaction context to Rows. Follow-up: Present in c9b65a6 baseline and absent in successful corrected replay. This site-level absence does not establish coverage of the whole evidence family.	.build/followup337-resource-canonical/bluesky-social__indigo__c87ad6c982.json; absent; baseline=present
51	bluesky-social/indigo	41278964ec8e3253e70d4e919dfb8e34211c543d	resourcelifetime	carstore/sqlite_store.go:346:15	resourcelifetime/missing-release	verified-absent	sql-transaction-parent	ReadUserCar prepares its statement on local tx and defers tx.Rollback before querying. Rollback cancellation closes rows even on Scan/header/write early returns; the statement-to-transaction owner chain is missed. Follow-up: Present in c9b65a6 baseline and absent in successful corrected replay. This site-level absence does not establish coverage of the whole evidence family.	.build/followup337-resource-canonical/bluesky-social__indigo__c87ad6c982.json; absent; baseline=present
51	bluesky-social/indigo	41278964ec8e3253e70d4e919dfb8e34211c543d	resourcelifetime	carstore/sqlite_store.go:425:15	resourcelifetime/missing-release	verified-absent	sql-transaction-parent	HasUidCid query uses a statement prepared by the exact local transaction. Deferred tx.Rollback covers the single-row success and Scan-error exits and closes transaction-owned active rows. Follow-up: Present in c9b65a6 baseline and absent in successful corrected replay. This site-level absence does not establish coverage of the whole evidence family.	.build/followup337-resource-canonical/bluesky-social__indigo__c87ad6c982.json; absent; baseline=present
51	bluesky-social/indigo	41278964ec8e3253e70d4e919dfb8e34211c543d	resourcelifetime	carstore/sqlite_store.go:462:15	resourcelifetime/missing-release	verified-absent	sql-transaction-parent	getBlock defers rollback of the same transaction that prepares the querying statement; this cancels and closes its rows on Scan/decoding errors and success despite no explicit rows.Close. Follow-up: Present in c9b65a6 baseline and absent in successful corrected replay. This site-level absence does not establish coverage of the whole evidence family.	.build/followup337-resource-canonical/bluesky-social__indigo__c87ad6c982.json; absent; baseline=present
51	bluesky-social/indigo	41278964ec8e3253e70d4e919dfb8e34211c543d	resourcelifetime	carstore/sqlite_store.go:496:15	resourcelifetime/missing-release	verified-absent	sql-transaction-parent	getBlockSize query rows belong to the statement's exact local transaction; unconditional deferred tx.Rollback closes those active rows on all returns. A standalone DB statement would not establish this ownership. Follow-up: Present in c9b65a6 baseline and absent in successful corrected replay. This site-level absence does not establish coverage of the whole evidence family.	.build/followup337-resource-canonical/bluesky-social__indigo__c87ad6c982.json; absent; baseline=present
51	BurntSushi/wingo	33b154361587e65ec35d4499f1cc487835d0ab48	goroutineownership	event/ipc.go:132:2	goroutineownership/unjoined	verified-absent	per-item-close-not-completion	manageSubscriptions returns script containing all worker control channels; worker services ongoing subscriptions and lifecycle operations through that returned owner, not a local completion obligation. Re-review: Loop-local close no longer creates a worker-completion obligation; explicit local terminal completion controls remain checked. https://github.com/BurntSushi/wingo/blob/33b154361587e65ec35d4499f1cc487835d0ab48/event/ipc.go#L132	.build/followup337-workers-final-contained/51-BurntSushi__wingo-goroutineownership-event.json (exit0; absent; explicit checks; source 5a56fb4; sha256 3da9ce166dfd8dc72c3225dc1229298040ae27b04a394c49b2edcf7c3ca772a7)
51	byJoey/yx-tools	b75ed15eb7680e58c40f109f60e663cc93bca766	resourcelifetime	internal/app/export.go:60:16	resourcelifetime/missing-release	retained-needs-proof	correlated-error-or-guard	ReadCSV tries a fallback Open only when the first Open failed. A successful fallback assigns f=alt and err=nil; after the shared err check it defers f.Close, covering either successful acquisition. Failure branches have no acquired file. The error-correlated reassignment is missed. Reassessment: Retain unresolved: branch/error/flag correlation is not represented; no loop-count or whole-program feasibility expansion.	.build/followup337-resource-canonical/byJoey__yx-tools__5959262e9b.json; present
51	checkmake/checkmake	a413df2724416bbeebdc0132e589b10005840fd8	resourcelifetime	parser/scanner_test.go:15:12	resourcelifetime/missing-release	retained-needs-proof	fixture-prevents-acquisition	The negative constructor test opens fixtures/idontexist.make, absent from the pinned fixture tree, and expects an error. NewMakefileScanner returns a partial wrapper with nil FileHandle when Open fails; this expected-failure path acquires no resource to close. Reassessment: Retain unresolved: a test expectation alone is not a proof; requires exact constructor/transport or fixture-state feasibility.	.build/followup337-resource-canonical/checkmake__checkmake__fe49c94b63.json; present
51	clawkwork/clawk	a67d04f102152a67df4228d52da9812aa82ffe50	goroutineownership	internal/cli/reverse_forward.go:174:2	goroutineownership/unjoined	retained-needs-proof	transport-shutdown-completion	serveControl read worker consumes bufio.Reader wrapping exact conn (revfwd.NewReader); caller handle defers conn.Close and installs context-triggered Close, so every return/shutdown unblocks the read and permits gone closure. Re-review: Needs exact cross-object/cross-helper transport shutdown and progress evidence; a Close name or finite timeout is not modeled as a generic join. https://github.com/clawkwork/clawk/blob/a67d04f102152a67df4228d52da9812aa82ffe50/internal/cli/reverse_forward.go#L174	.build/followup337-workers-final-contained/51-clawkwork__clawk-goroutineownership-internal_cli.json (exit0; present; explicit checks; source 5a56fb4; sha256 3da9ce166dfd8dc72c3225dc1229298040ae27b04a394c49b2edcf7c3ca772a7)
51	clawkwork/clawk	a67d04f102152a67df4228d52da9812aa82ffe50	goroutineownership	internal/cli/serial_proxy.go:182:2	goroutineownership/unjoined	retained-needs-proof	transport-shutdown-completion	serveControl read worker consumes bufio.Reader wrapping exact conn (serialfwd.NewReader); caller handle defers conn.Close and installs context-triggered Close, so every return/shutdown unblocks the read and permits gone closure. Re-review: Needs exact cross-object/cross-helper transport shutdown and progress evidence; a Close name or finite timeout is not modeled as a generic join. https://github.com/clawkwork/clawk/blob/a67d04f102152a67df4228d52da9812aa82ffe50/internal/cli/serial_proxy.go#L182	.build/followup337-workers-final-contained/51-clawkwork__clawk-goroutineownership-internal_cli.json (exit0; present; explicit checks; source 5a56fb4; sha256 3da9ce166dfd8dc72c3225dc1229298040ae27b04a394c49b2edcf7c3ca772a7)
51	DrmagicE/gmqtt	92ed7d60915519f60c3d3cdb6420b1e11eb824e2	lockorder	server/server.go:340:2	lockorder/missing-release	retained-needs-proof	conditional-caller-held-contract	lockDuplicatedID deliberately returns with srv.mu held on success and unlocked on lookup error. Its sole registerClient caller checks that error and registers a defer ending in srv.mu.Unlock. The loop-shaped held-on-success contract transfers the obligation rather than leaking it. Follow-up: Needs a path-sensitive held-on-success summary across the loop; no naming exemption or generic success-return assumption added.	.build/followup337-locks-final-contained-5a56fb4/51-DrmagicE__gmqtt-lockorder-server.json
51	enetx/surf	7da0502899af06f8318f95e632797cb2ac0c6c20	lockorder	pkg/connectproxy/connectproxy.go:291:3	lockorder/missing-release	retained-needs-proof	correlated-local-lock-state	DialContext records unlocked=true immediately after releasing the original h2Mu in its cached-connection branch. A failed reuse reacquires and releases the mutex before falling through; the non-reuse branch releases it under !unlocked. Every initProxyConn error return is therefore unlocked; the local Boolean correlation is missed. Follow-up: Needs predecessor-sensitive Boolean ownership correlation; syntactic branch reachability does not prove a feasible leak.	.build/followup337-locks-final-contained-5a56fb4/51-enetx__surf-lockorder-pkg_connectproxy.json
51	enetx/surf	7da0502899af06f8318f95e632797cb2ac0c6c20	lockorder	pkg/connectproxy/connectproxy.go:294:2	lockorder/missing-release	retained-needs-proof	correlated-local-lock-state	The final connect return follows either the cached branch's explicit Unlock or the !unlocked guarded Unlock of the initial acquisition. The intermediate retry acquisition is also explicitly released. Tracking the local unlocked flag establishes balanced releases on both paths. Follow-up: Needs predecessor-sensitive Boolean ownership correlation; syntactic branch reachability does not prove a feasible leak.	.build/followup337-locks-final-contained-5a56fb4/51-enetx__surf-lockorder-pkg_connectproxy.json
51	envoyproxy/ratelimit	8fe6ea421048bdb2a8873d5f676b3f6eac76a997	goroutineownership	test/service/ratelimit_test.go:813:2	goroutineownership/unjoined	retained-needs-proof	transitive-completion	Worker only sends configUpdateEvent once. NewService is called with forceStart=false and synchronously receives that exact channel at src/service/ratelimit.go:511; GetConfig callback signals barrier and caller waits, so the worker send is consumed before test proceeds. Re-review: Needs transitive participant/completion or helper-owner evidence beyond the local tracked channel; no blanket framework exemption added. https://github.com/envoyproxy/ratelimit/blob/8fe6ea421048bdb2a8873d5f676b3f6eac76a997/test/service/ratelimit_test.go#L813	.build/followup337-workers-final-contained/51-envoyproxy__ratelimit-goroutineownership-test_service.json (exit0; present; explicit checks; source 5a56fb4; sha256 3da9ce166dfd8dc72c3225dc1229298040ae27b04a394c49b2edcf7c3ca772a7)
51	flant/shell-operator	56b8fe2aab15716cdf9c05205071395b9e53c401	goroutineownership	pkg/kube_events_manager/factory.go:194:3	goroutineownership/unjoined	verified-absent	factory-or-registry-signal	FactoryStore.add/get retains factory in c.data before Start launches its worker; done is stored on that retained factory. Stop cancels the exact owner and receives saved done at 249-255, so Start is not the lifetime boundary. Re-review: Helper-produced completion identity remains unknown rather than assuming an exclusive local receive owner. This is a precision narrowing, not a proof of eventual completion. https://github.com/flant/shell-operator/blob/56b8fe2aab15716cdf9c05205071395b9e53c401/pkg/kube_events_manager/factory.go#L194	.build/followup337-workers-final-contained/51-flant__shell-operator-goroutineownership-pkg_kube_events_manager.json (exit0; absent; explicit checks; source 5a56fb4; sha256 3da9ce166dfd8dc72c3225dc1229298040ae27b04a394c49b2edcf7c3ca772a7)
51	fsouza/fake-gcs-server	3c29d20789f6475f65d2554ad6898c4afd7124bb	resourcelifetime	fakestorage/upload_test.go:1302:17	resourcelifetime/missing-release	retained-needs-proof	memory-or-empty-http-body	The test's Server.HTTPClient always uses local muxTransport, whose RoundTrip invokes the handler through httptest.NewRecorder and returns its in-memory Result. This body has no external transport/resource obligation; listener-enabled scenarios still use that same synthetic client. Reassessment: Retain unresolved: exact transport, request, handler and timeout/body-wrapper provenance are needed; HEAD, status code or method name alone cannot remove the obligation.	.build/followup337-resource-canonical/fsouza__fake-gcs-server__d218f1178f.json; present
51	getgauge/gauge	1c5e06ac8ba4de9b4563f0415089a7767a48e06c	lockorder	api/infoGatherer/specDetails.go:362:2	lockorder/contradictory-order	retained-needs-proof	initialization-before-publication	Reverse order is initParamsCache (params then concepts) versus OnConceptFileModify (concepts then params). The former only runs in Init before watchForFileChanges is launched; API entrypoints initialize fresh gatherers before starting handlers. No overlapping acquisition paths are established in this initialization/publication lifecycle. Follow-up: Needs object publication and entrypoint context; type-level inverse orders alone cannot establish overlap.	.build/followup337-locks-final-contained-5a56fb4/51-getgauge__gauge-lockorder-api_infoGatherer.json
51	Gitlawb/zero	99721c762f37cd43ac511007a5f51d1846df959e	resourcelifetime	internal/providerhealth/proxy_dial_test.go:118:11	resourcelifetime/missing-release	verified-absent	fixture-prevents-acquisition	Direct request resolves through countingResolver to fixed 10.0.0.5; safeDialContext rejects this private address before dialing, so acquisition cannot succeed. Follow-up: Already absent in the c9b65a6 baseline; not counted as a new correction. This site-level absence does not establish coverage of the whole evidence family.	.build/followup337-resource-canonical/Gitlawb__zero__134336b6bf.json; absent; baseline=absent
51	Gitlawb/zero	99721c762f37cd43ac511007a5f51d1846df959e	resourcelifetime	internal/providerhealth/proxy_dial_test.go:194:11	resourcelifetime/missing-release	verified-absent	fixture-prevents-acquisition	Direct request targets literal 127.0.0.1 and safeDialContext rejects loopback before dialing; there is no successful response body acquisition. Follow-up: Already absent in the c9b65a6 baseline; not counted as a new correction. This site-level absence does not establish coverage of the whole evidence family.	.build/followup337-resource-canonical/Gitlawb__zero__134336b6bf.json; absent; baseline=absent
51	Gitlawb/zero	99721c762f37cd43ac511007a5f51d1846df959e	resourcelifetime	internal/providerhealth/proxy_dial_test.go:78:11	resourcelifetime/missing-release	retained-needs-proof	fixture-prevents-acquisition	recordingProxy accepts CONNECT, records request bytes, and closes without writing any HTTP response; client.Do necessarily fails and returns no body to close. Reassessment: Retain unresolved: a test expectation alone is not a proof; requires exact constructor/transport or fixture-state feasibility.	.build/followup337-resource-canonical/Gitlawb__zero__134336b6bf.json; present
51	Gitlawb/zero	99721c762f37cd43ac511007a5f51d1846df959e	resourcelifetime	internal/proxydial/proxydial_test.go:207:12	resourcelifetime/missing-release	retained-needs-proof	fixture-prevents-acquisition	Transport DialContext always returns nil,errDialed after recording route; all concurrent client.Do requests necessarily fail before receiving a body. Reassessment: Retain unresolved: a test expectation alone is not a proof; requires exact constructor/transport or fixture-state feasibility.	.build/followup337-resource-canonical/Gitlawb__zero__5520a582af.json; present
51	Gitlawb/zero	99721c762f37cd43ac511007a5f51d1846df959e	resourcelifetime	internal/proxydial/proxydial_test.go:38:15	resourcelifetime/missing-release	retained-needs-proof	fixture-prevents-acquisition	driveRequest installs DialContext that unconditionally returns nil,errDialed; client.Do cannot acquire a response body, and test asserts that exact dial error. Reassessment: Retain unresolved: a test expectation alone is not a proof; requires exact constructor/transport or fixture-state feasibility.	.build/followup337-resource-canonical/Gitlawb__zero__5520a582af.json; present
51	golang/sys	01b91195d9aeaba1dab70b882a12f741f568a510	resourcelifetime	unix/syscall_unix_test.go:298:12	resourcelifetime/missing-release	retained-needs-proof	process-bounded-lifetime	Dedicated child-process helper unconditionally defers os.Exit(0) before creating this file; it sends descriptor rights to parent and intentionally ends process after the operation, so handle lifetime is bounded by immediate process exit. Reassessment: Retain unresolved: one-shot process termination and reusable helper lifetimes differ; no blanket main/test exemption.	.build/followup337-resource-canonical/golang__sys__c643bcfc96.json; present
51	h44z/wg-portal	eb44c8c4ff120f34c26b2415c47560f4fba0603c	resourcelifetime	internal/lowlevel/mikrotik.go:320:53	resourcelifetime/missing-release	verified-absent	paired-helper-cleanup	The exact client.Do response/error tuple is consumed by parseHttpResponse[T]. That helper returns early only on the paired request error and otherwise defers draining and closing resp.Body before every decode/status return. No successful HTTP acquisition bypasses that cleanup; the generic helper/error correlation is missed. Follow-up: Present in c9b65a6 baseline and absent in successful corrected replay. This site-level absence does not establish coverage of the whole evidence family.	.build/followup337-resource-canonical/h44z__wg-portal__fe8d8fedc1.json; absent; baseline=present
51	h44z/wg-portal	eb44c8c4ff120f34c26b2415c47560f4fba0603c	resourcelifetime	internal/lowlevel/mikrotik.go:343:51	resourcelifetime/missing-release	verified-absent	paired-helper-cleanup	The exact client.Do response/error tuple is consumed by parseHttpResponse[T]. That helper returns early only on the paired request error and otherwise defers draining and closing resp.Body before every decode/status return. No successful HTTP acquisition bypasses that cleanup; the generic helper/error correlation is missed. Follow-up: Present in c9b65a6 baseline and absent in successful corrected replay. This site-level absence does not establish coverage of the whole evidence family.	.build/followup337-resource-canonical/h44z__wg-portal__fe8d8fedc1.json; absent; baseline=present
51	h44z/wg-portal	eb44c8c4ff120f34c26b2415c47560f4fba0603c	resourcelifetime	internal/lowlevel/mikrotik.go:366:51	resourcelifetime/missing-release	verified-absent	paired-helper-cleanup	The exact client.Do response/error tuple is consumed by parseHttpResponse[T]. That helper returns early only on the paired request error and otherwise defers draining and closing resp.Body before every decode/status return. No successful HTTP acquisition bypasses that cleanup; the generic helper/error correlation is missed. Follow-up: Present in c9b65a6 baseline and absent in successful corrected replay. This site-level absence does not establish coverage of the whole evidence family.	.build/followup337-resource-canonical/h44z__wg-portal__fe8d8fedc1.json; absent; baseline=present
51	h44z/wg-portal	eb44c8c4ff120f34c26b2415c47560f4fba0603c	resourcelifetime	internal/lowlevel/mikrotik.go:389:51	resourcelifetime/missing-release	verified-absent	paired-helper-cleanup	The exact client.Do response/error tuple is consumed by parseHttpResponse[T]. That helper returns early only on the paired request error and otherwise defers draining and closing resp.Body before every decode/status return. No successful HTTP acquisition bypasses that cleanup; the generic helper/error correlation is missed. Follow-up: Present in c9b65a6 baseline and absent in successful corrected replay. This site-level absence does not establish coverage of the whole evidence family.	.build/followup337-resource-canonical/h44z__wg-portal__fe8d8fedc1.json; absent; baseline=present
51	h44z/wg-portal	eb44c8c4ff120f34c26b2415c47560f4fba0603c	resourcelifetime	internal/lowlevel/mikrotik.go:411:47	resourcelifetime/missing-release	verified-absent	paired-helper-cleanup	The exact client.Do response/error tuple is consumed by parseHttpResponse[T]. That helper returns early only on the paired request error and otherwise defers draining and closing resp.Body before every decode/status return. No successful HTTP acquisition bypasses that cleanup; the generic helper/error correlation is missed. Follow-up: Present in c9b65a6 baseline and absent in successful corrected replay. This site-level absence does not establish coverage of the whole evidence family.	.build/followup337-resource-canonical/h44z__wg-portal__fe8d8fedc1.json; absent; baseline=present
51	h44z/wg-portal	eb44c8c4ff120f34c26b2415c47560f4fba0603c	resourcelifetime	internal/lowlevel/mikrotik.go:434:53	resourcelifetime/missing-release	verified-absent	paired-helper-cleanup	The exact client.Do response/error tuple is consumed by parseHttpResponse[T]. That helper returns early only on the paired request error and otherwise defers draining and closing resp.Body before every decode/status return. No successful HTTP acquisition bypasses that cleanup; the generic helper/error correlation is missed. Follow-up: Present in c9b65a6 baseline and absent in successful corrected replay. This site-level absence does not establish coverage of the whole evidence family.	.build/followup337-resource-canonical/h44z__wg-portal__fe8d8fedc1.json; absent; baseline=present
51	h44z/wg-portal	eb44c8c4ff120f34c26b2415c47560f4fba0603c	resourcelifetime	internal/lowlevel/opnsense.go:496:43	resourcelifetime/missing-release	verified-absent	paired-helper-cleanup	The exact client.Do response/error tuple passes to parseOpnsenseHttpResponse[T], which returns on a request error and otherwise immediately defers resp.Body.Close before ReadAll, decoding, and status checks. Every successful response is closed; generic helper/error correlation is missed. Follow-up: Present in c9b65a6 baseline and absent in successful corrected replay. This site-level absence does not establish coverage of the whole evidence family.	.build/followup337-resource-canonical/h44z__wg-portal__fe8d8fedc1.json; absent; baseline=present
51	inguardians/peirates	054aee1453b3e3d2779d2ebe0fd888fef8a4e224	goroutineownership	internal/modules/dockersocket/dockersocket_linux_test.go:218:3	goroutineownership/unjoined	retained-needs-proof	transport-shutdown-completion	Input worker copies only from net.Conn; parent defers connection.Close on all paths, including either timeout, unblocking the read and letting worker close inputDone. Missing explicit receive on timeout is not abandoned work. Re-review: Needs exact cross-object/cross-helper transport shutdown and progress evidence; a Close name or finite timeout is not modeled as a generic join. https://github.com/inguardians/peirates/blob/054aee1453b3e3d2779d2ebe0fd888fef8a4e224/internal/modules/dockersocket/dockersocket_linux_test.go#L218	.build/followup337-workers-final-contained/51-inguardians__peirates-goroutineownership-internal_modules_dockersocket.json (exit0; present; explicit checks; source 5a56fb4; sha256 3da9ce166dfd8dc72c3225dc1229298040ae27b04a394c49b2edcf7c3ca772a7)
51	lqqyt2423/go-mitmproxy	3f5b4f8ee19d58784c6332ec946f46d3c2b2e73b	goroutineownership	web/conn.go:124:4	goroutineownership/unjoined	verified-absent	factory-or-registry-signal	initWaitChan retains channel in connection.waitChans; waitIntercept retrieves same per-flow channel and receives edit at184-185. Readloop dispatches to another owned protocol participant rather than locally joining each sender; malformed duplicate edits require separate protocol evidence. Re-review: Helper-produced completion identity remains unknown rather than assuming an exclusive local receive owner. This is a precision narrowing, not a proof of eventual completion. https://github.com/lqqyt2423/go-mitmproxy/blob/3f5b4f8ee19d58784c6332ec946f46d3c2b2e73b/web/conn.go#L124	.build/followup337-workers-final-contained/51-lqqyt2423__go-mitmproxy-goroutineownership-web.json (exit0; absent; explicit checks; source 5a56fb4; sha256 3da9ce166dfd8dc72c3225dc1229298040ae27b04a394c49b2edcf7c3ca772a7)
51	matlab/matlab-mcp-server	2eb5c82e0574164fa50e0aea27be871944a5a8cd	resourcelifetime	internal/adaptors/matlabmanager/matlabservices/services/localmatlabsession/processlauncher/processlauncher.go:108:17	resourcelifetime/missing-release	retained-needs-proof	aggregate-cleanup	The stdout file is stored in local stdIO immediately. Subsequent stderr/pipe acquisition failures call stdIO.cleanup, whose nil-checked file slice closes each acquired field; success returns both stdIO and its cleanup closure. The aggregate cleanup is missed, not absent. Reassessment: Retain unresolved: cleanup through mixed fields or table collections requires exact value-to-element and invocation evidence.	.build/followup337-resource-canonical/matlab__matlab-mcp-server__c2945eded4.json; present
51	matlab/matlab-mcp-server	2eb5c82e0574164fa50e0aea27be871944a5a8cd	resourcelifetime	internal/adaptors/matlabmanager/matlabservices/services/localmatlabsession/processlauncher/processlauncher.go:115:17	resourcelifetime/missing-release	retained-needs-proof	aggregate-cleanup	The stderr file is stored in stdIO; pipe-creation failure invokes its cleanup method and success returns the owner and cleanup callback. cleanup ranges the exact stdout/stderr/stdin fields and closes nonnil files, covering this acquisition. Reassessment: Retain unresolved: cleanup through mixed fields or table collections requires exact value-to-element and invocation evidence.	.build/followup337-resource-canonical/matlab__matlab-mcp-server__c2945eded4.json; present
51	matlab/matlab-mcp-server	2eb5c82e0574164fa50e0aea27be871944a5a8cd	resourcelifetime	tests/functional/matlab/mock_matlab_base_suite_test.go:56:18	resourcelifetime/missing-release	retained-needs-proof	returned-or-retained-owner	The created MCP session is embedded in the LoggedSession returned by sessionFactory.New. Its only failure checks are nil logReader/logFS: SetupSuite constructs a checked nonnil reader and RealFileSystem.DirFS returns os.DirFS, so those failure paths are infeasible for this suite. The returned wrapper preserves Close ownership. Reassessment: Retain unresolved unless replay establishes absence: returned views and lifecycle-owning wrappers must remain distinct; ownership cannot be guessed from names.	.build/followup337-resource-canonical/matlab__matlab-mcp-server__a44d6b67a1.json; present
51	muety/wakapi	be6aeb483e576dadd50c8e9d404efbe4ed8df700	resourcelifetime	services/imports/wakatime_test.go:154:17	resourcelifetime/missing-release	retained-needs-proof	fixture-prevents-acquisition	TestRedirectValidation closes the successful allowed response. All wantErr cases redirect to URLs rejected by both clients' CheckRedirect via ValidateWakatimeUrl (own host, loopback or raw IP); net/http closes the prior response body on those callback errors. The missing-cleanup path conflates table expectation with feasible successful acquisition. Reassessment: Retain unresolved: a test expectation alone is not a proof; requires exact constructor/transport or fixture-state feasibility.	.build/followup337-resource-canonical/muety__wakapi__7f36626488.json; present
51	mysteriumnetwork/node	c45527af1ea80300ae3d9c92bd37255335b6140d	goroutineownership	session/pingpong/hermes_promise_handler.go:132:3	goroutineownership/unjoined	verified-absent	returned-aggregate-projection	RequestPromise's error worker sends on er.errChan and the function immediately returns that exact channel to its caller. This transfers the receive/completion obligation through a local struct field; it is not an abandoned worker. Re-review: Returning a projection from the tracked captured aggregate enters the unknown-return path, not exact join or transfer. https://github.com/mysteriumnetwork/node/blob/c45527af1ea80300ae3d9c92bd37255335b6140d/session/pingpong/hermes_promise_handler.go#L132	.build/followup337-workers-final-contained/51-mysteriumnetwork__node-goroutineownership-session_pingpong.json (exit0; absent; explicit checks; source 5a56fb4; sha256 3da9ce166dfd8dc72c3225dc1229298040ae27b04a394c49b2edcf7c3ca772a7)
51	mysteriumnetwork/node	c45527af1ea80300ae3d9c92bd37255335b6140d	goroutineownership	session/pingpong/hermes_promise_handler.go:192:3	goroutineownership/unjoined	verified-absent	returned-aggregate-projection	PayAndSettle returns the exact er.errChan used by its error-reporting goroutine. The caller receives the completion/error channel; local struct projection loses that ownership transfer in the analyzer. Re-review: Returning a projection from the tracked captured aggregate enters the unknown-return path, not exact join or transfer. https://github.com/mysteriumnetwork/node/blob/c45527af1ea80300ae3d9c92bd37255335b6140d/session/pingpong/hermes_promise_handler.go#L192	.build/followup337-workers-final-contained/51-mysteriumnetwork__node-goroutineownership-session_pingpong.json (exit0; absent; explicit checks; source 5a56fb4; sha256 3da9ce166dfd8dc72c3225dc1229298040ae27b04a394c49b2edcf7c3ca772a7)
51	mysteriumnetwork/node	c45527af1ea80300ae3d9c92bd37255335b6140d	producerlifecycle	core/port/reachability.go:88:5	producerlifecycle/abandoned-send	verified-absent	unproven-producer-cardinality	The aggregator sends exactly once: its first successful probe sets success=true and emits nil; the final lastErr send executes only if success remains false. The caller unconditionally receives one aggregated result before returning. Mutually exclusive guarded sends are incorrectly counted as excess production. Re-review: Repeated send statements do not establish a feasible excess count. This channel-count proof now abstains for repeated contributions. https://github.com/mysteriumnetwork/node/blob/c45527af1ea80300ae3d9c92bd37255335b6140d/core/port/reachability.go#L88	.build/followup337-workers-final-contained/51-mysteriumnetwork__node-producerlifecycle-core_port.json (exit0; absent; explicit checks; source 5a56fb4; sha256 3da9ce166dfd8dc72c3225dc1229298040ae27b04a394c49b2edcf7c3ca772a7)
51	mysteriumnetwork/node	c45527af1ea80300ae3d9c92bd37255335b6140d	producerlifecycle	core/port/reachability.go:92:4	producerlifecycle/abandoned-send	verified-absent	unproven-producer-cardinality	The aggregator sends exactly once: its first successful probe sets success=true and emits nil; the final lastErr send executes only if success remains false. The caller unconditionally receives one aggregated result before returning. Mutually exclusive guarded sends are incorrectly counted as excess production. Re-review: Repeated send statements do not establish a feasible excess count. This channel-count proof now abstains for repeated contributions. https://github.com/mysteriumnetwork/node/blob/c45527af1ea80300ae3d9c92bd37255335b6140d/core/port/reachability.go#L92	.build/followup337-workers-final-contained/51-mysteriumnetwork__node-producerlifecycle-core_port.json (exit0; absent; explicit checks; source 5a56fb4; sha256 3da9ce166dfd8dc72c3225dc1229298040ae27b04a394c49b2edcf7c3ca772a7)
51	mysteriumnetwork/node	c45527af1ea80300ae3d9c92bd37255335b6140d	producerlifecycle	tequilapi/endpoints/sse_handler_test.go:130:5	producerlifecycle/abandoned-send	verified-absent	unproven-producer-cardinality	This isolated SSE handler produces exactly the initial state and two explicit ConsumeStateEvent messages, each matched by a results receive. It has no periodic messages; after the third receive the test cancels the HTTP context and the reader exits on ReadBytes error. Ignoring blank lines leaves no fourth send obligation. Re-review: Repeated send statements do not establish a feasible excess count. This channel-count proof now abstains for repeated contributions. https://github.com/mysteriumnetwork/node/blob/c45527af1ea80300ae3d9c92bd37255335b6140d/tequilapi/endpoints/sse_handler_test.go#L130	.build/followup337-workers-final-contained/51-mysteriumnetwork__node-producerlifecycle-tequilapi_endpoints.json (exit0; absent; explicit checks; source 5a56fb4; sha256 3da9ce166dfd8dc72c3225dc1229298040ae27b04a394c49b2edcf7c3ca772a7)
51	obot-platform/nanobot	f809ba0d358d402f19b8911782374d6f875a449d	evalorder	pkg/config/load.go:192:38	evalorder/operand-mutation	retained-needs-proof	shared-map-header-json-contract	toMap initializes result as a nonnil map, and json.Marshal of types.Config produces an object; Unmarshal reuses that map, so a copied map header still observes populated entries regardless of operand read timing. Follow-up: Needs exact nonnil map and object-decoding contract; blanket pointer-mutation exemption would hide replaced headers.	.build/followup337-locks-final-contained-5a56fb4/51-obot-platform__nanobot-evalorder-pkg_config.json
51	rcrowley/go-tigertonic	a26c5e8568b04ed34c7e9619aca180e5c1d54b8a	resourcelifetime	server_test.go:111:15	resourcelifetime/missing-release	retained-needs-proof	memory-or-empty-http-body	Exact local handler returns HTTP 204 NoContent and http.Get uses default client without timeout wrapper; response Body is http.NoBody with no resource to release, and test explicitly shuts down the server. Reassessment: Retain unresolved: exact transport, request, handler and timeout/body-wrapper provenance are needed; HEAD, status code or method name alone cannot remove the obligation.	.build/followup337-resource-canonical/rcrowley__go-tigertonic__21b977f797.json; present
51	rcrowley/go-tigertonic	a26c5e8568b04ed34c7e9619aca180e5c1d54b8a	resourcelifetime	server_test.go:114:15	resourcelifetime/missing-release	retained-needs-proof	memory-or-empty-http-body	Exact local handler returns HTTP 204 NoContent and http.Get uses default client without timeout wrapper; response Body is http.NoBody with no resource to release, and test explicitly shuts down the server. Reassessment: Retain unresolved: exact transport, request, handler and timeout/body-wrapper provenance are needed; HEAD, status code or method name alone cannot remove the obligation.	.build/followup337-resource-canonical/rcrowley__go-tigertonic__21b977f797.json; present
51	rcrowley/go-tigertonic	a26c5e8568b04ed34c7e9619aca180e5c1d54b8a	resourcelifetime	server_test.go:80:15	resourcelifetime/missing-release	retained-needs-proof	memory-or-empty-http-body	Exact local handler returns HTTP 204 NoContent and http.Get uses default client without timeout wrapper; response Body is http.NoBody with no resource to release, and test explicitly shuts down the server. Reassessment: Retain unresolved: exact transport, request, handler and timeout/body-wrapper provenance are needed; HEAD, status code or method name alone cannot remove the obligation.	.build/followup337-resource-canonical/rcrowley__go-tigertonic__21b977f797.json; present
51	regclient/regclient	43d2acb9fafd411acbe081bf6c4b6b82cadc6251	resourcelifetime	cmd/regctl/image.go:725:16	resourcelifetime/missing-release	verified-absent	retained-callback-cleanup	Opened tar fh is captured in cobra.OnFinalize callback that calls fh.Close at730-732; its lifetime intentionally extends through later command execution. Follow-up: Already absent in the c9b65a6 baseline; not counted as a new correction. This site-level absence does not establish coverage of the whole evidence family.	.build/followup337-resource-canonical/regclient__regclient__b3eeb027e7.json; absent; baseline=absent
51	regclient/regclient	43d2acb9fafd411acbe081bf6c4b6b82cadc6251	resourcelifetime	scheme/ocidir/blob.go:54:13	resourcelifetime/missing-release	retained-needs-proof	returned-or-retained-owner	BlobGet transfers fd through blob.WithReader into returned BReader; BReader.Close in types/blob/reader.go:100-109 calls Close on original reader. Stat error already closes fd. Reassessment: Retain unresolved unless replay establishes absence: returned views and lifecycle-owning wrappers must remain distinct; ownership cannot be guessed from names.	.build/followup337-resource-canonical/regclient__regclient__ad7a0b88b5.json; present
51	rootless-containers/rootlesskit	91055b8b1f415a4920f4e187c19b83cb056804b9	producerlifecycle	pkg/child/child.go:571:6	producerlifecycle/abandoned-send	verified-absent	unproven-producer-cardinality	reap reports status only when Wait4 returns the exact target PID; successful exit status can be reaped once, so loop SIGCHLD events do not create repeated target-result sends and the caller receives the sole result. Re-review: Repeated send statements do not establish a feasible excess count. This channel-count proof now abstains for repeated contributions. https://github.com/rootless-containers/rootlesskit/blob/91055b8b1f415a4920f4e187c19b83cb056804b9/pkg/child/child.go#L571	.build/followup337-workers-final-contained/51-rootless-containers__rootlesskit-producerlifecycle-pkg_child.json (exit0; absent; explicit checks; source 5a56fb4; sha256 3da9ce166dfd8dc72c3225dc1229298040ae27b04a394c49b2edcf7c3ca772a7)
51	rootless-containers/rootlesskit	91055b8b1f415a4920f4e187c19b83cb056804b9	producerlifecycle	pkg/child/child.go:577:5	producerlifecycle/abandoned-send	verified-absent	unproven-producer-cardinality	reap reports status only when Wait4 returns the exact target PID; unsuccessful exit status can be reaped once, so loop SIGCHLD events do not create repeated target-result sends and the caller receives the sole result. Re-review: Repeated send statements do not establish a feasible excess count. This channel-count proof now abstains for repeated contributions. https://github.com/rootless-containers/rootlesskit/blob/91055b8b1f415a4920f4e187c19b83cb056804b9/pkg/child/child.go#L577	.build/followup337-workers-final-contained/51-rootless-containers__rootlesskit-producerlifecycle-pkg_child.json (exit0; absent; explicit checks; source 5a56fb4; sha256 3da9ce166dfd8dc72c3225dc1229298040ae27b04a394c49b2edcf7c3ca772a7)
51	rusq/slackdump	f7319928b0993b23d7e9bd8af5e4c69b6f1d2af4	resourcelifetime	internal/chunk/filemgr_test.go:163:16	resourcelifetime/missing-release	retained-needs-proof	fixture-prevents-acquisition	Table test defers got.Close whenever Open succeeds as expected; the sole wantErr entry refers to notfound.gz inside a fresh TempDir where only hello.gz/world.gz were created. The reported mismatch-return leak requires a successful acquisition for that deliberately missing file. Reassessment: Retain unresolved: a test expectation alone is not a proof; requires exact constructor/transport or fixture-state feasibility.	.build/followup337-resource-canonical/rusq__slackdump__655cffddc7.json; present
51	rusq/slackdump	f7319928b0993b23d7e9bd8af5e4c69b6f1d2af4	resourcelifetime	internal/chunk/filemgr_test.go:300:16	resourcelifetime/missing-release	retained-needs-proof	receiver-manager-ownership	filemgr.Open retains the exact handle in dp.handles; the test intentionally discards the wrapper then calls dp.Destroy, which closes every retained handle. Ownership stays with the manager rather than leaking at the ignored result. Reassessment: Retain unresolved: constructor-returned value may also be manager-owned; needs a positive retained-result relation rather than per-object caller cleanup.	.build/followup337-resource-canonical/rusq__slackdump__655cffddc7.json; present
51	rusq/slackdump	f7319928b0993b23d7e9bd8af5e4c69b6f1d2af4	resourcelifetime	internal/chunk/filemgr_test.go:304:16	resourcelifetime/missing-release	retained-needs-proof	receiver-manager-ownership	The second Open handle is also stored in dp.handles and closed by the following dp.Destroy loop. The test verifies centralized cleanup rather than caller Close on each returned wrapper. Reassessment: Retain unresolved: constructor-returned value may also be manager-owned; needs a positive retained-result relation rather than per-object caller cleanup.	.build/followup337-resource-canonical/rusq__slackdump__655cffddc7.json; present
51	rusq/slackdump	f7319928b0993b23d7e9bd8af5e4c69b6f1d2af4	resourcelifetime	internal/chunk/filemgr_test.go:346:16	resourcelifetime/missing-release	retained-needs-proof	receiver-manager-ownership	Open stores the real handle under hash(name). The injected failing closer uses a different key hello; Destroy continues after its error and still closes the real retained handle, then returns an aggregate error as expected. Reassessment: Retain unresolved: constructor-returned value may also be manager-owned; needs a positive retained-result relation rather than per-object caller cleanup.	.build/followup337-resource-canonical/rusq__slackdump__655cffddc7.json; present
51	Shopify/ghostferry	317547432f785fb77a0d10fbca12d8af40e39fd3	cancellationownership	ferry.go:725:47	cancellationownership/release	verified-absent	parent-context-snapshot	The optional verifier's child context derives from the local ctx. Run always calls the exact parent's shutdown before normal return, releasing the child even when inlineVerifier is nil and stopInlineVerifier is not called. The enabled branch also explicitly stops it. Re-review: The shared Storage.Resolve query now resolves the exact parent at child acquisition; the existing parent classifier covers later cancellation without claiming a join. https://github.com/Shopify/ghostferry/blob/317547432f785fb77a0d10fbca12d8af40e39fd3/ferry.go#L725	.build/followup337-workers-final-contained/51-Shopify__ghostferry-cancellationownership-..json (exit0; absent; explicit checks; source 5a56fb4; sha256 3da9ce166dfd8dc72c3225dc1229298040ae27b04a394c49b2edcf7c3ca772a7)
51	Shopify/ghostferry	317547432f785fb77a0d10fbca12d8af40e39fd3	goroutineownership	ferry.go:728:3	goroutineownership/unjoined	retained-needs-proof	stable-field-guard-correlation	The same private inlineVerifier!=nil condition guards both the worker launch and the later stopInlineVerifier plus inlineVerifierWg.Wait. The field is initialized before Run and never assigned within it; every launched verifier is joined before cutover. Re-review: Needs correlation between the same stable receiver-field guard at launch and at join; no field-name exemption added. https://github.com/Shopify/ghostferry/blob/317547432f785fb77a0d10fbca12d8af40e39fd3/ferry.go#L728	.build/followup337-workers-final-contained/51-Shopify__ghostferry-goroutineownership-..json (exit0; present; explicit checks; source 5a56fb4; sha256 3da9ce166dfd8dc72c3225dc1229298040ae27b04a394c49b2edcf7c3ca772a7)
51	slok/sloth	8a3be4fab79defa4448d09d91b48422615980b05	deferinloop	cmd/sloth/commands/generate.go:204:4	deferinloop/cleanup-lifetime	retained-needs-proof	collective-resource-lifetime	Output files are intentionally retained in genTargets.Out at 209-212 and written by the later generation loop at 241-262; closing per discovery iteration would break use, so function-scoped deferred Close matches their actual lifetime. Follow-up: Nested collection loop can take a zero-iteration path in current flow; general aggregate unknown improves the classifier but this site still needs feasible ownership-path evidence.	.build/followup337-locks-final-contained-5a56fb4/51-slok__sloth-deferinloop-cmd_sloth_commands.json
51	tractordev/wanix	6594fe3763eb8712e81914f78b79243bb403f5cc	resourcelifetime	rc/gzip/pkggzip/file.go:121:15	resourcelifetime/missing-release	retained-needs-proof	correlated-error-or-guard	Output file is created only when Test and Stdout are false; unchanged Stdout therefore makes both compression-error branches call o.Close and success return o.Close. The stdout-only return cannot follow this acquisition. Reassessment: Retain unresolved: branch/error/flag correlation is not represented; no loop-count or whole-program feasibility expansion.	.build/followup337-resource-canonical/tractordev__wanix__9b9c9d9bed.json; present
51	trzsz/trzsz-ssh	d5284bf23158bdec076087bf9f41e034d70e741c	processownership	tssh/main.go:74:13	processownership/missing-wait	retained-needs-proof	detached-process-protocol	The !monitor branch intentionally launches the background replacement process and reports parent=true; TsshMain immediately returns0, letting the CLI parent exit. The monitor branch waits because it restarts exited children. Treating the deliberate parent-exit handoff as a missed monitor wait conflates two lifecycles. Re-review: Needs explicit process-boundary/daemon handoff contract across callers, distinct from partial-wait defects; no CLI-name exemption. https://github.com/trzsz/trzsz-ssh/blob/d5284bf23158bdec076087bf9f41e034d70e741c/tssh/main.go#L74	.build/followup337-workers-final-contained/51-trzsz__trzsz-ssh-processownership-tssh.json (exit0; present; explicit checks; source 5a56fb4; sha256 3da9ce166dfd8dc72c3225dc1229298040ae27b04a394c49b2edcf7c3ca772a7)
51	zema1/suo5	6904c18e276c2dc36250838d68135a5893c4f66b	resourcelifetime	suo5/client.go:249:15	resourcelifetime/missing-release	retained-needs-proof	correlated-error-or-guard	Reported normalClient.Do is in else branch excluding AutoDuplex and FullDuplex; the only later bypass of deferred Body.Close is RetryApache guarded Mode==AutoDuplex, impossible for this response without an intervening mode change. Other paths defer Close. Reassessment: Retain unresolved: branch/error/flag correlation is not represented; no loop-count or whole-program feasibility expansion.	.build/followup337-resource-canonical/zema1__suo5__7012125f2b.json; present
52	AdguardTeam/AdGuardDNS	2fd833d59bfccc2dd4941e1b687b7014842f3529	resourcelifetime	internal/filter/internal/refreshable/file.go:26:15	resourcelifetime/missing-release	retained-needs-proof	correlated-error-or-guard	DataFromFile returns before defer only on errors.Is(err,os.ErrNotExist) or err!=nil; successful os.Open always installs deferred file.Close inside errors.WithDeferred. golibs/errors.Is delegates standard errors.Is, so no successful resource exists on the early missing-file return. Partial scan, source finding reviewed. Reassessment: Retain unresolved: branch/error/flag correlation is not represented; no loop-count or whole-program feasibility expansion.	.build/followup337-resource-canonical/AdguardTeam__AdGuardDNS__b8100720e3.json; present
52	alexellis/arkade	0a0a800fd7554d4eddb1856f9ef8a21214e95bab	resourcelifetime	pkg/get/get.go:244:14	resourcelifetime/missing-release	retained-needs-proof	memory-or-empty-http-body	Exact HEAD request through unmodified http.DefaultClient/default transport has no response body payload; standard transport supplies NoBody. io.ReadAll completes, and omitted Close on this no-op body leaks no resource. Reassessment: Retain unresolved: exact transport, request, handler and timeout/body-wrapper provenance are needed; HEAD, status code or method name alone cannot remove the obligation.	.build/followup337-resource-canonical/alexellis__arkade__835e6298eb.json; present
52	andydunstall/piko	dd4356dfd307006380794952e4a8ccf9edcfa404	resourcelifetime	server/admin/server_test.go:354:13	resourcelifetime/missing-release	retained-needs-proof	fixture-prevents-acquisition	Bad-CA subtest connects to generated local TLS certificate using default trust and explicitly expects certificate verification failure. HTTP handshake yields no response body resource; successful trusted and plaintext-neighbor responses are closed. Reassessment: Retain unresolved: a test expectation alone is not a proof; requires exact constructor/transport or fixture-state feasibility.	.build/followup337-resource-canonical/andydunstall__piko__47d3126667.json; present
52	andydunstall/piko	dd4356dfd307006380794952e4a8ccf9edcfa404	resourcelifetime	server/proxy/server_test.go:406:12	resourcelifetime/missing-release	review-correction	environment-dependent-acquisition	Unreachable-upstream subtest expects502 from proxy handshake; Dial returns nil,error and defers closing any failed-handshake response. No client Conn is returned to own. Fixed localhost55555 assumption is a fixture environmental limitation. Reassessment: Review correction: fixed localhost port availability is environmental; expected failure alone cannot establish absence of acquisition. Reclassify as inconclusive, not confirmed false positive.	.build/followup337-resource-canonical/andydunstall__piko__ba7040582d.json; present
52	andydunstall/piko	dd4356dfd307006380794952e4a8ccf9edcfa404	resourcelifetime	server/upstream/server_test.go:220:12	resourcelifetime/missing-release	retained-needs-proof	fixture-prevents-acquisition	Injected token permits only foo while URL requests my-endpoint, forcing401 endpoint-not-permitted before websocket upgrade; Dial returns nil,error and closes error response. Reassessment: Retain unresolved: a test expectation alone is not a proof; requires exact constructor/transport or fixture-state feasibility.	.build/followup337-resource-canonical/andydunstall__piko__3cc04a4b13.json; present
52	andydunstall/piko	dd4356dfd307006380794952e4a8ccf9edcfa404	resourcelifetime	server/upstream/server_test.go:286:12	resourcelifetime/missing-release	retained-needs-proof	fixture-prevents-acquisition	Injected verifier unconditionally returns auth.ErrInvalidToken; websocket handshake rejected401 and Dial closes its response before nil,error return, leaving no Conn obligation. Reassessment: Retain unresolved: a test expectation alone is not a proof; requires exact constructor/transport or fixture-state feasibility.	.build/followup337-resource-canonical/andydunstall__piko__3cc04a4b13.json; present
52	andydunstall/piko	dd4356dfd307006380794952e4a8ccf9edcfa404	resourcelifetime	server/upstream/server_test.go:336:13	resourcelifetime/missing-release	retained-needs-proof	fixture-prevents-acquisition	WSS bad-CA subtest omits generated certificate trust; TLS verification fails before any websocket Conn. Explicit expected-error assertion matches fixture setup. Reassessment: Retain unresolved: a test expectation alone is not a proof; requires exact constructor/transport or fixture-state feasibility.	.build/followup337-resource-canonical/andydunstall__piko__3cc04a4b13.json; present
52	andydunstall/piko	dd4356dfd307006380794952e4a8ccf9edcfa404	resourcelifetime	server/upstream/server_test.go:345:13	resourcelifetime/missing-release	retained-needs-proof	fixture-prevents-acquisition	Plain WS request is sent to TLS-only listener, forcing bad handshake. Dial returns nil,error and closes any HTTP error response; no acquired Conn exists. Reassessment: Retain unresolved: a test expectation alone is not a proof; requires exact constructor/transport or fixture-state feasibility.	.build/followup337-resource-canonical/andydunstall__piko__3cc04a4b13.json; present
52	bitrise-io/bitrise	58117d1bea7455d04e74121d68b5d8b7a8a51313	goroutineownership	cli/purr/cmd.go:137:4	goroutineownership/unjoined	retained-needs-proof	process-lifetime-worker	CLI deliberately starts a process-lifetime terminal keypress reader while timer/context may end animation first; nearby comment explicitly documents that read may outlive runPurr until CLI exit. A completion notification is not proof this optional input watcher must be joined; joining would defeat timed command exit. Re-review: Needs explicit call-site process-termination proof; finite CLI lifetime is not a generic analyzer exemption. https://github.com/bitrise-io/bitrise/blob/58117d1bea7455d04e74121d68b5d8b7a8a51313/cli/purr/cmd.go#L137	.build/followup337-workers-final-contained/52-bitrise-io__bitrise-goroutineownership-cli_purr.json (exit0; present; explicit checks; source 5a56fb4; sha256 3da9ce166dfd8dc72c3225dc1229298040ae27b04a394c49b2edcf7c3ca772a7)
52	chrislusf/gleam	8b4ae277059f30322db71de5e0473a4351bf9f8d	cancellationownership	util/context.go:8:17	cancellationownership/release	retained-needs-proof	context-done-branch	Child is canceled on execution completion; the only other return receives child Done, which can only be caused by parent cancellation here. Parent cancellation already releases this plain WithCancel child; no timer is retained. Re-review: Needs branch-specific proof that selecting this exact child Done has already discharged cancellation. https://github.com/chrislusf/gleam/blob/8b4ae277059f30322db71de5e0473a4351bf9f8d/util/context.go#L8	.build/followup337-workers-final-contained/52-chrislusf__gleam-cancellationownership-util.json (exit0; present; explicit checks; source 5a56fb4; sha256 3da9ce166dfd8dc72c3225dc1229298040ae27b04a394c49b2edcf7c3ca772a7)
52	ClickHouse/clickhouse-go	c37b81ff305c5fe8ab8511fb009504aec46957e0	resourcelifetime	benchmark/v2/read/main.go:13:15	resourcelifetime/missing-release	retained-needs-proof	process-bounded-lifetime	Sole main caller immediately log.Fatal exits process on helper error; successful reads exhaust rows and successful write commits transaction. Missing cleanup occurs only on fatal process termination, not reusable normal-return lifecycle. Reassessment: Retain unresolved: one-shot process termination and reusable helper lifetimes differ; no blanket main/test exemption.	.build/followup337-resource-canonical/ClickHouse__clickhouse-go__803312f483.json; present
52	ClickHouse/clickhouse-go	c37b81ff305c5fe8ab8511fb009504aec46957e0	resourcelifetime	benchmark/v2/read/main.go:39:15	resourcelifetime/missing-release	retained-needs-proof	process-bounded-lifetime	Sole main caller immediately log.Fatal exits process on helper error; successful reads exhaust rows and successful write commits transaction. Missing cleanup occurs only on fatal process termination, not reusable normal-return lifecycle. Reassessment: Retain unresolved: one-shot process termination and reusable helper lifetimes differ; no blanket main/test exemption.	.build/followup337-resource-canonical/ClickHouse__clickhouse-go__803312f483.json; present
52	ClickHouse/clickhouse-go	c37b81ff305c5fe8ab8511fb009504aec46957e0	resourcelifetime	benchmark/v2/write/main.go:22:16	resourcelifetime/missing-release	retained-needs-proof	process-bounded-lifetime	Sole main caller immediately log.Fatal exits process on helper error; successful reads exhaust rows and successful write commits transaction. Missing cleanup occurs only on fatal process termination, not reusable normal-return lifecycle. Reassessment: Retain unresolved: one-shot process termination and reusable helper lifetimes differ; no blanket main/test exemption.	.build/followup337-resource-canonical/ClickHouse__clickhouse-go__0b51adcb4a.json; present
52	ConduitIO/conduit	9946a19b9fff997675f78bbc5ff437e760d39f4f	goroutineownership	pkg/lifecycle/stream/parallel.go:99:2	goroutineownership/unjoined	retained-needs-proof	alternative-completion	Waiter only waits workerWg then closes workersDone; deferred parent cleanup independently waits same workerWg, so waiter completes without requiring channel receiver or retained join. Re-review: Needs proof that a second completion event covers all actual worker work; unrelated Done/Wait operations are not interchangeable. https://github.com/ConduitIO/conduit/blob/9946a19b9fff997675f78bbc5ff437e760d39f4f/pkg/lifecycle/stream/parallel.go#L99	.build/followup337-workers-final-contained/52-ConduitIO__conduit-goroutineownership-pkg_lifecycle_stream.json (exit0; present; explicit checks; source 5a56fb4; sha256 3da9ce166dfd8dc72c3225dc1229298040ae27b04a394c49b2edcf7c3ca772a7)
52	ConduitIO/conduit	9946a19b9fff997675f78bbc5ff437e760d39f4f	resourcelifetime	tests/chaos/child.go:390:13	resourcelifetime/missing-release	retained-needs-proof	process-bounded-lifetime	Crash-test buildChild transfers DB through returned persister/store; both callers at451 and564 immediately os.Exit on build errors. Deliberately unclosed process-wide DB is the SIGKILL durability boundary, not leaked recurring acquisition. Reassessment: Retain unresolved: one-shot process termination and reusable helper lifetimes differ; no blanket main/test exemption.	.build/followup337-resource-canonical/ConduitIO__conduit__96d996f1a1.json; present
52	ConduitIO/conduit	9946a19b9fff997675f78bbc5ff437e760d39f4f	resourcelifetime	tests/chaos/recovery_child.go:864:13	resourcelifetime/missing-release	retained-needs-proof	process-bounded-lifetime	buildLifecycleChild retains DB through returned persister/store, and sole caller981 immediately os.Exit984 on build errors; dedicated crash child intentionally leaves DB open until process kill/exit. Reassessment: Retain unresolved: one-shot process termination and reusable helper lifetimes differ; no blanket main/test exemption.	.build/followup337-resource-canonical/ConduitIO__conduit__96d996f1a1.json; present
52	container2wasm/container2wasm	ecb4caa499f19f1d5cfcddd43b80aa78f98e5102	resourcelifetime	cmd/init/main.go:260:13	resourcelifetime/missing-release	retained-needs-proof	process-bounded-lifetime	doInit explicitly closes spec file after successful decode; decode error returns directly to sole main caller33 which panics, terminating init process rather than continuing with leaked live handle. Reassessment: Retain unresolved: one-shot process termination and reusable helper lifetimes differ; no blanket main/test exemption.	.build/followup337-resource-canonical/container2wasm__container2wasm__8d35667f94.json; present
52	container2wasm/container2wasm	ecb4caa499f19f1d5cfcddd43b80aa78f98e5102	resourcelifetime	cmd/init/main.go:268:12	resourcelifetime/missing-release	retained-needs-proof	process-bounded-lifetime	doInit explicitly closes image-config file after successful decode; decoder error immediately propagates to main panic35, so no normal continued lifecycle abandons handle. Reassessment: Retain unresolved: one-shot process termination and reusable helper lifetimes differ; no blanket main/test exemption.	.build/followup337-resource-canonical/container2wasm__container2wasm__8d35667f94.json; present
52	ContainerSSH/ContainerSSH	73625778b9f824ed6a49b282bca4f1fc17043fcb	lockorder	agentprotocol/server.go:99:2	lockorder/missing-release	retained-needs-proof	closed-state-domain	Close unlocks all four state cases0..3. Private state is initialized WAITINIT and assigned only STARTED/WAITCLOSE/CLOSED; sole setState caller passes STARTED. Unknown-state default return is infeasible under source transitions. Follow-up: Needs exhaustive private-state transition domain; no numeric-state or default-branch exemption added.	.build/followup337-locks-final-contained-5a56fb4/52-ContainerSSH__ContainerSSH-lockorder-agentprotocol.json
52	deckarep/golang-set	711c30df0fdf98710a4ca0211e12ef7210967ad3	goroutineownership	threadsafe.go:271:2	goroutineownership/unjoined	verified-absent	factory-or-registry-signal	newIterator returns an owner containing the exact item and stop channels; this function returns that iterator. Consumer can range C or call Stop, which closes stop and drains C; worker closes C on completion. Returned aggregate lifecycle transfer is missed. Re-review: Helper-produced completion identity remains unknown rather than assuming an exclusive local receive owner. This is a precision narrowing, not a proof of eventual completion. https://github.com/deckarep/golang-set/blob/711c30df0fdf98710a4ca0211e12ef7210967ad3/threadsafe.go#L271	.build/followup337-workers-final-contained/52-deckarep__golang-set-goroutineownership-..json (exit0; absent; explicit checks; source 5a56fb4; sha256 3da9ce166dfd8dc72c3225dc1229298040ae27b04a394c49b2edcf7c3ca772a7)
52	deckarep/golang-set	711c30df0fdf98710a4ca0211e12ef7210967ad3	goroutineownership	threadunsafe.go:264:2	goroutineownership/unjoined	verified-absent	factory-or-registry-signal	newIterator returns an owner containing the exact item and stop channels; this function returns that iterator. Consumer can range C or call Stop, which closes stop and drains C; worker closes C on completion. Returned aggregate lifecycle transfer is missed. Re-review: Helper-produced completion identity remains unknown rather than assuming an exclusive local receive owner. This is a precision narrowing, not a proof of eventual completion. https://github.com/deckarep/golang-set/blob/711c30df0fdf98710a4ca0211e12ef7210967ad3/threadunsafe.go#L264	.build/followup337-workers-final-contained/52-deckarep__golang-set-goroutineownership-..json (exit0; absent; explicit checks; source 5a56fb4; sha256 3da9ce166dfd8dc72c3225dc1229298040ae27b04a394c49b2edcf7c3ca772a7)
52	FiloSottile/whoami.filippo.io	db32914efa7b0fa57ddbc7447629f603a903d6cd	lockorder	server.go:329:3	lockorder/recursive-acquire	verified-absent	unlock-callback-handoff	Mutex is used as a semaphore: AfterFunc unlocks after thirty seconds, or worker stops timer and unlocks on shell/pty request. Parent second Lock waits for explicit asynchronous unlock rather than self-deadlocking. Follow-up: Exact release callback handoff makes held state unknown; this does not prove timer delivery or termination.	.build/followup337-locks-final-contained-5a56fb4/52-FiloSottile__whoami.filippo.io-lockorder-..json
52	fortio/fortio	5c19725ff61c9f7ad944b91ec32d96a399341d87	lockorder	fnet/network.go:334:3	lockorder/missing-release	retained-needs-proof	conditional-caller-held-contract	checkCache deliberately returns held dnsMutex on cache miss; both ResolveByProto call sites test returned found flag and unlock on false at370/393. Cache-hit branch releases inside helper. Follow-up: Needs returned Boolean-to-lock-state relation where false deliberately returns held; ordinary trailing-success convention is insufficient.	.build/followup337-locks-final-contained-5a56fb4/52-fortio__fortio-lockorder-fnet.json
52	fortio/fortio	5c19725ff61c9f7ad944b91ec32d96a399341d87	resourcelifetime	cli/fortio_main.go:506:13	resourcelifetime/missing-release	retained-needs-proof	correlated-error-or-guard	Created file differs from os.Stdout and is explicitly closed under f!=os.Stdout; write-error path calls fortio log.Fatalf, which panics or exits, and command path does not recover. No normally returning acquired-file path skips Close. Reassessment: Retain unresolved: branch/error/flag correlation is not represented; no loop-count or whole-program feasibility expansion.	.build/followup337-resource-canonical/fortio__fortio__2ee0470f34.json; present
52	fortio/fortio	5c19725ff61c9f7ad944b91ec32d96a399341d87	resourcelifetime	fhttp/httprunner.go:202:13	resourcelifetime/missing-release	retained-needs-proof	correlated-error-or-guard	CPU profile file creation and fc.Close use identical o.Profiler nonempty guard; option is unchanged during run and no normal return intervenes. StartCPUProfile error logs then still reaches Close. Reassessment: Retain unresolved: branch/error/flag correlation is not represented; no loop-count or whole-program feasibility expansion.	.build/followup337-resource-canonical/fortio__fortio__d65a20e155.json; present
52	getkin/kin-openapi	e7ecca9a44a420e0687072d30916fcd6a6bfba07	resourcelifetime	openapi3filter/issue743_test.go:203:15	resourcelifetime/missing-release	retained-needs-proof	memory-or-empty-http-body	Local test handler explicitly writes204 NoContent, no body, and default client has no Timeout wrapper. Request body validation does not create a response cleanup resource. Reassessment: Retain unresolved: exact transport, request, handler and timeout/body-wrapper provenance are needed; HEAD, status code or method name alone cannot remove the obligation.	.build/followup337-resource-canonical/getkin__kin-openapi__2239927fb1.json; present
52	gitlabhq/gitlab-shell	ab02ab8877fb17d22c6b55046d5422f8d01d196f	resourcelifetime	client/gitlabnet.go:225:23	resourcelifetime/missing-release	verified-absent	paired-helper-cleanup	Do returns checkResponse result: valid success response returned to caller; parseError defers Body.Close on redirects and all non-2XX/3XX statuses before error return. HTTP Do error path has no owned response (redirect failures already closed by net/http). Conditional close-or-return helper transfer is safe. Follow-up: Present in c9b65a6 baseline and absent in successful corrected replay. This site-level absence does not establish coverage of the whole evidence family.	.build/followup337-resource-canonical/gitlabhq__gitlab-shell__db6552443b.json; absent; baseline=present
52	hidu/mysql-schema-sync	730df92ef0c0fecdf2d509f6ae7fa6be5028f6af	resourcelifetime	internal/sync.go:432:15	resourcelifetime/missing-release	verified-absent	sql-transaction-parent	Rows belong to tx.Query and every loop exit reaches tx.Commit or Rollback; database/sql Rows.awaitDone observes transaction-context cancellation and closes rows when Tx finishes. Overwriting ret does not establish missing release; possible multi-query driver constraints are a separate issue. Follow-up: Present in c9b65a6 baseline and absent in successful corrected replay. This site-level absence does not establish coverage of the whole evidence family.	.build/followup337-resource-canonical/hidu__mysql-schema-sync__796518b15e.json; absent; baseline=present
52	inbucket/inbucket	94472ab496822dec612edce7988a1f953a9eafbd	goroutineownership	pkg/msghub/hub_test.go:364:2	goroutineownership/unjoined	verified-absent	cancellation-bound-worker	Test drains pending hub operations via Sync then calls exact worker context cancel. Hub.Start selects ctx.Done and returns; no further operations can keep this test's idle hub busy. Explicit cancellation releases the worker. Re-review: For a structurally received local context, the exact cancel now covers every post-launch normal return (or a dominating defer). No join guarantee is claimed. https://github.com/inbucket/inbucket/blob/94472ab496822dec612edce7988a1f953a9eafbd/pkg/msghub/hub_test.go#L364	.build/followup337-workers-final-contained/52-inbucket__inbucket-goroutineownership-pkg_msghub.json (exit0; absent; explicit checks; source 5a56fb4; sha256 3da9ce166dfd8dc72c3225dc1229298040ae27b04a394c49b2edcf7c3ca772a7)
52	ivaaaan/smug	8320fb4c24d10c6303d2d1254f7eee201a4e6b9f	resourcelifetime	main.go:65:18	resourcelifetime/missing-release	retained-needs-proof	retained-logging-output	newLogger returns log.New(logFile), whose standard-library constructor stores the file as output via SetOutput. Closing in this constructor would break the returned logger; ownership remains reachable through Logger.Writer. Reassessment: Bounded uncertainty requires one possibly retaining wrapper around an aggregate positively containing the resource, then retention by a consumer. Arbitrary data dependence and longer handler/logger chains remain unresolved; discarded wrappers remain diagnostic.	.build/followup337-resource-canonical/ivaaaan__smug__08f1f761af.json; present
52	kadeessh/kadeessh	e573bd46b851aa438794e3776cfd47e0e6da20a8	goroutineownership	internal/ssh/server_test.go:102:2	goroutineownership/unjoined	retained-needs-proof	transitive-completion	TestServerClose intentionally uses100ms timeout as failing-test watchdog; normal shutdown branch receives clientDoneChan. Server.Close closes actual client connections then closeDoneChan releases worker; worker defers session cleanup and completion. Timeout avoids hanging the test under broken shutdown rather than proving abandoned production work. Re-review: Needs transitive participant/completion or helper-owner evidence beyond the local tracked channel; no blanket framework exemption added. https://github.com/kadeessh/kadeessh/blob/e573bd46b851aa438794e3776cfd47e0e6da20a8/internal/ssh/server_test.go#L102	.build/followup337-workers-final-contained/52-kadeessh__kadeessh-goroutineownership-internal_ssh.json (exit0; present; explicit checks; source 5a56fb4; sha256 3da9ce166dfd8dc72c3225dc1229298040ae27b04a394c49b2edcf7c3ca772a7)
52	libp2p/go-libp2p-kad-dht	10e0adf9859ef86ba08d8493d8313869a2e83d8a	resourcelifetime	dual/dual_test.go:137:13	resourcelifetime/missing-release	retained-needs-proof	fixture-prevents-acquisition	TestNewErrorPathClosesWAN supplies failLAN option that unconditionally returns lan boom; New returns nil,error after closing already-created WAN on LAN initialization failure. No dual DHT owner exists for test to Close. require.ErrorContains documents forced failure; incomplete repository scan remains partial. Reassessment: Retain unresolved: a test expectation alone is not a proof; requires exact constructor/transport or fixture-state feasibility.	.build/followup337-resource-canonical/libp2p__go-libp2p-kad-dht__da9fcb5c2f.json; present
52	minio/minio-go	32e1f32cb176a611dbed3b37c15fda8c2d9ccf36	resourcelifetime	api-putobject-snowball.go:123:13	resourcelifetime/missing-release	retained-needs-proof	retained-callback-cleanup	defer once.Do closes exact temp file unless getter's prior once.Do already closed it; both once callbacks perform same f.Close. Reassessment: Retain unresolved unless replay establishes absence: callback registration/once/stack invocation is not unconditional cleanup by itself.	.build/followup337-resource-canonical/minio__minio-go__cc07ee0d57.json; present
52	Mmx233/BitSrunLoginGo	a744f312b3835f329eb98e45c8d19bc2a5b7d4c0	resourcelifetime	internal/config/log.go:50:13	resourcelifetime/missing-release	verified-absent	retained-logging-output	initLogFinal retains opened file in io.MultiWriter(os.Stdout,f), then installs wrapper with global Logger.SetOutput; output is intentionally kept open for later logging rather than abandoned. Follow-up: Present in c9b65a6 baseline and absent in successful corrected replay. This site-level absence does not establish coverage of the whole evidence family.	.build/followup337-resource-canonical/Mmx233__BitSrunLoginGo__70a5afb305.json; absent; baseline=present
52	mutagen-io/mutagen	6ccfeaaf4dfd261e59ef9aac56e3c157b62e605b	goroutineownership	pkg/integration/protocols/netpipe/synchronization.go:69:2	goroutineownership/unjoined	retained-needs-proof	transitive-completion	Returned waitingSynchronizationEndpoint owns the exact done receive and closes client before waiting during Shutdown. NewEndpoint failure closes the client stream, terminating paired net.Pipe server worker; opaque returned-owner lifecycle is missed. Re-review: Needs transitive participant/completion or helper-owner evidence beyond the local tracked channel; no blanket framework exemption added. https://github.com/mutagen-io/mutagen/blob/6ccfeaaf4dfd261e59ef9aac56e3c157b62e605b/pkg/integration/protocols/netpipe/synchronization.go#L69	.build/followup337-workers-final-contained/52-mutagen-io__mutagen-goroutineownership-pkg_integration_protocols_netpipe.json (exit0; present; explicit checks; source 5a56fb4; sha256 3da9ce166dfd8dc72c3225dc1229298040ae27b04a394c49b2edcf7c3ca772a7)
52	mutagen-io/mutagen	6ccfeaaf4dfd261e59ef9aac56e3c157b62e605b	processownership	pkg/agent/dial.go:118:11	processownership/missing-wait	retained-needs-proof	prestart-process-owner	Pre-Start transport.NewStream stores exact command in Stream.process. All handshake failure paths call stream.Close, whose goroutine calls process.Wait and is received; success returns the owning stream. Re-review: Needs pre-Start returned-owner consumption through handshake cleanup and success return; no arbitrary constructor-name exemption. https://github.com/mutagen-io/mutagen/blob/6ccfeaaf4dfd261e59ef9aac56e3c157b62e605b/pkg/agent/dial.go#L118	.build/followup337-workers-final-contained/52-mutagen-io__mutagen-processownership-pkg_agent.json (exit0; present; explicit checks; source 5a56fb4; sha256 3da9ce166dfd8dc72c3225dc1229298040ae27b04a394c49b2edcf7c3ca772a7)
52	mutagen-io/mutagen	6ccfeaaf4dfd261e59ef9aac56e3c157b62e605b	resourcelifetime	tools/scan_bench/main.go:144:16	resourcelifetime/missing-release	retained-needs-proof	correlated-error-or-guard	Acquisition and matching profiler.Finalize are guarded by the same unchanged enableProfile flag. Finalize stops CPU profiling and closes its owned file; intervening error paths call cmd.Fatal, which directly os.Exit(1), not a returning resource leak. Reassessment: Retain unresolved: branch/error/flag correlation is not represented; no loop-count or whole-program feasibility expansion.	.build/followup337-resource-canonical/mutagen-io__mutagen__8c58996463.json; present
52	mutagen-io/mutagen	6ccfeaaf4dfd261e59ef9aac56e3c157b62e605b	resourcelifetime	tools/scan_bench/main.go:181:22	resourcelifetime/missing-release	retained-needs-proof	correlated-error-or-guard	Acquisition and matching profiler.Finalize are guarded by the same unchanged enableProfile flag. Finalize stops CPU profiling and closes its owned file; intervening error paths call cmd.Fatal, which directly os.Exit(1), not a returning resource leak. Reassessment: Retain unresolved: branch/error/flag correlation is not represented; no loop-count or whole-program feasibility expansion.	.build/followup337-resource-canonical/mutagen-io__mutagen__8c58996463.json; present
52	mutagen-io/mutagen	6ccfeaaf4dfd261e59ef9aac56e3c157b62e605b	resourcelifetime	tools/scan_bench/main.go:224:22	resourcelifetime/missing-release	retained-needs-proof	correlated-error-or-guard	Acquisition and matching profiler.Finalize are guarded by the same unchanged enableProfile flag. Finalize stops CPU profiling and closes its owned file; intervening error paths call cmd.Fatal, which directly os.Exit(1), not a returning resource leak. Reassessment: Retain unresolved: branch/error/flag correlation is not represented; no loop-count or whole-program feasibility expansion.	.build/followup337-resource-canonical/mutagen-io__mutagen__8c58996463.json; present
52	mutagen-io/mutagen	6ccfeaaf4dfd261e59ef9aac56e3c157b62e605b	resourcelifetime	tools/scan_bench/main.go:265:22	resourcelifetime/missing-release	retained-needs-proof	correlated-error-or-guard	Acquisition and matching profiler.Finalize are guarded by the same unchanged enableProfile flag. Finalize stops CPU profiling and closes its owned file; intervening error paths call cmd.Fatal, which directly os.Exit(1), not a returning resource leak. Reassessment: Retain unresolved: branch/error/flag correlation is not represented; no loop-count or whole-program feasibility expansion.	.build/followup337-resource-canonical/mutagen-io__mutagen__8c58996463.json; present
52	mutagen-io/mutagen	6ccfeaaf4dfd261e59ef9aac56e3c157b62e605b	resourcelifetime	tools/scan_bench/main.go:304:22	resourcelifetime/missing-release	retained-needs-proof	correlated-error-or-guard	Acquisition and matching profiler.Finalize are guarded by the same unchanged enableProfile flag. Finalize stops CPU profiling and closes its owned file; intervening error paths call cmd.Fatal, which directly os.Exit(1), not a returning resource leak. Reassessment: Retain unresolved: branch/error/flag correlation is not represented; no loop-count or whole-program feasibility expansion.	.build/followup337-resource-canonical/mutagen-io__mutagen__8c58996463.json; present
52	mutagen-io/mutagen	6ccfeaaf4dfd261e59ef9aac56e3c157b62e605b	resourcelifetime	tools/scan_bench/main.go:380:22	resourcelifetime/missing-release	retained-needs-proof	correlated-error-or-guard	Acquisition and matching profiler.Finalize are guarded by the same unchanged enableProfile flag. Finalize stops CPU profiling and closes its owned file; intervening error paths call cmd.Fatal, which directly os.Exit(1), not a returning resource leak. Reassessment: Retain unresolved: branch/error/flag correlation is not represented; no loop-count or whole-program feasibility expansion.	.build/followup337-resource-canonical/mutagen-io__mutagen__8c58996463.json; present
52	mutagen-io/mutagen	6ccfeaaf4dfd261e59ef9aac56e3c157b62e605b	resourcelifetime	tools/scan_bench/main.go:401:22	resourcelifetime/missing-release	retained-needs-proof	correlated-error-or-guard	Acquisition and matching profiler.Finalize are guarded by the same unchanged enableProfile flag. Finalize stops CPU profiling and closes its owned file; intervening error paths call cmd.Fatal, which directly os.Exit(1), not a returning resource leak. Reassessment: Retain unresolved: branch/error/flag correlation is not represented; no loop-count or whole-program feasibility expansion.	.build/followup337-resource-canonical/mutagen-io__mutagen__8c58996463.json; present
52	mutagen-io/mutagen	6ccfeaaf4dfd261e59ef9aac56e3c157b62e605b	resourcelifetime	tools/scan_bench/main.go:464:22	resourcelifetime/missing-release	retained-needs-proof	correlated-error-or-guard	Acquisition and matching profiler.Finalize are guarded by the same unchanged enableProfile flag. Finalize stops CPU profiling and closes its owned file; intervening error paths call cmd.Fatal, which directly os.Exit(1), not a returning resource leak. Reassessment: Retain unresolved: branch/error/flag correlation is not represented; no loop-count or whole-program feasibility expansion.	.build/followup337-resource-canonical/mutagen-io__mutagen__8c58996463.json; present
52	mutagen-io/mutagen	6ccfeaaf4dfd261e59ef9aac56e3c157b62e605b	resourcelifetime	tools/scan_bench/main.go:484:22	resourcelifetime/missing-release	retained-needs-proof	correlated-error-or-guard	Acquisition and matching profiler.Finalize are guarded by the same unchanged enableProfile flag. Finalize stops CPU profiling and closes its owned file; intervening error paths call cmd.Fatal, which directly os.Exit(1), not a returning resource leak. Reassessment: Retain unresolved: branch/error/flag correlation is not represented; no loop-count or whole-program feasibility expansion.	.build/followup337-resource-canonical/mutagen-io__mutagen__8c58996463.json; present
52	onedr0p/exportarr	52bb6eb3b80d2a1bf5f6532567ca7f7da50bdc95	resourcelifetime	internal/arr/client/auth_test.go:109:11	resourcelifetime/missing-release	retained-needs-proof	memory-or-empty-http-body	FormAuth closes actual login response in auth.go; outer transport returns synthetic nil-Body response, which net/http replaces with empty NopCloser. No owned resource is abandoned at this call. Reassessment: Retain unresolved: exact transport, request, handler and timeout/body-wrapper provenance are needed; HEAD, status code or method name alone cannot remove the obligation.	.build/followup337-resource-canonical/onedr0p__exportarr__ed081673ec.json; present
52	onedr0p/exportarr	52bb6eb3b80d2a1bf5f6532567ca7f7da50bdc95	resourcelifetime	internal/arr/client/auth_test.go:136:12	resourcelifetime/missing-release	retained-needs-proof	fixture-prevents-acquisition	Server redirects with loginFailed=true; FormAuth CheckRedirect returns error and net/http closes login response before returning. Outer authentication fails, so no successful response exists; fallback fake response would also have nil Body. Reassessment: Retain unresolved: a test expectation alone is not a proof; requires exact constructor/transport or fixture-state feasibility.	.build/followup337-resource-canonical/onedr0p__exportarr__ed081673ec.json; present
52	onedr0p/exportarr	52bb6eb3b80d2a1bf5f6532567ca7f7da50bdc95	resourcelifetime	internal/arr/client/auth_test.go:177:13	resourcelifetime/missing-release	retained-needs-proof	fixture-prevents-acquisition	Both table cases force failure: synthetic nil-Body 500 response is drained and rejected by ExportarrTransport, or transport returns nil,http.ErrNotSupported. No successful response resource exists. Reassessment: Retain unresolved: a test expectation alone is not a proof; requires exact constructor/transport or fixture-state feasibility.	.build/followup337-resource-canonical/onedr0p__exportarr__ed081673ec.json; present
52	onedr0p/exportarr	52bb6eb3b80d2a1bf5f6532567ca7f7da50bdc95	resourcelifetime	internal/arr/client/auth_test.go:202:13	resourcelifetime/missing-release	retained-needs-proof	memory-or-empty-http-body	Every table response is synthetic with nil Body; non-2XX responses rejected/drained by ExportarrTransport and successful bodies are empty NopClosers supplied by net/http. No real resource leaks. Reassessment: Retain unresolved: exact transport, request, handler and timeout/body-wrapper provenance are needed; HEAD, status code or method name alone cannot remove the obligation.	.build/followup337-resource-canonical/onedr0p__exportarr__ed081673ec.json; present
52	onedr0p/exportarr	52bb6eb3b80d2a1bf5f6532567ca7f7da50bdc95	resourcelifetime	internal/arr/client/auth_test.go:58:13	resourcelifetime/missing-release	retained-needs-proof	memory-or-empty-http-body	Test transport returns synthetic http.Response with nil Body and no resource. net/http fills nil successful body with an empty NopCloser; discarding this fixture response leaks no resource. Reassessment: Retain unresolved: exact transport, request, handler and timeout/body-wrapper provenance are needed; HEAD, status code or method name alone cannot remove the obligation.	.build/followup337-resource-canonical/onedr0p__exportarr__ed081673ec.json; present
52	onllm-dev/onWatch	4f5e3bd0cf98db0dd3984cf9f39bb3a9ab1af107	processownership	tools/perf-monitor/main_test.go:523:12	processownership/missing-wait	verified-absent	opaque-wait-callback	Successful Start installs t.Cleanup that kills then helpCmd.Process.Wait at532; nil guard cannot bypass an actually started process, and no custom IO pipes require exec.Cmd.Wait cleanup. Re-review: The exact command is captured by an opaque callback handoff; classify as possible ownership rather than a proven lost wait. https://github.com/onllm-dev/onWatch/blob/4f5e3bd0cf98db0dd3984cf9f39bb3a9ab1af107/tools/perf-monitor/main_test.go#L523	.build/followup337-workers-final-contained/52-onllm-dev__onWatch-processownership-tools_perf-monitor.json (exit0; absent; explicit checks; source 5a56fb4; sha256 3da9ce166dfd8dc72c3225dc1229298040ae27b04a394c49b2edcf7c3ca772a7)
52	openpcc/openpcc	911390a80afcbe6dfb48987a641ab345494b1eca	resourcelifetime	client_test.go:948:12	resourcelifetime/missing-release	retained-needs-proof	fixture-prevents-acquisition	Network-failure subtest injects errTransport returning assert.AnError and expects that exact failure. No successful response resource is created; request-body closed and payment canceled are separately verified. Reassessment: Retain unresolved: a test expectation alone is not a proof; requires exact constructor/transport or fixture-state feasibility.	.build/followup337-resource-canonical/openpcc__openpcc__392cc45b7c.json; present
52	prometheus-community/postgres_exporter	e7e2095249dc369d943af1cef3d8c615228278ec	resourcelifetime	collector/collector_test.go:127:12	resourcelifetime/missing-release	retained-needs-proof	constructor-without-live-resource	NewPostgresCollector newInstance closes its temporary DSN-validation DB immediately and returns nil instance.db; test replaces it with sqlmock DB separately deferred closed at114. Reassessment: Retain unresolved: type-level cleanup capability does not establish that this constructor returns an acquired live resource.	.build/followup337-resource-canonical/prometheus-community__postgres_exporter__eb2eeb1d08.json; present
52	prometheus-community/postgres_exporter	e7e2095249dc369d943af1cef3d8c615228278ec	resourcelifetime	collector/collector_test.go:175:16	resourcelifetime/missing-release	retained-needs-proof	constructor-without-live-resource	NewPostgresCollector calls newInstance, which opens DSN-validation DB and immediately closes it at instance.go43; returned instance.db is nil and test only inspects metadata, so no retained resource exists. Reassessment: Retain unresolved: type-level cleanup capability does not establish that this constructor returns an acquired live resource.	.build/followup337-resource-canonical/prometheus-community__postgres_exporter__eb2eeb1d08.json; present
52	prometheus-community/postgres_exporter	e7e2095249dc369d943af1cef3d8c615228278ec	resourcelifetime	collector/collector_test.go:179:17	resourcelifetime/missing-release	retained-needs-proof	constructor-without-live-resource	NewPostgresCollector calls newInstance, which opens DSN-validation DB and immediately closes it at instance.go43; returned instance.db is nil and test only inspects metadata, so no retained resource exists. Reassessment: Retain unresolved: type-level cleanup capability does not establish that this constructor returns an acquired live resource.	.build/followup337-resource-canonical/prometheus-community__postgres_exporter__eb2eeb1d08.json; present
52	prometheus-community/postgres_exporter	e7e2095249dc369d943af1cef3d8c615228278ec	resourcelifetime	collector/collector_test.go:207:12	resourcelifetime/missing-release	retained-needs-proof	constructor-without-live-resource	NewPostgresCollector calls newInstance, which opens DSN-validation DB and immediately closes it at instance.go43; returned instance.db is nil and test only inspects metadata, so no retained resource exists. Reassessment: Retain unresolved: type-level cleanup capability does not establish that this constructor returns an acquired live resource.	.build/followup337-resource-canonical/prometheus-community__postgres_exporter__eb2eeb1d08.json; present
52	prometheus-community/postgres_exporter	e7e2095249dc369d943af1cef3d8c615228278ec	resourcelifetime	collector/collector_test.go:81:22	resourcelifetime/missing-release	retained-needs-proof	constructor-without-live-resource	NewPostgresCollector calls newInstance, which opens DSN-validation DB and immediately closes it at instance.go43; returned instance.db is nil and test only inspects metadata, so no retained resource exists. Reassessment: Retain unresolved: type-level cleanup capability does not establish that this constructor returns an acquired live resource.	.build/followup337-resource-canonical/prometheus-community__postgres_exporter__eb2eeb1d08.json; present
52	rfjakob/gocryptfs	842af4463989ee6808d397433e9aba8517e49c89	lockorder	internal/fusefrontend/file.go:429:5	lockorder/read-lock-write	retained-needs-proof	imported-rwmutex-wrapper	fdLock.RLock protects descriptor lifetime, not write metadata. Dominating fileTableEntry.ContentLock.Lock exclusively protects these fields and their only reads in isConsecutiveWrite; a distinct nested lock serializes access. Follow-up: Direct exclusive-guard uncertainty is narrowed, but the imported countingMutex wrapper around sync.RWMutex plus an atomic counter still supplies no complete held-writer summary. Explicit-check replay retains both sites; a Lock method name alone is not evidence.	.build/followup337-locks-final-contained-5a56fb4/52-rfjakob__gocryptfs-lockorder-internal_fusefrontend.json
52	rfjakob/gocryptfs	842af4463989ee6808d397433e9aba8517e49c89	lockorder	internal/fusefrontend/file.go:430:5	lockorder/read-lock-write	retained-needs-proof	imported-rwmutex-wrapper	fdLock.RLock protects descriptor lifetime, not write metadata. Dominating fileTableEntry.ContentLock.Lock exclusively protects these fields and their only reads in isConsecutiveWrite; a distinct nested lock serializes access. Follow-up: Direct exclusive-guard uncertainty is narrowed, but the imported countingMutex wrapper around sync.RWMutex plus an atomic counter still supplies no complete held-writer summary. Explicit-check replay retains both sites; a Lock method name alone is not evidence.	.build/followup337-locks-final-contained-5a56fb4/52-rfjakob__gocryptfs-lockorder-internal_fusefrontend.json
52	rfjakob/gocryptfs	842af4463989ee6808d397433e9aba8517e49c89	resourcelifetime	tests/cli/cli_test.go:380:11	resourcelifetime/missing-release	retained-needs-proof	fixture-prevents-acquisition	Test mounts the filesystem read-only before this deliberate os.Create failure probe; the read-only mount prevents successful descriptor acquisition. Reassessment: Retain unresolved: a test expectation alone is not a proof; requires exact constructor/transport or fixture-state feasibility.	.build/followup337-resource-canonical/rfjakob__gocryptfs__81fc29f8a1.json; present
52	shijuvar/gokit	4b5abbb8d4e6497a1eef211cb823c18b7977dde4	resourcelifetime	examples/bookmark-api/apputil/logger.go:60:12	resourcelifetime/missing-release	retained-needs-proof	retained-logging-output	SetLogLevel enabled branches pass file through initLog into global log.New output owners; disabled branch explicitly closes it. Current file is retained for ongoing logging. Reassessment: Bounded uncertainty requires one possibly retaining wrapper around an aggregate positively containing the resource, then retention by a consumer. Arbitrary data dependence and longer handler/logger chains remain unresolved; discarded wrappers remain diagnostic.	.build/followup337-resource-canonical/shijuvar__gokit__d10d4bebed.json; present
52	shijuvar/gokit	4b5abbb8d4e6497a1eef211cb823c18b7977dde4	resourcelifetime	log/log.go:59:12	resourcelifetime/missing-release	retained-needs-proof	retained-logging-output	SetLogLevel transfers current file through initLog to global logger outputs in enabled cases and closes it in default case; no abandoned local descriptor. Reassessment: Bounded uncertainty requires one possibly retaining wrapper around an aggregate positively containing the resource, then retention by a consumer. Arbitrary data dependence and longer handler/logger chains remain unresolved; discarded wrappers remain diagnostic.	.build/followup337-resource-canonical/shijuvar__gokit__7f61ca728d.json; present
52	SignTools/SignTools	243154c0de9e8036bcd667c3264dafac3d8b0b42	resourcelifetime	main_test.go:245:14	resourcelifetime/missing-release	retained-needs-proof	memory-or-empty-http-body	Second takeJob GET occurs after consuming sole queued job; TakeLastJob returns ErrNotFound before writing, and getLastJob main.go436 emits NoContent404. Default HTTP client has no Timeout wrapper and empty response has no live body cleanup. Reassessment: Retain unresolved: exact transport, request, handler and timeout/body-wrapper provenance are needed; HEAD, status code or method name alone cannot remove the obligation.	.build/followup337-resource-canonical/SignTools__SignTools__0ece280a91.json; present
52	sigstore/rekor	58b4638edf2c4f82c84a914cfbc4d0fc871035ae	cancellationownership	cmd/backfill-index/main.go:242:12	cancellationownership/release	retained-needs-proof	process-lifetime-signal-registration	populate registers one command-wide signal context and is called once as main's final operation at 200; error is Fatal and success immediately ends main at 204. No repeated registration or post-command signal restoration lifecycle exists. Re-review: Needs complete command boundary/caller proof; a main/helper name must not waive NotifyContext stop obligations. https://github.com/sigstore/rekor/blob/58b4638edf2c4f82c84a914cfbc4d0fc871035ae/cmd/backfill-index/main.go#L242	.build/followup337-workers-final-contained/52-sigstore__rekor-cancellationownership-cmd_backfill-index.json (exit0; present; explicit checks; source 5a56fb4; sha256 3da9ce166dfd8dc72c3225dc1229298040ae27b04a394c49b2edcf7c3ca772a7)
52	sigstore/rekor	58b4638edf2c4f82c84a914cfbc4d0fc871035ae	cancellationownership	cmd/cleanup-index/main.go:99:12	cancellationownership/release	retained-needs-proof	process-lifetime-signal-registration	main registers its sole signal context for the remaining batchQueryAndDelete command; error exits via Fatal and success ends main. Registration deliberately lasts until unconditional process termination, not a recurring lifecycle. Re-review: Needs complete command boundary/caller proof; a main/helper name must not waive NotifyContext stop obligations. https://github.com/sigstore/rekor/blob/58b4638edf2c4f82c84a914cfbc4d0fc871035ae/cmd/cleanup-index/main.go#L99	.build/followup337-workers-final-contained/52-sigstore__rekor-cancellationownership-cmd_cleanup-index.json (exit0; present; explicit checks; source 5a56fb4; sha256 3da9ce166dfd8dc72c3225dc1229298040ae27b04a394c49b2edcf7c3ca772a7)
52	sigstore/rekor	58b4638edf2c4f82c84a914cfbc4d0fc871035ae	cancellationownership	cmd/copy-index/main.go:145:12	cancellationownership/release	retained-needs-proof	process-lifetime-signal-registration	doCopy creates one command-wide signal context and is invoked once as main's final operation at 105; error exits through Fatal and success ends main at 110. There is no later operation requiring signal-handler restoration. Re-review: Needs complete command boundary/caller proof; a main/helper name must not waive NotifyContext stop obligations. https://github.com/sigstore/rekor/blob/58b4638edf2c4f82c84a914cfbc4d0fc871035ae/cmd/copy-index/main.go#L145	.build/followup337-workers-final-contained/52-sigstore__rekor-cancellationownership-cmd_copy-index.json (exit0; present; explicit checks; source 5a56fb4; sha256 3da9ce166dfd8dc72c3225dc1229298040ae27b04a394c49b2edcf7c3ca772a7)
52	testcontainers/testcontainers-go	096293a2dfd3067dae1c4921ad1f5e45e879dc91	resourcelifetime	logconsumer_test.go:102:11	resourcelifetime/missing-release	retained-needs-proof	memory-or-empty-http-body	Request hits testdata/echoserver.go echoHandler, which logs echo to stdout/stderr and only WriteHeader202, no response body. Default http.Get has no timeout wrapper; canonical empty response has no live body resource. Reassessment: Retain unresolved: exact transport, request, handler and timeout/body-wrapper provenance are needed; HEAD, status code or method name alone cannot remove the obligation.	.build/followup337-resource-canonical/testcontainers__testcontainers-go__38f3b04970.json; present
52	testcontainers/testcontainers-go	096293a2dfd3067dae1c4921ad1f5e45e879dc91	resourcelifetime	logconsumer_test.go:105:11	resourcelifetime/missing-release	retained-needs-proof	memory-or-empty-http-body	Request hits testdata/echoserver.go echoHandler, which logs echo to stdout/stderr and only WriteHeader202, no response body. Default http.Get has no timeout wrapper; canonical empty response has no live body resource. Reassessment: Retain unresolved: exact transport, request, handler and timeout/body-wrapper provenance are needed; HEAD, status code or method name alone cannot remove the obligation.	.build/followup337-resource-canonical/testcontainers__testcontainers-go__38f3b04970.json; present
52	testcontainers/testcontainers-go	096293a2dfd3067dae1c4921ad1f5e45e879dc91	resourcelifetime	logconsumer_test.go:158:11	resourcelifetime/missing-release	retained-needs-proof	memory-or-empty-http-body	Request hits testdata/echoserver.go echoHandler, which logs echo to stdout/stderr and only WriteHeader202, no response body. Default http.Get has no timeout wrapper; canonical empty response has no live body resource. Reassessment: Retain unresolved: exact transport, request, handler and timeout/body-wrapper provenance are needed; HEAD, status code or method name alone cannot remove the obligation.	.build/followup337-resource-canonical/testcontainers__testcontainers-go__38f3b04970.json; present
52	testcontainers/testcontainers-go	096293a2dfd3067dae1c4921ad1f5e45e879dc91	resourcelifetime	logconsumer_test.go:161:11	resourcelifetime/missing-release	retained-needs-proof	memory-or-empty-http-body	Request hits testdata/echoserver.go echoHandler, which logs echo to stdout/stderr and only WriteHeader202, no response body. Default http.Get has no timeout wrapper; canonical empty response has no live body resource. Reassessment: Retain unresolved: exact transport, request, handler and timeout/body-wrapper provenance are needed; HEAD, status code or method name alone cannot remove the obligation.	.build/followup337-resource-canonical/testcontainers__testcontainers-go__38f3b04970.json; present
52	testcontainers/testcontainers-go	096293a2dfd3067dae1c4921ad1f5e45e879dc91	resourcelifetime	logconsumer_test.go:164:11	resourcelifetime/missing-release	retained-needs-proof	memory-or-empty-http-body	Request hits testdata/echoserver.go echoHandler, which logs echo to stdout/stderr and only WriteHeader202, no response body. Default http.Get has no timeout wrapper; canonical empty response has no live body resource. Reassessment: Retain unresolved: exact transport, request, handler and timeout/body-wrapper provenance are needed; HEAD, status code or method name alone cannot remove the obligation.	.build/followup337-resource-canonical/testcontainers__testcontainers-go__38f3b04970.json; present
52	testcontainers/testcontainers-go	096293a2dfd3067dae1c4921ad1f5e45e879dc91	resourcelifetime	logconsumer_test.go:208:11	resourcelifetime/missing-release	retained-needs-proof	memory-or-empty-http-body	Request hits testdata/echoserver.go echoHandler, which logs echo to stdout/stderr and only WriteHeader202, no response body. Default http.Get has no timeout wrapper; canonical empty response has no live body resource. Reassessment: Retain unresolved: exact transport, request, handler and timeout/body-wrapper provenance are needed; HEAD, status code or method name alone cannot remove the obligation.	.build/followup337-resource-canonical/testcontainers__testcontainers-go__38f3b04970.json; present
52	testcontainers/testcontainers-go	096293a2dfd3067dae1c4921ad1f5e45e879dc91	resourcelifetime	logconsumer_test.go:211:11	resourcelifetime/missing-release	retained-needs-proof	memory-or-empty-http-body	Request hits testdata/echoserver.go echoHandler, which logs echo to stdout/stderr and only WriteHeader202, no response body. Default http.Get has no timeout wrapper; canonical empty response has no live body resource. Reassessment: Retain unresolved: exact transport, request, handler and timeout/body-wrapper provenance are needed; HEAD, status code or method name alone cannot remove the obligation.	.build/followup337-resource-canonical/testcontainers__testcontainers-go__38f3b04970.json; present
52	testcontainers/testcontainers-go	096293a2dfd3067dae1c4921ad1f5e45e879dc91	resourcelifetime	logconsumer_test.go:416:11	resourcelifetime/missing-release	retained-needs-proof	memory-or-empty-http-body	Request hits testdata/echoserver.go echoHandler, which logs echo to stdout/stderr and only WriteHeader202, no response body. Default http.Get has no timeout wrapper; canonical empty response has no live body resource. Reassessment: Retain unresolved: exact transport, request, handler and timeout/body-wrapper provenance are needed; HEAD, status code or method name alone cannot remove the obligation.	.build/followup337-resource-canonical/testcontainers__testcontainers-go__38f3b04970.json; present
52	testcontainers/testcontainers-go	096293a2dfd3067dae1c4921ad1f5e45e879dc91	resourcelifetime	logconsumer_test.go:419:11	resourcelifetime/missing-release	retained-needs-proof	memory-or-empty-http-body	Request hits testdata/echoserver.go echoHandler, which logs echo to stdout/stderr and only WriteHeader202, no response body. Default http.Get has no timeout wrapper; canonical empty response has no live body resource. Reassessment: Retain unresolved: exact transport, request, handler and timeout/body-wrapper provenance are needed; HEAD, status code or method name alone cannot remove the obligation.	.build/followup337-resource-canonical/testcontainers__testcontainers-go__38f3b04970.json; present
52	testcontainers/testcontainers-go	096293a2dfd3067dae1c4921ad1f5e45e879dc91	resourcelifetime	logconsumer_test.go:422:11	resourcelifetime/missing-release	retained-needs-proof	memory-or-empty-http-body	Request hits testdata/echoserver.go echoHandler, which logs echo to stdout/stderr and only WriteHeader202, no response body. Default http.Get has no timeout wrapper; canonical empty response has no live body resource. Reassessment: Retain unresolved: exact transport, request, handler and timeout/body-wrapper provenance are needed; HEAD, status code or method name alone cannot remove the obligation.	.build/followup337-resource-canonical/testcontainers__testcontainers-go__38f3b04970.json; present
52	testcontainers/testcontainers-go	096293a2dfd3067dae1c4921ad1f5e45e879dc91	resourcelifetime	logconsumer_test.go:558:11	resourcelifetime/missing-release	retained-needs-proof	memory-or-empty-http-body	Request hits testdata/echoserver.go echoHandler, which logs echo to stdout/stderr and only WriteHeader202, no response body. Default http.Get has no timeout wrapper; canonical empty response has no live body resource. Reassessment: Retain unresolved: exact transport, request, handler and timeout/body-wrapper provenance are needed; HEAD, status code or method name alone cannot remove the obligation.	.build/followup337-resource-canonical/testcontainers__testcontainers-go__38f3b04970.json; present
52	testcontainers/testcontainers-go	096293a2dfd3067dae1c4921ad1f5e45e879dc91	resourcelifetime	logconsumer_test.go:561:11	resourcelifetime/missing-release	retained-needs-proof	memory-or-empty-http-body	Request hits testdata/echoserver.go echoHandler, which logs echo to stdout/stderr and only WriteHeader202, no response body. Default http.Get has no timeout wrapper; canonical empty response has no live body resource. Reassessment: Retain unresolved: exact transport, request, handler and timeout/body-wrapper provenance are needed; HEAD, status code or method name alone cannot remove the obligation.	.build/followup337-resource-canonical/testcontainers__testcontainers-go__38f3b04970.json; present
52	testcontainers/testcontainers-go	096293a2dfd3067dae1c4921ad1f5e45e879dc91	resourcelifetime	logconsumer_test.go:589:11	resourcelifetime/missing-release	retained-needs-proof	memory-or-empty-http-body	Request hits testdata/echoserver.go echoHandler, which logs echo to stdout/stderr and only WriteHeader202, no response body. Default http.Get has no timeout wrapper; canonical empty response has no live body resource. Reassessment: Retain unresolved: exact transport, request, handler and timeout/body-wrapper provenance are needed; HEAD, status code or method name alone cannot remove the obligation.	.build/followup337-resource-canonical/testcontainers__testcontainers-go__38f3b04970.json; present
52	testcontainers/testcontainers-go	096293a2dfd3067dae1c4921ad1f5e45e879dc91	resourcelifetime	logconsumer_test.go:592:11	resourcelifetime/missing-release	retained-needs-proof	memory-or-empty-http-body	Request hits testdata/echoserver.go echoHandler, which logs echo to stdout/stderr and only WriteHeader202, no response body. Default http.Get has no timeout wrapper; canonical empty response has no live body resource. Reassessment: Retain unresolved: exact transport, request, handler and timeout/body-wrapper provenance are needed; HEAD, status code or method name alone cannot remove the obligation.	.build/followup337-resource-canonical/testcontainers__testcontainers-go__38f3b04970.json; present
52	testcontainers/testcontainers-go	096293a2dfd3067dae1c4921ad1f5e45e879dc91	resourcelifetime	logconsumer_test.go:99:11	resourcelifetime/missing-release	retained-needs-proof	memory-or-empty-http-body	Request hits testdata/echoserver.go echoHandler, which logs echo to stdout/stderr and only WriteHeader202, no response body. Default http.Get has no timeout wrapper; canonical empty response has no live body resource. Reassessment: Retain unresolved: exact transport, request, handler and timeout/body-wrapper provenance are needed; HEAD, status code or method name alone cannot remove the obligation.	.build/followup337-resource-canonical/testcontainers__testcontainers-go__38f3b04970.json; present
52	tus/tusd	c9d174d0e20c69f24e9785d2f639df4da1c4fdc5	goroutineownership	pkg/s3store/s3store_part_producer_test.go:34:2	goroutineownership/unjoined	retained-needs-proof	factory-or-registry-signal	newS3PartProducer returns producer plus exact files channel; test ranges that channel until produce closes it. Worker also selects t.Context cancellation on send, bounding fatal-test exit. Returned aggregate/channel alias hides actual completion consumption. Re-review: Factory/helper identity remains beyond this bounded proof in this case; source-reviewed false positive is still reported. https://github.com/tus/tusd/blob/c9d174d0e20c69f24e9785d2f639df4da1c4fdc5/pkg/s3store/s3store_part_producer_test.go#L34	.build/followup337-workers-final-contained/52-tus__tusd-goroutineownership-pkg_s3store.json (exit0; present; explicit checks; source 5a56fb4; sha256 3da9ce166dfd8dc72c3225dc1229298040ae27b04a394c49b2edcf7c3ca772a7)
52	tus/tusd	c9d174d0e20c69f24e9785d2f639df4da1c4fdc5	resourcelifetime	internal/e2e/e2e_test.go:316:11	resourcelifetime/missing-release	retained-needs-proof	fixture-prevents-acquisition	TestUnexpectedNetworkClose configures upstream limit_data toxic to terminate a 50KB upload after 10KB, deliberately expecting EOF/reset rather than a successful response. Subsequent HEAD response is deferred closed; missing response at forced network-failure call is not an acquired resource. Reassessment: Retain unresolved: a test expectation alone is not a proof; requires exact constructor/transport or fixture-state feasibility.	.build/followup337-resource-canonical/tus__tusd__13e50587f1.json; present
52	vmware/govmomi	f621178aa667761021673d64430b751e8352823c	goroutineownership	vim25/progress/aggregator_test.go:28:3	goroutineownership/unjoined	verified-absent	factory-or-registry-signal	Accepted upstream sink is drained by Aggregator.loop until producer closes it; parent Done waits aggregator wg after draining. Test consumes expected reports before Done, causally covering producer completion. Re-review: Helper-produced completion identity remains unknown rather than assuming an exclusive local receive owner. This is a precision narrowing, not a proof of eventual completion. https://github.com/vmware/govmomi/blob/f621178aa667761021673d64430b751e8352823c/vim25/progress/aggregator_test.go#L28	.build/followup337-workers-final-contained/52-vmware__govmomi-goroutineownership-vim25_progress.json (exit0; absent; explicit checks; source 5a56fb4; sha256 3da9ce166dfd8dc72c3225dc1229298040ae27b04a394c49b2edcf7c3ca772a7)
52	vmware/govmomi	f621178aa667761021673d64430b751e8352823c	goroutineownership	vim25/progress/aggregator_test.go:51:2	goroutineownership/unjoined	verified-absent	factory-or-registry-signal	Accepted upstream sink is drained by Aggregator.loop until producer closes it; parent Done waits aggregator wg after draining. Test consumes expected reports before Done, causally covering producer completion. Re-review: Helper-produced completion identity remains unknown rather than assuming an exclusive local receive owner. This is a precision narrowing, not a proof of eventual completion. https://github.com/vmware/govmomi/blob/f621178aa667761021673d64430b751e8352823c/vim25/progress/aggregator_test.go#L51	.build/followup337-workers-final-contained/52-vmware__govmomi-goroutineownership-vim25_progress.json (exit0; absent; explicit checks; source 5a56fb4; sha256 3da9ce166dfd8dc72c3225dc1229298040ae27b04a394c49b2edcf7c3ca772a7)
52	vmware/govmomi	f621178aa667761021673d64430b751e8352823c	goroutineownership	vim25/progress/prefix.go:37:3	goroutineownership/unjoined	verified-absent	factory-or-registry-signal	Returns upstream input channel to caller; caller owns sending/closing it, which terminates forwarding worker and closes downstream sink. This is transferred stream lifecycle, not abandoned local worker. Re-review: Helper-produced completion identity remains unknown rather than assuming an exclusive local receive owner. This is a precision narrowing, not a proof of eventual completion. https://github.com/vmware/govmomi/blob/f621178aa667761021673d64430b751e8352823c/vim25/progress/prefix.go#L37	.build/followup337-workers-final-contained/52-vmware__govmomi-goroutineownership-vim25_progress.json (exit0; absent; explicit checks; source 5a56fb4; sha256 3da9ce166dfd8dc72c3225dc1229298040ae27b04a394c49b2edcf7c3ca772a7)
52	vmware/govmomi	f621178aa667761021673d64430b751e8352823c	goroutineownership	vim25/progress/scale_test.go:18:4	goroutineownership/unjoined	verified-absent	factory-or-registry-signal	Accepted upstream sink is drained by Aggregator.loop until producer closes it; parent Done waits aggregator wg after draining. Test consumes expected reports before Done, causally covering producer completion. Re-review: Helper-produced completion identity remains unknown rather than assuming an exclusive local receive owner. This is a precision narrowing, not a proof of eventual completion. https://github.com/vmware/govmomi/blob/f621178aa667761021673d64430b751e8352823c/vim25/progress/scale_test.go#L18	.build/followup337-workers-final-contained/52-vmware__govmomi-goroutineownership-vim25_progress.json (exit0; absent; explicit checks; source 5a56fb4; sha256 3da9ce166dfd8dc72c3225dc1229298040ae27b04a394c49b2edcf7c3ca772a7)
52	vmware/govmomi	f621178aa667761021673d64430b751e8352823c	goroutineownership	vim25/progress/scale.go:27:2	goroutineownership/unjoined	verified-absent	factory-or-registry-signal	Returns upstream input channel to caller; caller owns sending/closing it, which terminates forwarding worker and closes downstream sink. This is transferred stream lifecycle, not abandoned local worker. Re-review: Helper-produced completion identity remains unknown rather than assuming an exclusive local receive owner. This is a precision narrowing, not a proof of eventual completion. https://github.com/vmware/govmomi/blob/f621178aa667761021673d64430b751e8352823c/vim25/progress/scale.go#L27	.build/followup337-workers-final-contained/52-vmware__govmomi-goroutineownership-vim25_progress.json (exit0; absent; explicit checks; source 5a56fb4; sha256 3da9ce166dfd8dc72c3225dc1229298040ae27b04a394c49b2edcf7c3ca772a7)
52	vmware/govmomi	f621178aa667761021673d64430b751e8352823c	goroutineownership	vim25/progress/tee.go:14:3	goroutineownership/unjoined	verified-absent	factory-or-registry-signal	Returns upstream input channel to caller; caller owns sending/closing it, which terminates forwarding worker and closes downstream sink. This is transferred stream lifecycle, not abandoned local worker. Re-review: Helper-produced completion identity remains unknown rather than assuming an exclusive local receive owner. This is a precision narrowing, not a proof of eventual completion. https://github.com/vmware/govmomi/blob/f621178aa667761021673d64430b751e8352823c/vim25/progress/tee.go#L14	.build/followup337-workers-final-contained/52-vmware__govmomi-goroutineownership-vim25_progress.json (exit0; absent; explicit checks; source 5a56fb4; sha256 3da9ce166dfd8dc72c3225dc1229298040ae27b04a394c49b2edcf7c3ca772a7)
52	vmware/govmomi	f621178aa667761021673d64430b751e8352823c	producerlifecycle	simulator/property_collector_test.go:598:6	producerlifecycle/abandoned-send	verified-absent	unproven-producer-cardinality	Filter contains one VM runtime.powerState; fixture produces initial enter then one caller-commanded state change. Caller receives enter and modify separately and worker returns on modify; generic repeated-send loop heuristic ignores bounded event protocol. Re-review: Repeated send statements do not establish a feasible excess count. This channel-count proof now abstains for repeated contributions. https://github.com/vmware/govmomi/blob/f621178aa667761021673d64430b751e8352823c/simulator/property_collector_test.go#L598	.build/followup337-workers-final-contained/52-vmware__govmomi-producerlifecycle-simulator.json (exit0; absent; explicit checks; source 5a56fb4; sha256 3da9ce166dfd8dc72c3225dc1229298040ae27b04a394c49b2edcf7c3ca772a7)
52	vmware/govmomi	f621178aa667761021673d64430b751e8352823c	resourcelifetime	simulator/simulator_test.go:455:14	resourcelifetime/missing-release	retained-needs-proof	memory-or-empty-http-body	Exact fixture ServeSDK path writes only405 for GET or400 for injected readAll error; no body is written, and default client has no timeout wrapper. Reassessment: Retain unresolved: exact transport, request, handler and timeout/body-wrapper provenance are needed; HEAD, status code or method name alone cannot remove the obligation.	.build/followup337-resource-canonical/vmware__govmomi__073294220c.json; present
52	vmware/govmomi	f621178aa667761021673d64430b751e8352823c	resourcelifetime	simulator/simulator_test.go:468:13	resourcelifetime/missing-release	retained-needs-proof	memory-or-empty-http-body	Exact fixture ServeSDK path writes only405 for GET or400 for injected readAll error; no body is written, and default client has no timeout wrapper. Reassessment: Retain unresolved: exact transport, request, handler and timeout/body-wrapper provenance are needed; HEAD, status code or method name alone cannot remove the obligation.	.build/followup337-resource-canonical/vmware__govmomi__073294220c.json; present
52	vmware/govmomi	f621178aa667761021673d64430b751e8352823c	resourcelifetime	vmdk/writer_test.go:270:19	resourcelifetime/missing-release	retained-needs-proof	correlated-error-or-guard	Both literal table entries have wantErr=false; test always reaches require.NoError then writer.Close. Hypothetical wantErr=true branch is absent from executed table. Reassessment: Retain unresolved: branch/error/flag correlation is not represented; no loop-count or whole-program feasibility expansion.	.build/followup337-resource-canonical/vmware__govmomi__909c2e2e6c.json; present
52	wallarm/api-firewall	8ed75e4ca7dc66998265a0cac3d32acd2f167211	resourcelifetime	cmd/api-firewall/internal/handlers/graphql/run.go:69:12	resourcelifetime/missing-release	retained-needs-proof	process-bounded-lifetime	GraphQL Run explicitly closes schema file after validation; every earlier parser/validator error invokes zerolog.Fatal().Msgf, terminating process before nominal return. No normal live error path abandons descriptor. Reassessment: Retain unresolved: one-shot process termination and reusable helper lifetimes differ; no blanket main/test exemption.	.build/followup337-resource-canonical/wallarm__api-firewall__a25c92b159.json; present
52	weave-os/router	4d6eae13407a5aaf533d4f62517e14332ecc055c	resourcelifetime	cmd/router-gateway/main_test.go:52:22	resourcelifetime/missing-release	retained-needs-proof	fixture-prevents-acquisition	Synctest table early return only for60s request deadline versus121s server delay, guaranteeing timeout/no response;600s success branch defers Body.Close. Transport closes idle connections and worker is joined on both branches; runtime deadline correlation is outside simple guard model. Reassessment: Retain unresolved: a test expectation alone is not a proof; requires exact constructor/transport or fixture-state feasibility.	.build/followup337-resource-canonical/weave-os__router__de0fbb10c8.json; present
52	yandex-cloud/geesefs	dd847771b29b26f3246edaf3227acbc430f4548d	lockorder	core/file.go:1972:2	lockorder/missing-release	retained-needs-proof	correlated-compound-guard	SetAttributes locks iff any of five pointer parameters is nonnil at1901, and unlocks under identical condition at1968; parameters are unchanged and all intervening error returns explicitly unlock. Follow-up: Needs repeated compound disjunction correlation on stable parameters; no arbitrary condition equivalence added.	.build/followup337-locks-final-contained-5a56fb4/52-yandex-cloud__geesefs-lockorder-core.json
52	yandex-cloud/geesefs	dd847771b29b26f3246edaf3227acbc430f4548d	resourcelifetime	core/backend_azblob.go:90:15	resourcelifetime/missing-release	retained-needs-proof	returned-or-retained-owner	Policy returns pipeline.NewHTTPResponse(r); azure-pipeline-go v0.2.3 pipeline/response.go:28 stores exact response in returned wrapper, transferring Body ownership to pipeline caller. Reassessment: Retain unresolved unless replay establishes absence: returned views and lifecycle-owning wrappers must remain distinct; ownership cannot be guessed from names.	.build/followup337-resource-canonical/yandex-cloud__geesefs__9d479a2e7c.json; present
52	yandex-cloud/geesefs	dd847771b29b26f3246edaf3227acbc430f4548d	resourcelifetime	core/backend_s3.go:148:15	resourcelifetime/missing-release	retained-needs-proof	correlated-error-or-guard	TryIAM assigns outer resp in GCP/AWS branches, then rejects error or nil and defers resp.Body.Close whenever nonnil at160; merged branch assignment is covered. Reassessment: Retain unresolved: branch/error/flag correlation is not represented; no loop-count or whole-program feasibility expansion.	.build/followup337-resource-canonical/yandex-cloud__geesefs__9d479a2e7c.json; present
52	yandex-cloud/geesefs	dd847771b29b26f3246edaf3227acbc430f4548d	resourcelifetime	core/cfg/logger.go:37:16	resourcelifetime/missing-release	retained-needs-proof	retained-logging-output	initFileLoggers stores file in every retained global loggers entry Out; map is already nonempty because package var log calls GetLogger(main), which inserts it. Stream is retained for ongoing logging. Follow-up: profile-dependent unresolved. Earlier resource-only scoped absence is insufficient: canonical final enable-all replay reports this site, as do direct baseline/final invocations. No fixed/verified-absent claim.	.build/followup337-geesefs-profiles/receipts.json; canonical final present; earlier scoped absence contradicted
52	yandex-cloud/geesefs	dd847771b29b26f3246edaf3227acbc430f4548d	resourcelifetime	core/goofys_fs_test.go:501:12	resourcelifetime/missing-release	retained-needs-proof	captured-cell-cleanup	Test closes previous fh then reassigns it; deferred closure at483 intentionally reads fh at return and closes the newly opened descriptor. Reassessment: Retain unresolved: deferred captures observe later cell contents; neither historical alias nor a nil guard proves exact cleanup.	.build/followup337-resource-canonical/yandex-cloud__geesefs__9d479a2e7c.json; present
52	yandex-cloud/k8s-csi-s3	cd2d29f0e655e30812c75fa5fb4c212cc04631b4	goroutineownership	pkg/s3/client.go:147:2	goroutineownership/unjoined	retained-needs-proof	transitive-completion	objectsCh is passed to minio v7.0.100 RemoveObjects and caller drains its result channel; dependency ranges input before closing result. Client context is Background. Early listErr return occurs only after worker assigned error and is itself returning; invalid bucket also makes ListObjects return an error without object sends. Separate listErr data race is not evidence of unjoined-worker lifecycle bug. Re-review: Needs transitive participant/completion or helper-owner evidence beyond the local tracked channel; no blanket framework exemption added. https://github.com/yandex-cloud/k8s-csi-s3/blob/cd2d29f0e655e30812c75fa5fb4c212cc04631b4/pkg/s3/client.go#L147	.build/followup337-workers-final-contained/52-yandex-cloud__k8s-csi-s3-goroutineownership-pkg_s3.json (exit0; present; explicit checks; source 5a56fb4; sha256 3da9ce166dfd8dc72c3225dc1229298040ae27b04a394c49b2edcf7c3ca772a7)
52	YTwsy/OpenSurge-for-Mac	42590d6b747851acee10fc5414d685b14bfb6722	lockorder	internal/controlapi/actions.go:412:3	lockorder/recursive-acquire	retained-needs-proof	disjoint-helper-conditions	First lock requires config- action prefix; second requires helperGatewayLifecycleAction, whose exact switch accepts only start/stop/reload/restart-mihomo. Conditions are mutually exclusive, so same execution cannot reacquire mutex. Follow-up: Needs correlation between a string-prefix condition and helper switch domain; no project action-name exception added.	.build/followup337-locks-final-contained-5a56fb4/52-YTwsy__OpenSurge-for-Mac-lockorder-internal_controlapi.json
52	zmap/zgrab2	a1231792c51576f1818825fae51db042b4dcd41e	goroutineownership	lib/http2/transport_test.go:5914:2	goroutineownership/unjoined	retained-needs-proof	transport-shutdown-completion	Worker performs one io.Pipe write then closes pipe and completion channel. RoundTrip consumes request body, or cleanupWriteRequest closes that exact reader on unsupported-connect/error; either releases writer. Supported case reads full echoed body. Unused explicit done channel is not a leaking worker. Re-review: Needs exact cross-object/cross-helper transport shutdown and progress evidence; a Close name or finite timeout is not modeled as a generic join. https://github.com/zmap/zgrab2/blob/a1231792c51576f1818825fae51db042b4dcd41e/lib/http2/transport_test.go#L5914	.build/followup337-workers-final-contained/52-zmap__zgrab2-goroutineownership-lib_http2.json (exit0; present; explicit checks; source 5a56fb4; sha256 3da9ce166dfd8dc72c3225dc1229298040ae27b04a394c49b2edcf7c3ca772a7)
52	zmap/zgrab2	a1231792c51576f1818825fae51db042b4dcd41e	goroutineownership	lib/http2/transport_test.go:5950:2	goroutineownership/unjoined	retained-needs-proof	transport-shutdown-completion	Worker performs one io.Pipe write then closes pipe and completion channel. RoundTrip consumes request body, or cleanupWriteRequest closes that exact reader on unsupported-connect/error; either releases writer. Supported case reads full echoed body. Unused explicit done channel is not a leaking worker. Re-review: Needs exact cross-object/cross-helper transport shutdown and progress evidence; a Close name or finite timeout is not modeled as a generic join. https://github.com/zmap/zgrab2/blob/a1231792c51576f1818825fae51db042b4dcd41e/lib/http2/transport_test.go#L5950	.build/followup337-workers-final-contained/52-zmap__zgrab2-goroutineownership-lib_http2.json (exit0; present; explicit checks; source 5a56fb4; sha256 3da9ce166dfd8dc72c3225dc1229298040ae27b04a394c49b2edcf7c3ca772a7)
52	zmap/zgrab2	a1231792c51576f1818825fae51db042b4dcd41e	resourcelifetime	lib/http/response_test.go:673:9	resourcelifetime/missing-release	retained-needs-proof	correlated-error-or-guard	gzip.Writer is acquired exactly when test.compressed and explicitly type-asserted/closed under the same unchanged guard after writes; alternative is a plain buffer/chunk writer. Conditional cleanup correlation is missed. Reassessment: Retain unresolved: branch/error/flag correlation is not represented; no loop-count or whole-program feasibility expansion.	.build/followup337-resource-canonical/zmap__zgrab2__3b2575643b.json; present
53	apache/pulsar-client-go	1a6d7ac818c9daae9df5c37cb24c0695fabc9eec	resourcelifetime	pulsar/internal/compression/zlib.go:41:7	resourcelifetime/missing-release	retained-needs-proof	infallible-memory-operation	The alleged unclosed-writer return requires w.Write(src) to fail, but this fresh standard zlib writer writes only to bytes.Buffer, whose Write cannot return a normal error. All normal compression paths call Close; out-of-memory panics are not the reported normal-return leak. Reassessment: Retain unresolved: proving this operation cannot fail requires bounded buffer/type semantics, not a generic error-path exemption.	.build/followup337-resource-canonical/apache__pulsar-client-go__f5d300f9e2.json; present
53	buchgr/bazel-remote	a69b6b5ed933234d93b489ffd216bee5bb74aa06	lockorder	cache/disk/disk.go:545:5	lockorder/recursive-acquire	retained-needs-proof	correlated-local-lock-state	availableOrTryProxy maintains a local locked boolean paired with every earlier Lock/Unlock. This acquisition is guarded by !locked; paths retaining the initial mutex cannot enter it. The cycle combines incompatible boolean ownership states. Follow-up: Needs predecessor-sensitive local locked flag correlated with held state; no loop-count heuristic added.	.build/followup337-locks-final-contained-5a56fb4/53-buchgr__bazel-remote-lockorder-cache_disk.json
53	buchgr/bazel-remote	a69b6b5ed933234d93b489ffd216bee5bb74aa06	lockorder	cache/disk/disk.go:564:2	lockorder/missing-release	retained-needs-proof	correlated-local-lock-state	The final return follows if locked { Unlock }; proxy reservation paths already unlock and set locked=false. All feasible lock states are released; missing path correlation invents a still-held state at the return. Follow-up: Needs predecessor-sensitive local locked flag correlated with held state; no loop-count heuristic added.	.build/followup337-locks-final-contained-5a56fb4/53-buchgr__bazel-remote-lockorder-cache_disk.json
53	buchgr/bazel-remote	a69b6b5ed933234d93b489ffd216bee5bb74aa06	resourcelifetime	cache/httpproxy/httpproxy.go:232:14	resourcelifetime/missing-release	retained-needs-proof	memory-or-empty-http-body	Contains sends HEAD through the same standard no-timeout client configured by production and tests. There is no response body resource or Client.Timeout cancellation timer, despite the syntactic Do result. Reassessment: Retain unresolved: exact transport, request, handler and timeout/body-wrapper provenance are needed; HEAD, status code or method name alone cannot remove the obligation.	.build/followup337-resource-canonical/buchgr__bazel-remote__03c30c6a5b.json; present
53	buchgr/bazel-remote	a69b6b5ed933234d93b489ffd216bee5bb74aa06	resourcelifetime	cache/httpproxy/httpproxy.go:61:14	resourcelifetime/missing-release	retained-needs-proof	memory-or-empty-http-body	This upload-existence request is HEAD. Both production config and tests supply standard transports with Client.Timeout zero; the response body is NoBody and carries no client cancellation timer. The later PUT has a separate real cleanup obligation. Reassessment: Retain unresolved: exact transport, request, handler and timeout/body-wrapper provenance are needed; HEAD, status code or method name alone cannot remove the obligation.	.build/followup337-resource-canonical/buchgr__bazel-remote__03c30c6a5b.json; present
53	containerd/ttrpc	9e62ff76048c2565d85b243f70adc66aeea73290	goroutineownership	stream_full_test.go:209:2	goroutineownership/unjoined	retained-needs-proof	transport-shutdown-completion	The test defers newTestClient's exact connection/client cleanup and server.Close. Closing that transport unblocks the finite worker's SendMsg with an error, which breaks its loop and closes sendDone. The unused completion channel is not proof of an abandoned network writer. Re-review: Needs exact cross-object/cross-helper transport shutdown and progress evidence; a Close name or finite timeout is not modeled as a generic join. https://github.com/containerd/ttrpc/blob/9e62ff76048c2565d85b243f70adc66aeea73290/stream_full_test.go#L209	.build/followup337-workers-final-contained/53-containerd__ttrpc-goroutineownership-..json (exit0; present; explicit checks; source 5a56fb4; sha256 3da9ce166dfd8dc72c3225dc1229298040ae27b04a394c49b2edcf7c3ca772a7)
53	deadsy/sdfx	a63cfbad6c5a0fe634ee2b393e970aaa7af7b866	resourcelifetime	render/stl.go:178:12	resourcelifetime/missing-release	retained-needs-proof	infallible-memory-operation	Before transferring f into a goroutine with deferred Close, the only normal early error is binary.Write of a fixed84-byte STLHeader to a fresh default4096-byte bufio.Writer. That valid fixed-size value fits entirely in memory, so this write cannot produce the underlying file error presumed by the diagnostic. Reassessment: Retain unresolved: proving this operation cannot fail requires bounded buffer/type semantics, not a generic error-path exemption.	.build/followup337-resource-canonical/deadsy__sdfx__8030406d38.json; present
53	destel/rill	d20890e7c24d8ad194ac4760cacae1d4bbb58642	goroutineownership	internal/core/merge_test.go:45:4	goroutineownership/unjoined	verified-absent	per-item-close-not-completion	Worker closes all exact input channels after its bounded sends; Merge drains every input, joins its forwarders, then closes output, and ToSlice ranges that output to closure before test continues. This transitive completion is consumed even without a direct receive on the original channel collection. Re-review: Loop-local close no longer creates a worker-completion obligation; explicit local terminal completion controls remain checked. https://github.com/destel/rill/blob/d20890e7c24d8ad194ac4760cacae1d4bbb58642/internal/core/merge_test.go#L45	.build/followup337-workers-final-contained/53-destel__rill-goroutineownership-internal_core.json (exit0; absent; explicit checks; source 5a56fb4; sha256 3da9ce166dfd8dc72c3225dc1229298040ae27b04a394c49b2edcf7c3ca772a7)
53	getsentry/sentry-go	a6a3d0b693bc8e93c4e098b4784b5b1145a21a14	resourcelifetime	http/example_test.go:23:13	resourcelifetime/missing-release	retained-needs-proof	invalid-http-url	The literal URL example.com has no scheme; the unmodified default HTTP transport rejects it instead of returning a successful response. This error-capture example never acquires the response-body resource presumed by the diagnostic. Reassessment: Retain unresolved: URL is invalid under the pinned default transport, but no broad URL/name exemption was added.	.build/followup337-resource-canonical/getsentry__sentry-go__c1ffb7bb8b.json; present
53	go-pkgz/auth	5f6d12c4a12e6cf7b1934dc10d8127969ac7e7b1	lockorder	provider/dev_provider.go:56:3	lockorder/missing-release	retained-needs-proof	infeasible-library-error	Only early return with the lock held follows parsing the private unchanged devUserFormTmpl literal; its sole template action {{.Query}} is valid and Parse cannot fail for this source. Infeasible error path. Follow-up: Needs successful template-parse contract for exact constant input; no assumption that error branches cannot run.	.build/followup337-locks-final-contained-5a56fb4/53-go-pkgz__auth-lockorder-provider.json
53	go-pkgz/auth	5f6d12c4a12e6cf7b1934dc10d8127969ac7e7b1	lockorder	v2/provider/dev_provider.go:56:3	lockorder/missing-release	retained-needs-proof	infeasible-library-error	Only early return with the lock held follows parsing the private unchanged devUserFormTmpl literal; its sole template action {{.Query}} is valid and Parse cannot fail for this source. Infeasible error path. Follow-up: Needs successful template-parse contract for exact constant input; no assumption that error branches cannot run.	.build/followup337-locks-final-contained-5a56fb4/53-go-pkgz__auth-lockorder-v2_provider.json
53	go-pkgz/auth	5f6d12c4a12e6cf7b1934dc10d8127969ac7e7b1	resourcelifetime	token/jwt_test.go:481:15	resourcelifetime/missing-release	retained-needs-proof	memory-or-empty-http-body	Exact local test server only sets cookies/headers and WriteHeader200, with no body writes; default http.Get has no timeout wrapper, and zero Content-Length yields http.NoBody. No body resource is acquired; server.Close owns the connection lifecycle. Reassessment: Retain unresolved: exact transport, request, handler and timeout/body-wrapper provenance are needed; HEAD, status code or method name alone cannot remove the obligation.	.build/followup337-resource-canonical/go-pkgz__auth__4505242a00.json; present
53	go-pkgz/auth	5f6d12c4a12e6cf7b1934dc10d8127969ac7e7b1	resourcelifetime	token/jwt_test.go:523:15	resourcelifetime/missing-release	retained-needs-proof	memory-or-empty-http-body	Exact local test server only sets cookies/headers and WriteHeader200, with no body writes; default http.Get has no timeout wrapper, and zero Content-Length yields http.NoBody. No body resource is acquired; server.Close owns the connection lifecycle. Reassessment: Retain unresolved: exact transport, request, handler and timeout/body-wrapper provenance are needed; HEAD, status code or method name alone cannot remove the obligation.	.build/followup337-resource-canonical/go-pkgz__auth__4505242a00.json; present
53	go-pkgz/auth	5f6d12c4a12e6cf7b1934dc10d8127969ac7e7b1	resourcelifetime	token/jwt_test.go:568:15	resourcelifetime/missing-release	retained-needs-proof	memory-or-empty-http-body	Exact local test server only sets cookies/headers and WriteHeader200, with no body writes; default http.Get has no timeout wrapper, and zero Content-Length yields http.NoBody. No body resource is acquired; server.Close owns the connection lifecycle. Reassessment: Retain unresolved: exact transport, request, handler and timeout/body-wrapper provenance are needed; HEAD, status code or method name alone cannot remove the obligation.	.build/followup337-resource-canonical/go-pkgz__auth__4505242a00.json; present
53	go-pkgz/auth	5f6d12c4a12e6cf7b1934dc10d8127969ac7e7b1	resourcelifetime	token/jwt_test.go:617:15	resourcelifetime/missing-release	retained-needs-proof	memory-or-empty-http-body	Exact local test server only sets cookies/headers and WriteHeader200, with no body writes; default http.Get has no timeout wrapper, and zero Content-Length yields http.NoBody. No body resource is acquired; server.Close owns the connection lifecycle. Reassessment: Retain unresolved: exact transport, request, handler and timeout/body-wrapper provenance are needed; HEAD, status code or method name alone cannot remove the obligation.	.build/followup337-resource-canonical/go-pkgz__auth__4505242a00.json; present
53	go-pkgz/auth	5f6d12c4a12e6cf7b1934dc10d8127969ac7e7b1	resourcelifetime	token/jwt_test.go:644:15	resourcelifetime/missing-release	retained-needs-proof	memory-or-empty-http-body	Exact local test server only sets cookies/headers and WriteHeader200, with no body writes; default http.Get has no timeout wrapper, and zero Content-Length yields http.NoBody. No body resource is acquired; server.Close owns the connection lifecycle. Reassessment: Retain unresolved: exact transport, request, handler and timeout/body-wrapper provenance are needed; HEAD, status code or method name alone cannot remove the obligation.	.build/followup337-resource-canonical/go-pkgz__auth__4505242a00.json; present
53	go-pkgz/auth	5f6d12c4a12e6cf7b1934dc10d8127969ac7e7b1	resourcelifetime	v2/token/jwt_test.go:481:15	resourcelifetime/missing-release	retained-needs-proof	memory-or-empty-http-body	Exact local test server only sets cookies/headers and WriteHeader200, with no body writes; default http.Get has no timeout wrapper, and zero Content-Length yields http.NoBody. No body resource is acquired; server.Close owns the connection lifecycle. Reassessment: Retain unresolved: exact transport, request, handler and timeout/body-wrapper provenance are needed; HEAD, status code or method name alone cannot remove the obligation.	.build/followup337-resource-canonical/go-pkgz__auth__75e64963e4.json; present
53	go-pkgz/auth	5f6d12c4a12e6cf7b1934dc10d8127969ac7e7b1	resourcelifetime	v2/token/jwt_test.go:523:15	resourcelifetime/missing-release	retained-needs-proof	memory-or-empty-http-body	Exact local test server only sets cookies/headers and WriteHeader200, with no body writes; default http.Get has no timeout wrapper, and zero Content-Length yields http.NoBody. No body resource is acquired; server.Close owns the connection lifecycle. Reassessment: Retain unresolved: exact transport, request, handler and timeout/body-wrapper provenance are needed; HEAD, status code or method name alone cannot remove the obligation.	.build/followup337-resource-canonical/go-pkgz__auth__75e64963e4.json; present
53	go-pkgz/auth	5f6d12c4a12e6cf7b1934dc10d8127969ac7e7b1	resourcelifetime	v2/token/jwt_test.go:568:15	resourcelifetime/missing-release	retained-needs-proof	memory-or-empty-http-body	Exact local test server only sets cookies/headers and WriteHeader200, with no body writes; default http.Get has no timeout wrapper, and zero Content-Length yields http.NoBody. No body resource is acquired; server.Close owns the connection lifecycle. Reassessment: Retain unresolved: exact transport, request, handler and timeout/body-wrapper provenance are needed; HEAD, status code or method name alone cannot remove the obligation.	.build/followup337-resource-canonical/go-pkgz__auth__75e64963e4.json; present
53	go-pkgz/auth	5f6d12c4a12e6cf7b1934dc10d8127969ac7e7b1	resourcelifetime	v2/token/jwt_test.go:617:15	resourcelifetime/missing-release	retained-needs-proof	memory-or-empty-http-body	Exact local test server only sets cookies/headers and WriteHeader200, with no body writes; default http.Get has no timeout wrapper, and zero Content-Length yields http.NoBody. No body resource is acquired; server.Close owns the connection lifecycle. Reassessment: Retain unresolved: exact transport, request, handler and timeout/body-wrapper provenance are needed; HEAD, status code or method name alone cannot remove the obligation.	.build/followup337-resource-canonical/go-pkgz__auth__75e64963e4.json; present
53	go-pkgz/auth	5f6d12c4a12e6cf7b1934dc10d8127969ac7e7b1	resourcelifetime	v2/token/jwt_test.go:644:15	resourcelifetime/missing-release	retained-needs-proof	memory-or-empty-http-body	Exact local test server only sets cookies/headers and WriteHeader200, with no body writes; default http.Get has no timeout wrapper, and zero Content-Length yields http.NoBody. No body resource is acquired; server.Close owns the connection lifecycle. Reassessment: Retain unresolved: exact transport, request, handler and timeout/body-wrapper provenance are needed; HEAD, status code or method name alone cannot remove the obligation.	.build/followup337-resource-canonical/go-pkgz__auth__75e64963e4.json; present
53	gophercloud/gophercloud	27d7b866f6ef05cf874c7db108214ae9ebd627b3	lockorder	testing/provider_client_test.go:454:4	lockorder/missing-release	retained-needs-proof	bounded-invocation-count	The lock-skipping return requires requestCounter==10, but this isolated test issues one Request and ProviderClient's hasReauthenticated guard permits only one retry after401. Thus the counter reaches at most2 with the current implementation; the reported missing-unlock branch is an unreachable regression guard, not a current deadlock path. Follow-up: Would require request/retry callback cardinality proof; intentionally no loop-count argument added.	.build/followup337-locks-final-contained-5a56fb4/53-gophercloud__gophercloud-lockorder-testing.json
53	hasenj/go-shirei	53ac83361205b8905ae861dbd20107e0ab67c866	processownership	drive/start.go:64:12	processownership/missing-wait	verified-absent	opaque-wait-callback	Successful Start is covered by t.Cleanup, which calls cmd.Process.Wait in a joined worker or after timeout Kill. Plain Cmd with stdio os.Files has no pipe-copy workers/context watcher requiring Cmd.Wait beyond process reaping; direct Process.Wait is missed. Re-review: The exact command is captured by an opaque callback handoff; classify as possible ownership rather than a proven lost wait. https://github.com/hasenj/go-shirei/blob/53ac83361205b8905ae861dbd20107e0ab67c866/drive/start.go#L64	.build/followup337-workers-final-contained/53-hasenj__go-shirei-processownership-drive.json (exit0; absent; explicit checks; source 5a56fb4; sha256 3da9ce166dfd8dc72c3225dc1229298040ae27b04a394c49b2edcf7c3ca772a7)
53	hashicorp/go-metrics	5a9e5caa3d2779bca6a8ae2218b8f884194855e7	producerlifecycle	inmem_endpoint_test.go:171:5	producerlifecycle/abandoned-send	verified-absent	unproven-producer-cardinality	The fresh sink receives only SetGauge of one exact key. Each interval stores Gauges by unique flattened key and DisplayMetrics returns one interval, so this loop sends at most once and the caller receives once. Syntactic repetition does not establish excess sends; the separate endless updater is not this diagnostic. Re-review: Repeated send statements do not establish a feasible excess count. This channel-count proof now abstains for repeated contributions. https://github.com/hashicorp/go-metrics/blob/5a9e5caa3d2779bca6a8ae2218b8f884194855e7/inmem_endpoint_test.go#L171	.build/followup337-workers-final-contained/53-hashicorp__go-metrics-producerlifecycle-..json (exit0; absent; explicit checks; source 5a56fb4; sha256 3da9ce166dfd8dc72c3225dc1229298040ae27b04a394c49b2edcf7c3ca772a7)
53	hashicorp/go-metrics	5a9e5caa3d2779bca6a8ae2218b8f884194855e7	producerlifecycle	inmem_endpoint_test.go:207:5	producerlifecycle/abandoned-send	verified-absent	unproven-producer-cardinality	The fresh sink only receives AddSample, which populates Samples, not Gauges. summary.Gauges stays empty, so this reported send is unreachable and the worker closes result; the caller receives the zero value. This does not validate the test's separate endless updater. Re-review: Repeated send statements do not establish a feasible excess count. This channel-count proof now abstains for repeated contributions. https://github.com/hashicorp/go-metrics/blob/5a9e5caa3d2779bca6a8ae2218b8f884194855e7/inmem_endpoint_test.go#L207	.build/followup337-workers-final-contained/53-hashicorp__go-metrics-producerlifecycle-..json (exit0; absent; explicit checks; source 5a56fb4; sha256 3da9ce166dfd8dc72c3225dc1229298040ae27b04a394c49b2edcf7c3ca772a7)
53	hashicorp/go-metrics	5a9e5caa3d2779bca6a8ae2218b8f884194855e7	producerlifecycle	inmem_endpoint_test.go:243:5	producerlifecycle/abandoned-send	verified-absent	unproven-producer-cardinality	Only IncrCounter updates this fresh sink and it populates Counters, not Gauges. The reported range over summary.Gauges executes no sends; result is closed and its single receive does not abandon a producer send. Re-review: Repeated send statements do not establish a feasible excess count. This channel-count proof now abstains for repeated contributions. https://github.com/hashicorp/go-metrics/blob/5a9e5caa3d2779bca6a8ae2218b8f884194855e7/inmem_endpoint_test.go#L243	.build/followup337-workers-final-contained/53-hashicorp__go-metrics-producerlifecycle-..json (exit0; absent; explicit checks; source 5a56fb4; sha256 3da9ce166dfd8dc72c3225dc1229298040ae27b04a394c49b2edcf7c3ca772a7)
53	hashicorp/go-metrics	5a9e5caa3d2779bca6a8ae2218b8f884194855e7	producerlifecycle	inmem_endpoint_test.go:284:5	producerlifecycle/abandoned-send	verified-absent	unproven-producer-cardinality	SetGaugeWithLabels always uses the same key and labels, replacing one map entry in a fresh sink. DisplayMetrics emits one interval's unique entries, so at most one foo.bar value reaches result and the caller receives it. No second send is feasible in this test. Re-review: Repeated send statements do not establish a feasible excess count. This channel-count proof now abstains for repeated contributions. https://github.com/hashicorp/go-metrics/blob/5a9e5caa3d2779bca6a8ae2218b8f884194855e7/inmem_endpoint_test.go#L284	.build/followup337-workers-final-contained/53-hashicorp__go-metrics-producerlifecycle-..json (exit0; absent; explicit checks; source 5a56fb4; sha256 3da9ce166dfd8dc72c3225dc1229298040ae27b04a394c49b2edcf7c3ca772a7)
53	iximiuz/cdebug	6c205f0b663df4dec235f42e905e94b40709159a	goroutineownership	pkg/containerd/client.go:101:2	goroutineownership/unjoined	retained-needs-proof	cancellation-bound-worker	ImagePullEx always calls exact stopProgress before the error return. Pinned containerd/v2 v2.2.1 ShowProgress selects on that context, sets done, skips further content queries, and returns after its final UI update; success additionally joins progressCh. This is a cancellation-bound progress lifecycle, not an abandoned completion obligation. Re-review: Requires exact opaque/helper or receiver-stored context cancellation and worker progress evidence; later local cancellation alone does not cover arbitrary I/O. https://github.com/iximiuz/cdebug/blob/6c205f0b663df4dec235f42e905e94b40709159a/pkg/containerd/client.go#L101	.build/followup337-workers-final-contained/53-iximiuz__cdebug-goroutineownership-pkg_containerd.json (exit0; present; explicit checks; source 5a56fb4; sha256 3da9ce166dfd8dc72c3225dc1229298040ae27b04a394c49b2edcf7c3ca772a7)
53	kube-burner/kube-burner	770a335598d565d7c9e4fa9a481ae86bbe8f2e8d	resourcelifetime	pkg/util/cmd.go:49:15	resourcelifetime/missing-release	verified-absent	retained-logging-output	Opened logfile is wrapped with stdout in io.MultiWriter and installed into the global logrus logger through SetOutput. The logger retains it for subsequent logging, so this is an explicit process-logger handoff, not local ownership abandonment. Follow-up: Present in c9b65a6 baseline and absent in successful corrected replay. This site-level absence does not establish coverage of the whole evidence family.	.build/followup337-resource-canonical/kube-burner__kube-burner__0c9172e230.json; absent; baseline=present
53	norwoodj/helm-docs	a5573af096a4b526dcbc3c896c220b1714a0765b	resourcelifetime	pkg/helm/chart_info.go:241:21	resourcelifetime/missing-release	retained-needs-proof	correlated-error-or-guard	isErrorInReadingNecessaryFile returns true exactly when the supplied open error is nonnil; every successful os.Open reaches immediate defer valuesFile.Close. Missing helper error-predicate correlation. Reassessment: Retain unresolved: branch/error/flag correlation is not represented; no loop-count or whole-program feasibility expansion.	.build/followup337-resource-canonical/norwoodj__helm-docs__c85766f8ad.json; present
53	raskrebs/sonar	9c963b8447d6ca08dd4a3c0bc6c0bf27527cd793	processownership	internal/runs/runs_test.go:120:12	processownership/missing-wait	retained-needs-proof	correlated-command-identity	First command is replaced only when its Start fails; successful first Start reaches the shared c.Wait. Missing acquisition-error and phi identity correlation. Re-review: Needs acquisition-success/merged-command and guard correlation; possible identity cannot prove a guaranteed Wait. https://github.com/raskrebs/sonar/blob/9c963b8447d6ca08dd4a3c0bc6c0bf27527cd793/internal/runs/runs_test.go#L120	.build/followup337-workers-final-contained/53-raskrebs__sonar-processownership-internal_runs.json (exit0; present; explicit checks; source 5a56fb4; sha256 3da9ce166dfd8dc72c3225dc1229298040ae27b04a394c49b2edcf7c3ca772a7)
53	raskrebs/sonar	9c963b8447d6ca08dd4a3c0bc6c0bf27527cd793	processownership	internal/runs/runs_test.go:123:13	processownership/missing-wait	retained-needs-proof	correlated-command-identity	Fallback command successful Start reaches c.Wait through the merged c value; Skip occurs only when fallback Start failed. No started child bypasses Wait. Re-review: Needs acquisition-success/merged-command and guard correlation; possible identity cannot prove a guaranteed Wait. https://github.com/raskrebs/sonar/blob/9c963b8447d6ca08dd4a3c0bc6c0bf27527cd793/internal/runs/runs_test.go#L123	.build/followup337-workers-final-contained/53-raskrebs__sonar-processownership-internal_runs.json (exit0; present; explicit checks; source 5a56fb4; sha256 3da9ce166dfd8dc72c3225dc1229298040ae27b04a394c49b2edcf7c3ca772a7)
53	raskrebs/sonar	9c963b8447d6ca08dd4a3c0bc6c0bf27527cd793	processownership	internal/spawn/spawn.go:187:12	processownership/missing-wait	retained-needs-proof	constant-helper-error-result	In the scanned Linux build adopt is unconditionally nil (spawn_unix.go27), so the postStart failure return is infeasible; every started cmd transfers into returned Handle whose Wait delegates to cmd.Wait. Windows differs and is not this scan target. Re-review: Needs exact callee return feasibility for build-selected no-op adopt; no GOOS/name special case. https://github.com/raskrebs/sonar/blob/9c963b8447d6ca08dd4a3c0bc6c0bf27527cd793/internal/spawn/spawn.go#L187	.build/followup337-workers-final-contained/53-raskrebs__sonar-processownership-internal_spawn.json (exit0; present; explicit checks; source 5a56fb4; sha256 3da9ce166dfd8dc72c3225dc1229298040ae27b04a394c49b2edcf7c3ca772a7)
53	RedTeamPentesting/pretender	95e632e851ff25bca1ab45c3cb0c4efb71711e07	resourcelifetime	cli.go:376:13	resourcelifetime/missing-release	retained-needs-proof	returned-or-retained-owner	configFromCLI stores the file in returned logger.LogFile on every post-acquisition return, including error returns. main calls logger.Close on both error and success paths; Logger.Close closes that exact field. Returning an owner alongside an error still transfers ownership here. Reassessment: Retain unresolved unless replay establishes absence: returned views and lifecycle-owning wrappers must remain distinct; ownership cannot be guessed from names.	.build/followup337-resource-canonical/RedTeamPentesting__pretender__82b6ec2c9f.json; present
53	threatexpert/gonc	e14bc6b97efc2150c4e0bbb2bdc89f8548e28fa6	goroutineownership	easyp2p/p2p.go:1467:5	goroutineownership/unjoined	retained-needs-proof	transport-shutdown-completion	The nested punch attempt closes every exact UDP socket before returning, unblocking its readers; workers also have fixed deadlines, and their result sends select on the round context canceled by the enclosing function. The unused wg does not establish indefinite abandonment of this bounded canceled socket lifecycle. Re-review: Needs exact cross-object/cross-helper transport shutdown and progress evidence; a Close name or finite timeout is not modeled as a generic join. https://github.com/threatexpert/gonc/blob/e14bc6b97efc2150c4e0bbb2bdc89f8548e28fa6/easyp2p/p2p.go#L1467	.build/followup337-workers-final-contained/53-threatexpert__gonc-goroutineownership-easyp2p.json (exit0; present; explicit checks; source 5a56fb4; sha256 3da9ce166dfd8dc72c3225dc1229298040ae27b04a394c49b2edcf7c3ca772a7)
53	threatexpert/gonc	e14bc6b97efc2150c4e0bbb2bdc89f8548e28fa6	lockorder	netx/UDPConn.go:118:4	lockorder/recursive-acquire	retained-needs-proof	stable-receiver-guard	Each Read loop iteration locks and unlocks under the same supportRebuild flag, with a separate unlock on the nil-connection return. The flag is not mutated in Read and its sole in-repository setter is before the reader starts. The reported repeated acquire combines incompatible flag values across matching guards. Follow-up: Needs stable field correlation across Read and launch lifecycle; no assumption receiver fields cannot change concurrently.	.build/followup337-locks-final-contained-5a56fb4/53-threatexpert__gonc-lockorder-netx.json
53	threatexpert/gonc	e14bc6b97efc2150c4e0bbb2bdc89f8548e28fa6	processownership	apps/nc.go:3171:14	processownership/missing-wait	retained-needs-proof	correlated-command-identity	After this successful Start, cmd is never reassigned and every subsequent normal return passes the final cmd!=nil branch calling Kill and Wait. Nil cmd is possible only on alternative branches that never launch this command; merged branch identity loses that correlation. Re-review: Needs acquisition-success/merged-command and guard correlation; possible identity cannot prove a guaranteed Wait. https://github.com/threatexpert/gonc/blob/e14bc6b97efc2150c4e0bbb2bdc89f8548e28fa6/apps/nc.go#L3171	.build/followup337-workers-final-contained/53-threatexpert__gonc-processownership-apps.json (exit0; present; explicit checks; source 5a56fb4; sha256 3da9ce166dfd8dc72c3225dc1229298040ae27b04a394c49b2edcf7c3ca772a7)
53	tidwall/uhaha	5ea77162763891837176b90e111fcac74678143e	lockorder	uhaha.go:4200:8	lockorder/recursive-acquire	retained-needs-proof	correlated-sentinel-lock-state	The watcher initially holds sufmu while suffrage==-1. First observed state skips Lock, unlocks, then updates suffrage; later changes lock only when suffrage!=-1, when no prior lock remains held. Failed/no-change iterations preserve that invariant. The reported recursion combines incompatible sentinel and ownership states. Follow-up: Needs sentinel value and mutex-state invariant across nested loops; no sentinel-name/value exemption added.	.build/followup337-locks-final-contained-5a56fb4/53-tidwall__uhaha-lockorder-..json
53	uniqush/uniqush-push	b3c23fe0271ecf428cf78197c59711bcd05eb88f	resourcelifetime	configparser.go:169:18	resourcelifetime/missing-release	retained-needs-proof	returned-or-retained-owner	LoadLoggers passes the successful logfile through loadLogger into every returned logger. NewLogger retains the exact writer in logger.writer and per-level standard loggers; the descriptor belongs to the returned long-lived logging objects, not this configuration function's local lifetime. Reassessment: Retain unresolved unless replay establishes absence: returned views and lifecycle-owning wrappers must remain distinct; ownership cannot be guessed from names.	.build/followup337-resource-canonical/uniqush__uniqush-push__18d68d55d8.json; present
53	vishen/go-chromecast	5dd70bb91787fe28e3d8946682c66cb2a1d61d21	resourcelifetime	application/application.go:728:15	resourcelifetime/missing-release	retained-needs-proof	memory-or-empty-http-body	Exact HEAD request uses a fresh default-transport client with no Timeout; HTTP transport supplies NoBody and releases connection independently. Reading only Content-Type does not abandon an acquired body resource. Reassessment: Retain unresolved: exact transport, request, handler and timeout/body-wrapper provenance are needed; HEAD, status code or method name alone cannot remove the obligation.	.build/followup337-resource-canonical/vishen__go-chromecast__8d4b87bf08.json; present
53	wind-c/comqtt	11282b91abb06d5169b857a2c38fad5d54502050	resourcelifetime	plugin/auth/http/http.go:106:15	resourcelifetime/missing-release	retained-needs-proof	captured-cell-cleanup	A dominating deferred closure captures resp and closes its Body when nonnil. Exactly one mutually exclusive HTTP acquisition assigns resp, with no subsequent replacement before return; every success/error exit is covered. Captured-cell cleanup provenance gap. Reassessment: Retain unresolved: deferred captures observe later cell contents; neither historical alias nor a nil guard proves exact cleanup.	.build/followup337-resource-canonical/wind-c__comqtt__857cd5bea1.json; present
53	wind-c/comqtt	11282b91abb06d5169b857a2c38fad5d54502050	resourcelifetime	plugin/auth/http/http.go:113:16	resourcelifetime/missing-release	retained-needs-proof	captured-cell-cleanup	A dominating deferred closure captures resp and closes its Body when nonnil. Exactly one mutually exclusive HTTP acquisition assigns resp, with no subsequent replacement before return; every success/error exit is covered. Captured-cell cleanup provenance gap. Reassessment: Retain unresolved: deferred captures observe later cell contents; neither historical alias nor a nil guard proves exact cleanup.	.build/followup337-resource-canonical/wind-c__comqtt__857cd5bea1.json; present
53	wind-c/comqtt	11282b91abb06d5169b857a2c38fad5d54502050	resourcelifetime	plugin/auth/http/http.go:118:16	resourcelifetime/missing-release	retained-needs-proof	captured-cell-cleanup	A dominating deferred closure captures resp and closes its Body when nonnil. Exactly one mutually exclusive HTTP acquisition assigns resp, with no subsequent replacement before return; every success/error exit is covered. Captured-cell cleanup provenance gap. Reassessment: Retain unresolved: deferred captures observe later cell contents; neither historical alias nor a nil guard proves exact cleanup.	.build/followup337-resource-canonical/wind-c__comqtt__857cd5bea1.json; present
53	wind-c/comqtt	11282b91abb06d5169b857a2c38fad5d54502050	resourcelifetime	plugin/auth/http/http.go:171:15	resourcelifetime/missing-release	retained-needs-proof	captured-cell-cleanup	A dominating deferred closure captures resp and closes its Body when nonnil. Exactly one mutually exclusive HTTP acquisition assigns resp, with no subsequent replacement before return; every success/error exit is covered. Captured-cell cleanup provenance gap. Reassessment: Retain unresolved: deferred captures observe later cell contents; neither historical alias nor a nil guard proves exact cleanup.	.build/followup337-resource-canonical/wind-c__comqtt__857cd5bea1.json; present
53	wind-c/comqtt	11282b91abb06d5169b857a2c38fad5d54502050	resourcelifetime	plugin/auth/http/http.go:177:16	resourcelifetime/missing-release	retained-needs-proof	captured-cell-cleanup	A dominating deferred closure captures resp and closes its Body when nonnil. Exactly one mutually exclusive HTTP acquisition assigns resp, with no subsequent replacement before return; every success/error exit is covered. Captured-cell cleanup provenance gap. Reassessment: Retain unresolved: deferred captures observe later cell contents; neither historical alias nor a nil guard proves exact cleanup.	.build/followup337-resource-canonical/wind-c__comqtt__857cd5bea1.json; present
53	wind-c/comqtt	11282b91abb06d5169b857a2c38fad5d54502050	resourcelifetime	plugin/auth/http/http.go:181:16	resourcelifetime/missing-release	retained-needs-proof	captured-cell-cleanup	A dominating deferred closure captures resp and closes its Body when nonnil. Exactly one mutually exclusive HTTP acquisition assigns resp, with no subsequent replacement before return; every success/error exit is covered. Captured-cell cleanup provenance gap. Reassessment: Retain unresolved: deferred captures observe later cell contents; neither historical alias nor a nil guard proves exact cleanup.	.build/followup337-resource-canonical/wind-c__comqtt__857cd5bea1.json; present
53	XmirrorSecurity/OpenSCA-cli	7628bb0817054347d4d031292977ca059a78009a	resourcelifetime	opensca/walk/download.go:68:15	resourcelifetime/missing-release	retained-needs-proof	memory-or-empty-http-body	This exact request is HEAD and the configured standard transport returns NoBody; HttpDownloadClient has no Client.Timeout, and its only configuration hooks change TLS/proxy settings. The response has no body or client cancellation timer to release. Later GET bodies have separate explicit cleanup. Reassessment: Retain unresolved: exact transport, request, handler and timeout/body-wrapper provenance are needed; HEAD, status code or method name alone cannot remove the obligation.	.build/followup337-resource-canonical/XmirrorSecurity__OpenSCA-cli__87356922fa.json; present
53	zkep/my-geektime	a614af742806cfb10f84598c71c0dd668e96549b	goroutineownership	libs/m3u8/downloader.go:249:3	goroutineownership/unjoined	retained-needs-proof	cancellation-bound-worker	The early return is on exact d.ctx cancellation, and every HTTP operation in downloadSegment uses d.ctx; back only appends under a mutex. Each launched worker has its limitChan token supplied before the parent's next cancellation check. Workers have cancellation-bounded I/O and matching token release; no indefinitely abandoned wait obligation is established. Re-review: Requires exact opaque/helper or receiver-stored context cancellation and worker progress evidence; later local cancellation alone does not cover arbitrary I/O. https://github.com/zkep/my-geektime/blob/a614af742806cfb10f84598c71c0dd668e96549b/libs/m3u8/downloader.go#L249	.build/followup337-workers-final-contained/53-zkep__my-geektime-goroutineownership-libs_m3u8.json (exit0; present; explicit checks; source 5a56fb4; sha256 3da9ce166dfd8dc72c3225dc1229298040ae27b04a394c49b2edcf7c3ca772a7)
54	aetaric/checkrr	323bef3c4acf9f775961d1cedeef476f1a7b2577	resourcelifetime	logging/log_unix.go:79:22	resourcelifetime/missing-release	retained-needs-proof	retained-logging-output	Created log file is assigned to out, installed via logrus.SetOutput, and that logger is appended to receiver logger.loggers for later logging. Explicit retained writer ownership is missed. Reassessment: Bounded uncertainty requires one possibly retaining wrapper around an aggregate positively containing the resource, then retention by a consumer. Arbitrary data dependence and longer handler/logger chains remain unresolved; discarded wrappers remain diagnostic.	.build/followup337-resource-canonical/aetaric__checkrr__cda877691a.json; present
54	aetaric/checkrr	323bef3c4acf9f775961d1cedeef476f1a7b2577	resourcelifetime	logging/log_unix.go:91:22	resourcelifetime/missing-release	retained-needs-proof	retained-logging-output	Append-mode log file transfers through out to the logrus logger stored in receiver logger.loggers; local return does not abandon the persistent logging output. Reassessment: Bounded uncertainty requires one possibly retaining wrapper around an aggregate positively containing the resource, then retention by a consumer. Arbitrary data dependence and longer handler/logger chains remain unresolved; discarded wrappers remain diagnostic.	.build/followup337-resource-canonical/aetaric__checkrr__cda877691a.json; present
54	agola-io/agola	a5ca7877e3b77d38c6fd24a0f16d7267fc2dea12	producerlifecycle	cmd/agola/cmd/serve.go:167:15	producerlifecycle/abandoned-send	retained-needs-proof	service-return-feasibility	Exact context.Background reaches service Run that only returns on ctx.Done; retries handle internal errors without returning, so this completion send is unreachable during normal execution. Re-review: Needs exact Background context service termination and process-exit caller proof; unconditional opaque service calls are not assumed to return. https://github.com/agola-io/agola/blob/a5ca7877e3b77d38c6fd24a0f16d7267fc2dea12/cmd/agola/cmd/serve.go#L167	.build/followup337-workers-final-contained/54-agola-io__agola-producerlifecycle-cmd_agola_cmd.json (exit0; present; explicit checks; source 5a56fb4; sha256 3da9ce166dfd8dc72c3225dc1229298040ae27b04a394c49b2edcf7c3ca772a7)
54	agola-io/agola	a5ca7877e3b77d38c6fd24a0f16d7267fc2dea12	producerlifecycle	cmd/agola/cmd/serve.go:170:15	producerlifecycle/abandoned-send	retained-needs-proof	service-return-feasibility	Under exact Background context, service returns only startup/listener errors; serve returns received error directly to sole Cobra caller, which terminates via zerolog Fatal.Send. No continuing abandoned producer lifecycle. Re-review: Needs exact Background context service termination and process-exit caller proof; unconditional opaque service calls are not assumed to return. https://github.com/agola-io/agola/blob/a5ca7877e3b77d38c6fd24a0f16d7267fc2dea12/cmd/agola/cmd/serve.go#L170	.build/followup337-workers-final-contained/54-agola-io__agola-producerlifecycle-cmd_agola_cmd.json (exit0; present; explicit checks; source 5a56fb4; sha256 3da9ce166dfd8dc72c3225dc1229298040ae27b04a394c49b2edcf7c3ca772a7)
54	agola-io/agola	a5ca7877e3b77d38c6fd24a0f16d7267fc2dea12	producerlifecycle	cmd/agola/cmd/serve.go:173:15	producerlifecycle/abandoned-send	retained-needs-proof	service-return-feasibility	Exact context.Background reaches service Run that only returns on ctx.Done; retries handle internal errors without returning, so this completion send is unreachable during normal execution. Re-review: Needs exact Background context service termination and process-exit caller proof; unconditional opaque service calls are not assumed to return. https://github.com/agola-io/agola/blob/a5ca7877e3b77d38c6fd24a0f16d7267fc2dea12/cmd/agola/cmd/serve.go#L173	.build/followup337-workers-final-contained/54-agola-io__agola-producerlifecycle-cmd_agola_cmd.json (exit0; present; explicit checks; source 5a56fb4; sha256 3da9ce166dfd8dc72c3225dc1229298040ae27b04a394c49b2edcf7c3ca772a7)
54	agola-io/agola	a5ca7877e3b77d38c6fd24a0f16d7267fc2dea12	producerlifecycle	cmd/agola/cmd/serve.go:176:15	producerlifecycle/abandoned-send	retained-needs-proof	service-return-feasibility	Exact context.Background reaches service Run that only returns on ctx.Done; retries handle internal errors without returning, so this completion send is unreachable during normal execution. Re-review: Needs exact Background context service termination and process-exit caller proof; unconditional opaque service calls are not assumed to return. https://github.com/agola-io/agola/blob/a5ca7877e3b77d38c6fd24a0f16d7267fc2dea12/cmd/agola/cmd/serve.go#L176	.build/followup337-workers-final-contained/54-agola-io__agola-producerlifecycle-cmd_agola_cmd.json (exit0; present; explicit checks; source 5a56fb4; sha256 3da9ce166dfd8dc72c3225dc1229298040ae27b04a394c49b2edcf7c3ca772a7)
54	agola-io/agola	a5ca7877e3b77d38c6fd24a0f16d7267fc2dea12	producerlifecycle	cmd/agola/cmd/serve.go:179:15	producerlifecycle/abandoned-send	retained-needs-proof	service-return-feasibility	Exact context.Background reaches service Run that only returns on ctx.Done; retries handle internal errors without returning, so this completion send is unreachable during normal execution. Re-review: Needs exact Background context service termination and process-exit caller proof; unconditional opaque service calls are not assumed to return. https://github.com/agola-io/agola/blob/a5ca7877e3b77d38c6fd24a0f16d7267fc2dea12/cmd/agola/cmd/serve.go#L179	.build/followup337-workers-final-contained/54-agola-io__agola-producerlifecycle-cmd_agola_cmd.json (exit0; present; explicit checks; source 5a56fb4; sha256 3da9ce166dfd8dc72c3225dc1229298040ae27b04a394c49b2edcf7c3ca772a7)
54	agola-io/agola	a5ca7877e3b77d38c6fd24a0f16d7267fc2dea12	producerlifecycle	cmd/agola/cmd/serve.go:182:15	producerlifecycle/abandoned-send	retained-needs-proof	service-return-feasibility	Under exact Background context, service returns only startup/listener errors; serve returns received error directly to sole Cobra caller, which terminates via zerolog Fatal.Send. No continuing abandoned producer lifecycle. Re-review: Needs exact Background context service termination and process-exit caller proof; unconditional opaque service calls are not assumed to return. https://github.com/agola-io/agola/blob/a5ca7877e3b77d38c6fd24a0f16d7267fc2dea12/cmd/agola/cmd/serve.go#L182	.build/followup337-workers-final-contained/54-agola-io__agola-producerlifecycle-cmd_agola_cmd.json (exit0; present; explicit checks; source 5a56fb4; sha256 3da9ce166dfd8dc72c3225dc1229298040ae27b04a394c49b2edcf7c3ca772a7)
54	agola-io/agola	a5ca7877e3b77d38c6fd24a0f16d7267fc2dea12	producerlifecycle	cmd/agola/cmd/serve.go:185:15	producerlifecycle/abandoned-send	retained-needs-proof	service-return-feasibility	Under exact Background context, service returns only startup/listener errors; serve returns received error directly to sole Cobra caller, which terminates via zerolog Fatal.Send. No continuing abandoned producer lifecycle. Re-review: Needs exact Background context service termination and process-exit caller proof; unconditional opaque service calls are not assumed to return. https://github.com/agola-io/agola/blob/a5ca7877e3b77d38c6fd24a0f16d7267fc2dea12/cmd/agola/cmd/serve.go#L185	.build/followup337-workers-final-contained/54-agola-io__agola-producerlifecycle-cmd_agola_cmd.json (exit0; present; explicit checks; source 5a56fb4; sha256 3da9ce166dfd8dc72c3225dc1229298040ae27b04a394c49b2edcf7c3ca772a7)
54	agola-io/agola	a5ca7877e3b77d38c6fd24a0f16d7267fc2dea12	resourcelifetime	tests/api_test.go:3137:12	resourcelifetime/missing-release	retained-needs-proof	returned-or-retained-owner	Import passes exact *os.File into HTTP request body; already successful calls establish same immutable client URL is valid, fixed POST path and nonnil ctx reach client.Do, which closes request body including request errors. Reassessment: Retain unresolved unless replay establishes absence: returned views and lifecycle-owning wrappers must remain distinct; ownership cannot be guessed from names.	.build/followup337-resource-canonical/agola-io__agola__fc5e35a8a9.json; present
54	antonmedv/gitmal	83be9ddcf82e8a90ea50a9d54c1ebfc3e22ace16	resourcelifetime	blob.go:106:16	resourcelifetime/missing-release	retained-needs-proof	correlated-error-or-guard	Local check helper returns exactly err!=nil, despite error-channel/cancel side effects; successful Create cannot take error return and necessarily installs deferred exact file.Close. Reassessment: Retain unresolved: branch/error/flag correlation is not represented; no loop-count or whole-program feasibility expansion.	.build/followup337-resource-canonical/antonmedv__gitmal__a4e970b06a.json; present
54	antonmedv/gitmal	83be9ddcf82e8a90ea50a9d54c1ebfc3e22ace16	resourcelifetime	blob.go:178:19	resourcelifetime/missing-release	retained-needs-proof	correlated-error-or-guard	Local check helper returns exactly err!=nil, despite error-channel/cancel side effects; successful Create cannot take error return and necessarily installs deferred exact file.Close. Reassessment: Retain unresolved: branch/error/flag correlation is not represented; no loop-count or whole-program feasibility expansion.	.build/followup337-resource-canonical/antonmedv__gitmal__a4e970b06a.json; present
54	antonmedv/gitmal	83be9ddcf82e8a90ea50a9d54c1ebfc3e22ace16	resourcelifetime	list.go:158:16	resourcelifetime/missing-release	retained-needs-proof	correlated-error-or-guard	Local check helper returns exactly err!=nil, despite error-channel/cancel side effects; successful Create cannot take error return and necessarily installs deferred exact file.Close. Reassessment: Retain unresolved: branch/error/flag correlation is not represented; no loop-count or whole-program feasibility expansion.	.build/followup337-resource-canonical/antonmedv__gitmal__a4e970b06a.json; present
54	bufbuild/hyperpb-go	c85bdcba306e6fed9747ff16efb1c5006a0defca	resourcelifetime	internal/tools/hypertest/exec.go:204:17	resourcelifetime/missing-release	retained-needs-proof	ssh-parent-completion	Cleanup command session is owned by the exact goph SSH client with dominating deferred Close; rmdir.Run completes before the earlier-registered parent close shuts the connection and all child channels. Parent-owned session cleanup is missed. Reassessment: Retain unresolved: the child session belongs to an exact parent connection; no broad Close-parent relation was inferred.	.build/followup337-resource-canonical/bufbuild__hyperpb-go__03fa5671c1.json; present
54	bufbuild/hyperpb-go	c85bdcba306e6fed9747ff16efb1c5006a0defca	resourcelifetime	internal/tools/hypertest/exec.go:271:15	resourcelifetime/missing-release	retained-needs-proof	ssh-parent-completion	Benchmark SSH command sessions run synchronously and are covered by deferred Close on their exact parent SSH connection, whose mux shutdown closes every session channel; no session escapes beyond the parent lifetime. Reassessment: Retain unresolved: the child session belongs to an exact parent connection; no broad Close-parent relation was inferred.	.build/followup337-resource-canonical/bufbuild__hyperpb-go__03fa5671c1.json; present
54	D00Movenok/BounceBack	029c9d4fe55c59b1e772b9b394c573a14ed58bb5	deferinloop	internal/proxy/base/proxy.go:155:3	deferinloop/cleanup-lifetime	retained-needs-proof	private-completion-gates	Each local mutex corresponds to one preparation worker, which unlocks it once and never reacquires it. RunFilters locks each distinct completed-worker mutex once; retaining these private locks until return blocks no remaining participant. Follow-up: Needs ownership and remaining-participant proof for each dynamically indexed gate; no blanket mutex-defer exemption.	.build/followup337-locks-final-contained-5a56fb4/54-D00Movenok__BounceBack-deferinloop-internal_proxy_base.json
54	devfeel/dotweb	d5bf658955358d6b4aa98ae6c0c96b1609a3340b	resourcelifetime	server.go:579:14	resourcelifetime/missing-release	retained-needs-proof	returned-or-retained-owner	The gzip writer is retained in the returned HTTP context response; releaseHttpContext later retrieves that exact wrapper and closes it after serving the request. Reassessment: Retain unresolved unless replay establishes absence: returned views and lifecycle-owning wrappers must remain distinct; ownership cannot be guessed from names.	.build/followup337-resource-canonical/devfeel__dotweb__a397e3178d.json; present
54	dimonomid/nerdlog	e7f0af71653c84bd11ba2063bc9cd0fa9e05b8f9	deferinloop	util/sysloggen/generate_syslog.go:477:4	deferinloop/cleanup-lifetime	retained-needs-proof	single-execution-guard	The defer is guarded by numLogFile==0 and that branch increments it; this second-file rotation runs at most once, not once per log iteration. Follow-up: Needs monotone counter guard proof; no loop-count argument added.	.build/followup337-locks-final-contained-5a56fb4/54-dimonomid__nerdlog-deferinloop-util_sysloggen.json
54	hmans/beans	99260bf1a6bec3e395b629406b737f6418653a17	resourcelifetime	internal/graph/schema.resolvers.go:179:15	resourcelifetime/missing-release	retained-needs-proof	receiver-manager-ownership	CreateWithCommand stores the session in TerminalMgr.sessions before returning; StopRun closes that exact session by ID, and manager shutdown owns the collection. The returned session is not an independently abandoned caller obligation. Reassessment: Retain unresolved: constructor-returned value may also be manager-owned; needs a positive retained-result relation rather than per-object caller cleanup.	.build/followup337-resource-canonical/hmans__beans__56197af09f.json; present
54	hmans/beans	99260bf1a6bec3e395b629406b737f6418653a17	resourcelifetime	internal/terminal/terminal_test.go:319:15	resourcelifetime/missing-release	retained-needs-proof	receiver-manager-ownership	CreateWithCommand stores the session in the manager map. Dominating defer mgr.Shutdown closes every retained session; replacement also closes the previous session before deleting it. The test does not abandon a separate local owner. Reassessment: Retain unresolved: constructor-returned value may also be manager-owned; needs a positive retained-result relation rather than per-object caller cleanup.	.build/followup337-resource-canonical/hmans__beans__79caaa3328.json; present
54	hmans/beans	99260bf1a6bec3e395b629406b737f6418653a17	resourcelifetime	internal/terminal/terminal_test.go:354:15	resourcelifetime/missing-release	retained-needs-proof	receiver-manager-ownership	CreateWithCommand stores the session in the manager map. Dominating defer mgr.Shutdown closes every retained session; replacement also closes the previous session before deleting it. The test does not abandon a separate local owner. Reassessment: Retain unresolved: constructor-returned value may also be manager-owned; needs a positive retained-result relation rather than per-object caller cleanup.	.build/followup337-resource-canonical/hmans__beans__79caaa3328.json; present
54	hmans/beans	99260bf1a6bec3e395b629406b737f6418653a17	resourcelifetime	internal/terminal/terminal_test.go:376:16	resourcelifetime/missing-release	retained-needs-proof	receiver-manager-ownership	CreateWithCommand stores the session in the manager map. Dominating defer mgr.Shutdown closes every retained session; replacement also closes the previous session before deleting it. The test does not abandon a separate local owner. Reassessment: Retain unresolved: constructor-returned value may also be manager-owned; needs a positive retained-result relation rather than per-object caller cleanup.	.build/followup337-resource-canonical/hmans__beans__79caaa3328.json; present
54	hmans/beans	99260bf1a6bec3e395b629406b737f6418653a17	resourcelifetime	internal/terminal/terminal_test.go:381:16	resourcelifetime/missing-release	retained-needs-proof	receiver-manager-ownership	CreateWithCommand stores the session in the manager map. Dominating defer mgr.Shutdown closes every retained session; replacement also closes the previous session before deleting it. The test does not abandon a separate local owner. Reassessment: Retain unresolved: constructor-returned value may also be manager-owned; needs a positive retained-result relation rather than per-object caller cleanup.	.build/followup337-resource-canonical/hmans__beans__79caaa3328.json; present
54	hmans/beans	99260bf1a6bec3e395b629406b737f6418653a17	resourcelifetime	internal/terminal/terminal_test.go:402:15	resourcelifetime/missing-release	retained-needs-proof	receiver-manager-ownership	CreateWithCommand stores the session in the manager map. Dominating defer mgr.Shutdown closes every retained session; replacement also closes the previous session before deleting it. The test does not abandon a separate local owner. Reassessment: Retain unresolved: constructor-returned value may also be manager-owned; needs a positive retained-result relation rather than per-object caller cleanup.	.build/followup337-resource-canonical/hmans__beans__79caaa3328.json; present
54	jech/galene	6d9338e909fdecdd906150e4dda34e10d9869654	goroutineownership	rtpconn/webclient.go:879:2	goroutineownership/unjoined	retained-needs-proof	typed-shutdown-protocol	Deferred c.close either observes exact writerDone or queues typed closeMessage to exact writer channel; clientWriter returns on that message, prior writes have deadlines, and worker defer signals done/closes socket. Explicit bounded shutdown protocol, not abandoned worker. Re-review: Needs exact typed close-message progress/order evidence across helpers, not a generic channel-use exemption. https://github.com/jech/galene/blob/6d9338e909fdecdd906150e4dda34e10d9869654/rtpconn/webclient.go#L879	.build/followup337-workers-final-contained/54-jech__galene-goroutineownership-rtpconn.json (exit0; present; explicit checks; source 5a56fb4; sha256 3da9ce166dfd8dc72c3225dc1229298040ae27b04a394c49b2edcf7c3ca772a7)
54	karust/openserp	29c7b0fbe09640160efcfc1f1e04e60e0fbe60e9	resourcelifetime	core/logger.go:274:13	resourcelifetime/missing-release	verified-absent	retained-logging-output	Opened logfile is retained by io.MultiWriter passed to global logrus.SetOutput; InitLogger transfers output ownership rather than abandoning a local file. Follow-up: Present in c9b65a6 baseline and absent in successful corrected replay. This site-level absence does not establish coverage of the whole evidence family.	.build/followup337-resource-canonical/karust__openserp__c58a5d44a8.json; absent; baseline=present
54	londek/ipadecrypt	4a103920afb05a522f5a5142636ee8d4b24c00b6	resourcelifetime	cmd/ipadecrypt/decrypt.go:228:14	resourcelifetime/missing-release	retained-needs-proof	retained-callback-cleanup	Successful device connection immediately registers dev.Close in a fresh cleanupStack with dominating defer run; run drains registered callbacks in reverse order. Explicit cleanup callback ownership is missed. Reassessment: Retain unresolved unless replay establishes absence: callback registration/once/stack invocation is not unconditional cleanup by itself.	.build/followup337-resource-canonical/londek__ipadecrypt__dd9bcd3ee2.json; present
54	m13253/dns-over-https	82c5f0d3277d258534782c8f827be51bacadec70	resourcelifetime	doh-client/selector/lvsWRRSelector.go:94:19	resourcelifetime/missing-release	retained-needs-proof	correlated-error-or-guard	Add accepts and stores only Google or IETF upstream types; both switch arms call a response helper with a dominating Body.Close defer, so the apparent no-arm leak is infeasible. Reassessment: Retain unresolved: branch/error/flag correlation is not represented; no loop-count or whole-program feasibility expansion.	.build/followup337-resource-canonical/m13253__dns-over-https__f5dc5af984.json; present
54	m13253/dns-over-https	82c5f0d3277d258534782c8f827be51bacadec70	resourcelifetime	doh-client/selector/nginxWRRSelector.go:87:19	resourcelifetime/missing-release	retained-needs-proof	correlated-error-or-guard	Add accepts only Google or IETF upstream types; both response-handler arms defer exact Body.Close, making the apparent unmatched-type cleanup omission infeasible. Reassessment: Retain unresolved: branch/error/flag correlation is not represented; no loop-count or whole-program feasibility expansion.	.build/followup337-resource-canonical/m13253__dns-over-https__f5dc5af984.json; present
54	megaease/easeprobe	5396580193dfbc305f5586e5c1588010fdcc3e13	resourcelifetime	daemon/daemon_test.go:117:14	resourcelifetime/missing-release	retained-needs-proof	fixture-prevents-acquisition	The patched WriteFile always fails, so NewPIDFile returns before opening pidFd; there is no acquired handle on this call. Reassessment: Retain unresolved: a test expectation alone is not a proof; requires exact constructor/transport or fixture-state feasibility.	.build/followup337-resource-canonical/megaease__easeprobe__a314e9d5cc.json; present
54	megaease/easeprobe	5396580193dfbc305f5586e5c1588010fdcc3e13	resourcelifetime	daemon/daemon_test.go:127:14	resourcelifetime/missing-release	retained-needs-proof	fixture-prevents-acquisition	The failing WriteFile patch remains active, and the MkdirAll patch also fails; this NewPIDFile call cannot acquire pidFd. Reassessment: Retain unresolved: a test expectation alone is not a proof; requires exact constructor/transport or fixture-state feasibility.	.build/followup337-resource-canonical/megaease__easeprobe__a314e9d5cc.json; present
54	megaease/easeprobe	5396580193dfbc305f5586e5c1588010fdcc3e13	resourcelifetime	daemon/daemon_test.go:136:14	resourcelifetime/missing-release	retained-needs-proof	fixture-prevents-acquisition	The patched Stat fails with a non-NotExist error, so NewPIDFile returns before file acquisition. Reassessment: Retain unresolved: a test expectation alone is not a proof; requires exact constructor/transport or fixture-state feasibility.	.build/followup337-resource-canonical/megaease__easeprobe__a314e9d5cc.json; present
54	megaease/easeprobe	5396580193dfbc305f5586e5c1588010fdcc3e13	resourcelifetime	daemon/daemon_test.go:98:15	resourcelifetime/missing-release	retained-needs-proof	fixture-prevents-acquisition	The empty filename is rejected at NewPIDFile entry before any resource acquisition. Reassessment: Retain unresolved: a test expectation alone is not a proof; requires exact constructor/transport or fixture-state feasibility.	.build/followup337-resource-canonical/megaease__easeprobe__a314e9d5cc.json; present
54	murphysecurity/murphysec	59d5cdc9a53a9e7940250aa30ea4434d0e258c40	goroutineownership	module/nuget/nuget_cmd_build.go:611:2	goroutineownership/unjoined	retained-needs-proof	alternative-completion	Worker explicitly wg.Done after all stderr scanning/logging/mutation, and parent unconditionally wg.Wait before returns. Additional deferred stderrWg.Done is not a distinct unfulfilled work obligation. Re-review: Needs proof that a second completion event covers all actual worker work; unrelated Done/Wait operations are not interchangeable. https://github.com/murphysecurity/murphysec/blob/59d5cdc9a53a9e7940250aa30ea4434d0e258c40/module/nuget/nuget_cmd_build.go#L611	.build/followup337-workers-final-contained/54-murphysecurity__murphysec-goroutineownership-module_nuget.json (exit0; present; explicit checks; source 5a56fb4; sha256 3da9ce166dfd8dc72c3225dc1229298040ae27b04a394c49b2edcf7c3ca772a7)
54	murphysecurity/murphysec	59d5cdc9a53a9e7940250aa30ea4434d0e258c40	resourcelifetime	module/python/utils.go:19:10	resourcelifetime/missing-release	retained-needs-proof	captured-cell-cleanup	Dominating deferred closure closes current f; fallback explicitly closes first file before replacing f with reopened file, which same deferred closure then closes. Reassessment: Retain unresolved: deferred captures observe later cell contents; neither historical alias nor a nil guard proves exact cleanup.	.build/followup337-resource-canonical/murphysecurity__murphysec__b7560097e9.json; present
54	nalgeon/codapi	079d3a455c2d5ce342323e4724d73846ff973bd0	resourcelifetime	internal/server/server_test.go:19:15	resourcelifetime/missing-release	retained-needs-proof	memory-or-empty-http-body	Local exact handler only WriteHeader200, yielding zero-length response and http.NoBody with default http.Get and no client deadline; no acquired body resource needs cleanup. Server shutdown separately joins serving goroutine. Reassessment: Retain unresolved: exact transport, request, handler and timeout/body-wrapper provenance are needed; HEAD, status code or method name alone cannot remove the obligation.	.build/followup337-resource-canonical/nalgeon__codapi__e0491e8369.json; present
54	ozontech/file.d	5379bc2005906fde3aa0a05f6bf574dcd7111404	lockorder	plugin/input/file/provider.go:581:2	lockorder/contradictory-order	retained-needs-proof	fresh-object-publication	The reverse jobsMu-to-job.mu edge in addJob concerns a fresh Job not available to other workers until tryResumeJobAndUnlock first unlocks it and sends it on jobsChan. The map remains protected by jobsMu until then. snapshotJobs also releases jobsMu before locking jobs. The apparent cycle conflates initialization with concurrent use. Follow-up: Needs fresh job identity until release and publication; type-level identity is insufficient.	.build/followup337-locks-final-contained-5a56fb4/54-ozontech__file.d-lockorder-plugin_input_file.json
54	ozontech/file.d	5379bc2005906fde3aa0a05f6bf574dcd7111404	resourcelifetime	plugin/input/file/provider.go:382:15	resourcelifetime/missing-release	retained-needs-proof	receiver-manager-ownership	addJob closes the exact file on the duplicate branch; otherwise it stores it in a new Job retained in jp.jobs. This is an explicit receiver-owned lifecycle transfer, not abandonment by the open helper. Reassessment: Retain unresolved: constructor-returned value may also be manager-owned; needs a positive retained-result relation rather than per-object caller cleanup.	.build/followup337-resource-canonical/ozontech__file.d__efda37b24e.json; present
54	pion/turn	d0663bb59e9ef9c376b544b1e918343775d1b550	producerlifecycle	internal/allocation/allocation_test.go:276:4	producerlifecycle/abandoned-send	verified-absent	unproven-producer-cardinality	The test sends exactly two datagrams, receives both resulting dataCh messages, then closes manager and client listener; the repeated producer loop is bounded by this test protocol and socket shutdown. Re-review: Repeated send statements do not establish a feasible excess count. This channel-count proof now abstains for repeated contributions. https://github.com/pion/turn/blob/d0663bb59e9ef9c376b544b1e918343775d1b550/internal/allocation/allocation_test.go#L276	.build/followup337-workers-final-contained/54-pion__turn-producerlifecycle-internal_allocation.json (exit0; absent; explicit checks; source 5a56fb4; sha256 3da9ce166dfd8dc72c3225dc1229298040ae27b04a394c49b2edcf7c3ca772a7)
54	protomaps/go-pmtiles	a3e4951ea6a0477b784c27c1dcbfd9c130878c5a	deferinloop	pmtiles/merge.go:212:3	deferinloop/cleanup-lifetime	verified-absent	collective-resource-lifetime	The handles are deliberately retained for prepareInputs and later merge copying after the opening loop. They must remain open across iterations; function-scoped defers match that collective owner lifetime. Follow-up: Indexed resource storage before defer is now unknown iteration ownership, not proven cleanup.	.build/followup337-locks-final-contained-5a56fb4/54-protomaps__go-pmtiles-deferinloop-pmtiles.json
54	protomaps/go-pmtiles	a3e4951ea6a0477b784c27c1dcbfd9c130878c5a	resourcelifetime	pmtiles/sync.go:249:16	resourcelifetime/missing-release	retained-needs-proof	memory-or-empty-http-body	This exact HEAD uses the fresh standard zero-timeout client; the standard transport supplies NoBody with no client-timeout cancellation wrapper. Reassessment: Retain unresolved: exact transport, request, handler and timeout/body-wrapper provenance are needed; HEAD, status code or method name alone cannot remove the obligation.	.build/followup337-resource-canonical/protomaps__go-pmtiles__56d8937da5.json; present
54	quackduck/devzat	a4a1be9e0dd5c7d771462970aa8359ae4b918c12	resourcelifetime	config.go:114:18	resourcelifetime/missing-release	verified-absent	retained-logging-output	Exact logfile is retained by io.MultiWriter installed on global Log.SetOutput; logger initialization transfers ownership to a persistent output. Follow-up: Present in c9b65a6 baseline and absent in successful corrected replay. This site-level absence does not establish coverage of the whole evidence family.	.build/followup337-resource-canonical/quackduck__devzat__7491b891b7.json; absent; baseline=present
54	refraction-networking/utls	23b1dac19c06c51e278468e29ac329eec605a31f	lockorder	common.go:1104:2	lockorder/mismatched-release	verified-absent	deferred-mode-restoration	Rotation explicitly RUnlocks then exclusively Locks; deferred Unlock matches that Lock, followed in LIFO order by deferred RLock and original deferred RUnlock. Helper likewise restores incoming read-lock mode. Follow-up: Deferred acquisition must not be applied in the function body; writer reacquisition resets stale reader mode.	.build/followup337-locks-final-contained-5a56fb4/54-refraction-networking__utls-lockorder-..json
54	refraction-networking/utls	23b1dac19c06c51e278468e29ac329eec605a31f	lockorder	common.go:1119:5	lockorder/read-lock-write	verified-absent	deferred-mode-restoration	autoSessionTicketKeys mutation follows explicit read unlock and exclusive Lock; deferred RLock is not executed until after deferred exclusive Unlock, so this write is exclusively protected. Follow-up: Deferred acquisition must not be applied in the function body; writer reacquisition resets stale reader mode.	.build/followup337-locks-final-contained-5a56fb4/54-refraction-networking__utls-lockorder-..json
54	refraction-networking/utls	23b1dac19c06c51e278468e29ac329eec605a31f	lockorder	u_conn.go:376:10	lockorder/contradictory-order	retained-needs-proof	protocol-serialized-lock-order	Witness reacquires handshakeMutex through QUIC-only quicWaitForSignal while in held. QUIC wrapper keeps conn private, starts handshake at most once, and synchronizes nonconcurrent exported operations via blockedc/signalc; no second handshake can take reverse order on same connection. TCP connections skip quic branch. Follow-up: Needs QUIC connection privacy, handshake state, and channel-protocol ordering; deferred acquisition fix does not establish these relationships.	.build/followup337-locks-final-contained-5a56fb4/54-refraction-networking__utls-lockorder-..json
54	restic/rest-server	ca666baf9c65b18a6816ebd4f6ad5893e8921d61	resourcelifetime	mux.go:31:20	resourcelifetime/missing-release	retained-needs-proof	returned-or-retained-owner	Opened accessLog is captured by returned gorilla CombinedLoggingHandler; handler retains writer for later requests rather than abandoning local ownership. Reassessment: Retain unresolved unless replay establishes absence: returned views and lifecycle-owning wrappers must remain distinct; ownership cannot be guessed from names.	.build/followup337-resource-canonical/restic__rest-server__482431e2bd.json; present
54	rykov/paperboy	74c8851098cb400fd26083d3c2b4ac91e6fba244	deferinloop	parser/parse_frontmatter_test.go:155:3	deferinloop/cleanup-lifetime	retained-needs-proof	singleton-loop	The benchmark setup table contains exactly one file, so the opening loop cannot accumulate deferred closes across iterations. Its descriptor remains bounded until benchmark return; this is not the repeated-acquisition pattern claimed. Follow-up: Needs exact iteration cardinality; intentionally no loop-count argument added.	.build/followup337-locks-final-contained-5a56fb4/54-rykov__paperboy-deferinloop-parser.json
54	saljam/webwormhole	abf852af0458ba79772d9c26ef01434165f217d8	producerlifecycle	cmd/ww/server.go:461:15	producerlifecycle/abandoned-send	verified-absent	nonreturning-receiver	Server failure race receives once directly in log.Fatal, terminating the process; there is no continuing lifecycle with abandoned error sender after that receive. Re-review: No normal caller return puts this process-terminating caller outside the finite consumer-count check. https://github.com/saljam/webwormhole/blob/abf852af0458ba79772d9c26ef01434165f217d8/cmd/ww/server.go#L461	.build/followup337-workers-final-contained/54-saljam__webwormhole-producerlifecycle-cmd_ww.json (exit0; absent; explicit checks; source 5a56fb4; sha256 3da9ce166dfd8dc72c3225dc1229298040ae27b04a394c49b2edcf7c3ca772a7)
54	saljam/webwormhole	abf852af0458ba79772d9c26ef01434165f217d8	producerlifecycle	cmd/ww/server.go:465:15	producerlifecycle/abandoned-send	verified-absent	nonreturning-receiver	Server failure race receives once directly in log.Fatal, terminating the process; there is no continuing lifecycle with abandoned error sender after that receive. Re-review: No normal caller return puts this process-terminating caller outside the finite consumer-count check. https://github.com/saljam/webwormhole/blob/abf852af0458ba79772d9c26ef01434165f217d8/cmd/ww/server.go#L465	.build/followup337-workers-final-contained/54-saljam__webwormhole-producerlifecycle-cmd_ww.json (exit0; absent; explicit checks; source 5a56fb4; sha256 3da9ce166dfd8dc72c3225dc1229298040ae27b04a394c49b2edcf7c3ca772a7)
54	saljam/webwormhole	abf852af0458ba79772d9c26ef01434165f217d8	producerlifecycle	cmd/ww/server.go:468:15	producerlifecycle/abandoned-send	verified-absent	nonreturning-receiver	Server failure race receives once directly in log.Fatal, terminating the process; there is no continuing lifecycle with abandoned error sender after that receive. Re-review: No normal caller return puts this process-terminating caller outside the finite consumer-count check. https://github.com/saljam/webwormhole/blob/abf852af0458ba79772d9c26ef01434165f217d8/cmd/ww/server.go#L468	.build/followup337-workers-final-contained/54-saljam__webwormhole-producerlifecycle-cmd_ww.json (exit0; absent; explicit checks; source 5a56fb4; sha256 3da9ce166dfd8dc72c3225dc1229298040ae27b04a394c49b2edcf7c3ca772a7)
54	six-ddc/plow	996bf688fdc4b28fb5067a6e86d60031e5127e63	channelsafety	requester.go:53:3	channelsafety/send-after-close	retained-needs-proof	deliberately-recovered-panic	init intentionally triggers closed-channel send under dominating deferred recover to capture runtime panic sentinel; sentinel is later used to recognize shutdown sends and the probe panic never escapes. Follow-up: Recover bounds panic propagation but does not by itself prove an intentional probe; no blanket recover exemption added.	.build/followup337-locks-final-contained-5a56fb4/54-six-ddc__plow-channelsafety-..json
54	subtrace/subtrace	e3e3546b367ecc23d5fe5642491526ee969a6ff2	resourcelifetime	logging/logging.go:51:13	resourcelifetime/missing-release	retained-needs-proof	retained-logging-output	Init passes the selected file through slog.NewTextHandler and slog.New into slog.SetDefault. The global logger retains that exact writer for future logging; it is not abandoned at Init return. Reassessment: Bounded uncertainty requires one possibly retaining wrapper around an aggregate positively containing the resource, then retention by a consumer. Arbitrary data dependence and longer handler/logger chains remain unresolved; discarded wrappers remain diagnostic.	.build/followup337-resource-canonical/subtrace__subtrace__2ad71192d3.json; present
54	talostrading/sonic	fa70f8c39b9eea68e782c4c7f3604fe232d4301c	resourcelifetime	multicast/peer_ipv4_test.go:1926:12	resourcelifetime/missing-release	verified-absent	vacuous-cleanup-summary	Exact successful NewUDPPeer result is explicitly closed or deferred closed; UDPPeer.Close guards fresh p.closed then closes p.socket. Constructor-internal error leaks return nil and are a separate callee defect, not an unfulfilled caller cleanup. Follow-up: Present in c9b65a6 baseline and absent in successful corrected replay. This site-level absence does not establish coverage of the whole evidence family.	.build/followup337-resource-canonical/talostrading__sonic__4797d46778.json; absent; baseline=present
54	talostrading/sonic	fa70f8c39b9eea68e782c4c7f3604fe232d4301c	resourcelifetime	multicast/peer_ipv4_test.go:211:16	resourcelifetime/missing-release	verified-absent	vacuous-cleanup-summary	Exact successful NewUDPPeer result is explicitly closed or deferred closed; UDPPeer.Close guards fresh p.closed then closes p.socket. Constructor-internal error leaks return nil and are a separate callee defect, not an unfulfilled caller cleanup. Follow-up: Present in c9b65a6 baseline and absent in successful corrected replay. This site-level absence does not establish coverage of the whole evidence family.	.build/followup337-resource-canonical/talostrading__sonic__4797d46778.json; absent; baseline=present
54	talostrading/sonic	fa70f8c39b9eea68e782c4c7f3604fe232d4301c	resourcelifetime	multicast/peer_ipv4_test.go:232:15	resourcelifetime/missing-release	verified-absent	vacuous-cleanup-summary	Exact successful NewUDPPeer result is explicitly closed or deferred closed; UDPPeer.Close guards fresh p.closed then closes p.socket. Constructor-internal error leaks return nil and are a separate callee defect, not an unfulfilled caller cleanup. Follow-up: Present in c9b65a6 baseline and absent in successful corrected replay. This site-level absence does not establish coverage of the whole evidence family.	.build/followup337-resource-canonical/talostrading__sonic__4797d46778.json; absent; baseline=present
54	talostrading/sonic	fa70f8c39b9eea68e782c4c7f3604fe232d4301c	resourcelifetime	multicast/peer_ipv4_test.go:248:15	resourcelifetime/missing-release	verified-absent	vacuous-cleanup-summary	Exact successful NewUDPPeer result is explicitly closed or deferred closed; UDPPeer.Close guards fresh p.closed then closes p.socket. Constructor-internal error leaks return nil and are a separate callee defect, not an unfulfilled caller cleanup. Follow-up: Present in c9b65a6 baseline and absent in successful corrected replay. This site-level absence does not establish coverage of the whole evidence family.	.build/followup337-resource-canonical/talostrading__sonic__4797d46778.json; absent; baseline=present
54	talostrading/sonic	fa70f8c39b9eea68e782c4c7f3604fe232d4301c	resourcelifetime	multicast/peer_ipv4_test.go:442:15	resourcelifetime/missing-release	verified-absent	vacuous-cleanup-summary	Exact successful NewUDPPeer result is explicitly closed or deferred closed; UDPPeer.Close guards fresh p.closed then closes p.socket. Constructor-internal error leaks return nil and are a separate callee defect, not an unfulfilled caller cleanup. Follow-up: Present in c9b65a6 baseline and absent in successful corrected replay. This site-level absence does not establish coverage of the whole evidence family.	.build/followup337-resource-canonical/talostrading__sonic__4797d46778.json; absent; baseline=present
54	talostrading/sonic	fa70f8c39b9eea68e782c4c7f3604fe232d4301c	resourcelifetime	multicast/peer_ipv4_test.go:459:15	resourcelifetime/missing-release	verified-absent	vacuous-cleanup-summary	Exact successful NewUDPPeer result is explicitly closed or deferred closed; UDPPeer.Close guards fresh p.closed then closes p.socket. Constructor-internal error leaks return nil and are a separate callee defect, not an unfulfilled caller cleanup. Follow-up: Present in c9b65a6 baseline and absent in successful corrected replay. This site-level absence does not establish coverage of the whole evidence family.	.build/followup337-resource-canonical/talostrading__sonic__4797d46778.json; absent; baseline=present
54	talostrading/sonic	fa70f8c39b9eea68e782c4c7f3604fe232d4301c	resourcelifetime	multicast/peer_ipv4_test.go:517:15	resourcelifetime/missing-release	verified-absent	vacuous-cleanup-summary	Exact successful NewUDPPeer result is explicitly closed or deferred closed; UDPPeer.Close guards fresh p.closed then closes p.socket. Constructor-internal error leaks return nil and are a separate callee defect, not an unfulfilled caller cleanup. Follow-up: Present in c9b65a6 baseline and absent in successful corrected replay. This site-level absence does not establish coverage of the whole evidence family.	.build/followup337-resource-canonical/talostrading__sonic__4797d46778.json; absent; baseline=present
54	talostrading/sonic	fa70f8c39b9eea68e782c4c7f3604fe232d4301c	resourcelifetime	multicast/peer_ipv6_test.go:26:16	resourcelifetime/missing-release	verified-absent	vacuous-cleanup-summary	Exact successful NewUDPPeer result is explicitly closed or deferred closed; UDPPeer.Close guards fresh p.closed then closes p.socket. Constructor-internal error leaks return nil and are a separate callee defect, not an unfulfilled caller cleanup. Follow-up: Present in c9b65a6 baseline and absent in successful corrected replay. This site-level absence does not establish coverage of the whole evidence family.	.build/followup337-resource-canonical/talostrading__sonic__4797d46778.json; absent; baseline=present
54	talostrading/sonic	fa70f8c39b9eea68e782c4c7f3604fe232d4301c	resourcelifetime	multicast/peer_ipv6_test.go:41:16	resourcelifetime/missing-release	verified-absent	vacuous-cleanup-summary	Exact successful NewUDPPeer result is explicitly closed or deferred closed; UDPPeer.Close guards fresh p.closed then closes p.socket. Constructor-internal error leaks return nil and are a separate callee defect, not an unfulfilled caller cleanup. Follow-up: Present in c9b65a6 baseline and absent in successful corrected replay. This site-level absence does not establish coverage of the whole evidence family.	.build/followup337-resource-canonical/talostrading__sonic__4797d46778.json; absent; baseline=present
54	talostrading/sonic	fa70f8c39b9eea68e782c4c7f3604fe232d4301c	resourcelifetime	multicast/peer_ipv6_test.go:56:16	resourcelifetime/missing-release	verified-absent	vacuous-cleanup-summary	Exact successful NewUDPPeer result is explicitly closed or deferred closed; UDPPeer.Close guards fresh p.closed then closes p.socket. Constructor-internal error leaks return nil and are a separate callee defect, not an unfulfilled caller cleanup. Follow-up: Present in c9b65a6 baseline and absent in successful corrected replay. This site-level absence does not establish coverage of the whole evidence family.	.build/followup337-resource-canonical/talostrading__sonic__4797d46778.json; absent; baseline=present
54	talostrading/sonic	fa70f8c39b9eea68e782c4c7f3604fe232d4301c	resourcelifetime	multicast/peer_ipv6_test.go:71:16	resourcelifetime/missing-release	verified-absent	vacuous-cleanup-summary	Exact successful NewUDPPeer result is explicitly closed or deferred closed; UDPPeer.Close guards fresh p.closed then closes p.socket. Constructor-internal error leaks return nil and are a separate callee defect, not an unfulfilled caller cleanup. Follow-up: Present in c9b65a6 baseline and absent in successful corrected replay. This site-level absence does not establish coverage of the whole evidence family.	.build/followup337-resource-canonical/talostrading__sonic__4797d46778.json; absent; baseline=present
54	zhenorzz/goploy	436d5e3f34718eb53e123e58d46e35857709a9dd	resourcelifetime	config/log.go:37:18	resourcelifetime/missing-release	retained-needs-proof	retained-logging-output	The file is installed as the global logrus output and retained for logging beyond SetDefault; a local Close would invalidate that owner. Reassessment: Bounded uncertainty requires one possibly retaining wrapper around an aggregate positively containing the resource, then retention by a consumer. Arbitrary data dependence and longer handler/logger chains remain unresolved; discarded wrappers remain diagnostic.	.build/followup337-resource-canonical/zhenorzz__goploy__eef6610bd7.json; present
55	abshkbh/arrakis	877231496acbf3b3091ab33340d2d126a251c4d5	goroutineownership	cmd/vsockclient/main.go:58:2	goroutineownership/unjoined	retained-needs-proof	transport-shutdown-completion	Parent installs defer conn.Close immediately after exact net.Dial; reader worker only blocks in bufio.ReadString over that same connection. Parent return closes it and releases worker, which then closes done; missing explicit receive is not abandonment. Re-review: Needs exact cross-object/cross-helper transport shutdown and progress evidence; a Close name or finite timeout is not modeled as a generic join. https://github.com/abshkbh/arrakis/blob/877231496acbf3b3091ab33340d2d126a251c4d5/cmd/vsockclient/main.go#L58	.build/followup337-workers-final-contained/55-abshkbh__arrakis-goroutineownership-cmd_vsockclient.json (exit0; present; explicit checks; source 5a56fb4; sha256 3da9ce166dfd8dc72c3225dc1229298040ae27b04a394c49b2edcf7c3ca772a7)
55	acme-dns/acme-dns	43b0acaacef24d1058d70ed584d6b7275a8344ed	lockorder	pkg/nameserver/dns_test.go:140:2	lockorder/recursive-acquire	verified-absent	unlock-callback-handoff	Exact waitLock.Unlock bound callback is stored by SetNotifyStartedFunc into dns.Server.NotifyStartedFunc; launched server invokes it at startup. Repeated Lock waits for cross-goroutine release, which Go permits, rather than recursive acquisition with no release. Follow-up: Exact release callback handoff makes held state unknown; callback registration does not become a positive release witness.	.build/followup337-locks-final-contained-5a56fb4/55-acme-dns__acme-dns-lockorder-pkg_nameserver.json
55	acme-dns/acme-dns	43b0acaacef24d1058d70ed584d6b7275a8344ed	lockorder	pkg/nameserver/initialize.go:58:3	lockorder/recursive-acquire	verified-absent	unlock-callback-handoff	Exact waitLock.Unlock bound callback is stored by SetNotifyStartedFunc into dns.Server.NotifyStartedFunc; launched server invokes it at startup. Repeated Lock waits for cross-goroutine release, which Go permits, rather than recursive acquisition with no release. Follow-up: Exact release callback handoff makes held state unknown; callback registration does not become a positive release witness.	.build/followup337-locks-final-contained-5a56fb4/55-acme-dns__acme-dns-lockorder-pkg_nameserver.json
55	acme-dns/acme-dns	43b0acaacef24d1058d70ed584d6b7275a8344ed	lockorder	pkg/nameserver/initialize.go:61:3	lockorder/recursive-acquire	verified-absent	unlock-callback-handoff	Exact waitLock.Unlock bound callback is stored by SetNotifyStartedFunc into dns.Server.NotifyStartedFunc; launched server invokes it at startup. Repeated Lock waits for cross-goroutine release, which Go permits, rather than recursive acquisition with no release. Follow-up: Exact release callback handoff makes held state unknown; callback registration does not become a positive release witness.	.build/followup337-locks-final-contained-5a56fb4/55-acme-dns__acme-dns-lockorder-pkg_nameserver.json
55	acme-dns/acme-dns	43b0acaacef24d1058d70ed584d6b7275a8344ed	lockorder	pkg/nameserver/initialize.go:69:3	lockorder/recursive-acquire	verified-absent	unlock-callback-handoff	Exact waitLock.Unlock bound callback is stored by SetNotifyStartedFunc into dns.Server.NotifyStartedFunc; launched server invokes it at startup. Repeated Lock waits for cross-goroutine release, which Go permits, rather than recursive acquisition with no release. Follow-up: Exact release callback handoff makes held state unknown; callback registration does not become a positive release witness.	.build/followup337-locks-final-contained-5a56fb4/55-acme-dns__acme-dns-lockorder-pkg_nameserver.json
55	cep21/circuit	076289099fe63d129cfa553c0d1d8c32b3ed8516	resourcelifetime	example_test.go:40:16	resourcelifetime/missing-release	retained-needs-proof	request-context-completion	Local httptest handler always writes 200 hello world; success Copy then Close. Copy error returns to Circuit.run, whose configured deadline context is always canceled on return, terminating exact request transport/body. Non-2xx branches do not match this handler. Reassessment: Retain unresolved: exact request transport completion on callback context cancellation is needed, not generic context use.	.build/followup337-resource-canonical/cep21__circuit__dbc2ca7fd0.json; present
55	clusternet/clusternet	bcf6d64e48a463f7eb5d42395c63641ee6735b20	concurrentcapture	pkg/controllermanager/approver/approver.go:467:5	concurrentcapture/shared-capture	retained-needs-proof	bounded-worker-cardinality	defaultClusterRoles returns exactly one role. Each phase launches one writer to local allErrs and Wait completes before the next phase or read; there are no concurrent slice writers. Follow-up: Needs callee-returned collection cardinality with phase joins; no loop-count argument or function-name exception added.	.build/followup337-locks-final-contained-5a56fb4/55-clusternet__clusternet-concurrentcapture-pkg_controllermanager_approver.json
55	clusternet/clusternet	bcf6d64e48a463f7eb5d42395c63641ee6735b20	concurrentcapture	pkg/controllermanager/approver/approver.go:497:5	concurrentcapture/shared-capture	retained-needs-proof	bounded-worker-cardinality	The binding phase ranges the same one-element defaultClusterRoles result after the prior phase's Wait; one worker writes allErrs and the parent reads only after Wait. Follow-up: Needs callee-returned collection cardinality with phase joins; no loop-count argument or function-name exception added.	.build/followup337-locks-final-contained-5a56fb4/55-clusternet__clusternet-concurrentcapture-pkg_controllermanager_approver.json
55	clusternet/clusternet	bcf6d64e48a463f7eb5d42395c63641ee6735b20	concurrentcapture	pkg/controllermanager/approver/approver.go:518:5	concurrentcapture/shared-capture	retained-needs-proof	bounded-worker-cardinality	defaultRoles returns exactly one role; this phase has one allErrs writer and waits before reading or launching the next phase. Follow-up: Needs callee-returned collection cardinality with phase joins; no loop-count argument or function-name exception added.	.build/followup337-locks-final-contained-5a56fb4/55-clusternet__clusternet-concurrentcapture-pkg_controllermanager_approver.json
55	clusternet/clusternet	bcf6d64e48a463f7eb5d42395c63641ee6735b20	concurrentcapture	pkg/controllermanager/approver/approver.go:551:5	concurrentcapture/shared-capture	retained-needs-proof	bounded-worker-cardinality	defaultRoles has one element and additionalRoles returns an empty slice. This binding phase therefore launches one writer after the earlier Wait, not concurrent slice writers. Follow-up: Needs callee-returned collection cardinality with phase joins; no loop-count argument or function-name exception added.	.build/followup337-locks-final-contained-5a56fb4/55-clusternet__clusternet-concurrentcapture-pkg_controllermanager_approver.json
55	Control-D-Inc/ctrld	37c33315591632c5f08df8062d1c77e07b3a465f	lockorder	resolver_test.go:364:2	lockorder/recursive-acquire	verified-absent	unlock-callback-handoff	runLocalPacketConnTestServer first locks startup gate then assigns waitLock.Unlock to server.NotifyStartedFunc. Started goroutine ActivateAndServe invokes callback before serve loop (pinned miekg/dns v1.1.58 server.go:497), allowing second Lock; deliberate cross-goroutine unlock, not recursive self-deadlock. Follow-up: Exact release callback handoff makes held state unknown, not proof of startup progress.	.build/followup337-locks-final-contained-5a56fb4/55-Control-D-Inc__ctrld-lockorder-..json
55	Control-D-Inc/ctrld	37c33315591632c5f08df8062d1c77e07b3a465f	oncepolicy	doh.go:64:24	oncepolicy/discarded-wrapper	verified-absent	package-initializer-once	dohOsHeaderValue is a package variable initializer: immediately invoked OnceValue computes string exactly once during package initialization and stores result globally. Wrapper is redundant but no repeatable call-site or lost once guarantee exists. Follow-up: Direct package initialization already runs once; stored repeatable function literals remain diagnosed.	.build/followup337-locks-final-contained-5a56fb4/55-Control-D-Inc__ctrld-oncepolicy-..json
55	Deep-ai-inc/ch.at	f888890e77f3d766c67be2544371d8c3b7a14fa5	resourcelifetime	cmd/selftest/main.go:115:15	resourcelifetime/missing-release	verified-absent	paired-helper-cleanup	Exact response/error pair is passed to checkResponse, which defers resp.Body.Close on successful HTTP operation. Client error means no live body requiring helper cleanup (redirect error body already closed). Follow-up: Present in c9b65a6 baseline and absent in successful corrected replay. This site-level absence does not establish coverage of the whole evidence family.	.build/followup337-resource-canonical/Deep-ai-inc__ch.at__750089f2ad.json; absent; baseline=present
55	Deep-ai-inc/ch.at	f888890e77f3d766c67be2544371d8c3b7a14fa5	resourcelifetime	cmd/selftest/main.go:122:14	resourcelifetime/missing-release	verified-absent	paired-helper-cleanup	Exact response/error pair is passed to checkResponse, which defers resp.Body.Close on successful HTTP operation. Client error means no live body requiring helper cleanup (redirect error body already closed). Follow-up: Present in c9b65a6 baseline and absent in successful corrected replay. This site-level absence does not establish coverage of the whole evidence family.	.build/followup337-resource-canonical/Deep-ai-inc__ch.at__750089f2ad.json; absent; baseline=present
55	Deep-ai-inc/ch.at	f888890e77f3d766c67be2544371d8c3b7a14fa5	resourcelifetime	cmd/selftest/main.go:129:14	resourcelifetime/missing-release	verified-absent	paired-helper-cleanup	Exact response/error pair is passed to checkResponse, which defers resp.Body.Close on successful HTTP operation. Client error means no live body requiring helper cleanup (redirect error body already closed). Follow-up: Present in c9b65a6 baseline and absent in successful corrected replay. This site-level absence does not establish coverage of the whole evidence family.	.build/followup337-resource-canonical/Deep-ai-inc__ch.at__750089f2ad.json; absent; baseline=present
55	deweizhu/bookget	2cdbf6d6c3ce70355a5c4411c0faf3450e9ae877	resourcelifetime	pkg/downloader/downloader.go:522:15	resourcelifetime/missing-release	retained-needs-proof	memory-or-empty-http-body	Missing Close concerns non-200 HEAD response from default no-timeout client; protocol returns NoBody. Subsequent fallback range GET has its own deferred Body.Close, so body-bearing response is not abandoned. Reassessment: Retain unresolved: exact transport, request, handler and timeout/body-wrapper provenance are needed; HEAD, status code or method name alone cannot remove the obligation.	.build/followup337-resource-canonical/deweizhu__bookget__506679d59a.json; present
55	doitintl/kube-no-trouble	2366d92156c0cf94c31453593368077f13c183b7	resourcelifetime	pkg/printer/csv_test.go:63:18	resourcelifetime/missing-release	retained-needs-proof	aggregate-cleanup	Literal first good-file subtest constructs printer with exact tmpFile in options then calls Close, which delegates to commonPrinter.Close and closes non-stdout file. Later case intentionally checks already-closed error; synchronous t.Run completes before enclosing return. Reassessment: Retain unresolved: cleanup through mixed fields or table collections requires exact value-to-element and invocation evidence.	.build/followup337-resource-canonical/doitintl__kube-no-trouble__468250b366.json; present
55	doitintl/kube-no-trouble	2366d92156c0cf94c31453593368077f13c183b7	resourcelifetime	pkg/printer/json_test.go:75:18	resourcelifetime/missing-release	retained-needs-proof	aggregate-cleanup	Literal first good-file subtest constructs printer with exact tmpFile in options then calls Close, which delegates to commonPrinter.Close and closes non-stdout file. Later case intentionally checks already-closed error; synchronous t.Run completes before enclosing return. Reassessment: Retain unresolved: cleanup through mixed fields or table collections requires exact value-to-element and invocation evidence.	.build/followup337-resource-canonical/doitintl__kube-no-trouble__468250b366.json; present
55	doitintl/kube-no-trouble	2366d92156c0cf94c31453593368077f13c183b7	resourcelifetime	pkg/printer/printer_test.go:129:18	resourcelifetime/missing-release	retained-needs-proof	aggregate-cleanup	Literal first good-file subtest constructs printer with exact tmpFile in options then calls Close, which delegates to commonPrinter.Close and closes non-stdout file. Later case intentionally checks already-closed error; synchronous t.Run completes before enclosing return. Reassessment: Retain unresolved: cleanup through mixed fields or table collections requires exact value-to-element and invocation evidence.	.build/followup337-resource-canonical/doitintl__kube-no-trouble__468250b366.json; present
55	doitintl/kube-no-trouble	2366d92156c0cf94c31453593368077f13c183b7	resourcelifetime	pkg/printer/printer_test.go:48:18	resourcelifetime/missing-release	retained-needs-proof	aggregate-cleanup	First good-file subtest newCommonPrinter retains exact options containing tmpFile; deferred got.Close runs at synchronous subtest exit and closes same file. Later stdout/nil entries do not undo cleanup. Reassessment: Retain unresolved: cleanup through mixed fields or table collections requires exact value-to-element and invocation evidence.	.build/followup337-resource-canonical/doitintl__kube-no-trouble__468250b366.json; present
55	doitintl/kube-no-trouble	2366d92156c0cf94c31453593368077f13c183b7	resourcelifetime	pkg/printer/text_test.go:62:18	resourcelifetime/missing-release	retained-needs-proof	aggregate-cleanup	Literal first good-file subtest constructs printer with exact tmpFile in options then calls Close, which delegates to commonPrinter.Close and closes non-stdout file. Later case intentionally checks already-closed error; synchronous t.Run completes before enclosing return. Reassessment: Retain unresolved: cleanup through mixed fields or table collections requires exact value-to-element and invocation evidence.	.build/followup337-resource-canonical/doitintl__kube-no-trouble__468250b366.json; present
55	emiago/sipgo	86ec9f7c7c9c6e9befff7592c700912faac52dc5	resourcelifetime	example/proxysip/main.go:101:13	resourcelifetime/missing-release	retained-needs-proof	returned-or-retained-owner	setupSipProxy returns server embedding exact UserAgent and callbacks retain same client/UA. Error before return can occur at address parsing before any transport connection opens; default NewUA constructors initialize pools/maps, not active I/O. Factory-local Close would invalidate returned server. Reassessment: Retain unresolved unless replay establishes absence: returned views and lifecycle-owning wrappers must remain distinct; ownership cannot be guessed from names.	.build/followup337-resource-canonical/emiago__sipgo__0f4a5a3c77.json; present
55	fastschema/fastschema	813349976c7cf4a884a995f6fcad9aace08b1541	resourcelifetime	pkg/zaplogger/zap.go:40:16	resourcelifetime/missing-release	retained-needs-proof	returned-or-retained-owner	Opened file is retained by zapcore.AddSync writer, NewCore/NewTee, and returned ZapLogger for future logging. Local Close would break returned logger; retained logging ownership is not proof of abandoned file (Sync is not asserted to close it). Reassessment: Retain unresolved unless replay establishes absence: returned views and lifecycle-owning wrappers must remain distinct; ownership cannot be guessed from names.	.build/followup337-resource-canonical/fastschema__fastschema__b4ad227f90.json; present
55	go-dev-frame/sponge	beef9eecdc5e2dc6b1358f130d8e9133771c277b	cancellationownership	pkg/app/app_test.go:80:12	cancellationownership/release	retained-needs-proof	expired-timer	The 100ms timeout is followed on every post-acquisition path by a mandatory one-second sleep after watch, so its deadline has expired before return; no remaining cancellation obligation. Re-review: Needs temporal proof of expiry on every return; no duration/sleep heuristic added. https://github.com/go-dev-frame/sponge/blob/beef9eecdc5e2dc6b1358f130d8e9133771c277b/pkg/app/app_test.go#L80	.build/followup337-workers-final-contained/55-go-dev-frame__sponge-cancellationownership-pkg_app.json (exit0; present; explicit checks; source 5a56fb4; sha256 3da9ce166dfd8dc72c3225dc1229298040ae27b04a394c49b2edcf7c3ca772a7)
55	go-dev-frame/sponge	beef9eecdc5e2dc6b1358f130d8e9133771c277b	resourcelifetime	pkg/aicli/gemini/client_test.go:53:17	resourcelifetime/missing-release	retained-needs-proof	constructor-without-live-resource	Wrapper Close delegates to genai v0.19.0 Close, whose three cloud.google.com/go/ai v0.8.0 REST Close methods only nil httpClient, releasing no resource. Unreachable wrapper needs no such cleanup; separately allocated cache GRPC client is omitted by upstream Close, so this suggested cleanup cannot fix that upstream issue. Reassessment: Retain unresolved: type-level cleanup capability does not establish that this constructor returns an acquired live resource.	.build/followup337-resource-canonical/go-dev-frame__sponge__cc4c045280.json; present
55	go-dev-frame/sponge	beef9eecdc5e2dc6b1358f130d8e9133771c277b	resourcelifetime	pkg/aicli/gemini/client_test.go:69:17	resourcelifetime/missing-release	retained-needs-proof	constructor-without-live-resource	Wrapper Close delegates to genai v0.19.0 Close, whose three cloud.google.com/go/ai v0.8.0 REST Close methods only nil httpClient, releasing no resource. Unreachable wrapper needs no such cleanup; separately allocated cache GRPC client is omitted by upstream Close, so this suggested cleanup cannot fix that upstream issue. Reassessment: Retain unresolved: type-level cleanup capability does not establish that this constructor returns an acquired live resource.	.build/followup337-resource-canonical/go-dev-frame__sponge__cc4c045280.json; present
55	google/codesearch	74a12a911a79b901d1158c48d011b2da1b090fc9	resourcelifetime	cmd/csearch/csearch.go:163:23	resourcelifetime/missing-release	retained-needs-proof	process-bounded-lifetime	Last zip reader remains until command completion, but exact sole main caller invokes Main then immediately os.Exit based on matches. No reuse or continuing work follows helper return; OS releases final command-lifetime descriptor. HTTP csweb counterpart is a distinct repeated-lifecycle defect. Reassessment: Retain unresolved: one-shot process termination and reusable helper lifetimes differ; no blanket main/test exemption.	.build/followup337-resource-canonical/google__codesearch__465c97b0fc.json; present
55	gopcua/opcua	2b3714ccc8425190dbff8f7b2fa8c1bcb5152c2c	lockorder	uasc/secure_channel.go:865:9	lockorder/contradictory-order	retained-needs-proof	fresh-object-publication	renew holds the old channelInstance mutex before openingMu. The inverse open-to-sendAsync chain locks a freshly allocated openingInstance, not that old instance; its first send lock is released before the response publishes it as active. Type-level instance merging invents this cycle. Follow-up: Needs distinction between old and fresh channel instances through helper calls and publication.	.build/followup337-locks-final-contained-5a56fb4/55-gopcua__opcua-lockorder-uasc.json
55	hashicorp/yamux	ccd743982369f0799070e0a8fa24211830a24685	lockorder	stream.go:441:3	lockorder/contradictory-order	retained-needs-proof	join-before-reverse-order	processFlags stateLock-to-session.streamLock runs only under recvLoop. Reverse order Session.Close streamLock-to-forceClose.stateLock occurs after receiving recvDoneCh, closed by recvLoop's defer, so both acquisition orders cannot overlap for same session. Follow-up: Needs completion-to-order correlation proving the reverse acquisition follows recvLoop termination.	.build/followup337-locks-final-contained-5a56fb4/55-hashicorp__yamux-lockorder-..json
55	HM2899/grokcli-2api	33a106d902d7627d1cdbc3359768a029112ea808	goroutineownership	internal/proxy/chat_test.go:1086:2	goroutineownership/unjoined	retained-needs-proof	transport-shutdown-completion	Intentional finite delayed pipe producer tests return before remote close. Short mode closes pw; normal hollow timeout guard closes pumped reader, releasing writes, then worker finishes bounded sleep and Close. Test explicitly discards done because waiting would defeat return-latency assertion; no indefinitely abandoned blocking operation. Re-review: Needs exact cross-object/cross-helper transport shutdown and progress evidence; a Close name or finite timeout is not modeled as a generic join. https://github.com/HM2899/grokcli-2api/blob/33a106d902d7627d1cdbc3359768a029112ea808/internal/proxy/chat_test.go#L1086	.build/followup337-workers-final-contained/55-HM2899__grokcli-2api-goroutineownership-internal_proxy.json (exit0; present; explicit checks; source 5a56fb4; sha256 3da9ce166dfd8dc72c3225dc1229298040ae27b04a394c49b2edcf7c3ca772a7)
55	la5nta/pat	2e6a8d14baf0268f4e2aa4d01784a54ca935cf52	processownership	internal/prehook/prehook.go:105:12	processownership/missing-wait	verified-absent	opaque-wait-callback	After successful Start, exact cmd.Wait executes in errgroup.Go worker (with deferred cancellation), and Execute returns g.Wait. No intervening early return; opaque errgroup callback still discharges process wait. Re-review: The exact command is captured by an opaque callback handoff; classify as possible ownership rather than a proven lost wait. https://github.com/la5nta/pat/blob/2e6a8d14baf0268f4e2aa4d01784a54ca935cf52/internal/prehook/prehook.go#L105	.build/followup337-workers-final-contained/55-la5nta__pat-processownership-internal_prehook.json (exit0; absent; explicit checks; source 5a56fb4; sha256 3da9ce166dfd8dc72c3225dc1229298040ae27b04a394c49b2edcf7c3ca772a7)
55	lich0821/ccNexus	55887d232555f94ea4db621a5a7e65430eebf0d7	resourcelifetime	internal/transformer/tool_chain.go:121:15	resourcelifetime/missing-release	retained-needs-proof	returned-or-retained-owner	ExecuteChain closes body on non-OK error branch and returns exact resp.Body as io.Reader on success. Underlying ReadCloser escapes to caller; interface narrowing is not proof of a local abandoned owner (no callers found). Reassessment: Retain unresolved unless replay establishes absence: returned views and lifecycle-owning wrappers must remain distinct; ownership cannot be guessed from names.	.build/followup337-resource-canonical/lich0821__ccNexus__4474267183.json; present
55	life4/enc	853bf70379f698b65e4415876c014378be90e021	resourcelifetime	cmd/helpers.go:29:13	resourcelifetime/missing-release	verified-absent	exact-error-sentinel	Open is followed by err==os.ErrNotExist and err!=nil returns; successful acquisition necessarily bypasses both and installs deferred f.Close. Raw nonnil sentinel equality creates an infeasible leak path; parsed key objects do not change cleanup. Follow-up: Present in c9b65a6 baseline and absent in successful corrected replay. This site-level absence does not establish coverage of the whole evidence family.	.build/followup337-resource-canonical/life4__enc__6d19f8acaa.json; absent; baseline=present
55	minio/selfupdate	5b54254443f7ab80e750e1761590c1f029ecc42f	processownership	internal/binarydist/bzip2.go:35:11	processownership/missing-wait	verified-absent	returned-value-process-owner	newBzip2Writer returns value owner containing exact command and stdin; bzip2Writer.Close closes stdin then Waits, and diff callers invoke Close. Constructor transfers process ownership rather than abandoning it. Close's own error handling is separate from constructor-local obligation. Re-review: Normalize the acquisition-time command field load before checking returned aggregate ownership. https://github.com/minio/selfupdate/blob/5b54254443f7ab80e750e1761590c1f029ecc42f/internal/binarydist/bzip2.go#L35	.build/followup337-workers-final-contained/55-minio__selfupdate-processownership-internal_binarydist.json (exit0; absent; explicit checks; source 5a56fb4; sha256 3da9ce166dfd8dc72c3225dc1229298040ae27b04a394c49b2edcf7c3ca772a7)
55	monasticacademy/httptap	11d387dab213d9a5441c8a4fe9f3a9abdd7a2f58	processownership	experiments/gvisor-echo/echo.go:203:8	processownership/missing-wait	verified-absent	terminating-waiter	Immediately after successful Start an owned goroutine calls exact cmd.Wait, then exits process with child status. Long-running network loop delegates reaping rather than abandoning command. Re-review: CoverageAnywhere finds a Wait witness in the no-normal-return launched worker; decline loss without asserting guaranteed completion. https://github.com/monasticacademy/httptap/blob/11d387dab213d9a5441c8a4fe9f3a9abdd7a2f58/experiments/gvisor-echo/echo.go#L203	.build/followup337-workers-final-contained/55-monasticacademy__httptap-processownership-experiments_gvisor-echo.json (exit0; absent; explicit checks; source 5a56fb4; sha256 3da9ce166dfd8dc72c3225dc1229298040ae27b04a394c49b2edcf7c3ca772a7)
55	opencontainers/umoci	f5d1219acaf67127ebacf6306776d3ff465735ea	resourcelifetime	pkg/unpriv/unpriv_test.go:1008:11	resourcelifetime/missing-release	retained-needs-proof	fixture-prevents-acquisition	Permission-negative test skips root and makes ancestor directory 0555 or 0600 before discarded os.Create; required EACCES means no live file on intended executable path. Reassessment: Retain unresolved: a test expectation alone is not a proof; requires exact constructor/transport or fixture-state feasibility.	.build/followup337-resource-canonical/opencontainers__umoci__531c057c83.json; present
55	opencontainers/umoci	f5d1219acaf67127ebacf6306776d3ff465735ea	resourcelifetime	pkg/unpriv/unpriv_test.go:948:11	resourcelifetime/missing-release	retained-needs-proof	fixture-prevents-acquisition	Permission-negative test skips root and makes ancestor directory 0555 or 0600 before discarded os.Create; required EACCES means no live file on intended executable path. Reassessment: Retain unresolved: a test expectation alone is not a proof; requires exact constructor/transport or fixture-state feasibility.	.build/followup337-resource-canonical/opencontainers__umoci__531c057c83.json; present
55	openkruise/kruise-game	16a0418780d8abd3ee871448116bbc5dc1e98d48	resourcelifetime	test/e2e/framework/framework.go:549:17	resourcelifetime/missing-release	retained-needs-proof	captured-cell-cleanup	Both status200 and other-status return paths call local closeResp closure, which nil-guards and closes exact resp.Body; direct captured cleanup effect is missed. Reassessment: Retain unresolved: deferred captures observe later cell contents; neither historical alias nor a nil guard proves exact cleanup.	.build/followup337-resource-canonical/openkruise__kruise-game__97a821c042.json; present
55	pion/dtls	05e47ce632b71d7af3d334fde49b65a24413bb4f	lockorder	conn_go_test.go:118:12	lockorder/contradictory-order	retained-needs-proof	distinct-receiver-instances	Test holds client.writeLock then calls server.Read on a distinct peer connection; receiver-type merging conflates their lock identities. Moreover server handshake already completed, so HandshakeContext returns after handshakeMutex before writeLock path. Pinned replay related locations confirmed chain. Follow-up: Needs caller-bound client/server identity and handshake state; class-level matching cannot establish one shared connection.	.build/followup337-locks-final-contained-5a56fb4/55-pion__dtls-lockorder-..json
55	pion/ice	e50946b37e6f3f95cfd0ccf47578f3fc654675b8	resourcelifetime	examples/automatic-renomination/main.go:168:12	resourcelifetime/missing-release	retained-needs-proof	memory-or-empty-http-body	Paired example peer's exact remoteCandidate/remoteAuth handlers ignore ResponseWriter and return empty 200; default HTTP client has no timeout body wrapper. Successful response is NoBody, so no transport-backed body cleanup obligation in documented peer protocol. Reassessment: Retain unresolved: exact transport, request, handler and timeout/body-wrapper provenance are needed; HEAD, status code or method name alone cannot remove the obligation.	.build/followup337-resource-canonical/pion__ice__3ab77f8649.json; present
55	pion/ice	e50946b37e6f3f95cfd0ccf47578f3fc654675b8	resourcelifetime	examples/automatic-renomination/main.go:211:11	resourcelifetime/missing-release	retained-needs-proof	memory-or-empty-http-body	Paired example peer's exact remoteCandidate/remoteAuth handlers ignore ResponseWriter and return empty 200; default HTTP client has no timeout body wrapper. Successful response is NoBody, so no transport-backed body cleanup obligation in documented peer protocol. Reassessment: Retain unresolved: exact transport, request, handler and timeout/body-wrapper provenance are needed; HEAD, status code or method name alone cannot remove the obligation.	.build/followup337-resource-canonical/pion__ice__3ab77f8649.json; present
55	pion/ice	e50946b37e6f3f95cfd0ccf47578f3fc654675b8	resourcelifetime	examples/ping-pong/main.go:102:12	resourcelifetime/missing-release	retained-needs-proof	memory-or-empty-http-body	Paired example peer's exact remoteCandidate/remoteAuth handlers ignore ResponseWriter and return empty 200; default HTTP client has no timeout body wrapper. Successful response is NoBody, so no transport-backed body cleanup obligation in documented peer protocol. Reassessment: Retain unresolved: exact transport, request, handler and timeout/body-wrapper provenance are needed; HEAD, status code or method name alone cannot remove the obligation.	.build/followup337-resource-canonical/pion__ice__e3d9377eaf.json; present
55	quickfixgo/quickfix	2600e522adb02eeae5952e98929dce746a85c798	resourcelifetime	log/file/file_log.go:93:22	resourcelifetime/missing-release	retained-needs-proof	returned-or-retained-owner	Successful messageFile is retained by log.New in returned fileLog.messageLogger; no intervening failure path abandons this acquired handle. Reassessment: Retain unresolved unless replay establishes absence: returned views and lifecycle-owning wrappers must remain distinct; ownership cannot be guessed from names.	.build/followup337-resource-canonical/quickfixgo__quickfix__564e8f4247.json; present
55	ribice/gorsk	ccda17ecb185ece9d791ce6042569aa97f0547d6	resourcelifetime	pkg/utl/middleware/secure/secure_test.go:47:13	resourcelifetime/missing-release	retained-needs-proof	memory-or-empty-http-body	Exact request is OPTIONS through Echo v3.3.10 CORSWithConfig; pinned dependency middleware ends preflight with c.NoContent(204). Default client has no timeout wrapper, so successful response body is NoBody. Reassessment: Retain unresolved: exact transport, request, handler and timeout/body-wrapper provenance are needed; HEAD, status code or method name alone cannot remove the obligation.	.build/followup337-resource-canonical/ribice__gorsk__b4dce02d86.json; present
55	snyk/driftctl	70717f651c7b951b7e061620666143978dc18068	concurrentcapture	enumeration/remote/cache/cache_test.go:147:5	concurrentcapture/shared-capture	retained-needs-proof	keyed-lock-identity	Every worker uses the same key with GetAndLock; LoadOrStore selects the same key mutex and deferred Unlock encloses missCount increment, serializing this counter. Follow-up: Needs exact LoadOrStore key-to-mutex identity through helper summaries; names GetAndLock/Unlock are not proof.	.build/followup337-locks-final-contained-5a56fb4/55-snyk__driftctl-concurrentcapture-enumeration_remote_cache.json
55	snyk/driftctl	70717f651c7b951b7e061620666143978dc18068	goroutineownership	main.go:55:3	goroutineownership/unjoined	retained-needs-proof	process-lifetime-worker	The only caller evaluates run as the argument to os.Exit; error returns abandon the optional version notification only at immediate process termination, while success explicitly receives it. Re-review: Needs explicit call-site process-termination proof; finite CLI lifetime is not a generic analyzer exemption. https://github.com/snyk/driftctl/blob/70717f651c7b951b7e061620666143978dc18068/main.go#L55	.build/followup337-workers-final-contained/55-snyk__driftctl-goroutineownership-..json (exit0; present; explicit checks; source 5a56fb4; sha256 3da9ce166dfd8dc72c3225dc1229298040ae27b04a394c49b2edcf7c3ca772a7)
55	trustmaster/goflow	bcaec740da3562ed5bf209d88b120c8e7c32a8e2	goroutineownership	dsl/parse/segment_statements_test.go:92:4	goroutineownership/unjoined	retained-needs-proof	transitive-completion	Main waits goflow.Run component completion. First literal input places EOF last, so SegmentStatements has received every worker send before completion; second input has no EOF and component finishes only after worker closes input. Only nonblocking close/return remains, no abandoned worker operation. Re-review: Needs transitive participant/completion or helper-owner evidence beyond the local tracked channel; no blanket framework exemption added. https://github.com/trustmaster/goflow/blob/bcaec740da3562ed5bf209d88b120c8e7c32a8e2/dsl/parse/segment_statements_test.go#L92	.build/followup337-workers-final-contained/55-trustmaster__goflow-goroutineownership-dsl_parse.json (exit0; present; explicit checks; source 5a56fb4; sha256 3da9ce166dfd8dc72c3225dc1229298040ae27b04a394c49b2edcf7c3ca772a7)
55	trustmaster/goflow	bcaec740da3562ed5bf209d88b120c8e7c32a8e2	goroutineownership	dsl/parse/strip_trivia_test.go:41:2	goroutineownership/unjoined	retained-needs-proof	transitive-completion	StripTrivia.Process ranges input until closed, forwarding into adequately buffered output. Main receives Run completion after Process returns, causally proving sender finished all sends and closed input. Re-review: Needs transitive participant/completion or helper-owner evidence beyond the local tracked channel; no blanket framework exemption added. https://github.com/trustmaster/goflow/blob/bcaec740da3562ed5bf209d88b120c8e7c32a8e2/dsl/parse/strip_trivia_test.go#L41	.build/followup337-workers-final-contained/55-trustmaster__goflow-goroutineownership-dsl_parse.json (exit0; present; explicit checks; source 5a56fb4; sha256 3da9ce166dfd8dc72c3225dc1229298040ae27b04a394c49b2edcf7c3ca772a7)
55	werf/nelm	6393382d695e65d8d8f744cf590337fe62a83eef	cancellationownership	pkg/action/release_install.go:185:11	cancellationownership/release	verified-absent	parent-context-snapshot	Exact parent WithCancelCause cancel is deferred immediately after child WithTimeoutCause creation; parent cancellation propagates to child and stops timer on every return. Discarded child cancel is covered by proven ancestor cancellation. Re-review: The shared Storage.Resolve query now resolves the exact parent at child acquisition; the existing parent classifier covers later cancellation without claiming a join. https://github.com/werf/nelm/blob/6393382d695e65d8d8f744cf590337fe62a83eef/pkg/action/release_install.go#L185	.build/followup337-workers-final-contained/55-werf__nelm-cancellationownership-pkg_action.json (exit0; absent; explicit checks; source 5a56fb4; sha256 3da9ce166dfd8dc72c3225dc1229298040ae27b04a394c49b2edcf7c3ca772a7)
55	werf/nelm	6393382d695e65d8d8f744cf590337fe62a83eef	cancellationownership	pkg/action/release_plan_install.go:127:11	cancellationownership/release	verified-absent	parent-context-snapshot	Exact parent WithCancelCause cancel is deferred immediately after child WithTimeoutCause creation; parent cancellation propagates to child and stops timer on every return. Discarded child cancel is covered by proven ancestor cancellation. Re-review: The shared Storage.Resolve query now resolves the exact parent at child acquisition; the existing parent classifier covers later cancellation without claiming a join. https://github.com/werf/nelm/blob/6393382d695e65d8d8f744cf590337fe62a83eef/pkg/action/release_plan_install.go#L127	.build/followup337-workers-final-contained/55-werf__nelm-cancellationownership-pkg_action.json (exit0; absent; explicit checks; source 5a56fb4; sha256 3da9ce166dfd8dc72c3225dc1229298040ae27b04a394c49b2edcf7c3ca772a7)
55	werf/nelm	6393382d695e65d8d8f744cf590337fe62a83eef	cancellationownership	pkg/action/release_rollback.go:102:11	cancellationownership/release	verified-absent	parent-context-snapshot	Exact parent WithCancelCause cancel is deferred immediately after child WithTimeoutCause creation; parent cancellation propagates to child and stops timer on every return. Discarded child cancel is covered by proven ancestor cancellation. Re-review: The shared Storage.Resolve query now resolves the exact parent at child acquisition; the existing parent classifier covers later cancellation without claiming a join. https://github.com/werf/nelm/blob/6393382d695e65d8d8f744cf590337fe62a83eef/pkg/action/release_rollback.go#L102	.build/followup337-workers-final-contained/55-werf__nelm-cancellationownership-pkg_action.json (exit0; absent; explicit checks; source 5a56fb4; sha256 3da9ce166dfd8dc72c3225dc1229298040ae27b04a394c49b2edcf7c3ca772a7)
55	WireGuard/wireguard-go	ecfc5a8d54462e18e13c72173e2623d16d8e25a0	lockorder	device/device.go:239:2	lockorder/contradictory-order	retained-needs-proof	contextual-lock-identity	Concrete SetPrivateKey call from IpcSetOperation is serialized by exclusive ipcMutex with upLocked's peers-R to staticIdentity-R chain. Exported helper misuse by external callers is not claimed safe; reported in-repo inverse edges cannot overlap. Follow-up: Needs same-object exclusive caller guard or per-peer identity. Exported helper contracts outside in-repository callers remain unknown.	.build/followup337-locks-final-contained-5a56fb4/55-WireGuard__wireguard-go-lockorder-device.json
55	WireGuard/wireguard-go	ecfc5a8d54462e18e13c72173e2623d16d8e25a0	lockorder	device/device.go:462:2	lockorder/contradictory-order	retained-needs-proof	contextual-lock-identity	Concrete BindSetMark call from IpcSetOperation and inverse upLocked SendKeepalive chain both hold exclusive ipcMutex. Exported helper broader caller contract remains unproven; actual in-repo paths are serialized. Follow-up: Needs same-object exclusive caller guard or per-peer identity. Exported helper contracts outside in-repository callers remain unknown.	.build/followup337-locks-final-contained-5a56fb4/55-WireGuard__wireguard-go-lockorder-device.json
55	WireGuard/wireguard-go	ecfc5a8d54462e18e13c72173e2623d16d8e25a0	lockorder	device/peer.go:194:2	lockorder/contradictory-order	retained-needs-proof	contextual-lock-identity	SetPrivateKey RLocks all peers but explicitly RUnlocks the exact peer before removePeerLocked invokes its Stop/state lock, then RLocks afterward. The retained handshake read locks belong to other peers, not this target's Start/Stop state. Follow-up: Needs same-object exclusive caller guard or per-peer identity. Exported helper contracts outside in-repository callers remain unknown.	.build/followup337-locks-final-contained-5a56fb4/55-WireGuard__wireguard-go-lockorder-device.json
55	WireGuard/wireguard-go	ecfc5a8d54462e18e13c72173e2623d16d8e25a0	resourcelifetime	main.go:186:18	resourcelifetime/missing-release	retained-needs-proof	process-bounded-lifetime	Daemonization opens /dev/null for child standard streams and passes exact descriptors through os.ProcAttr.Files to StartProcess. Success immediately releases child process handle and returns from main; errors os.Exit. Parent process exit releases originals while child retains its inherited standard descriptors; intentional process-bound handoff. Reassessment: Retain unresolved: one-shot process termination and reusable helper lifetimes differ; no blanket main/test exemption.	.build/followup337-resource-canonical/WireGuard__wireguard-go__bd03da3f5c.json; present
55	WireGuard/wireguard-go	ecfc5a8d54462e18e13c72173e2623d16d8e25a0	resourcelifetime	main.go:190:18	resourcelifetime/missing-release	retained-needs-proof	process-bounded-lifetime	Daemonization opens /dev/null for child standard streams and passes exact descriptors through os.ProcAttr.Files to StartProcess. Success immediately releases child process handle and returns from main; errors os.Exit. Parent process exit releases originals while child retains its inherited standard descriptors; intentional process-bound handoff. Reassessment: Retain unresolved: one-shot process termination and reusable helper lifetimes differ; no blanket main/test exemption.	.build/followup337-resource-canonical/WireGuard__wireguard-go__bd03da3f5c.json; present
55	WireGuard/wireguard-go	ecfc5a8d54462e18e13c72173e2623d16d8e25a0	resourcelifetime	main.go:191:18	resourcelifetime/missing-release	retained-needs-proof	process-bounded-lifetime	Daemonization opens /dev/null for child standard streams and passes exact descriptors through os.ProcAttr.Files to StartProcess. Success immediately releases child process handle and returns from main; errors os.Exit. Parent process exit releases originals while child retains its inherited standard descriptors; intentional process-bound handoff. Reassessment: Retain unresolved: one-shot process termination and reusable helper lifetimes differ; no blanket main/test exemption.	.build/followup337-resource-canonical/WireGuard__wireguard-go__bd03da3f5c.json; present
55	WireGuard/wireguard-go	ecfc5a8d54462e18e13c72173e2623d16d8e25a0	resourcelifetime	main.go:192:18	resourcelifetime/missing-release	retained-needs-proof	process-bounded-lifetime	Daemonization opens /dev/null for child standard streams and passes exact descriptors through os.ProcAttr.Files to StartProcess. Success immediately releases child process handle and returns from main; errors os.Exit. Parent process exit releases originals while child retains its inherited standard descriptors; intentional process-bound handoff. Reassessment: Retain unresolved: one-shot process termination and reusable helper lifetimes differ; no blanket main/test exemption.	.build/followup337-resource-canonical/WireGuard__wireguard-go__bd03da3f5c.json; present
55	zerodha/dungbeetle	12d7c8e832b2af8f78fc3525612aca1477184d7a	resourcelifetime	internal/core/core.go:477:15	resourcelifetime/missing-release	retained-needs-proof	sql-context-completion	Prepared QueryContext uses exact local context whose cancel is unconditionally deferred before query. database/sql closes rows when this context is canceled, including after rows reassignment or panic unwinding; later Close of different rows is not the cleanup proof. Reassessment: Retain unresolved: exact query-context cancellation can close rows; no generic context-as-cleanup exemption.	.build/followup337-resource-canonical/zerodha__dungbeetle__d45ef53580.json; present
