batch	repository	revision	analyzer	position	check	original-verdict	family	baseline	current	outcome	baseline-receipt	current-receipt	module	package	baseline-exit	current-exit	review-evidence
51	awalterschulze/goderive	e80f08252f19466b4348366b638aa8c4b20c00f1	resourcelifetime	example/plugin/mem/mem.go:14:15	resourcelifetime/missing-release	false-positive	invalid-http-url	present	present	still-reported	.build/resource-tightening-baseline/awalterschulze__goderive__cbfa819c44.json	.build/resource-tightening-v2/awalterschulze__goderive__cbfa819c44.json	.	./example/plugin/mem	0	0	The request URL is always localhost:8080/user/... without http:// or https://. The ordinary default HTTP transport rejects that unsupported scheme, so the function returns on its request-error branch without acquiring a response body. The example has a malformed URL, not a feasible missing-body-close path as written. Reassessment: Retain unresolved: URL is invalid under the pinned default transport, but no broad URL/name exemption was added.
51	bluesky-social/indigo	41278964ec8e3253e70d4e919dfb8e34211c543d	resourcelifetime	carstore/sqlite_store.go:181:15	resourcelifetime/missing-release	false-positive	sql-transaction-parent	absent	absent	already-absent	.build/resource-tightening-baseline/bluesky-social__indigo__c87ad6c982.json	.build/resource-tightening-v2/bluesky-social__indigo__c87ad6c982.json	.	./carstore	0	0	Rows are acquired through a statement prepared on exact local tx. Deferred tx.Rollback cancels that transaction context, closes active rows, and releases the transaction on all exits; database/sql Stmt.QueryContext propagates its transaction context to Rows. Follow-up: Present in c9b65a6 baseline and absent in successful corrected replay. This site-level absence does not establish coverage of the whole evidence family.
51	bluesky-social/indigo	41278964ec8e3253e70d4e919dfb8e34211c543d	resourcelifetime	carstore/sqlite_store.go:346:15	resourcelifetime/missing-release	false-positive	sql-transaction-parent	absent	absent	already-absent	.build/resource-tightening-baseline/bluesky-social__indigo__c87ad6c982.json	.build/resource-tightening-v2/bluesky-social__indigo__c87ad6c982.json	.	./carstore	0	0	ReadUserCar prepares its statement on local tx and defers tx.Rollback before querying. Rollback cancellation closes rows even on Scan/header/write early returns; the statement-to-transaction owner chain is missed. Follow-up: Present in c9b65a6 baseline and absent in successful corrected replay. This site-level absence does not establish coverage of the whole evidence family.
51	bluesky-social/indigo	41278964ec8e3253e70d4e919dfb8e34211c543d	resourcelifetime	carstore/sqlite_store.go:425:15	resourcelifetime/missing-release	false-positive	sql-transaction-parent	absent	absent	already-absent	.build/resource-tightening-baseline/bluesky-social__indigo__c87ad6c982.json	.build/resource-tightening-v2/bluesky-social__indigo__c87ad6c982.json	.	./carstore	0	0	HasUidCid query uses a statement prepared by the exact local transaction. Deferred tx.Rollback covers the single-row success and Scan-error exits and closes transaction-owned active rows. Follow-up: Present in c9b65a6 baseline and absent in successful corrected replay. This site-level absence does not establish coverage of the whole evidence family.
51	bluesky-social/indigo	41278964ec8e3253e70d4e919dfb8e34211c543d	resourcelifetime	carstore/sqlite_store.go:462:15	resourcelifetime/missing-release	false-positive	sql-transaction-parent	absent	absent	already-absent	.build/resource-tightening-baseline/bluesky-social__indigo__c87ad6c982.json	.build/resource-tightening-v2/bluesky-social__indigo__c87ad6c982.json	.	./carstore	0	0	getBlock defers rollback of the same transaction that prepares the querying statement; this cancels and closes its rows on Scan/decoding errors and success despite no explicit rows.Close. Follow-up: Present in c9b65a6 baseline and absent in successful corrected replay. This site-level absence does not establish coverage of the whole evidence family.
51	bluesky-social/indigo	41278964ec8e3253e70d4e919dfb8e34211c543d	resourcelifetime	carstore/sqlite_store.go:496:15	resourcelifetime/missing-release	false-positive	sql-transaction-parent	absent	absent	already-absent	.build/resource-tightening-baseline/bluesky-social__indigo__c87ad6c982.json	.build/resource-tightening-v2/bluesky-social__indigo__c87ad6c982.json	.	./carstore	0	0	getBlockSize query rows belong to the statement's exact local transaction; unconditional deferred tx.Rollback closes those active rows on all returns. A standalone DB statement would not establish this ownership. Follow-up: Present in c9b65a6 baseline and absent in successful corrected replay. This site-level absence does not establish coverage of the whole evidence family.
51	byJoey/yx-tools	b75ed15eb7680e58c40f109f60e663cc93bca766	resourcelifetime	internal/app/export.go:60:16	resourcelifetime/missing-release	false-positive	correlated-error-or-guard	present	present	still-reported	.build/resource-tightening-baseline/byJoey__yx-tools__5959262e9b.json	.build/resource-tightening-v2/byJoey__yx-tools__5959262e9b.json	.	./internal/app	0	0	ReadCSV tries a fallback Open only when the first Open failed. A successful fallback assigns f=alt and err=nil; after the shared err check it defers f.Close, covering either successful acquisition. Failure branches have no acquired file. The error-correlated reassignment is missed. Reassessment: Retain unresolved: branch/error/flag correlation is not represented; no loop-count or whole-program feasibility expansion.
51	checkmake/checkmake	a413df2724416bbeebdc0132e589b10005840fd8	resourcelifetime	parser/scanner_test.go:15:12	resourcelifetime/missing-release	false-positive	fixture-prevents-acquisition	present	present	still-reported	.build/resource-tightening-baseline/checkmake__checkmake__fe49c94b63.json	.build/resource-tightening-v2/checkmake__checkmake__fe49c94b63.json	.	./parser	0	0	The negative constructor test opens fixtures/idontexist.make, absent from the pinned fixture tree, and expects an error. NewMakefileScanner returns a partial wrapper with nil FileHandle when Open fails; this expected-failure path acquires no resource to close. Reassessment: Retain unresolved: a test expectation alone is not a proof; requires exact constructor/transport or fixture-state feasibility.
51	fsouza/fake-gcs-server	3c29d20789f6475f65d2554ad6898c4afd7124bb	resourcelifetime	fakestorage/upload_test.go:1302:17	resourcelifetime/missing-release	false-positive	memory-or-empty-http-body	present	present	still-reported	.build/resource-tightening-baseline/fsouza__fake-gcs-server__d218f1178f.json	.build/resource-tightening-v2/fsouza__fake-gcs-server__d218f1178f.json	.	./fakestorage	0	0	The test's Server.HTTPClient always uses local muxTransport, whose RoundTrip invokes the handler through httptest.NewRecorder and returns its in-memory Result. This body has no external transport/resource obligation; listener-enabled scenarios still use that same synthetic client. Reassessment: Retain unresolved: exact transport, request, handler and timeout/body-wrapper provenance are needed; HEAD, status code or method name alone cannot remove the obligation.
51	Gitlawb/zero	99721c762f37cd43ac511007a5f51d1846df959e	resourcelifetime	internal/providerhealth/proxy_dial_test.go:118:11	resourcelifetime/missing-release	false-positive	fixture-prevents-acquisition	absent	absent	already-absent	.build/resource-tightening-baseline/Gitlawb__zero__134336b6bf.json	.build/resource-tightening-v2/Gitlawb__zero__134336b6bf.json	.	./internal/providerhealth	0	0	Direct request resolves through countingResolver to fixed 10.0.0.5; safeDialContext rejects this private address before dialing, so acquisition cannot succeed. Follow-up: Already absent in the c9b65a6 baseline; not counted as a new correction. This site-level absence does not establish coverage of the whole evidence family.
51	Gitlawb/zero	99721c762f37cd43ac511007a5f51d1846df959e	resourcelifetime	internal/providerhealth/proxy_dial_test.go:194:11	resourcelifetime/missing-release	false-positive	fixture-prevents-acquisition	absent	absent	already-absent	.build/resource-tightening-baseline/Gitlawb__zero__134336b6bf.json	.build/resource-tightening-v2/Gitlawb__zero__134336b6bf.json	.	./internal/providerhealth	0	0	Direct request targets literal 127.0.0.1 and safeDialContext rejects loopback before dialing; there is no successful response body acquisition. Follow-up: Already absent in the c9b65a6 baseline; not counted as a new correction. This site-level absence does not establish coverage of the whole evidence family.
51	Gitlawb/zero	99721c762f37cd43ac511007a5f51d1846df959e	resourcelifetime	internal/providerhealth/proxy_dial_test.go:78:11	resourcelifetime/missing-release	false-positive	fixture-prevents-acquisition	present	present	still-reported	.build/resource-tightening-baseline/Gitlawb__zero__134336b6bf.json	.build/resource-tightening-v2/Gitlawb__zero__134336b6bf.json	.	./internal/providerhealth	0	0	recordingProxy accepts CONNECT, records request bytes, and closes without writing any HTTP response; client.Do necessarily fails and returns no body to close. Reassessment: Retain unresolved: a test expectation alone is not a proof; requires exact constructor/transport or fixture-state feasibility.
51	Gitlawb/zero	99721c762f37cd43ac511007a5f51d1846df959e	resourcelifetime	internal/proxydial/proxydial_test.go:207:12	resourcelifetime/missing-release	false-positive	fixture-prevents-acquisition	present	present	still-reported	.build/resource-tightening-baseline/Gitlawb__zero__5520a582af.json	.build/resource-tightening-v2/Gitlawb__zero__5520a582af.json	.	./internal/proxydial	0	0	Transport DialContext always returns nil,errDialed after recording route; all concurrent client.Do requests necessarily fail before receiving a body. Reassessment: Retain unresolved: a test expectation alone is not a proof; requires exact constructor/transport or fixture-state feasibility.
51	Gitlawb/zero	99721c762f37cd43ac511007a5f51d1846df959e	resourcelifetime	internal/proxydial/proxydial_test.go:38:15	resourcelifetime/missing-release	false-positive	fixture-prevents-acquisition	present	present	still-reported	.build/resource-tightening-baseline/Gitlawb__zero__5520a582af.json	.build/resource-tightening-v2/Gitlawb__zero__5520a582af.json	.	./internal/proxydial	0	0	driveRequest installs DialContext that unconditionally returns nil,errDialed; client.Do cannot acquire a response body, and test asserts that exact dial error. Reassessment: Retain unresolved: a test expectation alone is not a proof; requires exact constructor/transport or fixture-state feasibility.
51	golang/sys	01b91195d9aeaba1dab70b882a12f741f568a510	resourcelifetime	unix/syscall_unix_test.go:298:12	resourcelifetime/missing-release	false-positive	process-bounded-lifetime	present	present	still-reported	.build/resource-tightening-baseline/golang__sys__c643bcfc96.json	.build/resource-tightening-v2/golang__sys__c643bcfc96.json	.	./unix	0	0	Dedicated child-process helper unconditionally defers os.Exit(0) before creating this file; it sends descriptor rights to parent and intentionally ends process after the operation, so handle lifetime is bounded by immediate process exit. Reassessment: Retain unresolved: one-shot process termination and reusable helper lifetimes differ; no blanket main/test exemption.
51	h44z/wg-portal	eb44c8c4ff120f34c26b2415c47560f4fba0603c	resourcelifetime	internal/lowlevel/mikrotik.go:320:53	resourcelifetime/missing-release	false-positive	paired-helper-cleanup	absent	absent	already-absent	.build/resource-tightening-baseline/h44z__wg-portal__fe8d8fedc1.json	.build/resource-tightening-v2/h44z__wg-portal__fe8d8fedc1.json	.	./internal/lowlevel	0	0	The exact client.Do response/error tuple is consumed by parseHttpResponse[T]. That helper returns early only on the paired request error and otherwise defers draining and closing resp.Body before every decode/status return. No successful HTTP acquisition bypasses that cleanup; the generic helper/error correlation is missed. Follow-up: Present in c9b65a6 baseline and absent in successful corrected replay. This site-level absence does not establish coverage of the whole evidence family.
51	h44z/wg-portal	eb44c8c4ff120f34c26b2415c47560f4fba0603c	resourcelifetime	internal/lowlevel/mikrotik.go:343:51	resourcelifetime/missing-release	false-positive	paired-helper-cleanup	absent	absent	already-absent	.build/resource-tightening-baseline/h44z__wg-portal__fe8d8fedc1.json	.build/resource-tightening-v2/h44z__wg-portal__fe8d8fedc1.json	.	./internal/lowlevel	0	0	The exact client.Do response/error tuple is consumed by parseHttpResponse[T]. That helper returns early only on the paired request error and otherwise defers draining and closing resp.Body before every decode/status return. No successful HTTP acquisition bypasses that cleanup; the generic helper/error correlation is missed. Follow-up: Present in c9b65a6 baseline and absent in successful corrected replay. This site-level absence does not establish coverage of the whole evidence family.
51	h44z/wg-portal	eb44c8c4ff120f34c26b2415c47560f4fba0603c	resourcelifetime	internal/lowlevel/mikrotik.go:366:51	resourcelifetime/missing-release	false-positive	paired-helper-cleanup	absent	absent	already-absent	.build/resource-tightening-baseline/h44z__wg-portal__fe8d8fedc1.json	.build/resource-tightening-v2/h44z__wg-portal__fe8d8fedc1.json	.	./internal/lowlevel	0	0	The exact client.Do response/error tuple is consumed by parseHttpResponse[T]. That helper returns early only on the paired request error and otherwise defers draining and closing resp.Body before every decode/status return. No successful HTTP acquisition bypasses that cleanup; the generic helper/error correlation is missed. Follow-up: Present in c9b65a6 baseline and absent in successful corrected replay. This site-level absence does not establish coverage of the whole evidence family.
51	h44z/wg-portal	eb44c8c4ff120f34c26b2415c47560f4fba0603c	resourcelifetime	internal/lowlevel/mikrotik.go:389:51	resourcelifetime/missing-release	false-positive	paired-helper-cleanup	absent	absent	already-absent	.build/resource-tightening-baseline/h44z__wg-portal__fe8d8fedc1.json	.build/resource-tightening-v2/h44z__wg-portal__fe8d8fedc1.json	.	./internal/lowlevel	0	0	The exact client.Do response/error tuple is consumed by parseHttpResponse[T]. That helper returns early only on the paired request error and otherwise defers draining and closing resp.Body before every decode/status return. No successful HTTP acquisition bypasses that cleanup; the generic helper/error correlation is missed. Follow-up: Present in c9b65a6 baseline and absent in successful corrected replay. This site-level absence does not establish coverage of the whole evidence family.
51	h44z/wg-portal	eb44c8c4ff120f34c26b2415c47560f4fba0603c	resourcelifetime	internal/lowlevel/mikrotik.go:411:47	resourcelifetime/missing-release	false-positive	paired-helper-cleanup	absent	absent	already-absent	.build/resource-tightening-baseline/h44z__wg-portal__fe8d8fedc1.json	.build/resource-tightening-v2/h44z__wg-portal__fe8d8fedc1.json	.	./internal/lowlevel	0	0	The exact client.Do response/error tuple is consumed by parseHttpResponse[T]. That helper returns early only on the paired request error and otherwise defers draining and closing resp.Body before every decode/status return. No successful HTTP acquisition bypasses that cleanup; the generic helper/error correlation is missed. Follow-up: Present in c9b65a6 baseline and absent in successful corrected replay. This site-level absence does not establish coverage of the whole evidence family.
51	h44z/wg-portal	eb44c8c4ff120f34c26b2415c47560f4fba0603c	resourcelifetime	internal/lowlevel/mikrotik.go:434:53	resourcelifetime/missing-release	false-positive	paired-helper-cleanup	absent	absent	already-absent	.build/resource-tightening-baseline/h44z__wg-portal__fe8d8fedc1.json	.build/resource-tightening-v2/h44z__wg-portal__fe8d8fedc1.json	.	./internal/lowlevel	0	0	The exact client.Do response/error tuple is consumed by parseHttpResponse[T]. That helper returns early only on the paired request error and otherwise defers draining and closing resp.Body before every decode/status return. No successful HTTP acquisition bypasses that cleanup; the generic helper/error correlation is missed. Follow-up: Present in c9b65a6 baseline and absent in successful corrected replay. This site-level absence does not establish coverage of the whole evidence family.
51	h44z/wg-portal	eb44c8c4ff120f34c26b2415c47560f4fba0603c	resourcelifetime	internal/lowlevel/opnsense.go:496:43	resourcelifetime/missing-release	false-positive	paired-helper-cleanup	absent	absent	already-absent	.build/resource-tightening-baseline/h44z__wg-portal__fe8d8fedc1.json	.build/resource-tightening-v2/h44z__wg-portal__fe8d8fedc1.json	.	./internal/lowlevel	0	0	The exact client.Do response/error tuple passes to parseOpnsenseHttpResponse[T], which returns on a request error and otherwise immediately defers resp.Body.Close before ReadAll, decoding, and status checks. Every successful response is closed; generic helper/error correlation is missed. Follow-up: Present in c9b65a6 baseline and absent in successful corrected replay. This site-level absence does not establish coverage of the whole evidence family.
51	matlab/matlab-mcp-server	2eb5c82e0574164fa50e0aea27be871944a5a8cd	resourcelifetime	internal/adaptors/matlabmanager/matlabservices/services/localmatlabsession/processlauncher/processlauncher.go:108:17	resourcelifetime/missing-release	false-positive	aggregate-cleanup	present	present	still-reported	.build/resource-tightening-baseline/matlab__matlab-mcp-server__c2945eded4.json	.build/resource-tightening-v2/matlab__matlab-mcp-server__c2945eded4.json	.	./internal/adaptors/matlabmanager/matlabservices/services/localmatlabsession/processlauncher	0	0	The stdout file is stored in local stdIO immediately. Subsequent stderr/pipe acquisition failures call stdIO.cleanup, whose nil-checked file slice closes each acquired field; success returns both stdIO and its cleanup closure. The aggregate cleanup is missed, not absent. Reassessment: Retain unresolved: cleanup through mixed fields or table collections requires exact value-to-element and invocation evidence.
51	matlab/matlab-mcp-server	2eb5c82e0574164fa50e0aea27be871944a5a8cd	resourcelifetime	internal/adaptors/matlabmanager/matlabservices/services/localmatlabsession/processlauncher/processlauncher.go:115:17	resourcelifetime/missing-release	false-positive	aggregate-cleanup	present	present	still-reported	.build/resource-tightening-baseline/matlab__matlab-mcp-server__c2945eded4.json	.build/resource-tightening-v2/matlab__matlab-mcp-server__c2945eded4.json	.	./internal/adaptors/matlabmanager/matlabservices/services/localmatlabsession/processlauncher	0	0	The stderr file is stored in stdIO; pipe-creation failure invokes its cleanup method and success returns the owner and cleanup callback. cleanup ranges the exact stdout/stderr/stdin fields and closes nonnil files, covering this acquisition. Reassessment: Retain unresolved: cleanup through mixed fields or table collections requires exact value-to-element and invocation evidence.
51	matlab/matlab-mcp-server	2eb5c82e0574164fa50e0aea27be871944a5a8cd	resourcelifetime	tests/functional/matlab/mock_matlab_base_suite_test.go:56:18	resourcelifetime/missing-release	false-positive	returned-or-retained-owner	present	absent	newly-absent	.build/resource-tightening-baseline/matlab__matlab-mcp-server__a44d6b67a1.json	.build/resource-tightening-cli/matlab__matlab-mcp-server__a44d6b67a1.json	.	./tests/functional/matlab	0	0	The created MCP session is embedded in the LoggedSession returned by sessionFactory.New. Its only failure checks are nil logReader/logFS: SetupSuite constructs a checked nonnil reader and RealFileSystem.DirFS returns os.DirFS, so those failure paths are infeasible for this suite. The returned wrapper preserves Close ownership. Reassessment: Retain unresolved unless replay establishes absence: returned views and lifecycle-owning wrappers must remain distinct; ownership cannot be guessed from names. Current follow-up: baseline target report verified; absent in successful all-enabled CLI replay after bounded acquisition/captured-cell narrowing.
51	muety/wakapi	be6aeb483e576dadd50c8e9d404efbe4ed8df700	resourcelifetime	services/imports/wakatime_test.go:154:17	resourcelifetime/missing-release	false-positive	fixture-prevents-acquisition	present	present	still-reported	.build/resource-tightening-baseline/muety__wakapi__7f36626488.json	.build/resource-tightening-cli/muety__wakapi__7f36626488.json	.	./services/imports	0	3	TestRedirectValidation closes the successful allowed response. All wantErr cases redirect to URLs rejected by both clients' CheckRedirect via ValidateWakatimeUrl (own host, loopback or raw IP); net/http closes the prior response body on those callback errors. The missing-cleanup path conflates table expectation with feasible successful acquisition. Reassessment: Retain unresolved: a test expectation alone is not a proof; requires exact constructor/transport or fixture-state feasibility.
51	rcrowley/go-tigertonic	a26c5e8568b04ed34c7e9619aca180e5c1d54b8a	resourcelifetime	server_test.go:111:15	resourcelifetime/missing-release	false-positive	memory-or-empty-http-body	present	present	still-reported	.build/resource-tightening-baseline/rcrowley__go-tigertonic__21b977f797.json	.build/resource-tightening-v2/rcrowley__go-tigertonic__21b977f797.json	.	./.	0	0	Exact local handler returns HTTP 204 NoContent and http.Get uses default client without timeout wrapper; response Body is http.NoBody with no resource to release, and test explicitly shuts down the server. Reassessment: Retain unresolved: exact transport, request, handler and timeout/body-wrapper provenance are needed; HEAD, status code or method name alone cannot remove the obligation.
51	rcrowley/go-tigertonic	a26c5e8568b04ed34c7e9619aca180e5c1d54b8a	resourcelifetime	server_test.go:114:15	resourcelifetime/missing-release	false-positive	memory-or-empty-http-body	present	present	still-reported	.build/resource-tightening-baseline/rcrowley__go-tigertonic__21b977f797.json	.build/resource-tightening-v2/rcrowley__go-tigertonic__21b977f797.json	.	./.	0	0	Exact local handler returns HTTP 204 NoContent and http.Get uses default client without timeout wrapper; response Body is http.NoBody with no resource to release, and test explicitly shuts down the server. Reassessment: Retain unresolved: exact transport, request, handler and timeout/body-wrapper provenance are needed; HEAD, status code or method name alone cannot remove the obligation.
51	rcrowley/go-tigertonic	a26c5e8568b04ed34c7e9619aca180e5c1d54b8a	resourcelifetime	server_test.go:80:15	resourcelifetime/missing-release	false-positive	memory-or-empty-http-body	present	present	still-reported	.build/resource-tightening-baseline/rcrowley__go-tigertonic__21b977f797.json	.build/resource-tightening-v2/rcrowley__go-tigertonic__21b977f797.json	.	./.	0	0	Exact local handler returns HTTP 204 NoContent and http.Get uses default client without timeout wrapper; response Body is http.NoBody with no resource to release, and test explicitly shuts down the server. Reassessment: Retain unresolved: exact transport, request, handler and timeout/body-wrapper provenance are needed; HEAD, status code or method name alone cannot remove the obligation.
51	regclient/regclient	43d2acb9fafd411acbe081bf6c4b6b82cadc6251	resourcelifetime	cmd/regctl/image.go:725:16	resourcelifetime/missing-release	false-positive	retained-callback-cleanup	absent	absent	already-absent	.build/resource-tightening-baseline/regclient__regclient__b3eeb027e7.json	.build/resource-tightening-v2/regclient__regclient__b3eeb027e7.json	.	./cmd/regctl	0	0	Opened tar fh is captured in cobra.OnFinalize callback that calls fh.Close at730-732; its lifetime intentionally extends through later command execution. Follow-up: Already absent in the c9b65a6 baseline; not counted as a new correction. This site-level absence does not establish coverage of the whole evidence family.
51	regclient/regclient	43d2acb9fafd411acbe081bf6c4b6b82cadc6251	resourcelifetime	scheme/ocidir/blob.go:54:13	resourcelifetime/missing-release	false-positive	returned-or-retained-owner	present	present	still-reported	.build/resource-tightening-baseline/regclient__regclient__ad7a0b88b5.json	.build/resource-tightening-v2/regclient__regclient__ad7a0b88b5.json	.	./scheme/ocidir	0	0	BlobGet transfers fd through blob.WithReader into returned BReader; BReader.Close in types/blob/reader.go:100-109 calls Close on original reader. Stat error already closes fd. Reassessment: Retain unresolved unless replay establishes absence: returned views and lifecycle-owning wrappers must remain distinct; ownership cannot be guessed from names.
51	rusq/slackdump	f7319928b0993b23d7e9bd8af5e4c69b6f1d2af4	resourcelifetime	internal/chunk/filemgr_test.go:163:16	resourcelifetime/missing-release	false-positive	fixture-prevents-acquisition	present	present	still-reported	.build/resource-tightening-baseline/rusq__slackdump__655cffddc7.json	.build/resource-tightening-v2/rusq__slackdump__655cffddc7.json	.	./internal/chunk	0	0	Table test defers got.Close whenever Open succeeds as expected; the sole wantErr entry refers to notfound.gz inside a fresh TempDir where only hello.gz/world.gz were created. The reported mismatch-return leak requires a successful acquisition for that deliberately missing file. Reassessment: Retain unresolved: a test expectation alone is not a proof; requires exact constructor/transport or fixture-state feasibility.
51	rusq/slackdump	f7319928b0993b23d7e9bd8af5e4c69b6f1d2af4	resourcelifetime	internal/chunk/filemgr_test.go:300:16	resourcelifetime/missing-release	false-positive	receiver-manager-ownership	present	present	still-reported	.build/resource-tightening-baseline/rusq__slackdump__655cffddc7.json	.build/resource-tightening-v2/rusq__slackdump__655cffddc7.json	.	./internal/chunk	0	0	filemgr.Open retains the exact handle in dp.handles; the test intentionally discards the wrapper then calls dp.Destroy, which closes every retained handle. Ownership stays with the manager rather than leaking at the ignored result. Reassessment: Retain unresolved: constructor-returned value may also be manager-owned; needs a positive retained-result relation rather than per-object caller cleanup.
51	rusq/slackdump	f7319928b0993b23d7e9bd8af5e4c69b6f1d2af4	resourcelifetime	internal/chunk/filemgr_test.go:304:16	resourcelifetime/missing-release	false-positive	receiver-manager-ownership	present	present	still-reported	.build/resource-tightening-baseline/rusq__slackdump__655cffddc7.json	.build/resource-tightening-v2/rusq__slackdump__655cffddc7.json	.	./internal/chunk	0	0	The second Open handle is also stored in dp.handles and closed by the following dp.Destroy loop. The test verifies centralized cleanup rather than caller Close on each returned wrapper. Reassessment: Retain unresolved: constructor-returned value may also be manager-owned; needs a positive retained-result relation rather than per-object caller cleanup.
51	rusq/slackdump	f7319928b0993b23d7e9bd8af5e4c69b6f1d2af4	resourcelifetime	internal/chunk/filemgr_test.go:346:16	resourcelifetime/missing-release	false-positive	receiver-manager-ownership	present	present	still-reported	.build/resource-tightening-baseline/rusq__slackdump__655cffddc7.json	.build/resource-tightening-v2/rusq__slackdump__655cffddc7.json	.	./internal/chunk	0	0	Open stores the real handle under hash(name). The injected failing closer uses a different key hello; Destroy continues after its error and still closes the real retained handle, then returns an aggregate error as expected. Reassessment: Retain unresolved: constructor-returned value may also be manager-owned; needs a positive retained-result relation rather than per-object caller cleanup.
51	tractordev/wanix	6594fe3763eb8712e81914f78b79243bb403f5cc	resourcelifetime	rc/gzip/pkggzip/file.go:121:15	resourcelifetime/missing-release	false-positive	correlated-error-or-guard	present	present	still-reported	.build/resource-tightening-baseline/tractordev__wanix__9b9c9d9bed.json	.build/resource-tightening-v2/tractordev__wanix__9b9c9d9bed.json	rc	./gzip/pkggzip	0	0	Output file is created only when Test and Stdout are false; unchanged Stdout therefore makes both compression-error branches call o.Close and success return o.Close. The stdout-only return cannot follow this acquisition. Reassessment: Retain unresolved: branch/error/flag correlation is not represented; no loop-count or whole-program feasibility expansion.
51	zema1/suo5	6904c18e276c2dc36250838d68135a5893c4f66b	resourcelifetime	suo5/client.go:249:15	resourcelifetime/missing-release	false-positive	correlated-error-or-guard	present	present	still-reported	.build/resource-tightening-baseline/zema1__suo5__7012125f2b.json	.build/resource-tightening-v2/zema1__suo5__7012125f2b.json	.	./suo5	0	0	Reported normalClient.Do is in else branch excluding AutoDuplex and FullDuplex; the only later bypass of deferred Body.Close is RetryApache guarded Mode==AutoDuplex, impossible for this response without an intervening mode change. Other paths defer Close. Reassessment: Retain unresolved: branch/error/flag correlation is not represented; no loop-count or whole-program feasibility expansion.
52	AdguardTeam/AdGuardDNS	2fd833d59bfccc2dd4941e1b687b7014842f3529	resourcelifetime	internal/filter/internal/refreshable/file.go:26:15	resourcelifetime/missing-release	false-positive	correlated-error-or-guard	present	present	still-reported	.build/resource-tightening-baseline/AdguardTeam__AdGuardDNS__b8100720e3.json	.build/resource-tightening-v2/AdguardTeam__AdGuardDNS__b8100720e3.json	.	./internal/filter/internal/refreshable	0	0	DataFromFile returns before defer only on errors.Is(err,os.ErrNotExist) or err!=nil; successful os.Open always installs deferred file.Close inside errors.WithDeferred. golibs/errors.Is delegates standard errors.Is, so no successful resource exists on the early missing-file return. Partial scan, source finding reviewed. Reassessment: Retain unresolved: branch/error/flag correlation is not represented; no loop-count or whole-program feasibility expansion.
52	alexellis/arkade	0a0a800fd7554d4eddb1856f9ef8a21214e95bab	resourcelifetime	pkg/get/get.go:244:14	resourcelifetime/missing-release	false-positive	memory-or-empty-http-body	present	present	still-reported	.build/resource-tightening-baseline/alexellis__arkade__835e6298eb.json	.build/resource-tightening-v2/alexellis__arkade__835e6298eb.json	.	./pkg/get	0	0	Exact HEAD request through unmodified http.DefaultClient/default transport has no response body payload; standard transport supplies NoBody. io.ReadAll completes, and omitted Close on this no-op body leaks no resource. Reassessment: Retain unresolved: exact transport, request, handler and timeout/body-wrapper provenance are needed; HEAD, status code or method name alone cannot remove the obligation.
52	andydunstall/piko	dd4356dfd307006380794952e4a8ccf9edcfa404	resourcelifetime	server/admin/server_test.go:354:13	resourcelifetime/missing-release	false-positive	fixture-prevents-acquisition	present	present	still-reported	.build/resource-tightening-baseline/andydunstall__piko__47d3126667.json	.build/resource-tightening-v2/andydunstall__piko__47d3126667.json	.	./server/admin	0	0	Bad-CA subtest connects to generated local TLS certificate using default trust and explicitly expects certificate verification failure. HTTP handshake yields no response body resource; successful trusted and plaintext-neighbor responses are closed. Reassessment: Retain unresolved: a test expectation alone is not a proof; requires exact constructor/transport or fixture-state feasibility.
52	andydunstall/piko	dd4356dfd307006380794952e4a8ccf9edcfa404	resourcelifetime	server/proxy/server_test.go:406:12	resourcelifetime/missing-release	inconclusive	environment-dependent-acquisition	present	absent	newly-absent	.build/resource-tightening-baseline/andydunstall__piko__ba7040582d.json	.build/resource-tightening-cli/andydunstall__piko__ba7040582d.json	.	./server/proxy	0	0	Unreachable-upstream subtest expects502 from proxy handshake; Dial returns nil,error and defers closing any failed-handshake response. No client Conn is returned to own. Fixed localhost55555 assumption is a fixture environmental limitation. Reassessment: Review correction: fixed localhost port availability is environmental; expected failure alone cannot establish absence of acquisition. Reclassify as inconclusive, not confirmed false positive.
52	andydunstall/piko	dd4356dfd307006380794952e4a8ccf9edcfa404	resourcelifetime	server/upstream/server_test.go:220:12	resourcelifetime/missing-release	false-positive	fixture-prevents-acquisition	present	absent	newly-absent	.build/resource-tightening-baseline/andydunstall__piko__3cc04a4b13.json	.build/resource-tightening-cli/andydunstall__piko__3cc04a4b13.json	.	./server/upstream	0	0	Injected token permits only foo while URL requests my-endpoint, forcing401 endpoint-not-permitted before websocket upgrade; Dial returns nil,error and closes error response. Reassessment: Retain unresolved: a test expectation alone is not a proof; requires exact constructor/transport or fixture-state feasibility. Current follow-up: baseline target report verified; absent in successful all-enabled CLI replay after bounded acquisition/captured-cell narrowing.
52	andydunstall/piko	dd4356dfd307006380794952e4a8ccf9edcfa404	resourcelifetime	server/upstream/server_test.go:286:12	resourcelifetime/missing-release	false-positive	fixture-prevents-acquisition	present	absent	newly-absent	.build/resource-tightening-baseline/andydunstall__piko__3cc04a4b13.json	.build/resource-tightening-cli/andydunstall__piko__3cc04a4b13.json	.	./server/upstream	0	0	Injected verifier unconditionally returns auth.ErrInvalidToken; websocket handshake rejected401 and Dial closes its response before nil,error return, leaving no Conn obligation. Reassessment: Retain unresolved: a test expectation alone is not a proof; requires exact constructor/transport or fixture-state feasibility. Current follow-up: baseline target report verified; absent in successful all-enabled CLI replay after bounded acquisition/captured-cell narrowing.
52	andydunstall/piko	dd4356dfd307006380794952e4a8ccf9edcfa404	resourcelifetime	server/upstream/server_test.go:336:13	resourcelifetime/missing-release	false-positive	fixture-prevents-acquisition	present	absent	newly-absent	.build/resource-tightening-baseline/andydunstall__piko__3cc04a4b13.json	.build/resource-tightening-cli/andydunstall__piko__3cc04a4b13.json	.	./server/upstream	0	0	WSS bad-CA subtest omits generated certificate trust; TLS verification fails before any websocket Conn. Explicit expected-error assertion matches fixture setup. Reassessment: Retain unresolved: a test expectation alone is not a proof; requires exact constructor/transport or fixture-state feasibility. Current follow-up: baseline target report verified; absent in successful all-enabled CLI replay after bounded acquisition/captured-cell narrowing.
52	andydunstall/piko	dd4356dfd307006380794952e4a8ccf9edcfa404	resourcelifetime	server/upstream/server_test.go:345:13	resourcelifetime/missing-release	false-positive	fixture-prevents-acquisition	present	absent	newly-absent	.build/resource-tightening-baseline/andydunstall__piko__3cc04a4b13.json	.build/resource-tightening-cli/andydunstall__piko__3cc04a4b13.json	.	./server/upstream	0	0	Plain WS request is sent to TLS-only listener, forcing bad handshake. Dial returns nil,error and closes any HTTP error response; no acquired Conn exists. Reassessment: Retain unresolved: a test expectation alone is not a proof; requires exact constructor/transport or fixture-state feasibility. Current follow-up: baseline target report verified; absent in successful all-enabled CLI replay after bounded acquisition/captured-cell narrowing.
52	ClickHouse/clickhouse-go	c37b81ff305c5fe8ab8511fb009504aec46957e0	resourcelifetime	benchmark/v2/read/main.go:13:15	resourcelifetime/missing-release	false-positive	process-bounded-lifetime	present	present	still-reported	.build/resource-tightening-baseline/ClickHouse__clickhouse-go__803312f483.json	.build/resource-tightening-v2/ClickHouse__clickhouse-go__803312f483.json	.	./benchmark/v2/read	0	0	Sole main caller immediately log.Fatal exits process on helper error; successful reads exhaust rows and successful write commits transaction. Missing cleanup occurs only on fatal process termination, not reusable normal-return lifecycle. Reassessment: Retain unresolved: one-shot process termination and reusable helper lifetimes differ; no blanket main/test exemption.
52	ClickHouse/clickhouse-go	c37b81ff305c5fe8ab8511fb009504aec46957e0	resourcelifetime	benchmark/v2/read/main.go:39:15	resourcelifetime/missing-release	false-positive	process-bounded-lifetime	present	present	still-reported	.build/resource-tightening-baseline/ClickHouse__clickhouse-go__803312f483.json	.build/resource-tightening-v2/ClickHouse__clickhouse-go__803312f483.json	.	./benchmark/v2/read	0	0	Sole main caller immediately log.Fatal exits process on helper error; successful reads exhaust rows and successful write commits transaction. Missing cleanup occurs only on fatal process termination, not reusable normal-return lifecycle. Reassessment: Retain unresolved: one-shot process termination and reusable helper lifetimes differ; no blanket main/test exemption.
52	ClickHouse/clickhouse-go	c37b81ff305c5fe8ab8511fb009504aec46957e0	resourcelifetime	benchmark/v2/write/main.go:22:16	resourcelifetime/missing-release	false-positive	process-bounded-lifetime	present	present	still-reported	.build/resource-tightening-baseline/ClickHouse__clickhouse-go__0b51adcb4a.json	.build/resource-tightening-v2/ClickHouse__clickhouse-go__0b51adcb4a.json	.	./benchmark/v2/write	0	0	Sole main caller immediately log.Fatal exits process on helper error; successful reads exhaust rows and successful write commits transaction. Missing cleanup occurs only on fatal process termination, not reusable normal-return lifecycle. Reassessment: Retain unresolved: one-shot process termination and reusable helper lifetimes differ; no blanket main/test exemption.
52	ConduitIO/conduit	9946a19b9fff997675f78bbc5ff437e760d39f4f	resourcelifetime	tests/chaos/child.go:390:13	resourcelifetime/missing-release	false-positive	process-bounded-lifetime	present	absent	newly-absent	.build/resource-tightening-baseline/ConduitIO__conduit__96d996f1a1.json	.build/resource-tightening-cli/ConduitIO__conduit__96d996f1a1.json	.	./tests/chaos	0	0	Crash-test buildChild transfers DB through returned persister/store; both callers at451 and564 immediately os.Exit on build errors. Deliberately unclosed process-wide DB is the SIGKILL durability boundary, not leaked recurring acquisition. Reassessment: Retain unresolved: one-shot process termination and reusable helper lifetimes differ; no blanket main/test exemption. Current follow-up: baseline target report verified; absent in successful all-enabled CLI replay after bounded acquisition/captured-cell narrowing.
52	ConduitIO/conduit	9946a19b9fff997675f78bbc5ff437e760d39f4f	resourcelifetime	tests/chaos/recovery_child.go:864:13	resourcelifetime/missing-release	false-positive	process-bounded-lifetime	present	absent	newly-absent	.build/resource-tightening-baseline/ConduitIO__conduit__96d996f1a1.json	.build/resource-tightening-cli/ConduitIO__conduit__96d996f1a1.json	.	./tests/chaos	0	0	buildLifecycleChild retains DB through returned persister/store, and sole caller981 immediately os.Exit984 on build errors; dedicated crash child intentionally leaves DB open until process kill/exit. Reassessment: Retain unresolved: one-shot process termination and reusable helper lifetimes differ; no blanket main/test exemption. Current follow-up: baseline target report verified; absent in successful all-enabled CLI replay after bounded acquisition/captured-cell narrowing.
52	container2wasm/container2wasm	ecb4caa499f19f1d5cfcddd43b80aa78f98e5102	resourcelifetime	cmd/init/main.go:260:13	resourcelifetime/missing-release	false-positive	process-bounded-lifetime	present	present	still-reported	.build/resource-tightening-baseline/container2wasm__container2wasm__8d35667f94.json	.build/resource-tightening-v2/container2wasm__container2wasm__8d35667f94.json	.	./cmd/init	0	0	doInit explicitly closes spec file after successful decode; decode error returns directly to sole main caller33 which panics, terminating init process rather than continuing with leaked live handle. Reassessment: Retain unresolved: one-shot process termination and reusable helper lifetimes differ; no blanket main/test exemption.
52	container2wasm/container2wasm	ecb4caa499f19f1d5cfcddd43b80aa78f98e5102	resourcelifetime	cmd/init/main.go:268:12	resourcelifetime/missing-release	false-positive	process-bounded-lifetime	present	present	still-reported	.build/resource-tightening-baseline/container2wasm__container2wasm__8d35667f94.json	.build/resource-tightening-v2/container2wasm__container2wasm__8d35667f94.json	.	./cmd/init	0	0	doInit explicitly closes image-config file after successful decode; decoder error immediately propagates to main panic35, so no normal continued lifecycle abandons handle. Reassessment: Retain unresolved: one-shot process termination and reusable helper lifetimes differ; no blanket main/test exemption.
52	fortio/fortio	5c19725ff61c9f7ad944b91ec32d96a399341d87	resourcelifetime	cli/fortio_main.go:506:13	resourcelifetime/missing-release	false-positive	correlated-error-or-guard	present	present	still-reported	.build/resource-tightening-baseline/fortio__fortio__2ee0470f34.json	.build/resource-tightening-v2/fortio__fortio__2ee0470f34.json	.	./cli	0	0	Created file differs from os.Stdout and is explicitly closed under f!=os.Stdout; write-error path calls fortio log.Fatalf, which panics or exits, and command path does not recover. No normally returning acquired-file path skips Close. Reassessment: Retain unresolved: branch/error/flag correlation is not represented; no loop-count or whole-program feasibility expansion.
52	fortio/fortio	5c19725ff61c9f7ad944b91ec32d96a399341d87	resourcelifetime	fhttp/httprunner.go:202:13	resourcelifetime/missing-release	false-positive	correlated-error-or-guard	present	present	still-reported	.build/resource-tightening-baseline/fortio__fortio__d65a20e155.json	.build/resource-tightening-v2/fortio__fortio__d65a20e155.json	.	./fhttp	0	0	CPU profile file creation and fc.Close use identical o.Profiler nonempty guard; option is unchanged during run and no normal return intervenes. StartCPUProfile error logs then still reaches Close. Reassessment: Retain unresolved: branch/error/flag correlation is not represented; no loop-count or whole-program feasibility expansion.
52	getkin/kin-openapi	e7ecca9a44a420e0687072d30916fcd6a6bfba07	resourcelifetime	openapi3filter/issue743_test.go:203:15	resourcelifetime/missing-release	false-positive	memory-or-empty-http-body	present	present	still-reported	.build/resource-tightening-baseline/getkin__kin-openapi__2239927fb1.json	.build/resource-tightening-v2/getkin__kin-openapi__2239927fb1.json	.	./openapi3filter	0	0	Local test handler explicitly writes204 NoContent, no body, and default client has no Timeout wrapper. Request body validation does not create a response cleanup resource. Reassessment: Retain unresolved: exact transport, request, handler and timeout/body-wrapper provenance are needed; HEAD, status code or method name alone cannot remove the obligation.
52	gitlabhq/gitlab-shell	ab02ab8877fb17d22c6b55046d5422f8d01d196f	resourcelifetime	client/gitlabnet.go:225:23	resourcelifetime/missing-release	false-positive	paired-helper-cleanup	absent	absent	already-absent	.build/resource-tightening-baseline/gitlabhq__gitlab-shell__db6552443b.json	.build/resource-tightening-v2/gitlabhq__gitlab-shell__db6552443b.json	.	./client	0	0	Do returns checkResponse result: valid success response returned to caller; parseError defers Body.Close on redirects and all non-2XX/3XX statuses before error return. HTTP Do error path has no owned response (redirect failures already closed by net/http). Conditional close-or-return helper transfer is safe. Follow-up: Present in c9b65a6 baseline and absent in successful corrected replay. This site-level absence does not establish coverage of the whole evidence family.
52	hidu/mysql-schema-sync	730df92ef0c0fecdf2d509f6ae7fa6be5028f6af	resourcelifetime	internal/sync.go:432:15	resourcelifetime/missing-release	false-positive	sql-transaction-parent	absent	absent	already-absent	.build/resource-tightening-baseline/hidu__mysql-schema-sync__796518b15e.json	.build/resource-tightening-v2/hidu__mysql-schema-sync__796518b15e.json	.	./internal	0	0	Rows belong to tx.Query and every loop exit reaches tx.Commit or Rollback; database/sql Rows.awaitDone observes transaction-context cancellation and closes rows when Tx finishes. Overwriting ret does not establish missing release; possible multi-query driver constraints are a separate issue. Follow-up: Present in c9b65a6 baseline and absent in successful corrected replay. This site-level absence does not establish coverage of the whole evidence family.
52	ivaaaan/smug	8320fb4c24d10c6303d2d1254f7eee201a4e6b9f	resourcelifetime	main.go:65:18	resourcelifetime/missing-release	false-positive	retained-logging-output	present	present	still-reported	.build/resource-tightening-baseline/ivaaaan__smug__08f1f761af.json	.build/resource-tightening-v2/ivaaaan__smug__08f1f761af.json	.	./.	0	0	newLogger returns log.New(logFile), whose standard-library constructor stores the file as output via SetOutput. Closing in this constructor would break the returned logger; ownership remains reachable through Logger.Writer. Reassessment: Bounded uncertainty requires one possibly retaining wrapper around an aggregate positively containing the resource, then retention by a consumer. Arbitrary data dependence and longer handler/logger chains remain unresolved; discarded wrappers remain diagnostic.
52	libp2p/go-libp2p-kad-dht	10e0adf9859ef86ba08d8493d8313869a2e83d8a	resourcelifetime	dual/dual_test.go:137:13	resourcelifetime/missing-release	false-positive	fixture-prevents-acquisition	present	absent	newly-absent	.build/resource-tightening-baseline/libp2p__go-libp2p-kad-dht__da9fcb5c2f.json	.build/resource-tightening-cli/libp2p__go-libp2p-kad-dht__da9fcb5c2f.json	.	./dual	0	0	TestNewErrorPathClosesWAN supplies failLAN option that unconditionally returns lan boom; New returns nil,error after closing already-created WAN on LAN initialization failure. No dual DHT owner exists for test to Close. require.ErrorContains documents forced failure; incomplete repository scan remains partial. Reassessment: Retain unresolved: a test expectation alone is not a proof; requires exact constructor/transport or fixture-state feasibility. Current follow-up: baseline target report verified; absent in successful all-enabled CLI replay after bounded acquisition/captured-cell narrowing.
52	minio/minio-go	32e1f32cb176a611dbed3b37c15fda8c2d9ccf36	resourcelifetime	api-putobject-snowball.go:123:13	resourcelifetime/missing-release	false-positive	retained-callback-cleanup	present	present	still-reported	.build/resource-tightening-baseline/minio__minio-go__cc07ee0d57.json	.build/resource-tightening-v2/minio__minio-go__cc07ee0d57.json	.	./.	0	0	defer once.Do closes exact temp file unless getter's prior once.Do already closed it; both once callbacks perform same f.Close. Reassessment: Retain unresolved unless replay establishes absence: callback registration/once/stack invocation is not unconditional cleanup by itself.
52	Mmx233/BitSrunLoginGo	a744f312b3835f329eb98e45c8d19bc2a5b7d4c0	resourcelifetime	internal/config/log.go:50:13	resourcelifetime/missing-release	false-positive	retained-logging-output	absent	absent	already-absent	.build/resource-tightening-baseline/Mmx233__BitSrunLoginGo__70a5afb305.json	.build/resource-tightening-v2/Mmx233__BitSrunLoginGo__70a5afb305.json	.	./internal/config	0	0	initLogFinal retains opened file in io.MultiWriter(os.Stdout,f), then installs wrapper with global Logger.SetOutput; output is intentionally kept open for later logging rather than abandoned. Follow-up: Present in c9b65a6 baseline and absent in successful corrected replay. This site-level absence does not establish coverage of the whole evidence family.
52	mutagen-io/mutagen	6ccfeaaf4dfd261e59ef9aac56e3c157b62e605b	resourcelifetime	tools/scan_bench/main.go:144:16	resourcelifetime/missing-release	false-positive	correlated-error-or-guard	present	present	still-reported	.build/resource-tightening-baseline/mutagen-io__mutagen__8c58996463.json	.build/resource-tightening-v2/mutagen-io__mutagen__8c58996463.json	.	./tools/scan_bench	0	0	Acquisition and matching profiler.Finalize are guarded by the same unchanged enableProfile flag. Finalize stops CPU profiling and closes its owned file; intervening error paths call cmd.Fatal, which directly os.Exit(1), not a returning resource leak. Reassessment: Retain unresolved: branch/error/flag correlation is not represented; no loop-count or whole-program feasibility expansion.
52	mutagen-io/mutagen	6ccfeaaf4dfd261e59ef9aac56e3c157b62e605b	resourcelifetime	tools/scan_bench/main.go:181:22	resourcelifetime/missing-release	false-positive	correlated-error-or-guard	present	present	still-reported	.build/resource-tightening-baseline/mutagen-io__mutagen__8c58996463.json	.build/resource-tightening-v2/mutagen-io__mutagen__8c58996463.json	.	./tools/scan_bench	0	0	Acquisition and matching profiler.Finalize are guarded by the same unchanged enableProfile flag. Finalize stops CPU profiling and closes its owned file; intervening error paths call cmd.Fatal, which directly os.Exit(1), not a returning resource leak. Reassessment: Retain unresolved: branch/error/flag correlation is not represented; no loop-count or whole-program feasibility expansion.
52	mutagen-io/mutagen	6ccfeaaf4dfd261e59ef9aac56e3c157b62e605b	resourcelifetime	tools/scan_bench/main.go:224:22	resourcelifetime/missing-release	false-positive	correlated-error-or-guard	present	present	still-reported	.build/resource-tightening-baseline/mutagen-io__mutagen__8c58996463.json	.build/resource-tightening-v2/mutagen-io__mutagen__8c58996463.json	.	./tools/scan_bench	0	0	Acquisition and matching profiler.Finalize are guarded by the same unchanged enableProfile flag. Finalize stops CPU profiling and closes its owned file; intervening error paths call cmd.Fatal, which directly os.Exit(1), not a returning resource leak. Reassessment: Retain unresolved: branch/error/flag correlation is not represented; no loop-count or whole-program feasibility expansion.
52	mutagen-io/mutagen	6ccfeaaf4dfd261e59ef9aac56e3c157b62e605b	resourcelifetime	tools/scan_bench/main.go:265:22	resourcelifetime/missing-release	false-positive	correlated-error-or-guard	present	present	still-reported	.build/resource-tightening-baseline/mutagen-io__mutagen__8c58996463.json	.build/resource-tightening-v2/mutagen-io__mutagen__8c58996463.json	.	./tools/scan_bench	0	0	Acquisition and matching profiler.Finalize are guarded by the same unchanged enableProfile flag. Finalize stops CPU profiling and closes its owned file; intervening error paths call cmd.Fatal, which directly os.Exit(1), not a returning resource leak. Reassessment: Retain unresolved: branch/error/flag correlation is not represented; no loop-count or whole-program feasibility expansion.
52	mutagen-io/mutagen	6ccfeaaf4dfd261e59ef9aac56e3c157b62e605b	resourcelifetime	tools/scan_bench/main.go:304:22	resourcelifetime/missing-release	false-positive	correlated-error-or-guard	present	present	still-reported	.build/resource-tightening-baseline/mutagen-io__mutagen__8c58996463.json	.build/resource-tightening-v2/mutagen-io__mutagen__8c58996463.json	.	./tools/scan_bench	0	0	Acquisition and matching profiler.Finalize are guarded by the same unchanged enableProfile flag. Finalize stops CPU profiling and closes its owned file; intervening error paths call cmd.Fatal, which directly os.Exit(1), not a returning resource leak. Reassessment: Retain unresolved: branch/error/flag correlation is not represented; no loop-count or whole-program feasibility expansion.
52	mutagen-io/mutagen	6ccfeaaf4dfd261e59ef9aac56e3c157b62e605b	resourcelifetime	tools/scan_bench/main.go:380:22	resourcelifetime/missing-release	false-positive	correlated-error-or-guard	present	present	still-reported	.build/resource-tightening-baseline/mutagen-io__mutagen__8c58996463.json	.build/resource-tightening-v2/mutagen-io__mutagen__8c58996463.json	.	./tools/scan_bench	0	0	Acquisition and matching profiler.Finalize are guarded by the same unchanged enableProfile flag. Finalize stops CPU profiling and closes its owned file; intervening error paths call cmd.Fatal, which directly os.Exit(1), not a returning resource leak. Reassessment: Retain unresolved: branch/error/flag correlation is not represented; no loop-count or whole-program feasibility expansion.
52	mutagen-io/mutagen	6ccfeaaf4dfd261e59ef9aac56e3c157b62e605b	resourcelifetime	tools/scan_bench/main.go:401:22	resourcelifetime/missing-release	false-positive	correlated-error-or-guard	present	present	still-reported	.build/resource-tightening-baseline/mutagen-io__mutagen__8c58996463.json	.build/resource-tightening-v2/mutagen-io__mutagen__8c58996463.json	.	./tools/scan_bench	0	0	Acquisition and matching profiler.Finalize are guarded by the same unchanged enableProfile flag. Finalize stops CPU profiling and closes its owned file; intervening error paths call cmd.Fatal, which directly os.Exit(1), not a returning resource leak. Reassessment: Retain unresolved: branch/error/flag correlation is not represented; no loop-count or whole-program feasibility expansion.
52	mutagen-io/mutagen	6ccfeaaf4dfd261e59ef9aac56e3c157b62e605b	resourcelifetime	tools/scan_bench/main.go:464:22	resourcelifetime/missing-release	false-positive	correlated-error-or-guard	present	present	still-reported	.build/resource-tightening-baseline/mutagen-io__mutagen__8c58996463.json	.build/resource-tightening-v2/mutagen-io__mutagen__8c58996463.json	.	./tools/scan_bench	0	0	Acquisition and matching profiler.Finalize are guarded by the same unchanged enableProfile flag. Finalize stops CPU profiling and closes its owned file; intervening error paths call cmd.Fatal, which directly os.Exit(1), not a returning resource leak. Reassessment: Retain unresolved: branch/error/flag correlation is not represented; no loop-count or whole-program feasibility expansion.
52	mutagen-io/mutagen	6ccfeaaf4dfd261e59ef9aac56e3c157b62e605b	resourcelifetime	tools/scan_bench/main.go:484:22	resourcelifetime/missing-release	false-positive	correlated-error-or-guard	present	present	still-reported	.build/resource-tightening-baseline/mutagen-io__mutagen__8c58996463.json	.build/resource-tightening-v2/mutagen-io__mutagen__8c58996463.json	.	./tools/scan_bench	0	0	Acquisition and matching profiler.Finalize are guarded by the same unchanged enableProfile flag. Finalize stops CPU profiling and closes its owned file; intervening error paths call cmd.Fatal, which directly os.Exit(1), not a returning resource leak. Reassessment: Retain unresolved: branch/error/flag correlation is not represented; no loop-count or whole-program feasibility expansion.
52	onedr0p/exportarr	52bb6eb3b80d2a1bf5f6532567ca7f7da50bdc95	resourcelifetime	internal/arr/client/auth_test.go:109:11	resourcelifetime/missing-release	false-positive	memory-or-empty-http-body	present	present	still-reported	.build/resource-tightening-baseline/onedr0p__exportarr__ed081673ec.json	.build/resource-tightening-v2/onedr0p__exportarr__ed081673ec.json	.	./internal/arr/client	0	0	FormAuth closes actual login response in auth.go; outer transport returns synthetic nil-Body response, which net/http replaces with empty NopCloser. No owned resource is abandoned at this call. Reassessment: Retain unresolved: exact transport, request, handler and timeout/body-wrapper provenance are needed; HEAD, status code or method name alone cannot remove the obligation.
52	onedr0p/exportarr	52bb6eb3b80d2a1bf5f6532567ca7f7da50bdc95	resourcelifetime	internal/arr/client/auth_test.go:136:12	resourcelifetime/missing-release	false-positive	fixture-prevents-acquisition	present	present	still-reported	.build/resource-tightening-baseline/onedr0p__exportarr__ed081673ec.json	.build/resource-tightening-v2/onedr0p__exportarr__ed081673ec.json	.	./internal/arr/client	0	0	Server redirects with loginFailed=true; FormAuth CheckRedirect returns error and net/http closes login response before returning. Outer authentication fails, so no successful response exists; fallback fake response would also have nil Body. Reassessment: Retain unresolved: a test expectation alone is not a proof; requires exact constructor/transport or fixture-state feasibility.
52	onedr0p/exportarr	52bb6eb3b80d2a1bf5f6532567ca7f7da50bdc95	resourcelifetime	internal/arr/client/auth_test.go:177:13	resourcelifetime/missing-release	false-positive	fixture-prevents-acquisition	present	present	still-reported	.build/resource-tightening-baseline/onedr0p__exportarr__ed081673ec.json	.build/resource-tightening-v2/onedr0p__exportarr__ed081673ec.json	.	./internal/arr/client	0	0	Both table cases force failure: synthetic nil-Body 500 response is drained and rejected by ExportarrTransport, or transport returns nil,http.ErrNotSupported. No successful response resource exists. Reassessment: Retain unresolved: a test expectation alone is not a proof; requires exact constructor/transport or fixture-state feasibility.
52	onedr0p/exportarr	52bb6eb3b80d2a1bf5f6532567ca7f7da50bdc95	resourcelifetime	internal/arr/client/auth_test.go:202:13	resourcelifetime/missing-release	false-positive	memory-or-empty-http-body	present	present	still-reported	.build/resource-tightening-baseline/onedr0p__exportarr__ed081673ec.json	.build/resource-tightening-v2/onedr0p__exportarr__ed081673ec.json	.	./internal/arr/client	0	0	Every table response is synthetic with nil Body; non-2XX responses rejected/drained by ExportarrTransport and successful bodies are empty NopClosers supplied by net/http. No real resource leaks. Reassessment: Retain unresolved: exact transport, request, handler and timeout/body-wrapper provenance are needed; HEAD, status code or method name alone cannot remove the obligation.
52	onedr0p/exportarr	52bb6eb3b80d2a1bf5f6532567ca7f7da50bdc95	resourcelifetime	internal/arr/client/auth_test.go:58:13	resourcelifetime/missing-release	false-positive	memory-or-empty-http-body	present	present	still-reported	.build/resource-tightening-baseline/onedr0p__exportarr__ed081673ec.json	.build/resource-tightening-v2/onedr0p__exportarr__ed081673ec.json	.	./internal/arr/client	0	0	Test transport returns synthetic http.Response with nil Body and no resource. net/http fills nil successful body with an empty NopCloser; discarding this fixture response leaks no resource. Reassessment: Retain unresolved: exact transport, request, handler and timeout/body-wrapper provenance are needed; HEAD, status code or method name alone cannot remove the obligation.
52	openpcc/openpcc	911390a80afcbe6dfb48987a641ab345494b1eca	resourcelifetime	client_test.go:948:12	resourcelifetime/missing-release	false-positive	fixture-prevents-acquisition	present	present	still-reported	.build/resource-tightening-baseline/openpcc__openpcc__392cc45b7c.json	.build/resource-tightening-v2/openpcc__openpcc__392cc45b7c.json	.	./.	0	0	Network-failure subtest injects errTransport returning assert.AnError and expects that exact failure. No successful response resource is created; request-body closed and payment canceled are separately verified. Reassessment: Retain unresolved: a test expectation alone is not a proof; requires exact constructor/transport or fixture-state feasibility.
52	prometheus-community/postgres_exporter	e7e2095249dc369d943af1cef3d8c615228278ec	resourcelifetime	collector/collector_test.go:127:12	resourcelifetime/missing-release	false-positive	constructor-without-live-resource	present	absent	newly-absent	.build/resource-tightening-baseline/prometheus-community__postgres_exporter__eb2eeb1d08.json	.build/resource-tightening-cli/prometheus-community__postgres_exporter__eb2eeb1d08.json	.	./collector	0	0	NewPostgresCollector newInstance closes its temporary DSN-validation DB immediately and returns nil instance.db; test replaces it with sqlmock DB separately deferred closed at114. Reassessment: Retain unresolved: type-level cleanup capability does not establish that this constructor returns an acquired live resource. Current follow-up: baseline target report verified; absent in successful all-enabled CLI replay after bounded acquisition/captured-cell narrowing.
52	prometheus-community/postgres_exporter	e7e2095249dc369d943af1cef3d8c615228278ec	resourcelifetime	collector/collector_test.go:175:16	resourcelifetime/missing-release	false-positive	constructor-without-live-resource	present	absent	newly-absent	.build/resource-tightening-baseline/prometheus-community__postgres_exporter__eb2eeb1d08.json	.build/resource-tightening-cli/prometheus-community__postgres_exporter__eb2eeb1d08.json	.	./collector	0	0	NewPostgresCollector calls newInstance, which opens DSN-validation DB and immediately closes it at instance.go43; returned instance.db is nil and test only inspects metadata, so no retained resource exists. Reassessment: Retain unresolved: type-level cleanup capability does not establish that this constructor returns an acquired live resource. Current follow-up: baseline target report verified; absent in successful all-enabled CLI replay after bounded acquisition/captured-cell narrowing.
52	prometheus-community/postgres_exporter	e7e2095249dc369d943af1cef3d8c615228278ec	resourcelifetime	collector/collector_test.go:179:17	resourcelifetime/missing-release	false-positive	constructor-without-live-resource	present	absent	newly-absent	.build/resource-tightening-baseline/prometheus-community__postgres_exporter__eb2eeb1d08.json	.build/resource-tightening-cli/prometheus-community__postgres_exporter__eb2eeb1d08.json	.	./collector	0	0	NewPostgresCollector calls newInstance, which opens DSN-validation DB and immediately closes it at instance.go43; returned instance.db is nil and test only inspects metadata, so no retained resource exists. Reassessment: Retain unresolved: type-level cleanup capability does not establish that this constructor returns an acquired live resource. Current follow-up: baseline target report verified; absent in successful all-enabled CLI replay after bounded acquisition/captured-cell narrowing.
52	prometheus-community/postgres_exporter	e7e2095249dc369d943af1cef3d8c615228278ec	resourcelifetime	collector/collector_test.go:207:12	resourcelifetime/missing-release	false-positive	constructor-without-live-resource	present	absent	newly-absent	.build/resource-tightening-baseline/prometheus-community__postgres_exporter__eb2eeb1d08.json	.build/resource-tightening-cli/prometheus-community__postgres_exporter__eb2eeb1d08.json	.	./collector	0	0	NewPostgresCollector calls newInstance, which opens DSN-validation DB and immediately closes it at instance.go43; returned instance.db is nil and test only inspects metadata, so no retained resource exists. Reassessment: Retain unresolved: type-level cleanup capability does not establish that this constructor returns an acquired live resource. Current follow-up: baseline target report verified; absent in successful all-enabled CLI replay after bounded acquisition/captured-cell narrowing.
52	prometheus-community/postgres_exporter	e7e2095249dc369d943af1cef3d8c615228278ec	resourcelifetime	collector/collector_test.go:81:22	resourcelifetime/missing-release	false-positive	constructor-without-live-resource	present	absent	newly-absent	.build/resource-tightening-baseline/prometheus-community__postgres_exporter__eb2eeb1d08.json	.build/resource-tightening-cli/prometheus-community__postgres_exporter__eb2eeb1d08.json	.	./collector	0	0	NewPostgresCollector calls newInstance, which opens DSN-validation DB and immediately closes it at instance.go43; returned instance.db is nil and test only inspects metadata, so no retained resource exists. Reassessment: Retain unresolved: type-level cleanup capability does not establish that this constructor returns an acquired live resource. Current follow-up: baseline target report verified; absent in successful all-enabled CLI replay after bounded acquisition/captured-cell narrowing.
52	rfjakob/gocryptfs	842af4463989ee6808d397433e9aba8517e49c89	resourcelifetime	tests/cli/cli_test.go:380:11	resourcelifetime/missing-release	false-positive	fixture-prevents-acquisition	present	present	still-reported	.build/resource-tightening-baseline/rfjakob__gocryptfs__81fc29f8a1.json	.build/resource-tightening-v2/rfjakob__gocryptfs__81fc29f8a1.json	.	./tests/cli	0	0	Test mounts the filesystem read-only before this deliberate os.Create failure probe; the read-only mount prevents successful descriptor acquisition. Reassessment: Retain unresolved: a test expectation alone is not a proof; requires exact constructor/transport or fixture-state feasibility.
52	shijuvar/gokit	4b5abbb8d4e6497a1eef211cb823c18b7977dde4	resourcelifetime	examples/bookmark-api/apputil/logger.go:60:12	resourcelifetime/missing-release	false-positive	retained-logging-output	present	present	still-reported	.build/resource-tightening-baseline/shijuvar__gokit__d10d4bebed.json	.build/resource-tightening-v2/shijuvar__gokit__d10d4bebed.json	.	./examples/bookmark-api/apputil	0	0	SetLogLevel enabled branches pass file through initLog into global log.New output owners; disabled branch explicitly closes it. Current file is retained for ongoing logging. Reassessment: Bounded uncertainty requires one possibly retaining wrapper around an aggregate positively containing the resource, then retention by a consumer. Arbitrary data dependence and longer handler/logger chains remain unresolved; discarded wrappers remain diagnostic.
52	shijuvar/gokit	4b5abbb8d4e6497a1eef211cb823c18b7977dde4	resourcelifetime	log/log.go:59:12	resourcelifetime/missing-release	false-positive	retained-logging-output	present	present	still-reported	.build/resource-tightening-baseline/shijuvar__gokit__7f61ca728d.json	.build/resource-tightening-v2/shijuvar__gokit__7f61ca728d.json	.	./log	0	0	SetLogLevel transfers current file through initLog to global logger outputs in enabled cases and closes it in default case; no abandoned local descriptor. Reassessment: Bounded uncertainty requires one possibly retaining wrapper around an aggregate positively containing the resource, then retention by a consumer. Arbitrary data dependence and longer handler/logger chains remain unresolved; discarded wrappers remain diagnostic.
52	SignTools/SignTools	243154c0de9e8036bcd667c3264dafac3d8b0b42	resourcelifetime	main_test.go:245:14	resourcelifetime/missing-release	false-positive	memory-or-empty-http-body	present	present	still-reported	.build/resource-tightening-baseline/SignTools__SignTools__0ece280a91.json	.build/resource-tightening-v2/SignTools__SignTools__0ece280a91.json	.	./.	0	0	Second takeJob GET occurs after consuming sole queued job; TakeLastJob returns ErrNotFound before writing, and getLastJob main.go436 emits NoContent404. Default HTTP client has no Timeout wrapper and empty response has no live body cleanup. Reassessment: Retain unresolved: exact transport, request, handler and timeout/body-wrapper provenance are needed; HEAD, status code or method name alone cannot remove the obligation.
52	testcontainers/testcontainers-go	096293a2dfd3067dae1c4921ad1f5e45e879dc91	resourcelifetime	logconsumer_test.go:102:11	resourcelifetime/missing-release	false-positive	memory-or-empty-http-body	present	present	still-reported	.build/resource-tightening-baseline/testcontainers__testcontainers-go__38f3b04970.json	.build/resource-tightening-v2/testcontainers__testcontainers-go__38f3b04970.json	.	./.	0	0	Request hits testdata/echoserver.go echoHandler, which logs echo to stdout/stderr and only WriteHeader202, no response body. Default http.Get has no timeout wrapper; canonical empty response has no live body resource. Reassessment: Retain unresolved: exact transport, request, handler and timeout/body-wrapper provenance are needed; HEAD, status code or method name alone cannot remove the obligation.
52	testcontainers/testcontainers-go	096293a2dfd3067dae1c4921ad1f5e45e879dc91	resourcelifetime	logconsumer_test.go:105:11	resourcelifetime/missing-release	false-positive	memory-or-empty-http-body	present	present	still-reported	.build/resource-tightening-baseline/testcontainers__testcontainers-go__38f3b04970.json	.build/resource-tightening-v2/testcontainers__testcontainers-go__38f3b04970.json	.	./.	0	0	Request hits testdata/echoserver.go echoHandler, which logs echo to stdout/stderr and only WriteHeader202, no response body. Default http.Get has no timeout wrapper; canonical empty response has no live body resource. Reassessment: Retain unresolved: exact transport, request, handler and timeout/body-wrapper provenance are needed; HEAD, status code or method name alone cannot remove the obligation.
52	testcontainers/testcontainers-go	096293a2dfd3067dae1c4921ad1f5e45e879dc91	resourcelifetime	logconsumer_test.go:158:11	resourcelifetime/missing-release	false-positive	memory-or-empty-http-body	present	present	still-reported	.build/resource-tightening-baseline/testcontainers__testcontainers-go__38f3b04970.json	.build/resource-tightening-v2/testcontainers__testcontainers-go__38f3b04970.json	.	./.	0	0	Request hits testdata/echoserver.go echoHandler, which logs echo to stdout/stderr and only WriteHeader202, no response body. Default http.Get has no timeout wrapper; canonical empty response has no live body resource. Reassessment: Retain unresolved: exact transport, request, handler and timeout/body-wrapper provenance are needed; HEAD, status code or method name alone cannot remove the obligation.
52	testcontainers/testcontainers-go	096293a2dfd3067dae1c4921ad1f5e45e879dc91	resourcelifetime	logconsumer_test.go:161:11	resourcelifetime/missing-release	false-positive	memory-or-empty-http-body	present	present	still-reported	.build/resource-tightening-baseline/testcontainers__testcontainers-go__38f3b04970.json	.build/resource-tightening-v2/testcontainers__testcontainers-go__38f3b04970.json	.	./.	0	0	Request hits testdata/echoserver.go echoHandler, which logs echo to stdout/stderr and only WriteHeader202, no response body. Default http.Get has no timeout wrapper; canonical empty response has no live body resource. Reassessment: Retain unresolved: exact transport, request, handler and timeout/body-wrapper provenance are needed; HEAD, status code or method name alone cannot remove the obligation.
52	testcontainers/testcontainers-go	096293a2dfd3067dae1c4921ad1f5e45e879dc91	resourcelifetime	logconsumer_test.go:164:11	resourcelifetime/missing-release	false-positive	memory-or-empty-http-body	present	present	still-reported	.build/resource-tightening-baseline/testcontainers__testcontainers-go__38f3b04970.json	.build/resource-tightening-v2/testcontainers__testcontainers-go__38f3b04970.json	.	./.	0	0	Request hits testdata/echoserver.go echoHandler, which logs echo to stdout/stderr and only WriteHeader202, no response body. Default http.Get has no timeout wrapper; canonical empty response has no live body resource. Reassessment: Retain unresolved: exact transport, request, handler and timeout/body-wrapper provenance are needed; HEAD, status code or method name alone cannot remove the obligation.
52	testcontainers/testcontainers-go	096293a2dfd3067dae1c4921ad1f5e45e879dc91	resourcelifetime	logconsumer_test.go:208:11	resourcelifetime/missing-release	false-positive	memory-or-empty-http-body	present	present	still-reported	.build/resource-tightening-baseline/testcontainers__testcontainers-go__38f3b04970.json	.build/resource-tightening-v2/testcontainers__testcontainers-go__38f3b04970.json	.	./.	0	0	Request hits testdata/echoserver.go echoHandler, which logs echo to stdout/stderr and only WriteHeader202, no response body. Default http.Get has no timeout wrapper; canonical empty response has no live body resource. Reassessment: Retain unresolved: exact transport, request, handler and timeout/body-wrapper provenance are needed; HEAD, status code or method name alone cannot remove the obligation.
52	testcontainers/testcontainers-go	096293a2dfd3067dae1c4921ad1f5e45e879dc91	resourcelifetime	logconsumer_test.go:211:11	resourcelifetime/missing-release	false-positive	memory-or-empty-http-body	present	present	still-reported	.build/resource-tightening-baseline/testcontainers__testcontainers-go__38f3b04970.json	.build/resource-tightening-v2/testcontainers__testcontainers-go__38f3b04970.json	.	./.	0	0	Request hits testdata/echoserver.go echoHandler, which logs echo to stdout/stderr and only WriteHeader202, no response body. Default http.Get has no timeout wrapper; canonical empty response has no live body resource. Reassessment: Retain unresolved: exact transport, request, handler and timeout/body-wrapper provenance are needed; HEAD, status code or method name alone cannot remove the obligation.
52	testcontainers/testcontainers-go	096293a2dfd3067dae1c4921ad1f5e45e879dc91	resourcelifetime	logconsumer_test.go:416:11	resourcelifetime/missing-release	false-positive	memory-or-empty-http-body	present	present	still-reported	.build/resource-tightening-baseline/testcontainers__testcontainers-go__38f3b04970.json	.build/resource-tightening-v2/testcontainers__testcontainers-go__38f3b04970.json	.	./.	0	0	Request hits testdata/echoserver.go echoHandler, which logs echo to stdout/stderr and only WriteHeader202, no response body. Default http.Get has no timeout wrapper; canonical empty response has no live body resource. Reassessment: Retain unresolved: exact transport, request, handler and timeout/body-wrapper provenance are needed; HEAD, status code or method name alone cannot remove the obligation.
52	testcontainers/testcontainers-go	096293a2dfd3067dae1c4921ad1f5e45e879dc91	resourcelifetime	logconsumer_test.go:419:11	resourcelifetime/missing-release	false-positive	memory-or-empty-http-body	present	present	still-reported	.build/resource-tightening-baseline/testcontainers__testcontainers-go__38f3b04970.json	.build/resource-tightening-v2/testcontainers__testcontainers-go__38f3b04970.json	.	./.	0	0	Request hits testdata/echoserver.go echoHandler, which logs echo to stdout/stderr and only WriteHeader202, no response body. Default http.Get has no timeout wrapper; canonical empty response has no live body resource. Reassessment: Retain unresolved: exact transport, request, handler and timeout/body-wrapper provenance are needed; HEAD, status code or method name alone cannot remove the obligation.
52	testcontainers/testcontainers-go	096293a2dfd3067dae1c4921ad1f5e45e879dc91	resourcelifetime	logconsumer_test.go:422:11	resourcelifetime/missing-release	false-positive	memory-or-empty-http-body	present	present	still-reported	.build/resource-tightening-baseline/testcontainers__testcontainers-go__38f3b04970.json	.build/resource-tightening-v2/testcontainers__testcontainers-go__38f3b04970.json	.	./.	0	0	Request hits testdata/echoserver.go echoHandler, which logs echo to stdout/stderr and only WriteHeader202, no response body. Default http.Get has no timeout wrapper; canonical empty response has no live body resource. Reassessment: Retain unresolved: exact transport, request, handler and timeout/body-wrapper provenance are needed; HEAD, status code or method name alone cannot remove the obligation.
52	testcontainers/testcontainers-go	096293a2dfd3067dae1c4921ad1f5e45e879dc91	resourcelifetime	logconsumer_test.go:558:11	resourcelifetime/missing-release	false-positive	memory-or-empty-http-body	present	present	still-reported	.build/resource-tightening-baseline/testcontainers__testcontainers-go__38f3b04970.json	.build/resource-tightening-v2/testcontainers__testcontainers-go__38f3b04970.json	.	./.	0	0	Request hits testdata/echoserver.go echoHandler, which logs echo to stdout/stderr and only WriteHeader202, no response body. Default http.Get has no timeout wrapper; canonical empty response has no live body resource. Reassessment: Retain unresolved: exact transport, request, handler and timeout/body-wrapper provenance are needed; HEAD, status code or method name alone cannot remove the obligation.
52	testcontainers/testcontainers-go	096293a2dfd3067dae1c4921ad1f5e45e879dc91	resourcelifetime	logconsumer_test.go:561:11	resourcelifetime/missing-release	false-positive	memory-or-empty-http-body	present	present	still-reported	.build/resource-tightening-baseline/testcontainers__testcontainers-go__38f3b04970.json	.build/resource-tightening-v2/testcontainers__testcontainers-go__38f3b04970.json	.	./.	0	0	Request hits testdata/echoserver.go echoHandler, which logs echo to stdout/stderr and only WriteHeader202, no response body. Default http.Get has no timeout wrapper; canonical empty response has no live body resource. Reassessment: Retain unresolved: exact transport, request, handler and timeout/body-wrapper provenance are needed; HEAD, status code or method name alone cannot remove the obligation.
52	testcontainers/testcontainers-go	096293a2dfd3067dae1c4921ad1f5e45e879dc91	resourcelifetime	logconsumer_test.go:589:11	resourcelifetime/missing-release	false-positive	memory-or-empty-http-body	present	present	still-reported	.build/resource-tightening-baseline/testcontainers__testcontainers-go__38f3b04970.json	.build/resource-tightening-v2/testcontainers__testcontainers-go__38f3b04970.json	.	./.	0	0	Request hits testdata/echoserver.go echoHandler, which logs echo to stdout/stderr and only WriteHeader202, no response body. Default http.Get has no timeout wrapper; canonical empty response has no live body resource. Reassessment: Retain unresolved: exact transport, request, handler and timeout/body-wrapper provenance are needed; HEAD, status code or method name alone cannot remove the obligation.
52	testcontainers/testcontainers-go	096293a2dfd3067dae1c4921ad1f5e45e879dc91	resourcelifetime	logconsumer_test.go:592:11	resourcelifetime/missing-release	false-positive	memory-or-empty-http-body	present	present	still-reported	.build/resource-tightening-baseline/testcontainers__testcontainers-go__38f3b04970.json	.build/resource-tightening-v2/testcontainers__testcontainers-go__38f3b04970.json	.	./.	0	0	Request hits testdata/echoserver.go echoHandler, which logs echo to stdout/stderr and only WriteHeader202, no response body. Default http.Get has no timeout wrapper; canonical empty response has no live body resource. Reassessment: Retain unresolved: exact transport, request, handler and timeout/body-wrapper provenance are needed; HEAD, status code or method name alone cannot remove the obligation.
52	testcontainers/testcontainers-go	096293a2dfd3067dae1c4921ad1f5e45e879dc91	resourcelifetime	logconsumer_test.go:99:11	resourcelifetime/missing-release	false-positive	memory-or-empty-http-body	present	present	still-reported	.build/resource-tightening-baseline/testcontainers__testcontainers-go__38f3b04970.json	.build/resource-tightening-v2/testcontainers__testcontainers-go__38f3b04970.json	.	./.	0	0	Request hits testdata/echoserver.go echoHandler, which logs echo to stdout/stderr and only WriteHeader202, no response body. Default http.Get has no timeout wrapper; canonical empty response has no live body resource. Reassessment: Retain unresolved: exact transport, request, handler and timeout/body-wrapper provenance are needed; HEAD, status code or method name alone cannot remove the obligation.
52	tus/tusd	c9d174d0e20c69f24e9785d2f639df4da1c4fdc5	resourcelifetime	internal/e2e/e2e_test.go:316:11	resourcelifetime/missing-release	false-positive	fixture-prevents-acquisition	present	present	still-reported	.build/resource-tightening-baseline/tus__tusd__13e50587f1.json	.build/resource-tightening-v2/tus__tusd__13e50587f1.json	.	./internal/e2e	0	0	TestUnexpectedNetworkClose configures upstream limit_data toxic to terminate a 50KB upload after 10KB, deliberately expecting EOF/reset rather than a successful response. Subsequent HEAD response is deferred closed; missing response at forced network-failure call is not an acquired resource. Reassessment: Retain unresolved: a test expectation alone is not a proof; requires exact constructor/transport or fixture-state feasibility.
52	vmware/govmomi	f621178aa667761021673d64430b751e8352823c	resourcelifetime	simulator/simulator_test.go:455:14	resourcelifetime/missing-release	false-positive	memory-or-empty-http-body	present	present	still-reported	.build/resource-tightening-baseline/vmware__govmomi__073294220c.json	.build/resource-tightening-v2/vmware__govmomi__073294220c.json	.	./simulator	0	0	Exact fixture ServeSDK path writes only405 for GET or400 for injected readAll error; no body is written, and default client has no timeout wrapper. Reassessment: Retain unresolved: exact transport, request, handler and timeout/body-wrapper provenance are needed; HEAD, status code or method name alone cannot remove the obligation.
52	vmware/govmomi	f621178aa667761021673d64430b751e8352823c	resourcelifetime	simulator/simulator_test.go:468:13	resourcelifetime/missing-release	false-positive	memory-or-empty-http-body	present	present	still-reported	.build/resource-tightening-baseline/vmware__govmomi__073294220c.json	.build/resource-tightening-v2/vmware__govmomi__073294220c.json	.	./simulator	0	0	Exact fixture ServeSDK path writes only405 for GET or400 for injected readAll error; no body is written, and default client has no timeout wrapper. Reassessment: Retain unresolved: exact transport, request, handler and timeout/body-wrapper provenance are needed; HEAD, status code or method name alone cannot remove the obligation.
52	vmware/govmomi	f621178aa667761021673d64430b751e8352823c	resourcelifetime	vmdk/writer_test.go:270:19	resourcelifetime/missing-release	false-positive	correlated-error-or-guard	present	present	still-reported	.build/resource-tightening-baseline/vmware__govmomi__909c2e2e6c.json	.build/resource-tightening-v2/vmware__govmomi__909c2e2e6c.json	.	./vmdk	0	0	Both literal table entries have wantErr=false; test always reaches require.NoError then writer.Close. Hypothetical wantErr=true branch is absent from executed table. Reassessment: Retain unresolved: branch/error/flag correlation is not represented; no loop-count or whole-program feasibility expansion.
52	wallarm/api-firewall	8ed75e4ca7dc66998265a0cac3d32acd2f167211	resourcelifetime	cmd/api-firewall/internal/handlers/graphql/run.go:69:12	resourcelifetime/missing-release	false-positive	process-bounded-lifetime	present	present	still-reported	.build/resource-tightening-baseline/wallarm__api-firewall__a25c92b159.json	.build/resource-tightening-v2/wallarm__api-firewall__a25c92b159.json	.	./cmd/api-firewall/internal/handlers/graphql	0	0	GraphQL Run explicitly closes schema file after validation; every earlier parser/validator error invokes zerolog.Fatal().Msgf, terminating process before nominal return. No normal live error path abandons descriptor. Reassessment: Retain unresolved: one-shot process termination and reusable helper lifetimes differ; no blanket main/test exemption.
52	weave-os/router	4d6eae13407a5aaf533d4f62517e14332ecc055c	resourcelifetime	cmd/router-gateway/main_test.go:52:22	resourcelifetime/missing-release	false-positive	fixture-prevents-acquisition	present	present	still-reported	.build/resource-tightening-baseline/weave-os__router__de0fbb10c8.json	.build/resource-tightening-v2/weave-os__router__de0fbb10c8.json	.	./cmd/router-gateway	0	0	Synctest table early return only for60s request deadline versus121s server delay, guaranteeing timeout/no response;600s success branch defers Body.Close. Transport closes idle connections and worker is joined on both branches; runtime deadline correlation is outside simple guard model. Reassessment: Retain unresolved: a test expectation alone is not a proof; requires exact constructor/transport or fixture-state feasibility.
52	yandex-cloud/geesefs	dd847771b29b26f3246edaf3227acbc430f4548d	resourcelifetime	core/backend_azblob.go:90:15	resourcelifetime/missing-release	false-positive	returned-or-retained-owner	present	present	still-reported	.build/resource-tightening-baseline/yandex-cloud__geesefs__9d479a2e7c.json	.build/resource-tightening-cli/yandex-cloud__geesefs__9d479a2e7c.json	.	./core	0	3	Policy returns pipeline.NewHTTPResponse(r); azure-pipeline-go v0.2.3 pipeline/response.go:28 stores exact response in returned wrapper, transferring Body ownership to pipeline caller. Reassessment: Retain unresolved unless replay establishes absence: returned views and lifecycle-owning wrappers must remain distinct; ownership cannot be guessed from names.
52	yandex-cloud/geesefs	dd847771b29b26f3246edaf3227acbc430f4548d	resourcelifetime	core/backend_s3.go:148:15	resourcelifetime/missing-release	false-positive	correlated-error-or-guard	present	present	still-reported	.build/resource-tightening-baseline/yandex-cloud__geesefs__9d479a2e7c.json	.build/resource-tightening-cli/yandex-cloud__geesefs__9d479a2e7c.json	.	./core	0	3	TryIAM assigns outer resp in GCP/AWS branches, then rejects error or nil and defers resp.Body.Close whenever nonnil at160; merged branch assignment is covered. Reassessment: Retain unresolved: branch/error/flag correlation is not represented; no loop-count or whole-program feasibility expansion.
52	yandex-cloud/geesefs	dd847771b29b26f3246edaf3227acbc430f4548d	resourcelifetime	core/cfg/logger.go:37:16	resourcelifetime/missing-release	false-positive	retained-logging-output	present	present	still-reported	.build/resource-tightening-baseline/yandex-cloud__geesefs__48fa4a014d.json	.build/resource-tightening-cli/yandex-cloud__geesefs__48fa4a014d.json	.	./core/cfg	0	3	initFileLoggers stores file in every retained global loggers entry Out; map is already nonempty because package var log calls GetLogger(main), which inserts it. Stream is retained for ongoing logging. Follow-up: profile-dependent unresolved. Earlier resource-only scoped absence is insufficient: canonical final enable-all replay reports this site, as do direct baseline/final invocations. No fixed/verified-absent claim. Current follow-up: direct all-enabled CLI still reports this site; conflicting go-vet absence is not counted as a fix.
52	yandex-cloud/geesefs	dd847771b29b26f3246edaf3227acbc430f4548d	resourcelifetime	core/goofys_fs_test.go:501:12	resourcelifetime/missing-release	false-positive	captured-cell-cleanup	present	absent	newly-absent	.build/resource-tightening-baseline/yandex-cloud__geesefs__9d479a2e7c.json	.build/resource-tightening-cli/yandex-cloud__geesefs__9d479a2e7c.json	.	./core	0	3	Test closes previous fh then reassigns it; deferred closure at483 intentionally reads fh at return and closes the newly opened descriptor. Reassessment: Retain unresolved: deferred captures observe later cell contents; neither historical alias nor a nil guard proves exact cleanup. Current follow-up: baseline target report verified; absent in successful all-enabled CLI replay after bounded acquisition/captured-cell narrowing.
52	zmap/zgrab2	a1231792c51576f1818825fae51db042b4dcd41e	resourcelifetime	lib/http/response_test.go:673:9	resourcelifetime/missing-release	false-positive	correlated-error-or-guard	present	present	still-reported	.build/resource-tightening-baseline/zmap__zgrab2__3b2575643b.json	.build/resource-tightening-v2/zmap__zgrab2__3b2575643b.json	.	./lib/http	0	0	gzip.Writer is acquired exactly when test.compressed and explicitly type-asserted/closed under the same unchanged guard after writes; alternative is a plain buffer/chunk writer. Conditional cleanup correlation is missed. Reassessment: Retain unresolved: branch/error/flag correlation is not represented; no loop-count or whole-program feasibility expansion.
53	apache/pulsar-client-go	1a6d7ac818c9daae9df5c37cb24c0695fabc9eec	resourcelifetime	pulsar/internal/compression/zlib.go:41:7	resourcelifetime/missing-release	false-positive	infallible-memory-operation	present	present	still-reported	.build/resource-tightening-baseline/apache__pulsar-client-go__f5d300f9e2.json	.build/resource-tightening-v2/apache__pulsar-client-go__f5d300f9e2.json	.	./pulsar/internal/compression	0	0	The alleged unclosed-writer return requires w.Write(src) to fail, but this fresh standard zlib writer writes only to bytes.Buffer, whose Write cannot return a normal error. All normal compression paths call Close; out-of-memory panics are not the reported normal-return leak. Reassessment: Retain unresolved: proving this operation cannot fail requires bounded buffer/type semantics, not a generic error-path exemption.
53	buchgr/bazel-remote	a69b6b5ed933234d93b489ffd216bee5bb74aa06	resourcelifetime	cache/httpproxy/httpproxy.go:232:14	resourcelifetime/missing-release	false-positive	memory-or-empty-http-body	present	present	still-reported	.build/resource-tightening-baseline/buchgr__bazel-remote__03c30c6a5b.json	.build/resource-tightening-v2/buchgr__bazel-remote__03c30c6a5b.json	.	./cache/httpproxy	0	0	Contains sends HEAD through the same standard no-timeout client configured by production and tests. There is no response body resource or Client.Timeout cancellation timer, despite the syntactic Do result. Reassessment: Retain unresolved: exact transport, request, handler and timeout/body-wrapper provenance are needed; HEAD, status code or method name alone cannot remove the obligation.
53	buchgr/bazel-remote	a69b6b5ed933234d93b489ffd216bee5bb74aa06	resourcelifetime	cache/httpproxy/httpproxy.go:61:14	resourcelifetime/missing-release	false-positive	memory-or-empty-http-body	present	present	still-reported	.build/resource-tightening-baseline/buchgr__bazel-remote__03c30c6a5b.json	.build/resource-tightening-v2/buchgr__bazel-remote__03c30c6a5b.json	.	./cache/httpproxy	0	0	This upload-existence request is HEAD. Both production config and tests supply standard transports with Client.Timeout zero; the response body is NoBody and carries no client cancellation timer. The later PUT has a separate real cleanup obligation. Reassessment: Retain unresolved: exact transport, request, handler and timeout/body-wrapper provenance are needed; HEAD, status code or method name alone cannot remove the obligation.
53	deadsy/sdfx	a63cfbad6c5a0fe634ee2b393e970aaa7af7b866	resourcelifetime	render/stl.go:178:12	resourcelifetime/missing-release	false-positive	infallible-memory-operation	present	present	still-reported	.build/resource-tightening-baseline/deadsy__sdfx__8030406d38.json	.build/resource-tightening-v2/deadsy__sdfx__8030406d38.json	.	./render	0	0	Before transferring f into a goroutine with deferred Close, the only normal early error is binary.Write of a fixed84-byte STLHeader to a fresh default4096-byte bufio.Writer. That valid fixed-size value fits entirely in memory, so this write cannot produce the underlying file error presumed by the diagnostic. Reassessment: Retain unresolved: proving this operation cannot fail requires bounded buffer/type semantics, not a generic error-path exemption.
53	getsentry/sentry-go	a6a3d0b693bc8e93c4e098b4784b5b1145a21a14	resourcelifetime	http/example_test.go:23:13	resourcelifetime/missing-release	false-positive	invalid-http-url	present	present	still-reported	.build/resource-tightening-baseline/getsentry__sentry-go__c1ffb7bb8b.json	.build/resource-tightening-v2/getsentry__sentry-go__c1ffb7bb8b.json	.	./http	0	0	The literal URL example.com has no scheme; the unmodified default HTTP transport rejects it instead of returning a successful response. This error-capture example never acquires the response-body resource presumed by the diagnostic. Reassessment: Retain unresolved: URL is invalid under the pinned default transport, but no broad URL/name exemption was added.
53	go-pkgz/auth	5f6d12c4a12e6cf7b1934dc10d8127969ac7e7b1	resourcelifetime	token/jwt_test.go:481:15	resourcelifetime/missing-release	false-positive	memory-or-empty-http-body	present	present	still-reported	.build/resource-tightening-baseline/go-pkgz__auth__4505242a00.json	.build/resource-tightening-v2/go-pkgz__auth__4505242a00.json	.	./token	0	0	Exact local test server only sets cookies/headers and WriteHeader200, with no body writes; default http.Get has no timeout wrapper, and zero Content-Length yields http.NoBody. No body resource is acquired; server.Close owns the connection lifecycle. Reassessment: Retain unresolved: exact transport, request, handler and timeout/body-wrapper provenance are needed; HEAD, status code or method name alone cannot remove the obligation.
53	go-pkgz/auth	5f6d12c4a12e6cf7b1934dc10d8127969ac7e7b1	resourcelifetime	token/jwt_test.go:523:15	resourcelifetime/missing-release	false-positive	memory-or-empty-http-body	present	present	still-reported	.build/resource-tightening-baseline/go-pkgz__auth__4505242a00.json	.build/resource-tightening-v2/go-pkgz__auth__4505242a00.json	.	./token	0	0	Exact local test server only sets cookies/headers and WriteHeader200, with no body writes; default http.Get has no timeout wrapper, and zero Content-Length yields http.NoBody. No body resource is acquired; server.Close owns the connection lifecycle. Reassessment: Retain unresolved: exact transport, request, handler and timeout/body-wrapper provenance are needed; HEAD, status code or method name alone cannot remove the obligation.
53	go-pkgz/auth	5f6d12c4a12e6cf7b1934dc10d8127969ac7e7b1	resourcelifetime	token/jwt_test.go:568:15	resourcelifetime/missing-release	false-positive	memory-or-empty-http-body	present	present	still-reported	.build/resource-tightening-baseline/go-pkgz__auth__4505242a00.json	.build/resource-tightening-v2/go-pkgz__auth__4505242a00.json	.	./token	0	0	Exact local test server only sets cookies/headers and WriteHeader200, with no body writes; default http.Get has no timeout wrapper, and zero Content-Length yields http.NoBody. No body resource is acquired; server.Close owns the connection lifecycle. Reassessment: Retain unresolved: exact transport, request, handler and timeout/body-wrapper provenance are needed; HEAD, status code or method name alone cannot remove the obligation.
53	go-pkgz/auth	5f6d12c4a12e6cf7b1934dc10d8127969ac7e7b1	resourcelifetime	token/jwt_test.go:617:15	resourcelifetime/missing-release	false-positive	memory-or-empty-http-body	present	present	still-reported	.build/resource-tightening-baseline/go-pkgz__auth__4505242a00.json	.build/resource-tightening-v2/go-pkgz__auth__4505242a00.json	.	./token	0	0	Exact local test server only sets cookies/headers and WriteHeader200, with no body writes; default http.Get has no timeout wrapper, and zero Content-Length yields http.NoBody. No body resource is acquired; server.Close owns the connection lifecycle. Reassessment: Retain unresolved: exact transport, request, handler and timeout/body-wrapper provenance are needed; HEAD, status code or method name alone cannot remove the obligation.
53	go-pkgz/auth	5f6d12c4a12e6cf7b1934dc10d8127969ac7e7b1	resourcelifetime	token/jwt_test.go:644:15	resourcelifetime/missing-release	false-positive	memory-or-empty-http-body	present	present	still-reported	.build/resource-tightening-baseline/go-pkgz__auth__4505242a00.json	.build/resource-tightening-v2/go-pkgz__auth__4505242a00.json	.	./token	0	0	Exact local test server only sets cookies/headers and WriteHeader200, with no body writes; default http.Get has no timeout wrapper, and zero Content-Length yields http.NoBody. No body resource is acquired; server.Close owns the connection lifecycle. Reassessment: Retain unresolved: exact transport, request, handler and timeout/body-wrapper provenance are needed; HEAD, status code or method name alone cannot remove the obligation.
53	go-pkgz/auth	5f6d12c4a12e6cf7b1934dc10d8127969ac7e7b1	resourcelifetime	v2/token/jwt_test.go:481:15	resourcelifetime/missing-release	false-positive	memory-or-empty-http-body	present	present	still-reported	.build/resource-tightening-baseline/go-pkgz__auth__75e64963e4.json	.build/resource-tightening-v2/go-pkgz__auth__75e64963e4.json	v2	./token	0	0	Exact local test server only sets cookies/headers and WriteHeader200, with no body writes; default http.Get has no timeout wrapper, and zero Content-Length yields http.NoBody. No body resource is acquired; server.Close owns the connection lifecycle. Reassessment: Retain unresolved: exact transport, request, handler and timeout/body-wrapper provenance are needed; HEAD, status code or method name alone cannot remove the obligation.
53	go-pkgz/auth	5f6d12c4a12e6cf7b1934dc10d8127969ac7e7b1	resourcelifetime	v2/token/jwt_test.go:523:15	resourcelifetime/missing-release	false-positive	memory-or-empty-http-body	present	present	still-reported	.build/resource-tightening-baseline/go-pkgz__auth__75e64963e4.json	.build/resource-tightening-v2/go-pkgz__auth__75e64963e4.json	v2	./token	0	0	Exact local test server only sets cookies/headers and WriteHeader200, with no body writes; default http.Get has no timeout wrapper, and zero Content-Length yields http.NoBody. No body resource is acquired; server.Close owns the connection lifecycle. Reassessment: Retain unresolved: exact transport, request, handler and timeout/body-wrapper provenance are needed; HEAD, status code or method name alone cannot remove the obligation.
53	go-pkgz/auth	5f6d12c4a12e6cf7b1934dc10d8127969ac7e7b1	resourcelifetime	v2/token/jwt_test.go:568:15	resourcelifetime/missing-release	false-positive	memory-or-empty-http-body	present	present	still-reported	.build/resource-tightening-baseline/go-pkgz__auth__75e64963e4.json	.build/resource-tightening-v2/go-pkgz__auth__75e64963e4.json	v2	./token	0	0	Exact local test server only sets cookies/headers and WriteHeader200, with no body writes; default http.Get has no timeout wrapper, and zero Content-Length yields http.NoBody. No body resource is acquired; server.Close owns the connection lifecycle. Reassessment: Retain unresolved: exact transport, request, handler and timeout/body-wrapper provenance are needed; HEAD, status code or method name alone cannot remove the obligation.
53	go-pkgz/auth	5f6d12c4a12e6cf7b1934dc10d8127969ac7e7b1	resourcelifetime	v2/token/jwt_test.go:617:15	resourcelifetime/missing-release	false-positive	memory-or-empty-http-body	present	present	still-reported	.build/resource-tightening-baseline/go-pkgz__auth__75e64963e4.json	.build/resource-tightening-v2/go-pkgz__auth__75e64963e4.json	v2	./token	0	0	Exact local test server only sets cookies/headers and WriteHeader200, with no body writes; default http.Get has no timeout wrapper, and zero Content-Length yields http.NoBody. No body resource is acquired; server.Close owns the connection lifecycle. Reassessment: Retain unresolved: exact transport, request, handler and timeout/body-wrapper provenance are needed; HEAD, status code or method name alone cannot remove the obligation.
53	go-pkgz/auth	5f6d12c4a12e6cf7b1934dc10d8127969ac7e7b1	resourcelifetime	v2/token/jwt_test.go:644:15	resourcelifetime/missing-release	false-positive	memory-or-empty-http-body	present	present	still-reported	.build/resource-tightening-baseline/go-pkgz__auth__75e64963e4.json	.build/resource-tightening-v2/go-pkgz__auth__75e64963e4.json	v2	./token	0	0	Exact local test server only sets cookies/headers and WriteHeader200, with no body writes; default http.Get has no timeout wrapper, and zero Content-Length yields http.NoBody. No body resource is acquired; server.Close owns the connection lifecycle. Reassessment: Retain unresolved: exact transport, request, handler and timeout/body-wrapper provenance are needed; HEAD, status code or method name alone cannot remove the obligation.
53	kube-burner/kube-burner	770a335598d565d7c9e4fa9a481ae86bbe8f2e8d	resourcelifetime	pkg/util/cmd.go:49:15	resourcelifetime/missing-release	false-positive	retained-logging-output	absent	absent	already-absent	.build/resource-tightening-baseline/kube-burner__kube-burner__0c9172e230.json	.build/resource-tightening-v2/kube-burner__kube-burner__0c9172e230.json	.	./pkg/util	0	0	Opened logfile is wrapped with stdout in io.MultiWriter and installed into the global logrus logger through SetOutput. The logger retains it for subsequent logging, so this is an explicit process-logger handoff, not local ownership abandonment. Follow-up: Present in c9b65a6 baseline and absent in successful corrected replay. This site-level absence does not establish coverage of the whole evidence family.
53	norwoodj/helm-docs	a5573af096a4b526dcbc3c896c220b1714a0765b	resourcelifetime	pkg/helm/chart_info.go:241:21	resourcelifetime/missing-release	false-positive	correlated-error-or-guard	present	present	still-reported	.build/resource-tightening-baseline/norwoodj__helm-docs__c85766f8ad.json	.build/resource-tightening-v2/norwoodj__helm-docs__c85766f8ad.json	.	./pkg/helm	0	0	isErrorInReadingNecessaryFile returns true exactly when the supplied open error is nonnil; every successful os.Open reaches immediate defer valuesFile.Close. Missing helper error-predicate correlation. Reassessment: Retain unresolved: branch/error/flag correlation is not represented; no loop-count or whole-program feasibility expansion.
53	RedTeamPentesting/pretender	95e632e851ff25bca1ab45c3cb0c4efb71711e07	resourcelifetime	cli.go:376:13	resourcelifetime/missing-release	false-positive	returned-or-retained-owner	present	present	still-reported	.build/resource-tightening-baseline/RedTeamPentesting__pretender__82b6ec2c9f.json	.build/resource-tightening-v2/RedTeamPentesting__pretender__82b6ec2c9f.json	.	./.	0	0	configFromCLI stores the file in returned logger.LogFile on every post-acquisition return, including error returns. main calls logger.Close on both error and success paths; Logger.Close closes that exact field. Returning an owner alongside an error still transfers ownership here. Reassessment: Retain unresolved unless replay establishes absence: returned views and lifecycle-owning wrappers must remain distinct; ownership cannot be guessed from names.
53	uniqush/uniqush-push	b3c23fe0271ecf428cf78197c59711bcd05eb88f	resourcelifetime	configparser.go:169:18	resourcelifetime/missing-release	false-positive	returned-or-retained-owner	present	present	still-reported	.build/resource-tightening-baseline/uniqush__uniqush-push__18d68d55d8.json	.build/resource-tightening-v2/uniqush__uniqush-push__18d68d55d8.json	.	./.	0	0	LoadLoggers passes the successful logfile through loadLogger into every returned logger. NewLogger retains the exact writer in logger.writer and per-level standard loggers; the descriptor belongs to the returned long-lived logging objects, not this configuration function's local lifetime. Reassessment: Retain unresolved unless replay establishes absence: returned views and lifecycle-owning wrappers must remain distinct; ownership cannot be guessed from names.
53	vishen/go-chromecast	5dd70bb91787fe28e3d8946682c66cb2a1d61d21	resourcelifetime	application/application.go:728:15	resourcelifetime/missing-release	false-positive	memory-or-empty-http-body	present	present	still-reported	.build/resource-tightening-baseline/vishen__go-chromecast__8d4b87bf08.json	.build/resource-tightening-v2/vishen__go-chromecast__8d4b87bf08.json	.	./application	0	0	Exact HEAD request uses a fresh default-transport client with no Timeout; HTTP transport supplies NoBody and releases connection independently. Reading only Content-Type does not abandon an acquired body resource. Reassessment: Retain unresolved: exact transport, request, handler and timeout/body-wrapper provenance are needed; HEAD, status code or method name alone cannot remove the obligation.
53	wind-c/comqtt	11282b91abb06d5169b857a2c38fad5d54502050	resourcelifetime	plugin/auth/http/http.go:106:15	resourcelifetime/missing-release	false-positive	captured-cell-cleanup	present	absent	newly-absent	.build/resource-tightening-baseline/wind-c__comqtt__857cd5bea1.json	.build/resource-tightening-cli/wind-c__comqtt__857cd5bea1.json	.	./plugin/auth/http	0	0	A dominating deferred closure captures resp and closes its Body when nonnil. Exactly one mutually exclusive HTTP acquisition assigns resp, with no subsequent replacement before return; every success/error exit is covered. Captured-cell cleanup provenance gap. Reassessment: Retain unresolved: deferred captures observe later cell contents; neither historical alias nor a nil guard proves exact cleanup. Current follow-up: baseline target report verified; absent in successful all-enabled CLI replay after bounded acquisition/captured-cell narrowing.
53	wind-c/comqtt	11282b91abb06d5169b857a2c38fad5d54502050	resourcelifetime	plugin/auth/http/http.go:113:16	resourcelifetime/missing-release	false-positive	captured-cell-cleanup	present	absent	newly-absent	.build/resource-tightening-baseline/wind-c__comqtt__857cd5bea1.json	.build/resource-tightening-cli/wind-c__comqtt__857cd5bea1.json	.	./plugin/auth/http	0	0	A dominating deferred closure captures resp and closes its Body when nonnil. Exactly one mutually exclusive HTTP acquisition assigns resp, with no subsequent replacement before return; every success/error exit is covered. Captured-cell cleanup provenance gap. Reassessment: Retain unresolved: deferred captures observe later cell contents; neither historical alias nor a nil guard proves exact cleanup. Current follow-up: baseline target report verified; absent in successful all-enabled CLI replay after bounded acquisition/captured-cell narrowing.
53	wind-c/comqtt	11282b91abb06d5169b857a2c38fad5d54502050	resourcelifetime	plugin/auth/http/http.go:118:16	resourcelifetime/missing-release	false-positive	captured-cell-cleanup	present	absent	newly-absent	.build/resource-tightening-baseline/wind-c__comqtt__857cd5bea1.json	.build/resource-tightening-cli/wind-c__comqtt__857cd5bea1.json	.	./plugin/auth/http	0	0	A dominating deferred closure captures resp and closes its Body when nonnil. Exactly one mutually exclusive HTTP acquisition assigns resp, with no subsequent replacement before return; every success/error exit is covered. Captured-cell cleanup provenance gap. Reassessment: Retain unresolved: deferred captures observe later cell contents; neither historical alias nor a nil guard proves exact cleanup. Current follow-up: baseline target report verified; absent in successful all-enabled CLI replay after bounded acquisition/captured-cell narrowing.
53	wind-c/comqtt	11282b91abb06d5169b857a2c38fad5d54502050	resourcelifetime	plugin/auth/http/http.go:171:15	resourcelifetime/missing-release	false-positive	captured-cell-cleanup	present	absent	newly-absent	.build/resource-tightening-baseline/wind-c__comqtt__857cd5bea1.json	.build/resource-tightening-cli/wind-c__comqtt__857cd5bea1.json	.	./plugin/auth/http	0	0	A dominating deferred closure captures resp and closes its Body when nonnil. Exactly one mutually exclusive HTTP acquisition assigns resp, with no subsequent replacement before return; every success/error exit is covered. Captured-cell cleanup provenance gap. Reassessment: Retain unresolved: deferred captures observe later cell contents; neither historical alias nor a nil guard proves exact cleanup. Current follow-up: baseline target report verified; absent in successful all-enabled CLI replay after bounded acquisition/captured-cell narrowing.
53	wind-c/comqtt	11282b91abb06d5169b857a2c38fad5d54502050	resourcelifetime	plugin/auth/http/http.go:177:16	resourcelifetime/missing-release	false-positive	captured-cell-cleanup	present	absent	newly-absent	.build/resource-tightening-baseline/wind-c__comqtt__857cd5bea1.json	.build/resource-tightening-cli/wind-c__comqtt__857cd5bea1.json	.	./plugin/auth/http	0	0	A dominating deferred closure captures resp and closes its Body when nonnil. Exactly one mutually exclusive HTTP acquisition assigns resp, with no subsequent replacement before return; every success/error exit is covered. Captured-cell cleanup provenance gap. Reassessment: Retain unresolved: deferred captures observe later cell contents; neither historical alias nor a nil guard proves exact cleanup. Current follow-up: baseline target report verified; absent in successful all-enabled CLI replay after bounded acquisition/captured-cell narrowing.
53	wind-c/comqtt	11282b91abb06d5169b857a2c38fad5d54502050	resourcelifetime	plugin/auth/http/http.go:181:16	resourcelifetime/missing-release	false-positive	captured-cell-cleanup	present	absent	newly-absent	.build/resource-tightening-baseline/wind-c__comqtt__857cd5bea1.json	.build/resource-tightening-cli/wind-c__comqtt__857cd5bea1.json	.	./plugin/auth/http	0	0	A dominating deferred closure captures resp and closes its Body when nonnil. Exactly one mutually exclusive HTTP acquisition assigns resp, with no subsequent replacement before return; every success/error exit is covered. Captured-cell cleanup provenance gap. Reassessment: Retain unresolved: deferred captures observe later cell contents; neither historical alias nor a nil guard proves exact cleanup. Current follow-up: baseline target report verified; absent in successful all-enabled CLI replay after bounded acquisition/captured-cell narrowing.
53	XmirrorSecurity/OpenSCA-cli	7628bb0817054347d4d031292977ca059a78009a	resourcelifetime	opensca/walk/download.go:68:15	resourcelifetime/missing-release	false-positive	memory-or-empty-http-body	present	present	still-reported	.build/resource-tightening-baseline/XmirrorSecurity__OpenSCA-cli__87356922fa.json	.build/resource-tightening-v2/XmirrorSecurity__OpenSCA-cli__87356922fa.json	.	./opensca/walk	0	0	This exact request is HEAD and the configured standard transport returns NoBody; HttpDownloadClient has no Client.Timeout, and its only configuration hooks change TLS/proxy settings. The response has no body or client cancellation timer to release. Later GET bodies have separate explicit cleanup. Reassessment: Retain unresolved: exact transport, request, handler and timeout/body-wrapper provenance are needed; HEAD, status code or method name alone cannot remove the obligation.
54	aetaric/checkrr	323bef3c4acf9f775961d1cedeef476f1a7b2577	resourcelifetime	logging/log_unix.go:79:22	resourcelifetime/missing-release	false-positive	retained-logging-output	present	present	still-reported	.build/resource-tightening-baseline/aetaric__checkrr__cda877691a.json	.build/resource-tightening-v2/aetaric__checkrr__cda877691a.json	.	./logging	0	0	Created log file is assigned to out, installed via logrus.SetOutput, and that logger is appended to receiver logger.loggers for later logging. Explicit retained writer ownership is missed. Reassessment: Bounded uncertainty requires one possibly retaining wrapper around an aggregate positively containing the resource, then retention by a consumer. Arbitrary data dependence and longer handler/logger chains remain unresolved; discarded wrappers remain diagnostic.
54	aetaric/checkrr	323bef3c4acf9f775961d1cedeef476f1a7b2577	resourcelifetime	logging/log_unix.go:91:22	resourcelifetime/missing-release	false-positive	retained-logging-output	present	present	still-reported	.build/resource-tightening-baseline/aetaric__checkrr__cda877691a.json	.build/resource-tightening-v2/aetaric__checkrr__cda877691a.json	.	./logging	0	0	Append-mode log file transfers through out to the logrus logger stored in receiver logger.loggers; local return does not abandon the persistent logging output. Reassessment: Bounded uncertainty requires one possibly retaining wrapper around an aggregate positively containing the resource, then retention by a consumer. Arbitrary data dependence and longer handler/logger chains remain unresolved; discarded wrappers remain diagnostic.
54	agola-io/agola	a5ca7877e3b77d38c6fd24a0f16d7267fc2dea12	resourcelifetime	tests/api_test.go:3137:12	resourcelifetime/missing-release	false-positive	returned-or-retained-owner	present	present	still-reported	.build/resource-tightening-baseline/agola-io__agola__fc5e35a8a9.json	.build/resource-tightening-v2/agola-io__agola__fc5e35a8a9.json	.	./tests	0	0	Import passes exact *os.File into HTTP request body; already successful calls establish same immutable client URL is valid, fixed POST path and nonnil ctx reach client.Do, which closes request body including request errors. Reassessment: Retain unresolved unless replay establishes absence: returned views and lifecycle-owning wrappers must remain distinct; ownership cannot be guessed from names.
54	antonmedv/gitmal	83be9ddcf82e8a90ea50a9d54c1ebfc3e22ace16	resourcelifetime	blob.go:106:16	resourcelifetime/missing-release	false-positive	correlated-error-or-guard	present	present	still-reported	.build/resource-tightening-baseline/antonmedv__gitmal__a4e970b06a.json	.build/resource-tightening-v2/antonmedv__gitmal__a4e970b06a.json	.	./.	0	0	Local check helper returns exactly err!=nil, despite error-channel/cancel side effects; successful Create cannot take error return and necessarily installs deferred exact file.Close. Reassessment: Retain unresolved: branch/error/flag correlation is not represented; no loop-count or whole-program feasibility expansion.
54	antonmedv/gitmal	83be9ddcf82e8a90ea50a9d54c1ebfc3e22ace16	resourcelifetime	blob.go:178:19	resourcelifetime/missing-release	false-positive	correlated-error-or-guard	present	present	still-reported	.build/resource-tightening-baseline/antonmedv__gitmal__a4e970b06a.json	.build/resource-tightening-v2/antonmedv__gitmal__a4e970b06a.json	.	./.	0	0	Local check helper returns exactly err!=nil, despite error-channel/cancel side effects; successful Create cannot take error return and necessarily installs deferred exact file.Close. Reassessment: Retain unresolved: branch/error/flag correlation is not represented; no loop-count or whole-program feasibility expansion.
54	antonmedv/gitmal	83be9ddcf82e8a90ea50a9d54c1ebfc3e22ace16	resourcelifetime	list.go:158:16	resourcelifetime/missing-release	false-positive	correlated-error-or-guard	present	present	still-reported	.build/resource-tightening-baseline/antonmedv__gitmal__a4e970b06a.json	.build/resource-tightening-v2/antonmedv__gitmal__a4e970b06a.json	.	./.	0	0	Local check helper returns exactly err!=nil, despite error-channel/cancel side effects; successful Create cannot take error return and necessarily installs deferred exact file.Close. Reassessment: Retain unresolved: branch/error/flag correlation is not represented; no loop-count or whole-program feasibility expansion.
54	bufbuild/hyperpb-go	c85bdcba306e6fed9747ff16efb1c5006a0defca	resourcelifetime	internal/tools/hypertest/exec.go:204:17	resourcelifetime/missing-release	false-positive	ssh-parent-completion	present	absent	newly-absent	.build/resource-tightening-baseline/bufbuild__hyperpb-go__03fa5671c1.json	.build/resource-tightening-cli/bufbuild__hyperpb-go__03fa5671c1.json	.	./internal/tools/hypertest	0	0	Cleanup command session is owned by the exact goph SSH client with dominating deferred Close; rmdir.Run completes before the earlier-registered parent close shuts the connection and all child channels. Parent-owned session cleanup is missed. Reassessment: Retain unresolved: the child session belongs to an exact parent connection; no broad Close-parent relation was inferred. Current follow-up: baseline target report verified; absent in successful all-enabled CLI replay after bounded acquisition/captured-cell narrowing.
54	bufbuild/hyperpb-go	c85bdcba306e6fed9747ff16efb1c5006a0defca	resourcelifetime	internal/tools/hypertest/exec.go:271:15	resourcelifetime/missing-release	false-positive	ssh-parent-completion	present	absent	newly-absent	.build/resource-tightening-baseline/bufbuild__hyperpb-go__03fa5671c1.json	.build/resource-tightening-cli/bufbuild__hyperpb-go__03fa5671c1.json	.	./internal/tools/hypertest	0	0	Benchmark SSH command sessions run synchronously and are covered by deferred Close on their exact parent SSH connection, whose mux shutdown closes every session channel; no session escapes beyond the parent lifetime. Reassessment: Retain unresolved: the child session belongs to an exact parent connection; no broad Close-parent relation was inferred. Current follow-up: baseline target report verified; absent in successful all-enabled CLI replay after bounded acquisition/captured-cell narrowing.
54	devfeel/dotweb	d5bf658955358d6b4aa98ae6c0c96b1609a3340b	resourcelifetime	server.go:579:14	resourcelifetime/missing-release	false-positive	returned-or-retained-owner	present	present	still-reported	.build/resource-tightening-baseline/devfeel__dotweb__a397e3178d.json	.build/resource-tightening-v2/devfeel__dotweb__a397e3178d.json	.	./.	0	0	The gzip writer is retained in the returned HTTP context response; releaseHttpContext later retrieves that exact wrapper and closes it after serving the request. Reassessment: Retain unresolved unless replay establishes absence: returned views and lifecycle-owning wrappers must remain distinct; ownership cannot be guessed from names.
54	hmans/beans	99260bf1a6bec3e395b629406b737f6418653a17	resourcelifetime	internal/graph/schema.resolvers.go:179:15	resourcelifetime/missing-release	false-positive	receiver-manager-ownership	present	absent	newly-absent	.build/resource-tightening-baseline/hmans__beans__56197af09f.json	.build/resource-tightening-cli/hmans__beans__56197af09f.json	.	./internal/graph	0	0	CreateWithCommand stores the session in TerminalMgr.sessions before returning; StopRun closes that exact session by ID, and manager shutdown owns the collection. The returned session is not an independently abandoned caller obligation. Reassessment: Retain unresolved: constructor-returned value may also be manager-owned; needs a positive retained-result relation rather than per-object caller cleanup. Current follow-up: baseline target report verified; absent in successful all-enabled CLI replay after bounded acquisition/captured-cell narrowing.
54	hmans/beans	99260bf1a6bec3e395b629406b737f6418653a17	resourcelifetime	internal/terminal/terminal_test.go:319:15	resourcelifetime/missing-release	false-positive	receiver-manager-ownership	present	absent	newly-absent	.build/resource-tightening-baseline/hmans__beans__79caaa3328.json	.build/resource-tightening-cli/hmans__beans__79caaa3328.json	.	./internal/terminal	0	0	CreateWithCommand stores the session in the manager map. Dominating defer mgr.Shutdown closes every retained session; replacement also closes the previous session before deleting it. The test does not abandon a separate local owner. Reassessment: Retain unresolved: constructor-returned value may also be manager-owned; needs a positive retained-result relation rather than per-object caller cleanup. Current follow-up: baseline target report verified; absent in successful all-enabled CLI replay after bounded acquisition/captured-cell narrowing.
54	hmans/beans	99260bf1a6bec3e395b629406b737f6418653a17	resourcelifetime	internal/terminal/terminal_test.go:354:15	resourcelifetime/missing-release	false-positive	receiver-manager-ownership	present	absent	newly-absent	.build/resource-tightening-baseline/hmans__beans__79caaa3328.json	.build/resource-tightening-cli/hmans__beans__79caaa3328.json	.	./internal/terminal	0	0	CreateWithCommand stores the session in the manager map. Dominating defer mgr.Shutdown closes every retained session; replacement also closes the previous session before deleting it. The test does not abandon a separate local owner. Reassessment: Retain unresolved: constructor-returned value may also be manager-owned; needs a positive retained-result relation rather than per-object caller cleanup. Current follow-up: baseline target report verified; absent in successful all-enabled CLI replay after bounded acquisition/captured-cell narrowing.
54	hmans/beans	99260bf1a6bec3e395b629406b737f6418653a17	resourcelifetime	internal/terminal/terminal_test.go:376:16	resourcelifetime/missing-release	false-positive	receiver-manager-ownership	present	absent	newly-absent	.build/resource-tightening-baseline/hmans__beans__79caaa3328.json	.build/resource-tightening-cli/hmans__beans__79caaa3328.json	.	./internal/terminal	0	0	CreateWithCommand stores the session in the manager map. Dominating defer mgr.Shutdown closes every retained session; replacement also closes the previous session before deleting it. The test does not abandon a separate local owner. Reassessment: Retain unresolved: constructor-returned value may also be manager-owned; needs a positive retained-result relation rather than per-object caller cleanup. Current follow-up: baseline target report verified; absent in successful all-enabled CLI replay after bounded acquisition/captured-cell narrowing.
54	hmans/beans	99260bf1a6bec3e395b629406b737f6418653a17	resourcelifetime	internal/terminal/terminal_test.go:381:16	resourcelifetime/missing-release	false-positive	receiver-manager-ownership	present	absent	newly-absent	.build/resource-tightening-baseline/hmans__beans__79caaa3328.json	.build/resource-tightening-cli/hmans__beans__79caaa3328.json	.	./internal/terminal	0	0	CreateWithCommand stores the session in the manager map. Dominating defer mgr.Shutdown closes every retained session; replacement also closes the previous session before deleting it. The test does not abandon a separate local owner. Reassessment: Retain unresolved: constructor-returned value may also be manager-owned; needs a positive retained-result relation rather than per-object caller cleanup. Current follow-up: baseline target report verified; absent in successful all-enabled CLI replay after bounded acquisition/captured-cell narrowing.
54	hmans/beans	99260bf1a6bec3e395b629406b737f6418653a17	resourcelifetime	internal/terminal/terminal_test.go:402:15	resourcelifetime/missing-release	false-positive	receiver-manager-ownership	present	absent	newly-absent	.build/resource-tightening-baseline/hmans__beans__79caaa3328.json	.build/resource-tightening-cli/hmans__beans__79caaa3328.json	.	./internal/terminal	0	0	CreateWithCommand stores the session in the manager map. Dominating defer mgr.Shutdown closes every retained session; replacement also closes the previous session before deleting it. The test does not abandon a separate local owner. Reassessment: Retain unresolved: constructor-returned value may also be manager-owned; needs a positive retained-result relation rather than per-object caller cleanup. Current follow-up: baseline target report verified; absent in successful all-enabled CLI replay after bounded acquisition/captured-cell narrowing.
54	karust/openserp	29c7b0fbe09640160efcfc1f1e04e60e0fbe60e9	resourcelifetime	core/logger.go:274:13	resourcelifetime/missing-release	false-positive	retained-logging-output	absent	absent	already-absent	.build/resource-tightening-baseline/karust__openserp__c58a5d44a8.json	.build/resource-tightening-v2/karust__openserp__c58a5d44a8.json	.	./core	0	0	Opened logfile is retained by io.MultiWriter passed to global logrus.SetOutput; InitLogger transfers output ownership rather than abandoning a local file. Follow-up: Present in c9b65a6 baseline and absent in successful corrected replay. This site-level absence does not establish coverage of the whole evidence family.
54	londek/ipadecrypt	4a103920afb05a522f5a5142636ee8d4b24c00b6	resourcelifetime	cmd/ipadecrypt/decrypt.go:228:14	resourcelifetime/missing-release	false-positive	retained-callback-cleanup	present	absent	newly-absent	.build/resource-tightening-baseline/londek__ipadecrypt__dd9bcd3ee2.json	.build/resource-tightening-cli/londek__ipadecrypt__dd9bcd3ee2.json	.	./cmd/ipadecrypt	0	0	Successful device connection immediately registers dev.Close in a fresh cleanupStack with dominating defer run; run drains registered callbacks in reverse order. Explicit cleanup callback ownership is missed. Reassessment: Retain unresolved unless replay establishes absence: callback registration/once/stack invocation is not unconditional cleanup by itself. Current follow-up: baseline target report verified; absent in successful all-enabled CLI replay after bounded acquisition/captured-cell narrowing.
54	m13253/dns-over-https	82c5f0d3277d258534782c8f827be51bacadec70	resourcelifetime	doh-client/selector/lvsWRRSelector.go:94:19	resourcelifetime/missing-release	false-positive	correlated-error-or-guard	present	present	still-reported	.build/resource-tightening-baseline/m13253__dns-over-https__f5dc5af984.json	.build/resource-tightening-v2/m13253__dns-over-https__f5dc5af984.json	.	./doh-client/selector	0	0	Add accepts and stores only Google or IETF upstream types; both switch arms call a response helper with a dominating Body.Close defer, so the apparent no-arm leak is infeasible. Reassessment: Retain unresolved: branch/error/flag correlation is not represented; no loop-count or whole-program feasibility expansion.
54	m13253/dns-over-https	82c5f0d3277d258534782c8f827be51bacadec70	resourcelifetime	doh-client/selector/nginxWRRSelector.go:87:19	resourcelifetime/missing-release	false-positive	correlated-error-or-guard	present	present	still-reported	.build/resource-tightening-baseline/m13253__dns-over-https__f5dc5af984.json	.build/resource-tightening-v2/m13253__dns-over-https__f5dc5af984.json	.	./doh-client/selector	0	0	Add accepts only Google or IETF upstream types; both response-handler arms defer exact Body.Close, making the apparent unmatched-type cleanup omission infeasible. Reassessment: Retain unresolved: branch/error/flag correlation is not represented; no loop-count or whole-program feasibility expansion.
54	megaease/easeprobe	5396580193dfbc305f5586e5c1588010fdcc3e13	resourcelifetime	daemon/daemon_test.go:117:14	resourcelifetime/missing-release	false-positive	fixture-prevents-acquisition	present	present	still-reported	.build/resource-tightening-baseline/megaease__easeprobe__a314e9d5cc.json	.build/resource-tightening-v2/megaease__easeprobe__a314e9d5cc.json	.	./daemon	0	0	The patched WriteFile always fails, so NewPIDFile returns before opening pidFd; there is no acquired handle on this call. Reassessment: Retain unresolved: a test expectation alone is not a proof; requires exact constructor/transport or fixture-state feasibility.
54	megaease/easeprobe	5396580193dfbc305f5586e5c1588010fdcc3e13	resourcelifetime	daemon/daemon_test.go:127:14	resourcelifetime/missing-release	false-positive	fixture-prevents-acquisition	present	present	still-reported	.build/resource-tightening-baseline/megaease__easeprobe__a314e9d5cc.json	.build/resource-tightening-v2/megaease__easeprobe__a314e9d5cc.json	.	./daemon	0	0	The failing WriteFile patch remains active, and the MkdirAll patch also fails; this NewPIDFile call cannot acquire pidFd. Reassessment: Retain unresolved: a test expectation alone is not a proof; requires exact constructor/transport or fixture-state feasibility.
54	megaease/easeprobe	5396580193dfbc305f5586e5c1588010fdcc3e13	resourcelifetime	daemon/daemon_test.go:136:14	resourcelifetime/missing-release	false-positive	fixture-prevents-acquisition	present	present	still-reported	.build/resource-tightening-baseline/megaease__easeprobe__a314e9d5cc.json	.build/resource-tightening-v2/megaease__easeprobe__a314e9d5cc.json	.	./daemon	0	0	The patched Stat fails with a non-NotExist error, so NewPIDFile returns before file acquisition. Reassessment: Retain unresolved: a test expectation alone is not a proof; requires exact constructor/transport or fixture-state feasibility.
54	megaease/easeprobe	5396580193dfbc305f5586e5c1588010fdcc3e13	resourcelifetime	daemon/daemon_test.go:98:15	resourcelifetime/missing-release	false-positive	fixture-prevents-acquisition	present	present	still-reported	.build/resource-tightening-baseline/megaease__easeprobe__a314e9d5cc.json	.build/resource-tightening-v2/megaease__easeprobe__a314e9d5cc.json	.	./daemon	0	0	The empty filename is rejected at NewPIDFile entry before any resource acquisition. Reassessment: Retain unresolved: a test expectation alone is not a proof; requires exact constructor/transport or fixture-state feasibility.
54	murphysecurity/murphysec	59d5cdc9a53a9e7940250aa30ea4434d0e258c40	resourcelifetime	module/python/utils.go:19:10	resourcelifetime/missing-release	false-positive	captured-cell-cleanup	present	absent	newly-absent	.build/resource-tightening-baseline/murphysecurity__murphysec__b7560097e9.json	.build/resource-tightening-cli/murphysecurity__murphysec__b7560097e9.json	.	./module/python	0	3	Dominating deferred closure closes current f; fallback explicitly closes first file before replacing f with reopened file, which same deferred closure then closes. Reassessment: Retain unresolved: deferred captures observe later cell contents; neither historical alias nor a nil guard proves exact cleanup. Current follow-up: baseline target report verified; absent in successful all-enabled CLI replay after bounded acquisition/captured-cell narrowing.
54	nalgeon/codapi	079d3a455c2d5ce342323e4724d73846ff973bd0	resourcelifetime	internal/server/server_test.go:19:15	resourcelifetime/missing-release	false-positive	memory-or-empty-http-body	present	present	still-reported	.build/resource-tightening-baseline/nalgeon__codapi__e0491e8369.json	.build/resource-tightening-v2/nalgeon__codapi__e0491e8369.json	.	./internal/server	0	0	Local exact handler only WriteHeader200, yielding zero-length response and http.NoBody with default http.Get and no client deadline; no acquired body resource needs cleanup. Server shutdown separately joins serving goroutine. Reassessment: Retain unresolved: exact transport, request, handler and timeout/body-wrapper provenance are needed; HEAD, status code or method name alone cannot remove the obligation.
54	ozontech/file.d	5379bc2005906fde3aa0a05f6bf574dcd7111404	resourcelifetime	plugin/input/file/provider.go:382:15	resourcelifetime/missing-release	false-positive	receiver-manager-ownership	present	present	still-reported	.build/resource-tightening-baseline/ozontech__file.d__efda37b24e.json	.build/resource-tightening-v2/ozontech__file.d__efda37b24e.json	.	./plugin/input/file	0	0	addJob closes the exact file on the duplicate branch; otherwise it stores it in a new Job retained in jp.jobs. This is an explicit receiver-owned lifecycle transfer, not abandonment by the open helper. Reassessment: Retain unresolved: constructor-returned value may also be manager-owned; needs a positive retained-result relation rather than per-object caller cleanup.
54	protomaps/go-pmtiles	a3e4951ea6a0477b784c27c1dcbfd9c130878c5a	resourcelifetime	pmtiles/sync.go:249:16	resourcelifetime/missing-release	false-positive	memory-or-empty-http-body	present	present	still-reported	.build/resource-tightening-baseline/protomaps__go-pmtiles__56d8937da5.json	.build/resource-tightening-v2/protomaps__go-pmtiles__56d8937da5.json	.	./pmtiles	0	0	This exact HEAD uses the fresh standard zero-timeout client; the standard transport supplies NoBody with no client-timeout cancellation wrapper. Reassessment: Retain unresolved: exact transport, request, handler and timeout/body-wrapper provenance are needed; HEAD, status code or method name alone cannot remove the obligation.
54	quackduck/devzat	a4a1be9e0dd5c7d771462970aa8359ae4b918c12	resourcelifetime	config.go:114:18	resourcelifetime/missing-release	false-positive	retained-logging-output	absent	absent	already-absent	.build/resource-tightening-baseline/quackduck__devzat__7491b891b7.json	.build/resource-tightening-v2/quackduck__devzat__7491b891b7.json	.	./.	0	0	Exact logfile is retained by io.MultiWriter installed on global Log.SetOutput; logger initialization transfers ownership to a persistent output. Follow-up: Present in c9b65a6 baseline and absent in successful corrected replay. This site-level absence does not establish coverage of the whole evidence family.
54	restic/rest-server	ca666baf9c65b18a6816ebd4f6ad5893e8921d61	resourcelifetime	mux.go:31:20	resourcelifetime/missing-release	false-positive	returned-or-retained-owner	present	present	still-reported	.build/resource-tightening-baseline/restic__rest-server__482431e2bd.json	.build/resource-tightening-v2/restic__rest-server__482431e2bd.json	.	./.	0	0	Opened accessLog is captured by returned gorilla CombinedLoggingHandler; handler retains writer for later requests rather than abandoning local ownership. Reassessment: Retain unresolved unless replay establishes absence: returned views and lifecycle-owning wrappers must remain distinct; ownership cannot be guessed from names.
54	subtrace/subtrace	e3e3546b367ecc23d5fe5642491526ee969a6ff2	resourcelifetime	logging/logging.go:51:13	resourcelifetime/missing-release	false-positive	retained-logging-output	present	present	still-reported	.build/resource-tightening-baseline/subtrace__subtrace__2ad71192d3.json	.build/resource-tightening-v2/subtrace__subtrace__2ad71192d3.json	.	./logging	0	0	Init passes the selected file through slog.NewTextHandler and slog.New into slog.SetDefault. The global logger retains that exact writer for future logging; it is not abandoned at Init return. Reassessment: Bounded uncertainty requires one possibly retaining wrapper around an aggregate positively containing the resource, then retention by a consumer. Arbitrary data dependence and longer handler/logger chains remain unresolved; discarded wrappers remain diagnostic.
54	talostrading/sonic	fa70f8c39b9eea68e782c4c7f3604fe232d4301c	resourcelifetime	multicast/peer_ipv4_test.go:1926:12	resourcelifetime/missing-release	false-positive	vacuous-cleanup-summary	absent	absent	already-absent	.build/resource-tightening-baseline/talostrading__sonic__4797d46778.json	.build/resource-tightening-v2/talostrading__sonic__4797d46778.json	.	./multicast	0	0	Exact successful NewUDPPeer result is explicitly closed or deferred closed; UDPPeer.Close guards fresh p.closed then closes p.socket. Constructor-internal error leaks return nil and are a separate callee defect, not an unfulfilled caller cleanup. Follow-up: Present in c9b65a6 baseline and absent in successful corrected replay. This site-level absence does not establish coverage of the whole evidence family.
54	talostrading/sonic	fa70f8c39b9eea68e782c4c7f3604fe232d4301c	resourcelifetime	multicast/peer_ipv4_test.go:211:16	resourcelifetime/missing-release	false-positive	vacuous-cleanup-summary	absent	absent	already-absent	.build/resource-tightening-baseline/talostrading__sonic__4797d46778.json	.build/resource-tightening-v2/talostrading__sonic__4797d46778.json	.	./multicast	0	0	Exact successful NewUDPPeer result is explicitly closed or deferred closed; UDPPeer.Close guards fresh p.closed then closes p.socket. Constructor-internal error leaks return nil and are a separate callee defect, not an unfulfilled caller cleanup. Follow-up: Present in c9b65a6 baseline and absent in successful corrected replay. This site-level absence does not establish coverage of the whole evidence family.
54	talostrading/sonic	fa70f8c39b9eea68e782c4c7f3604fe232d4301c	resourcelifetime	multicast/peer_ipv4_test.go:232:15	resourcelifetime/missing-release	false-positive	vacuous-cleanup-summary	absent	absent	already-absent	.build/resource-tightening-baseline/talostrading__sonic__4797d46778.json	.build/resource-tightening-v2/talostrading__sonic__4797d46778.json	.	./multicast	0	0	Exact successful NewUDPPeer result is explicitly closed or deferred closed; UDPPeer.Close guards fresh p.closed then closes p.socket. Constructor-internal error leaks return nil and are a separate callee defect, not an unfulfilled caller cleanup. Follow-up: Present in c9b65a6 baseline and absent in successful corrected replay. This site-level absence does not establish coverage of the whole evidence family.
54	talostrading/sonic	fa70f8c39b9eea68e782c4c7f3604fe232d4301c	resourcelifetime	multicast/peer_ipv4_test.go:248:15	resourcelifetime/missing-release	false-positive	vacuous-cleanup-summary	absent	absent	already-absent	.build/resource-tightening-baseline/talostrading__sonic__4797d46778.json	.build/resource-tightening-v2/talostrading__sonic__4797d46778.json	.	./multicast	0	0	Exact successful NewUDPPeer result is explicitly closed or deferred closed; UDPPeer.Close guards fresh p.closed then closes p.socket. Constructor-internal error leaks return nil and are a separate callee defect, not an unfulfilled caller cleanup. Follow-up: Present in c9b65a6 baseline and absent in successful corrected replay. This site-level absence does not establish coverage of the whole evidence family.
54	talostrading/sonic	fa70f8c39b9eea68e782c4c7f3604fe232d4301c	resourcelifetime	multicast/peer_ipv4_test.go:442:15	resourcelifetime/missing-release	false-positive	vacuous-cleanup-summary	absent	absent	already-absent	.build/resource-tightening-baseline/talostrading__sonic__4797d46778.json	.build/resource-tightening-v2/talostrading__sonic__4797d46778.json	.	./multicast	0	0	Exact successful NewUDPPeer result is explicitly closed or deferred closed; UDPPeer.Close guards fresh p.closed then closes p.socket. Constructor-internal error leaks return nil and are a separate callee defect, not an unfulfilled caller cleanup. Follow-up: Present in c9b65a6 baseline and absent in successful corrected replay. This site-level absence does not establish coverage of the whole evidence family.
54	talostrading/sonic	fa70f8c39b9eea68e782c4c7f3604fe232d4301c	resourcelifetime	multicast/peer_ipv4_test.go:459:15	resourcelifetime/missing-release	false-positive	vacuous-cleanup-summary	absent	absent	already-absent	.build/resource-tightening-baseline/talostrading__sonic__4797d46778.json	.build/resource-tightening-v2/talostrading__sonic__4797d46778.json	.	./multicast	0	0	Exact successful NewUDPPeer result is explicitly closed or deferred closed; UDPPeer.Close guards fresh p.closed then closes p.socket. Constructor-internal error leaks return nil and are a separate callee defect, not an unfulfilled caller cleanup. Follow-up: Present in c9b65a6 baseline and absent in successful corrected replay. This site-level absence does not establish coverage of the whole evidence family.
54	talostrading/sonic	fa70f8c39b9eea68e782c4c7f3604fe232d4301c	resourcelifetime	multicast/peer_ipv4_test.go:517:15	resourcelifetime/missing-release	false-positive	vacuous-cleanup-summary	absent	absent	already-absent	.build/resource-tightening-baseline/talostrading__sonic__4797d46778.json	.build/resource-tightening-v2/talostrading__sonic__4797d46778.json	.	./multicast	0	0	Exact successful NewUDPPeer result is explicitly closed or deferred closed; UDPPeer.Close guards fresh p.closed then closes p.socket. Constructor-internal error leaks return nil and are a separate callee defect, not an unfulfilled caller cleanup. Follow-up: Present in c9b65a6 baseline and absent in successful corrected replay. This site-level absence does not establish coverage of the whole evidence family.
54	talostrading/sonic	fa70f8c39b9eea68e782c4c7f3604fe232d4301c	resourcelifetime	multicast/peer_ipv6_test.go:26:16	resourcelifetime/missing-release	false-positive	vacuous-cleanup-summary	absent	absent	already-absent	.build/resource-tightening-baseline/talostrading__sonic__4797d46778.json	.build/resource-tightening-v2/talostrading__sonic__4797d46778.json	.	./multicast	0	0	Exact successful NewUDPPeer result is explicitly closed or deferred closed; UDPPeer.Close guards fresh p.closed then closes p.socket. Constructor-internal error leaks return nil and are a separate callee defect, not an unfulfilled caller cleanup. Follow-up: Present in c9b65a6 baseline and absent in successful corrected replay. This site-level absence does not establish coverage of the whole evidence family.
54	talostrading/sonic	fa70f8c39b9eea68e782c4c7f3604fe232d4301c	resourcelifetime	multicast/peer_ipv6_test.go:41:16	resourcelifetime/missing-release	false-positive	vacuous-cleanup-summary	absent	absent	already-absent	.build/resource-tightening-baseline/talostrading__sonic__4797d46778.json	.build/resource-tightening-v2/talostrading__sonic__4797d46778.json	.	./multicast	0	0	Exact successful NewUDPPeer result is explicitly closed or deferred closed; UDPPeer.Close guards fresh p.closed then closes p.socket. Constructor-internal error leaks return nil and are a separate callee defect, not an unfulfilled caller cleanup. Follow-up: Present in c9b65a6 baseline and absent in successful corrected replay. This site-level absence does not establish coverage of the whole evidence family.
54	talostrading/sonic	fa70f8c39b9eea68e782c4c7f3604fe232d4301c	resourcelifetime	multicast/peer_ipv6_test.go:56:16	resourcelifetime/missing-release	false-positive	vacuous-cleanup-summary	absent	absent	already-absent	.build/resource-tightening-baseline/talostrading__sonic__4797d46778.json	.build/resource-tightening-v2/talostrading__sonic__4797d46778.json	.	./multicast	0	0	Exact successful NewUDPPeer result is explicitly closed or deferred closed; UDPPeer.Close guards fresh p.closed then closes p.socket. Constructor-internal error leaks return nil and are a separate callee defect, not an unfulfilled caller cleanup. Follow-up: Present in c9b65a6 baseline and absent in successful corrected replay. This site-level absence does not establish coverage of the whole evidence family.
54	talostrading/sonic	fa70f8c39b9eea68e782c4c7f3604fe232d4301c	resourcelifetime	multicast/peer_ipv6_test.go:71:16	resourcelifetime/missing-release	false-positive	vacuous-cleanup-summary	absent	absent	already-absent	.build/resource-tightening-baseline/talostrading__sonic__4797d46778.json	.build/resource-tightening-v2/talostrading__sonic__4797d46778.json	.	./multicast	0	0	Exact successful NewUDPPeer result is explicitly closed or deferred closed; UDPPeer.Close guards fresh p.closed then closes p.socket. Constructor-internal error leaks return nil and are a separate callee defect, not an unfulfilled caller cleanup. Follow-up: Present in c9b65a6 baseline and absent in successful corrected replay. This site-level absence does not establish coverage of the whole evidence family.
54	zhenorzz/goploy	436d5e3f34718eb53e123e58d46e35857709a9dd	resourcelifetime	config/log.go:37:18	resourcelifetime/missing-release	false-positive	retained-logging-output	present	present	still-reported	.build/resource-tightening-baseline/zhenorzz__goploy__eef6610bd7.json	.build/resource-tightening-v2/zhenorzz__goploy__eef6610bd7.json	.	./config	0	0	The file is installed as the global logrus output and retained for logging beyond SetDefault; a local Close would invalidate that owner. Reassessment: Bounded uncertainty requires one possibly retaining wrapper around an aggregate positively containing the resource, then retention by a consumer. Arbitrary data dependence and longer handler/logger chains remain unresolved; discarded wrappers remain diagnostic.
55	cep21/circuit	076289099fe63d129cfa553c0d1d8c32b3ed8516	resourcelifetime	example_test.go:40:16	resourcelifetime/missing-release	false-positive	request-context-completion	present	present	still-reported	.build/resource-tightening-baseline/cep21__circuit__dbc2ca7fd0.json	.build/resource-tightening-v2/cep21__circuit__dbc2ca7fd0.json	.	./.	0	0	Local httptest handler always writes 200 hello world; success Copy then Close. Copy error returns to Circuit.run, whose configured deadline context is always canceled on return, terminating exact request transport/body. Non-2xx branches do not match this handler. Reassessment: Retain unresolved: exact request transport completion on callback context cancellation is needed, not generic context use.
55	Deep-ai-inc/ch.at	f888890e77f3d766c67be2544371d8c3b7a14fa5	resourcelifetime	cmd/selftest/main.go:115:15	resourcelifetime/missing-release	false-positive	paired-helper-cleanup	absent	absent	already-absent	.build/resource-tightening-baseline/Deep-ai-inc__ch.at__750089f2ad.json	.build/resource-tightening-v2/Deep-ai-inc__ch.at__750089f2ad.json	.	./cmd/selftest	0	0	Exact response/error pair is passed to checkResponse, which defers resp.Body.Close on successful HTTP operation. Client error means no live body requiring helper cleanup (redirect error body already closed). Follow-up: Present in c9b65a6 baseline and absent in successful corrected replay. This site-level absence does not establish coverage of the whole evidence family.
55	Deep-ai-inc/ch.at	f888890e77f3d766c67be2544371d8c3b7a14fa5	resourcelifetime	cmd/selftest/main.go:122:14	resourcelifetime/missing-release	false-positive	paired-helper-cleanup	absent	absent	already-absent	.build/resource-tightening-baseline/Deep-ai-inc__ch.at__750089f2ad.json	.build/resource-tightening-v2/Deep-ai-inc__ch.at__750089f2ad.json	.	./cmd/selftest	0	0	Exact response/error pair is passed to checkResponse, which defers resp.Body.Close on successful HTTP operation. Client error means no live body requiring helper cleanup (redirect error body already closed). Follow-up: Present in c9b65a6 baseline and absent in successful corrected replay. This site-level absence does not establish coverage of the whole evidence family.
55	Deep-ai-inc/ch.at	f888890e77f3d766c67be2544371d8c3b7a14fa5	resourcelifetime	cmd/selftest/main.go:129:14	resourcelifetime/missing-release	false-positive	paired-helper-cleanup	absent	absent	already-absent	.build/resource-tightening-baseline/Deep-ai-inc__ch.at__750089f2ad.json	.build/resource-tightening-v2/Deep-ai-inc__ch.at__750089f2ad.json	.	./cmd/selftest	0	0	Exact response/error pair is passed to checkResponse, which defers resp.Body.Close on successful HTTP operation. Client error means no live body requiring helper cleanup (redirect error body already closed). Follow-up: Present in c9b65a6 baseline and absent in successful corrected replay. This site-level absence does not establish coverage of the whole evidence family.
55	deweizhu/bookget	2cdbf6d6c3ce70355a5c4411c0faf3450e9ae877	resourcelifetime	pkg/downloader/downloader.go:522:15	resourcelifetime/missing-release	false-positive	memory-or-empty-http-body	present	present	still-reported	.build/resource-tightening-baseline/deweizhu__bookget__506679d59a.json	.build/resource-tightening-v2/deweizhu__bookget__506679d59a.json	.	./pkg/downloader	0	0	Missing Close concerns non-200 HEAD response from default no-timeout client; protocol returns NoBody. Subsequent fallback range GET has its own deferred Body.Close, so body-bearing response is not abandoned. Reassessment: Retain unresolved: exact transport, request, handler and timeout/body-wrapper provenance are needed; HEAD, status code or method name alone cannot remove the obligation.
55	doitintl/kube-no-trouble	2366d92156c0cf94c31453593368077f13c183b7	resourcelifetime	pkg/printer/csv_test.go:63:18	resourcelifetime/missing-release	false-positive	aggregate-cleanup	present	present	still-reported	.build/resource-tightening-baseline/doitintl__kube-no-trouble__468250b366.json	.build/resource-tightening-v2/doitintl__kube-no-trouble__468250b366.json	.	./pkg/printer	0	0	Literal first good-file subtest constructs printer with exact tmpFile in options then calls Close, which delegates to commonPrinter.Close and closes non-stdout file. Later case intentionally checks already-closed error; synchronous t.Run completes before enclosing return. Reassessment: Retain unresolved: cleanup through mixed fields or table collections requires exact value-to-element and invocation evidence.
55	doitintl/kube-no-trouble	2366d92156c0cf94c31453593368077f13c183b7	resourcelifetime	pkg/printer/json_test.go:75:18	resourcelifetime/missing-release	false-positive	aggregate-cleanup	present	present	still-reported	.build/resource-tightening-baseline/doitintl__kube-no-trouble__468250b366.json	.build/resource-tightening-v2/doitintl__kube-no-trouble__468250b366.json	.	./pkg/printer	0	0	Literal first good-file subtest constructs printer with exact tmpFile in options then calls Close, which delegates to commonPrinter.Close and closes non-stdout file. Later case intentionally checks already-closed error; synchronous t.Run completes before enclosing return. Reassessment: Retain unresolved: cleanup through mixed fields or table collections requires exact value-to-element and invocation evidence.
55	doitintl/kube-no-trouble	2366d92156c0cf94c31453593368077f13c183b7	resourcelifetime	pkg/printer/printer_test.go:129:18	resourcelifetime/missing-release	false-positive	aggregate-cleanup	present	present	still-reported	.build/resource-tightening-baseline/doitintl__kube-no-trouble__468250b366.json	.build/resource-tightening-v2/doitintl__kube-no-trouble__468250b366.json	.	./pkg/printer	0	0	Literal first good-file subtest constructs printer with exact tmpFile in options then calls Close, which delegates to commonPrinter.Close and closes non-stdout file. Later case intentionally checks already-closed error; synchronous t.Run completes before enclosing return. Reassessment: Retain unresolved: cleanup through mixed fields or table collections requires exact value-to-element and invocation evidence.
55	doitintl/kube-no-trouble	2366d92156c0cf94c31453593368077f13c183b7	resourcelifetime	pkg/printer/printer_test.go:48:18	resourcelifetime/missing-release	false-positive	aggregate-cleanup	present	present	still-reported	.build/resource-tightening-baseline/doitintl__kube-no-trouble__468250b366.json	.build/resource-tightening-v2/doitintl__kube-no-trouble__468250b366.json	.	./pkg/printer	0	0	First good-file subtest newCommonPrinter retains exact options containing tmpFile; deferred got.Close runs at synchronous subtest exit and closes same file. Later stdout/nil entries do not undo cleanup. Reassessment: Retain unresolved: cleanup through mixed fields or table collections requires exact value-to-element and invocation evidence.
55	doitintl/kube-no-trouble	2366d92156c0cf94c31453593368077f13c183b7	resourcelifetime	pkg/printer/text_test.go:62:18	resourcelifetime/missing-release	false-positive	aggregate-cleanup	present	present	still-reported	.build/resource-tightening-baseline/doitintl__kube-no-trouble__468250b366.json	.build/resource-tightening-v2/doitintl__kube-no-trouble__468250b366.json	.	./pkg/printer	0	0	Literal first good-file subtest constructs printer with exact tmpFile in options then calls Close, which delegates to commonPrinter.Close and closes non-stdout file. Later case intentionally checks already-closed error; synchronous t.Run completes before enclosing return. Reassessment: Retain unresolved: cleanup through mixed fields or table collections requires exact value-to-element and invocation evidence.
55	emiago/sipgo	86ec9f7c7c9c6e9befff7592c700912faac52dc5	resourcelifetime	example/proxysip/main.go:101:13	resourcelifetime/missing-release	false-positive	returned-or-retained-owner	present	absent	newly-absent	.build/resource-tightening-baseline/emiago__sipgo__0f4a5a3c77.json	.build/resource-tightening-cli/emiago__sipgo__0f4a5a3c77.json	example/proxysip	./.	0	0	setupSipProxy returns server embedding exact UserAgent and callbacks retain same client/UA. Error before return can occur at address parsing before any transport connection opens; default NewUA constructors initialize pools/maps, not active I/O. Factory-local Close would invalidate returned server. Reassessment: Retain unresolved unless replay establishes absence: returned views and lifecycle-owning wrappers must remain distinct; ownership cannot be guessed from names. Current follow-up: baseline target report verified; absent in successful all-enabled CLI replay after bounded acquisition/captured-cell narrowing.
55	fastschema/fastschema	813349976c7cf4a884a995f6fcad9aace08b1541	resourcelifetime	pkg/zaplogger/zap.go:40:16	resourcelifetime/missing-release	false-positive	returned-or-retained-owner	present	present	still-reported	.build/resource-tightening-baseline/fastschema__fastschema__b4ad227f90.json	.build/resource-tightening-v2/fastschema__fastschema__b4ad227f90.json	.	./pkg/zaplogger	0	0	Opened file is retained by zapcore.AddSync writer, NewCore/NewTee, and returned ZapLogger for future logging. Local Close would break returned logger; retained logging ownership is not proof of abandoned file (Sync is not asserted to close it). Reassessment: Retain unresolved unless replay establishes absence: returned views and lifecycle-owning wrappers must remain distinct; ownership cannot be guessed from names.
55	go-dev-frame/sponge	beef9eecdc5e2dc6b1358f130d8e9133771c277b	resourcelifetime	pkg/aicli/gemini/client_test.go:53:17	resourcelifetime/missing-release	false-positive	constructor-without-live-resource	present	absent	newly-absent	.build/resource-tightening-baseline/go-dev-frame__sponge__cc4c045280.json	.build/resource-tightening-cli/go-dev-frame__sponge__cc4c045280.json	.	./pkg/aicli/gemini	0	3	Wrapper Close delegates to genai v0.19.0 Close, whose three cloud.google.com/go/ai v0.8.0 REST Close methods only nil httpClient, releasing no resource. Unreachable wrapper needs no such cleanup; separately allocated cache GRPC client is omitted by upstream Close, so this suggested cleanup cannot fix that upstream issue. Reassessment: Retain unresolved: type-level cleanup capability does not establish that this constructor returns an acquired live resource. Current follow-up: baseline target report verified; absent in successful all-enabled CLI replay after bounded acquisition/captured-cell narrowing.
55	go-dev-frame/sponge	beef9eecdc5e2dc6b1358f130d8e9133771c277b	resourcelifetime	pkg/aicli/gemini/client_test.go:69:17	resourcelifetime/missing-release	false-positive	constructor-without-live-resource	present	absent	newly-absent	.build/resource-tightening-baseline/go-dev-frame__sponge__cc4c045280.json	.build/resource-tightening-cli/go-dev-frame__sponge__cc4c045280.json	.	./pkg/aicli/gemini	0	3	Wrapper Close delegates to genai v0.19.0 Close, whose three cloud.google.com/go/ai v0.8.0 REST Close methods only nil httpClient, releasing no resource. Unreachable wrapper needs no such cleanup; separately allocated cache GRPC client is omitted by upstream Close, so this suggested cleanup cannot fix that upstream issue. Reassessment: Retain unresolved: type-level cleanup capability does not establish that this constructor returns an acquired live resource. Current follow-up: baseline target report verified; absent in successful all-enabled CLI replay after bounded acquisition/captured-cell narrowing.
55	google/codesearch	74a12a911a79b901d1158c48d011b2da1b090fc9	resourcelifetime	cmd/csearch/csearch.go:163:23	resourcelifetime/missing-release	false-positive	process-bounded-lifetime	present	present	still-reported	.build/resource-tightening-baseline/google__codesearch__465c97b0fc.json	.build/resource-tightening-v2/google__codesearch__465c97b0fc.json	.	./cmd/csearch	0	0	Last zip reader remains until command completion, but exact sole main caller invokes Main then immediately os.Exit based on matches. No reuse or continuing work follows helper return; OS releases final command-lifetime descriptor. HTTP csweb counterpart is a distinct repeated-lifecycle defect. Reassessment: Retain unresolved: one-shot process termination and reusable helper lifetimes differ; no blanket main/test exemption.
55	lich0821/ccNexus	55887d232555f94ea4db621a5a7e65430eebf0d7	resourcelifetime	internal/transformer/tool_chain.go:121:15	resourcelifetime/missing-release	false-positive	returned-or-retained-owner	present	present	still-reported	.build/resource-tightening-baseline/lich0821__ccNexus__4474267183.json	.build/resource-tightening-v2/lich0821__ccNexus__4474267183.json	.	./internal/transformer	0	0	ExecuteChain closes body on non-OK error branch and returns exact resp.Body as io.Reader on success. Underlying ReadCloser escapes to caller; interface narrowing is not proof of a local abandoned owner (no callers found). Reassessment: Retain unresolved unless replay establishes absence: returned views and lifecycle-owning wrappers must remain distinct; ownership cannot be guessed from names.
55	life4/enc	853bf70379f698b65e4415876c014378be90e021	resourcelifetime	cmd/helpers.go:29:13	resourcelifetime/missing-release	false-positive	exact-error-sentinel	absent	absent	already-absent	.build/resource-tightening-baseline/life4__enc__6d19f8acaa.json	.build/resource-tightening-v2/life4__enc__6d19f8acaa.json	.	./cmd	0	0	Open is followed by err==os.ErrNotExist and err!=nil returns; successful acquisition necessarily bypasses both and installs deferred f.Close. Raw nonnil sentinel equality creates an infeasible leak path; parsed key objects do not change cleanup. Follow-up: Present in c9b65a6 baseline and absent in successful corrected replay. This site-level absence does not establish coverage of the whole evidence family.
55	opencontainers/umoci	f5d1219acaf67127ebacf6306776d3ff465735ea	resourcelifetime	pkg/unpriv/unpriv_test.go:1008:11	resourcelifetime/missing-release	false-positive	fixture-prevents-acquisition	present	present	still-reported	.build/resource-tightening-baseline/opencontainers__umoci__531c057c83.json	.build/resource-tightening-v2/opencontainers__umoci__531c057c83.json	.	./pkg/unpriv	0	0	Permission-negative test skips root and makes ancestor directory 0555 or 0600 before discarded os.Create; required EACCES means no live file on intended executable path. Reassessment: Retain unresolved: a test expectation alone is not a proof; requires exact constructor/transport or fixture-state feasibility.
55	opencontainers/umoci	f5d1219acaf67127ebacf6306776d3ff465735ea	resourcelifetime	pkg/unpriv/unpriv_test.go:948:11	resourcelifetime/missing-release	false-positive	fixture-prevents-acquisition	present	present	still-reported	.build/resource-tightening-baseline/opencontainers__umoci__531c057c83.json	.build/resource-tightening-v2/opencontainers__umoci__531c057c83.json	.	./pkg/unpriv	0	0	Permission-negative test skips root and makes ancestor directory 0555 or 0600 before discarded os.Create; required EACCES means no live file on intended executable path. Reassessment: Retain unresolved: a test expectation alone is not a proof; requires exact constructor/transport or fixture-state feasibility.
55	openkruise/kruise-game	16a0418780d8abd3ee871448116bbc5dc1e98d48	resourcelifetime	test/e2e/framework/framework.go:549:17	resourcelifetime/missing-release	false-positive	captured-cell-cleanup	present	present	still-reported	.build/resource-tightening-baseline/openkruise__kruise-game__97a821c042.json	.build/resource-tightening-v2/openkruise__kruise-game__97a821c042.json	.	./test/e2e/framework	0	0	Both status200 and other-status return paths call local closeResp closure, which nil-guards and closes exact resp.Body; direct captured cleanup effect is missed. Reassessment: Retain unresolved: deferred captures observe later cell contents; neither historical alias nor a nil guard proves exact cleanup.
55	pion/ice	e50946b37e6f3f95cfd0ccf47578f3fc654675b8	resourcelifetime	examples/automatic-renomination/main.go:168:12	resourcelifetime/missing-release	false-positive	memory-or-empty-http-body	present	present	still-reported	.build/resource-tightening-baseline/pion__ice__3ab77f8649.json	.build/resource-tightening-v2/pion__ice__3ab77f8649.json	.	./examples/automatic-renomination	0	0	Paired example peer's exact remoteCandidate/remoteAuth handlers ignore ResponseWriter and return empty 200; default HTTP client has no timeout body wrapper. Successful response is NoBody, so no transport-backed body cleanup obligation in documented peer protocol. Reassessment: Retain unresolved: exact transport, request, handler and timeout/body-wrapper provenance are needed; HEAD, status code or method name alone cannot remove the obligation.
55	pion/ice	e50946b37e6f3f95cfd0ccf47578f3fc654675b8	resourcelifetime	examples/automatic-renomination/main.go:211:11	resourcelifetime/missing-release	false-positive	memory-or-empty-http-body	present	present	still-reported	.build/resource-tightening-baseline/pion__ice__3ab77f8649.json	.build/resource-tightening-v2/pion__ice__3ab77f8649.json	.	./examples/automatic-renomination	0	0	Paired example peer's exact remoteCandidate/remoteAuth handlers ignore ResponseWriter and return empty 200; default HTTP client has no timeout body wrapper. Successful response is NoBody, so no transport-backed body cleanup obligation in documented peer protocol. Reassessment: Retain unresolved: exact transport, request, handler and timeout/body-wrapper provenance are needed; HEAD, status code or method name alone cannot remove the obligation.
55	pion/ice	e50946b37e6f3f95cfd0ccf47578f3fc654675b8	resourcelifetime	examples/ping-pong/main.go:102:12	resourcelifetime/missing-release	false-positive	memory-or-empty-http-body	present	present	still-reported	.build/resource-tightening-baseline/pion__ice__e3d9377eaf.json	.build/resource-tightening-v2/pion__ice__e3d9377eaf.json	.	./examples/ping-pong	0	0	Paired example peer's exact remoteCandidate/remoteAuth handlers ignore ResponseWriter and return empty 200; default HTTP client has no timeout body wrapper. Successful response is NoBody, so no transport-backed body cleanup obligation in documented peer protocol. Reassessment: Retain unresolved: exact transport, request, handler and timeout/body-wrapper provenance are needed; HEAD, status code or method name alone cannot remove the obligation.
55	quickfixgo/quickfix	2600e522adb02eeae5952e98929dce746a85c798	resourcelifetime	log/file/file_log.go:93:22	resourcelifetime/missing-release	false-positive	returned-or-retained-owner	present	present	still-reported	.build/resource-tightening-baseline/quickfixgo__quickfix__564e8f4247.json	.build/resource-tightening-v2/quickfixgo__quickfix__564e8f4247.json	.	./log/file	0	0	Successful messageFile is retained by log.New in returned fileLog.messageLogger; no intervening failure path abandons this acquired handle. Reassessment: Retain unresolved unless replay establishes absence: returned views and lifecycle-owning wrappers must remain distinct; ownership cannot be guessed from names.
55	ribice/gorsk	ccda17ecb185ece9d791ce6042569aa97f0547d6	resourcelifetime	pkg/utl/middleware/secure/secure_test.go:47:13	resourcelifetime/missing-release	false-positive	memory-or-empty-http-body	present	present	still-reported	.build/resource-tightening-baseline/ribice__gorsk__b4dce02d86.json	.build/resource-tightening-v2/ribice__gorsk__b4dce02d86.json	.	./pkg/utl/middleware/secure	0	0	Exact request is OPTIONS through Echo v3.3.10 CORSWithConfig; pinned dependency middleware ends preflight with c.NoContent(204). Default client has no timeout wrapper, so successful response body is NoBody. Reassessment: Retain unresolved: exact transport, request, handler and timeout/body-wrapper provenance are needed; HEAD, status code or method name alone cannot remove the obligation.
55	WireGuard/wireguard-go	ecfc5a8d54462e18e13c72173e2623d16d8e25a0	resourcelifetime	main.go:186:18	resourcelifetime/missing-release	false-positive	process-bounded-lifetime	present	present	still-reported	.build/resource-tightening-baseline/WireGuard__wireguard-go__bd03da3f5c.json	.build/resource-tightening-v2/WireGuard__wireguard-go__bd03da3f5c.json	.	./.	0	0	Daemonization opens /dev/null for child standard streams and passes exact descriptors through os.ProcAttr.Files to StartProcess. Success immediately releases child process handle and returns from main; errors os.Exit. Parent process exit releases originals while child retains its inherited standard descriptors; intentional process-bound handoff. Reassessment: Retain unresolved: one-shot process termination and reusable helper lifetimes differ; no blanket main/test exemption.
55	WireGuard/wireguard-go	ecfc5a8d54462e18e13c72173e2623d16d8e25a0	resourcelifetime	main.go:190:18	resourcelifetime/missing-release	false-positive	process-bounded-lifetime	present	present	still-reported	.build/resource-tightening-baseline/WireGuard__wireguard-go__bd03da3f5c.json	.build/resource-tightening-v2/WireGuard__wireguard-go__bd03da3f5c.json	.	./.	0	0	Daemonization opens /dev/null for child standard streams and passes exact descriptors through os.ProcAttr.Files to StartProcess. Success immediately releases child process handle and returns from main; errors os.Exit. Parent process exit releases originals while child retains its inherited standard descriptors; intentional process-bound handoff. Reassessment: Retain unresolved: one-shot process termination and reusable helper lifetimes differ; no blanket main/test exemption.
55	WireGuard/wireguard-go	ecfc5a8d54462e18e13c72173e2623d16d8e25a0	resourcelifetime	main.go:191:18	resourcelifetime/missing-release	false-positive	process-bounded-lifetime	present	present	still-reported	.build/resource-tightening-baseline/WireGuard__wireguard-go__bd03da3f5c.json	.build/resource-tightening-v2/WireGuard__wireguard-go__bd03da3f5c.json	.	./.	0	0	Daemonization opens /dev/null for child standard streams and passes exact descriptors through os.ProcAttr.Files to StartProcess. Success immediately releases child process handle and returns from main; errors os.Exit. Parent process exit releases originals while child retains its inherited standard descriptors; intentional process-bound handoff. Reassessment: Retain unresolved: one-shot process termination and reusable helper lifetimes differ; no blanket main/test exemption.
55	WireGuard/wireguard-go	ecfc5a8d54462e18e13c72173e2623d16d8e25a0	resourcelifetime	main.go:192:18	resourcelifetime/missing-release	false-positive	process-bounded-lifetime	present	present	still-reported	.build/resource-tightening-baseline/WireGuard__wireguard-go__bd03da3f5c.json	.build/resource-tightening-v2/WireGuard__wireguard-go__bd03da3f5c.json	.	./.	0	0	Daemonization opens /dev/null for child standard streams and passes exact descriptors through os.ProcAttr.Files to StartProcess. Success immediately releases child process handle and returns from main; errors os.Exit. Parent process exit releases originals while child retains its inherited standard descriptors; intentional process-bound handoff. Reassessment: Retain unresolved: one-shot process termination and reusable helper lifetimes differ; no blanket main/test exemption.
55	zerodha/dungbeetle	12d7c8e832b2af8f78fc3525612aca1477184d7a	resourcelifetime	internal/core/core.go:477:15	resourcelifetime/missing-release	false-positive	sql-context-completion	present	present	still-reported	.build/resource-tightening-baseline/zerodha__dungbeetle__d45ef53580.json	.build/resource-tightening-v2/zerodha__dungbeetle__d45ef53580.json	.	./internal/core	0	0	Prepared QueryContext uses exact local context whose cancel is unconditionally deferred before query. database/sql closes rows when this context is canceled, including after rows reassignment or panic unwinding; later Close of different rows is not the cleanup proof. Reassessment: Retain unresolved: exact query-context cancellation can close rows; no generic context-as-cleanup exemption.
51	checkmake/checkmake	a413df2724416bbeebdc0132e589b10005840fd8	resourcelifetime	parser/parser.go:92:17	resourcelifetime/missing-release	true-positive	known-bug-control	present	present	still-reported	.build/resource-tightening-baseline/checkmake__checkmake__fe49c94b63.json	.build/resource-tightening-v2/checkmake__checkmake__fe49c94b63.json	.	./parser	0	0	Parse acquires a MakefileScanner and returns after parsing without calling Close. Scan merely marks Finished on EOF; it never closes the underlying FileHandle.
51	checkmake/checkmake	a413df2724416bbeebdc0132e589b10005840fd8	resourcelifetime	parser/scanner_test.go:8:12	resourcelifetime/missing-release	true-positive	known-bug-control	present	present	still-reported	.build/resource-tightening-baseline/checkmake__checkmake__fe49c94b63.json	.build/resource-tightening-v2/checkmake__checkmake__fe49c94b63.json	.	./parser	0	0	TestCreateMakefileScanner discards the successful scanner and never closes its FileHandle. The fixture exists and the constructor opens it normally.
51	golang/sys	01b91195d9aeaba1dab70b882a12f741f568a510	resourcelifetime	unix/sendfile_test.go:55:14	resourcelifetime/missing-release	true-positive	known-bug-control	present	present	still-reported	.build/resource-tightening-baseline/golang__sys__c643bcfc96.json	.build/resource-tightening-v2/golang__sys__c643bcfc96.json	.	./unix	0	0	Test opens source file src and never closes it; explicit file.Close later applies to duplicated TCP socket file, not src.
51	golang/sys	01b91195d9aeaba1dab70b882a12f741f568a510	resourcelifetime	unix/syscall_unix_test.go:471:19	resourcelifetime/missing-release	true-positive	known-bug-control	present	present	still-reported	.build/resource-tightening-baseline/golang__sys__c643bcfc96.json	.build/resource-tightening-v2/golang__sys__c643bcfc96.json	.	./unix	0	0	TestDup opens nullFile but Dup2 targets int(file.Fd()), not nullFile.Fd(); KeepAlive only delays finalization and no nullFile.Close occurs, so the comment claiming automatic close does not match actual descriptor.
51	h44z/wg-portal	eb44c8c4ff120f34c26b2415c47560f4fba0603c	resourcelifetime	internal/lowlevel/pfsense.go:332:60	resourcelifetime/missing-release	true-positive	known-bug-control	absent	absent	already-absent	.build/resource-tightening-baseline/h44z__wg-portal__fe8d8fedc1.json	.build/resource-tightening-v2/h44z__wg-portal__fe8d8fedc1.json	.	./internal/lowlevel	0	0	The response passes to parsePfsenseHttpResponse[T], which calls io.ReadAll(resp.Body) before registering its Close defer. A read error returns immediately with the successful response body still open; normal and decode-error cleanup do not cover this earlier path.
51	h44z/wg-portal	eb44c8c4ff120f34c26b2415c47560f4fba0603c	resourcelifetime	internal/lowlevel/pfsense.go:355:58	resourcelifetime/missing-release	true-positive	known-bug-control	absent	absent	already-absent	.build/resource-tightening-baseline/h44z__wg-portal__fe8d8fedc1.json	.build/resource-tightening-v2/h44z__wg-portal__fe8d8fedc1.json	.	./internal/lowlevel	0	0	The response passes to parsePfsenseHttpResponse[T], which calls io.ReadAll(resp.Body) before registering its Close defer. A read error returns immediately with the successful response body still open; normal and decode-error cleanup do not cover this earlier path.
51	h44z/wg-portal	eb44c8c4ff120f34c26b2415c47560f4fba0603c	resourcelifetime	internal/lowlevel/pfsense.go:378:58	resourcelifetime/missing-release	true-positive	known-bug-control	absent	absent	already-absent	.build/resource-tightening-baseline/h44z__wg-portal__fe8d8fedc1.json	.build/resource-tightening-v2/h44z__wg-portal__fe8d8fedc1.json	.	./internal/lowlevel	0	0	The response passes to parsePfsenseHttpResponse[T], which calls io.ReadAll(resp.Body) before registering its Close defer. A read error returns immediately with the successful response body still open; normal and decode-error cleanup do not cover this earlier path.
51	h44z/wg-portal	eb44c8c4ff120f34c26b2415c47560f4fba0603c	resourcelifetime	internal/lowlevel/pfsense.go:401:58	resourcelifetime/missing-release	true-positive	known-bug-control	absent	absent	already-absent	.build/resource-tightening-baseline/h44z__wg-portal__fe8d8fedc1.json	.build/resource-tightening-v2/h44z__wg-portal__fe8d8fedc1.json	.	./internal/lowlevel	0	0	The response passes to parsePfsenseHttpResponse[T], which calls io.ReadAll(resp.Body) before registering its Close defer. A read error returns immediately with the successful response body still open; normal and decode-error cleanup do not cover this earlier path.
51	h44z/wg-portal	eb44c8c4ff120f34c26b2415c47560f4fba0603c	resourcelifetime	internal/lowlevel/pfsense.go:424:54	resourcelifetime/missing-release	true-positive	known-bug-control	absent	absent	already-absent	.build/resource-tightening-baseline/h44z__wg-portal__fe8d8fedc1.json	.build/resource-tightening-v2/h44z__wg-portal__fe8d8fedc1.json	.	./internal/lowlevel	0	0	The response passes to parsePfsenseHttpResponse[T], which calls io.ReadAll(resp.Body) before registering its Close defer. A read error returns immediately with the successful response body still open; normal and decode-error cleanup do not cover this earlier path.
51	muety/wakapi	be6aeb483e576dadd50c8e9d404efbe4ed8df700	resourcelifetime	services/imports/wakatime_heartbeats.go:156:14	resourcelifetime/missing-release	true-positive	known-bug-control	present	present	still-reported	.build/resource-tightening-baseline/muety__wakapi__7f36626488.json	.build/resource-tightening-cli/muety__wakapi__7f36626488.json	.	./services/imports	0	3	fetchHeartbeats returns immediately for status402 and other status>=400 before registering defer res.Body.Close. Successful HTTP error responses still own their body.
51	muety/wakapi	be6aeb483e576dadd50c8e9d404efbe4ed8df700	resourcelifetime	services/imports/wakatime_heartbeats.go:184:14	resourcelifetime/missing-release	true-positive	known-bug-control	present	present	still-reported	.build/resource-tightening-baseline/muety__wakapi__7f36626488.json	.build/resource-tightening-cli/muety__wakapi__7f36626488.json	.	./services/imports	0	3	fetchRange never closes res.Body. ParseJsonDropKeys only decodes its io.Reader into maps and an in-memory buffer; it does not release it. Decode/date-parse failures and success all omit cleanup.
51	regclient/regclient	43d2acb9fafd411acbe081bf6c4b6b82cadc6251	resourcelifetime	cmd/regctl/blob.go:544:12	resourcelifetime/missing-release	true-positive	known-bug-control	present	present	still-reported	.build/resource-tightening-baseline/regclient__regclient__b3eeb027e7.json	.build/resource-tightening-v2/regclient__regclient__b3eeb027e7.json	.	./cmd/regctl	0	0	Blob extraction creates destination w then copies bytes without closing w; tr.Close and blob.Close close input readers, not output file.
51	regclient/regclient	43d2acb9fafd411acbe081bf6c4b6b82cadc6251	resourcelifetime	cmd/regctl/image.go:1503:12	resourcelifetime/missing-release	true-positive	known-bug-control	present	present	still-reported	.build/resource-tightening-baseline/regclient__regclient__b3eeb027e7.json	.build/resource-tightening-v2/regclient__regclient__b3eeb027e7.json	.	./cmd/regctl	0	0	runImageExport creates output file without deferred Close and can return on platform/reference/manifest errors; ImageExport takes io.Writer and closes only tar/gzip wrappers, not underlying output.
51	regclient/regclient	43d2acb9fafd411acbe081bf6c4b6b82cadc6251	resourcelifetime	scheme/ocidir/blob.go:132:18	resourcelifetime/missing-release	true-positive	known-bug-control	present	present	still-reported	.build/resource-tightening-baseline/regclient__regclient__ad7a0b88b5.json	.build/resource-tightening-v2/regclient__regclient__ad7a0b88b5.json	.	./scheme/ocidir	0	0	BlobPut returns on tmpFile.Stat failure before explicit tmpFile.Close, with no deferred cleanup.
51	regclient/regclient	43d2acb9fafd411acbe081bf6c4b6b82cadc6251	resourcelifetime	scheme/ocidir/manifest.go:280:18	resourcelifetime/missing-release	true-positive	known-bug-control	present	present	still-reported	.build/resource-tightening-baseline/regclient__regclient__ad7a0b88b5.json	.build/resource-tightening-v2/regclient__regclient__ad7a0b88b5.json	.	./scheme/ocidir	0	0	ManifestPut returns on tmpFile.Stat failure before explicit tmpFile.Close, with no deferred cleanup.
51	regclient/regclient	43d2acb9fafd411acbe081bf6c4b6b82cadc6251	resourcelifetime	scheme/ocidir/ocidir.go:293:18	resourcelifetime/missing-release	true-positive	known-bug-control	present	present	still-reported	.build/resource-tightening-baseline/regclient__regclient__ad7a0b88b5.json	.build/resource-tightening-v2/regclient__regclient__ad7a0b88b5.json	.	./scheme/ocidir	0	0	Index creation returns on tmpFile.Stat or index marshal error before explicit tmpFile.Close; deferred lfh.Close covers a different layout file.
52	SignTools/SignTools	243154c0de9e8036bcd667c3264dafac3d8b0b42	resourcelifetime	main.go:606:16	resourcelifetime/missing-release	true-positive	known-bug-control	present	present	still-reported	.build/resource-tightening-baseline/SignTools__SignTools__0ece280a91.json	.build/resource-tightening-v2/SignTools__SignTools__0ece280a91.json	.	./.	0	0	uploadUnsignedApp receives non-2xx response before Close defer; err.Error on nil transport error panics on this status branch, abandoning body before HTTP server recovery.
52	SignTools/SignTools	243154c0de9e8036bcd667c3264dafac3d8b0b42	resourcelifetime	main_test.go:220:15	resourcelifetime/missing-release	true-positive	known-bug-control	present	present	still-reported	.build/resource-tightening-baseline/SignTools__SignTools__0ece280a91.json	.build/resource-tightening-v2/SignTools__SignTools__0ece280a91.json	.	./.	0	0	uploadSignedFile never closes response after nonfatal assertions; successful handler returns NoContent200 but storage errors from GetData/SetFile/SetString return body-bearing Echo errors that assertions do not clean up.
52	SignTools/SignTools	243154c0de9e8036bcd667c3264dafac3d8b0b42	resourcelifetime	main_test.go:229:15	resourcelifetime/missing-release	true-positive	known-bug-control	present	present	still-reported	.build/resource-tightening-baseline/SignTools__SignTools__0ece280a91.json	.build/resource-tightening-v2/SignTools__SignTools__0ece280a91.json	.	./.	0	0	takeJob reads tar stream only until id.txt then abandons first response without Close before issuing another GET.
52	SignTools/SignTools	243154c0de9e8036bcd667c3264dafac3d8b0b42	resourcelifetime	main_test.go:252:15	resourcelifetime/missing-release	true-positive	known-bug-control	present	present	still-reported	.build/resource-tightening-baseline/SignTools__SignTools__0ece280a91.json	.build/resource-tightening-v2/SignTools__SignTools__0ece280a91.json	.	./.	0	0	TestAuthenticationNone receives Echo KeyAuth missing-key400 JSON error and never closes response body; it checks only status.
52	SignTools/SignTools	243154c0de9e8036bcd667c3264dafac3d8b0b42	resourcelifetime	main_test.go:261:15	resourcelifetime/missing-release	true-positive	known-bug-control	present	present	still-reported	.build/resource-tightening-baseline/SignTools__SignTools__0ece280a91.json	.build/resource-tightening-v2/SignTools__SignTools__0ece280a91.json	.	./.	0	0	TestAuthenticationWrong receives Echo KeyAuth unauthorized401 JSON error and never closes response body.
52	SignTools/SignTools	243154c0de9e8036bcd667c3264dafac3d8b0b42	resourcelifetime	main_test.go:279:15	resourcelifetime/missing-release	true-positive	known-bug-control	present	present	still-reported	.build/resource-tightening-baseline/SignTools__SignTools__0ece280a91.json	.build/resource-tightening-v2/SignTools__SignTools__0ece280a91.json	.	./.	0	0	uploadUnsigned follows handler redirect302 to rendered index HTML using default client then checks status without closing final body.
52	alexellis/arkade	0a0a800fd7554d4eddb1856f9ef8a21214e95bab	resourcelifetime	pkg/get/download.go:762:22	resourcelifetime/missing-release	true-positive	known-bug-control	present	present	still-reported	.build/resource-tightening-baseline/alexellis__arkade__835e6298eb.json	.build/resource-tightening-v2/alexellis__arkade__835e6298eb.json	.	./pkg/get	0	0	decompress opens archiveFile without a Close; GetBinaryName and Stat errors return directly, and decompression reader wrappers do not transfer original descriptor ownership.
52	andydunstall/piko	dd4356dfd307006380794952e4a8ccf9edcfa404	resourcelifetime	server/proxy/server_test.go:360:16	resourcelifetime/missing-release	true-positive	known-bug-control	present	absent	newly-absent	.build/resource-tightening-baseline/andydunstall__piko__ba7040582d.json	.build/resource-tightening-cli/andydunstall__piko__ba7040582d.json	.	./server/proxy	0	0	Successful websocket TCP proxy subtest reads/writes conn and returns without conn.Close. Closing server listeners does not close accepted websocket clients; no ownership transfer of this client handle. Accepted false negative: custom WebSocket owner acquisition is no longer inferred from Close alone; the client still needs cleanup.
52	container2wasm/container2wasm	ecb4caa499f19f1d5cfcddd43b80aa78f98e5102	resourcelifetime	cmd/init/main.go:327:14	resourcelifetime/missing-release	true-positive	known-bug-control	present	present	still-reported	.build/resource-tightening-baseline/container2wasm__container2wasm__8d35667f94.json	.build/resource-tightening-v2/container2wasm__container2wasm__8d35667f94.json	.	./cmd/init	0	0	mount returns on pre-mount file Write failure before Close; mountAll explicitly tolerates Optional errors and continues, so not necessarily process-fatal.
52	container2wasm/container2wasm	ecb4caa499f19f1d5cfcddd43b80aa78f98e5102	resourcelifetime	cmd/init/main.go:357:14	resourcelifetime/missing-release	true-positive	known-bug-control	present	present	still-reported	.build/resource-tightening-baseline/container2wasm__container2wasm__8d35667f94.json	.build/resource-tightening-v2/container2wasm__container2wasm__8d35667f94.json	.	./cmd/init	0	0	mount returns on post-mount file Write failure before Close; Optional mountAll errors are logged and ignored, leaving descriptor live.
52	fortio/fortio	5c19725ff61c9f7ad944b91ec32d96a399341d87	resourcelifetime	fhttp/httprunner_test.go:323:14	resourcelifetime/missing-release	true-positive	known-bug-control	present	present	still-reported	.build/resource-tightening-baseline/fortio__fortio__d65a20e155.json	.build/resource-tightening-v2/fortio__fortio__d65a20e155.json	.	./fhttp	0	0	Test opens run-output file for bufio.Scanner and never closes it before returning; scanner has no ownership cleanup.
52	minio/minio-go	32e1f32cb176a611dbed3b37c15fda8c2d9ccf36	resourcelifetime	api-putobject-snowball.go:138:14	resourcelifetime/missing-release	true-positive	known-bug-control	present	present	still-reported	.build/resource-tightening-baseline/minio__minio-go__cc07ee0d57.json	.build/resource-tightening-v2/minio__minio-go__cc07ee0d57.json	.	./.	0	0	getTmpReader opens read handle then Stat failure returns nil before Close or reader ownership transfer.
52	testcontainers/testcontainers-go	096293a2dfd3067dae1c4921ad1f5e45e879dc91	resourcelifetime	container_file_test.go:20:12	resourcelifetime/missing-release	true-positive	known-bug-control	present	present	still-reported	.build/resource-tightening-baseline/testcontainers__testcontainers-go__38f3b04970.json	.build/resource-tightening-v2/testcontainers__testcontainers-go__38f3b04970.json	.	./.	0	0	Fixture file is retained only in local validation table; Validate checks fields without Close or transfer to durable owner and test never closes file.
52	testcontainers/testcontainers-go	096293a2dfd3067dae1c4921ad1f5e45e879dc91	resourcelifetime	docker_test.go:142:11	resourcelifetime/missing-release	true-positive	known-bug-control	present	present	still-reported	.build/resource-tightening-baseline/testcontainers__testcontainers-go__38f3b04970.json	.build/resource-tightening-v2/testcontainers__testcontainers-go__38f3b04970.json	.	./.	0	0	Nginx port-endpoint HTTP response is discarded without closing body.
52	testcontainers/testcontainers-go	096293a2dfd3067dae1c4921ad1f5e45e879dc91	resourcelifetime	docker_test.go:148:11	resourcelifetime/missing-release	true-positive	known-bug-control	present	present	still-reported	.build/resource-tightening-baseline/testcontainers__testcontainers-go__38f3b04970.json	.build/resource-tightening-v2/testcontainers__testcontainers-go__38f3b04970.json	.	./.	0	0	Second host:8080 Nginx HTTP response is discarded without closing body.
52	testcontainers/testcontainers-go	096293a2dfd3067dae1c4921ad1f5e45e879dc91	resourcelifetime	docker_test.go:83:11	resourcelifetime/missing-release	true-positive	known-bug-control	present	present	still-reported	.build/resource-tightening-baseline/testcontainers__testcontainers-go__38f3b04970.json	.build/resource-tightening-v2/testcontainers__testcontainers-go__38f3b04970.json	.	./.	0	0	Nginx response is discarded without Body.Close; container cleanup is not client-response cleanup.
52	testcontainers/testcontainers-go	096293a2dfd3067dae1c4921ad1f5e45e879dc91	resourcelifetime	docker_test.go:846:9	resourcelifetime/missing-release	true-positive	known-bug-control	present	present	still-reported	.build/resource-tightening-baseline/testcontainers__testcontainers-go__38f3b04970.json	.build/resource-tightening-v2/testcontainers__testcontainers-go__38f3b04970.json	.	./.	0	0	MappedPort example discards body-bearing Nginx response; deferred container termination does not close client Body.
52	testcontainers/testcontainers-go	096293a2dfd3067dae1c4921ad1f5e45e879dc91	resourcelifetime	file_test.go:174:14	resourcelifetime/missing-release	true-positive	known-bug-control	present	present	still-reported	.build/resource-tightening-baseline/testcontainers__testcontainers-go__38f3b04970.json	.build/resource-tightening-v2/testcontainers__testcontainers-go__38f3b04970.json	.	./.	0	0	Tar extraction returns on io.Copy error before explicit per-file Close.
52	tus/tusd	c9d174d0e20c69f24e9785d2f639df4da1c4fdc5	resourcelifetime	internal/e2e/e2e_test.go:108:13	resourcelifetime/missing-release	true-positive	known-bug-control	present	present	still-reported	.build/resource-tightening-baseline/tus__tusd__13e50587f1.json	.build/resource-tightening-v2/tus__tusd__13e50587f1.json	.	./internal/e2e	0	0	PATCH response is never closed. Expected 204 has NoBody, but a feasible non-204 server response with an error body reaches t.Fatalf before any Close. Unlike fake transport cases this performs real HTTP and explicitly handles unexpected status.
52	vmware/govmomi	f621178aa667761021673d64430b751e8352823c	resourcelifetime	simulator/datastore_test.go:484:14	resourcelifetime/missing-release	true-positive	known-bug-control	present	present	still-reported	.build/resource-tightening-baseline/vmware__govmomi__073294220c.json	.build/resource-tightening-v2/vmware__govmomi__073294220c.json	.	./simulator	0	0	Loop never closes GET bodies. dcName=nope is not findDatastore's dcPath parameter, so it falls through to FileServer on missing dst path and gets body-bearing404, unlike dsName failure's empty404.
52	vmware/govmomi	f621178aa667761021673d64430b751e8352823c	resourcelifetime	vmdk/import.go:310:12	resourcelifetime/missing-release	true-positive	known-bug-control	present	present	still-reported	.build/resource-tightening-baseline/vmware__govmomi__909c2e2e6c.json	.build/resource-tightening-v2/vmware__govmomi__909c2e2e6c.json	.	./vmdk	0	0	Import returns on lease.Upload error before f.Close; upload wraps file in non-closing progress reader, so HTTP request closure does not release underlying file.
52	vmware/govmomi	f621178aa667761021673d64430b751e8352823c	resourcelifetime	vmdk/import.go:73:12	resourcelifetime/missing-release	true-positive	known-bug-control	present	present	still-reported	.build/resource-tightening-baseline/vmware__govmomi__909c2e2e6c.json	.build/resource-tightening-v2/vmware__govmomi__909c2e2e6c.json	.	./vmdk	0	0	Stat returns on Seek or f.Stat error before explicit f.Close, without deferred close.
52	zmap/zgrab2	a1231792c51576f1818825fae51db042b4dcd41e	resourcelifetime	lib/http/transfer_test.go:120:13	resourcelifetime/missing-release	true-positive	known-bug-control	present	present	still-reported	.build/resource-tightening-baseline/zmap__zgrab2__3b2575643b.json	.build/resource-tightening-v2/zmap__zgrab2__3b2575643b.json	.	./lib/http	0	0	CreateTemp succeeds before io.CopyN/Seek; either error returns nil cleanup before the returned done closure is created, leaking the descriptor.
52	zmap/zgrab2	a1231792c51576f1818825fae51db042b4dcd41e	resourcelifetime	lib/http/transport_test.go:6189:13	resourcelifetime/missing-release	true-positive	known-bug-control	present	present	still-reported	.build/resource-tightening-baseline/zmap__zgrab2__3b2575643b.json	.build/resource-tightening-v2/zmap__zgrab2__3b2575643b.json	.	./lib/http	0	0	CreateTemp succeeds before io.CopyN/Seek; either error returns nil cleanup before the returned done closure is created, leaking the descriptor.
53	XmirrorSecurity/OpenSCA-cli	7628bb0817054347d4d031292977ca059a78009a	resourcelifetime	opensca/walk/download.go:172:12	resourcelifetime/missing-release	true-positive	known-bug-control	present	present	still-reported	.build/resource-tightening-baseline/XmirrorSecurity__OpenSCA-cli__87356922fa.json	.build/resource-tightening-v2/XmirrorSecurity__OpenSCA-cli__87356922fa.json	.	./opensca/walk	0	0	downloadFromFtp defers closing the FTP source but never closes the separately created output file after io.Copy, on either success or error.
53	buchgr/bazel-remote	a69b6b5ed933234d93b489ffd216bee5bb74aa06	resourcelifetime	cache/httpproxy/httpproxy.go:169:14	resourcelifetime/missing-release	true-positive	known-bug-control	present	present	still-reported	.build/resource-tightening-baseline/buchgr__bazel-remote__03c30c6a5b.json	.build/resource-tightening-v2/buchgr__bazel-remote__03c30c6a5b.json	.	./cache/httpproxy	0	0	Get returns on404 or other non200 status without closing rsp.Body; reading a limited error prefix also does not close it. Only the successful return transfers body ownership.
53	buchgr/bazel-remote	a69b6b5ed933234d93b489ffd216bee5bb74aa06	resourcelifetime	cache/httpproxy/httpproxy.go:81:13	resourcelifetime/missing-release	true-positive	known-bug-control	present	present	still-reported	.build/resource-tightening-baseline/buchgr__bazel-remote__03c30c6a5b.json	.build/resource-tightening-v2/buchgr__bazel-remote__03c30c6a5b.json	.	./cache/httpproxy	0	0	The upload PUT returns on io.Copy error before rsp.Body.Close. HEAD's empty response does not remove the later PUT body's independent cleanup requirement.
54	agola-io/agola	a5ca7877e3b77d38c6fd24a0f16d7267fc2dea12	resourcelifetime	tests/api_test.go:3072:12	resourcelifetime/missing-release	true-positive	known-bug-control	present	present	still-reported	.build/resource-tightening-baseline/agola-io__agola__fc5e35a8a9.json	.build/resource-tightening-v2/agola-io__agola__fc5e35a8a9.json	.	./tests	0	0	Export output file is never closed; response-body defer closes a different resource and reassignment/normal completion loses output handle.
54	agola-io/agola	a5ca7877e3b77d38c6fd24a0f16d7267fc2dea12	resourcelifetime	tests/api_test.go:3083:11	resourcelifetime/missing-release	true-positive	known-bug-control	present	present	still-reported	.build/resource-tightening-baseline/agola-io__agola__fc5e35a8a9.json	.build/resource-tightening-v2/agola-io__agola__fc5e35a8a9.json	.	./tests	0	0	Export output file is never closed; response-body defer closes a different resource and reassignment/normal completion loses output handle.
54	agola-io/agola	a5ca7877e3b77d38c6fd24a0f16d7267fc2dea12	resourcelifetime	tests/setup_test.go:163:16	resourcelifetime/missing-release	true-positive	known-bug-control	present	present	still-reported	.build/resource-tightening-baseline/agola-io__agola__fc5e35a8a9.json	.build/resource-tightening-v2/agola-io__agola__fc5e35a8a9.json	.	./tests	0	0	Readiness polling discards successful Gitea HTTP response without closing its body; server homepage response is not owned by the polling helper after return.
54	antonmedv/gitmal	83be9ddcf82e8a90ea50a9d54c1ebfc3e22ace16	resourcelifetime	commit.go:145:12	resourcelifetime/missing-release	true-positive	known-bug-control	present	present	still-reported	.build/resource-tightening-baseline/antonmedv__gitmal__a4e970b06a.json	.build/resource-tightening-v2/antonmedv__gitmal__a4e970b06a.json	.	./.	0	0	Output file is created before diff tokenization/formatting; either error returns before later template-specific or successful Close, with no deferred cleanup.
54	megaease/easeprobe	5396580193dfbc305f5586e5c1588010fdcc3e13	resourcelifetime	daemon/daemon_test.go:103:14	resourcelifetime/missing-release	true-positive	known-bug-control	present	present	still-reported	.build/resource-tightening-baseline/megaease__easeprobe__a314e9d5cc.json	.build/resource-tightening-v2/megaease__easeprobe__a314e9d5cc.json	.	./daemon	0	0	The successful directory-path NewPIDFile stores an open pidFd; RemoveAll deletes the pathname without closing that owner before reassignment.
54	ozontech/file.d	5379bc2005906fde3aa0a05f6bf574dcd7111404	resourcelifetime	plugin/input/file/file_test.go:169:15	resourcelifetime/missing-release	true-positive	known-bug-control	present	present	still-reported	.build/resource-tightening-baseline/ozontech__file.d__efda37b24e.json	.build/resource-tightening-v2/ozontech__file.d__efda37b24e.json	.	./plugin/input/file	0	0	The file-creation helper returns only file.Name without closing or transferring the descriptor.
54	ozontech/file.d	5379bc2005906fde3aa0a05f6bf574dcd7111404	resourcelifetime	plugin/input/file/file_test.go:179:15	resourcelifetime/missing-release	true-positive	known-bug-control	present	present	still-reported	.build/resource-tightening-baseline/ozontech__file.d__efda37b24e.json	.build/resource-tightening-v2/ozontech__file.d__efda37b24e.json	.	./plugin/input/file	0	0	The file-creation helper returns only file.Name without closing or transferring the descriptor.
54	ozontech/file.d	5379bc2005906fde3aa0a05f6bf574dcd7111404	resourcelifetime	plugin/input/file/file_test.go:188:15	resourcelifetime/missing-release	true-positive	known-bug-control	present	present	still-reported	.build/resource-tightening-baseline/ozontech__file.d__efda37b24e.json	.build/resource-tightening-v2/ozontech__file.d__efda37b24e.json	.	./plugin/input/file	0	0	The file-creation helper returns only file.Name without closing or transferring the descriptor.
54	protomaps/go-pmtiles	a3e4951ea6a0477b784c27c1dcbfd9c130878c5a	resourcelifetime	pmtiles/cluster.go:11:15	resourcelifetime/missing-release	true-positive	known-bug-control	present	present	still-reported	.build/resource-tightening-baseline/protomaps__go-pmtiles__56d8937da5.json	.build/resource-tightening-v2/protomaps__go-pmtiles__56d8937da5.json	.	./pmtiles	0	0	Read/header errors or the already-clustered return occur before the eventual file.Close after IterateEntries.
54	protomaps/go-pmtiles	a3e4951ea6a0477b784c27c1dcbfd9c130878c5a	resourcelifetime	pmtiles/makesync.go:79:15	resourcelifetime/missing-release	true-positive	known-bug-control	present	present	still-reported	.build/resource-tightening-baseline/protomaps__go-pmtiles__56d8937da5.json	.build/resource-tightening-v2/protomaps__go-pmtiles__56d8937da5.json	.	./pmtiles	0	0	Makesync never closes its input file; section-reader workers do not own or close the underlying descriptor.
54	protomaps/go-pmtiles	a3e4951ea6a0477b784c27c1dcbfd9c130878c5a	resourcelifetime	pmtiles/sync.go:253:19	resourcelifetime/missing-release	true-positive	known-bug-control	present	present	still-reported	.build/resource-tightening-baseline/protomaps__go-pmtiles__56d8937da5.json	.build/resource-tightening-v2/protomaps__go-pmtiles__56d8937da5.json	.	./pmtiles	0	0	The temporary output closes only near successful rename; later download/read/header or errgroup errors return before that Close.
54	protomaps/go-pmtiles	a3e4951ea6a0477b784c27c1dcbfd9c130878c5a	resourcelifetime	pmtiles/sync.go:259:15	resourcelifetime/missing-release	true-positive	known-bug-control	present	present	still-reported	.build/resource-tightening-baseline/protomaps__go-pmtiles__56d8937da5.json	.build/resource-tightening-v2/protomaps__go-pmtiles__56d8937da5.json	.	./pmtiles	0	0	The range GET body is read without Close and later resp is replaced; read/header errors also bypass cleanup.
54	protomaps/go-pmtiles	a3e4951ea6a0477b784c27c1dcbfd9c130878c5a	resourcelifetime	pmtiles/sync.go:277:15	resourcelifetime/missing-release	true-positive	known-bug-control	present	present	still-reported	.build/resource-tightening-baseline/protomaps__go-pmtiles__56d8937da5.json	.build/resource-tightening-v2/protomaps__go-pmtiles__56d8937da5.json	.	./pmtiles	0	0	Metadata GET Body is copied but never closed before resp is overwritten by the leaf request.
54	protomaps/go-pmtiles	a3e4951ea6a0477b784c27c1dcbfd9c130878c5a	resourcelifetime	pmtiles/sync.go:284:15	resourcelifetime/missing-release	true-positive	known-bug-control	present	present	still-reported	.build/resource-tightening-baseline/protomaps__go-pmtiles__56d8937da5.json	.build/resource-tightening-v2/protomaps__go-pmtiles__56d8937da5.json	.	./pmtiles	0	0	The leaf GET body is copied through TeeReader without Close; closing leafBar does not close the HTTP body.
54	protomaps/go-pmtiles	a3e4951ea6a0477b784c27c1dcbfd9c130878c5a	resourcelifetime	pmtiles/sync.go:323:17	resourcelifetime/missing-release	true-positive	known-bug-control	present	present	still-reported	.build/resource-tightening-baseline/protomaps__go-pmtiles__56d8937da5.json	.build/resource-tightening-v2/protomaps__go-pmtiles__56d8937da5.json	.	./pmtiles	0	0	downloadPart never closes the multipart response body, including non-206 and invalid-content-type early returns.
54	protomaps/go-pmtiles	a3e4951ea6a0477b784c27c1dcbfd9c130878c5a	resourcelifetime	pmtiles/sync.go:80:15	resourcelifetime/missing-release	true-positive	known-bug-control	present	present	still-reported	.build/resource-tightening-baseline/protomaps__go-pmtiles__56d8937da5.json	.build/resource-tightening-v2/protomaps__go-pmtiles__56d8937da5.json	.	./pmtiles	0	0	The initial syncfile response body is never closed; non-OK and subsequent parsing/other errors likewise abandon it.
54	quackduck/devzat	a4a1be9e0dd5c7d771462970aa8359ae4b918c12	resourcelifetime	slack.go:31:16	resourcelifetime/missing-release	true-positive	known-bug-control	present	present	still-reported	.build/resource-tightening-baseline/quackduck__devzat__7491b891b7.json	.build/resource-tightening-v2/quackduck__devzat__7491b891b7.json	.	./.	0	0	Local Slack bridge opens devnull without cleanup; InvalidAuthEvent can return before any message hands User elsewhere, abandoning the file stored only in local terminal.
55	Deep-ai-inc/ch.at	f888890e77f3d766c67be2544371d8c3b7a14fa5	resourcelifetime	cmd/selftest/main.go:138:14	resourcelifetime/missing-release	true-positive	known-bug-control	present	present	still-reported	.build/resource-tightening-baseline/Deep-ai-inc__ch.at__750089f2ad.json	.build/resource-tightening-v2/Deep-ai-inc__ch.at__750089f2ad.json	.	./cmd/selftest	0	0	JSON/API selftest closes body only when err nil and status200; non-200 response branch continues to later tests without consuming or closing error body.
55	Deep-ai-inc/ch.at	f888890e77f3d766c67be2544371d8c3b7a14fa5	resourcelifetime	cmd/selftest/main.go:172:14	resourcelifetime/missing-release	true-positive	known-bug-control	present	present	still-reported	.build/resource-tightening-baseline/Deep-ai-inc__ch.at__750089f2ad.json	.build/resource-tightening-v2/Deep-ai-inc__ch.at__750089f2ad.json	.	./cmd/selftest	0	0	JSON/API selftest closes body only when err nil and status200; non-200 response branch continues to later tests without consuming or closing error body.
55	doitintl/kube-no-trouble	2366d92156c0cf94c31453593368077f13c183b7	resourcelifetime	pkg/printer/csv_test.go:39:18	resourcelifetime/missing-release	true-positive	known-bug-control	present	present	still-reported	.build/resource-tightening-baseline/doitintl__kube-no-trouble__468250b366.json	.build/resource-tightening-v2/doitintl__kube-no-trouble__468250b366.json	.	./pkg/printer	0	0	Test creates temp file, passes it into local printer/options, but neither constructor nor Print closes it and test never calls Close. Deferred Remove only unlinks pathname; retained local printer is abandoned on test return.
55	doitintl/kube-no-trouble	2366d92156c0cf94c31453593368077f13c183b7	resourcelifetime	pkg/printer/csv_test.go:9:18	resourcelifetime/missing-release	true-positive	known-bug-control	present	present	still-reported	.build/resource-tightening-baseline/doitintl__kube-no-trouble__468250b366.json	.build/resource-tightening-v2/doitintl__kube-no-trouble__468250b366.json	.	./pkg/printer	0	0	Test creates temp file, passes it into local printer/options, but neither constructor nor Print closes it and test never calls Close. Deferred Remove only unlinks pathname; retained local printer is abandoned on test return.
55	doitintl/kube-no-trouble	2366d92156c0cf94c31453593368077f13c183b7	resourcelifetime	pkg/printer/json_test.go:13:18	resourcelifetime/missing-release	true-positive	known-bug-control	present	present	still-reported	.build/resource-tightening-baseline/doitintl__kube-no-trouble__468250b366.json	.build/resource-tightening-v2/doitintl__kube-no-trouble__468250b366.json	.	./pkg/printer	0	0	Test creates temp file, passes it into local printer/options, but neither constructor nor Print closes it and test never calls Close. Deferred Remove only unlinks pathname; retained local printer is abandoned on test return.
55	doitintl/kube-no-trouble	2366d92156c0cf94c31453593368077f13c183b7	resourcelifetime	pkg/printer/printer_helper_test.go:28:20	resourcelifetime/missing-release	true-positive	known-bug-control	present	present	still-reported	.build/resource-tightening-baseline/doitintl__kube-no-trouble__468250b366.json	.build/resource-tightening-v2/doitintl__kube-no-trouble__468250b366.json	.	./pkg/printer	0	0	Test creates temp file, passes it into local printer/options, but neither constructor nor Print closes it and test never calls Close. Deferred Remove only unlinks pathname; retained local printer is abandoned on test return.
55	doitintl/kube-no-trouble	2366d92156c0cf94c31453593368077f13c183b7	resourcelifetime	pkg/printer/printer_test.go:15:18	resourcelifetime/missing-release	true-positive	known-bug-control	present	present	still-reported	.build/resource-tightening-baseline/doitintl__kube-no-trouble__468250b366.json	.build/resource-tightening-v2/doitintl__kube-no-trouble__468250b366.json	.	./pkg/printer	0	0	Test creates temp file, passes it into local printer/options, but neither constructor nor Print closes it and test never calls Close. Deferred Remove only unlinks pathname; retained local printer is abandoned on test return.
55	doitintl/kube-no-trouble	2366d92156c0cf94c31453593368077f13c183b7	resourcelifetime	pkg/printer/text_test.go:39:18	resourcelifetime/missing-release	true-positive	known-bug-control	present	present	still-reported	.build/resource-tightening-baseline/doitintl__kube-no-trouble__468250b366.json	.build/resource-tightening-v2/doitintl__kube-no-trouble__468250b366.json	.	./pkg/printer	0	0	Test creates temp file, passes it into local printer/options, but neither constructor nor Print closes it and test never calls Close. Deferred Remove only unlinks pathname; retained local printer is abandoned on test return.
55	doitintl/kube-no-trouble	2366d92156c0cf94c31453593368077f13c183b7	resourcelifetime	pkg/printer/text_test.go:9:18	resourcelifetime/missing-release	true-positive	known-bug-control	present	present	still-reported	.build/resource-tightening-baseline/doitintl__kube-no-trouble__468250b366.json	.build/resource-tightening-v2/doitintl__kube-no-trouble__468250b366.json	.	./pkg/printer	0	0	Test creates temp file, passes it into local printer/options, but neither constructor nor Print closes it and test never calls Close. Deferred Remove only unlinks pathname; retained local printer is abandoned on test return.
55	quickfixgo/quickfix	2600e522adb02eeae5952e98929dce746a85c798	resourcelifetime	log/file/file_log.go:88:20	resourcelifetime/missing-release	true-positive	known-bug-control	present	present	still-reported	.build/resource-tightening-baseline/quickfixgo__quickfix__564e8f4247.json	.build/resource-tightening-v2/quickfixgo__quickfix__564e8f4247.json	.	./log/file	0	0	After eventFile opens, messageFile open failure returns empty fileLog before logger ownership is installed and never closes eventFile.
55	ribice/gorsk	ccda17ecb185ece9d791ce6042569aa97f0547d6	resourcelifetime	pkg/utl/middleware/secure/secure_test.go:30:15	resourcelifetime/missing-release	true-positive	known-bug-control	present	present	still-reported	.build/resource-tightening-baseline/ribice__gorsk__b4dce02d86.json	.build/resource-tightening-v2/ribice__gorsk__b4dce02d86.json	.	./pkg/utl/middleware/secure	0	0	Header test receives Hello World body from local GET handler and checks headers without reading/closing response.
55	zerodha/dungbeetle	12d7c8e832b2af8f78fc3525612aca1477184d7a	resourcelifetime	internal/core/tasks.go:116:16	resourcelifetime/missing-release	true-positive	known-bug-control	present	present	still-reported	.build/resource-tightening-baseline/zerodha__dungbeetle__d45ef53580.json	.build/resource-tightening-v2/zerodha__dungbeetle__d45ef53580.json	.	./internal/core	0	0	Task loader calls DB.Prepare for validation and discards returned statement; no Close, deferred cleanup, or statement transfer covers those successful preparations.
